{
  "stage": "L3",
  "epoch": 8,
  "fold": 1,
  "wall_clock_seconds": 482.84,
  "lr": {
    "fusion": 3.363404287194687e-07,
    "class_head": 1.9425199461958794e-07,
    "box_head": 1.9425199461958794e-07,
    "lora": 5.731544855526037e-07
  },
  "train": {
    "loss": 5.428699795722961,
    "patch_ce": 3.36083984375,
    "l1": 0.046648498555645346,
    "giou": 0.9173087220191956,
    "grad_norm": 9.907263946533202,
    "n_steps": 250,
    "alpha": 0.05674734711647034
  },
  "val": {
    "overall": {
      "n": 100,
      "n_pos": 100,
      "iou_mean": 0.4569724140316248,
      "iou_median": 0.4719657450914383,
      "iou_p25": 0.0,
      "iou_p75": 0.8865448236465454,
      "iou_std": 0.41723457939634245,
      "frac_iou_25": 0.52,
      "frac_iou_50": 0.49,
      "frac_iou_75": 0.46,
      "frac_iou_90": 0.21,
      "containment_mean": 0.5277490807324647,
      "containment_median": 0.7278119623661041,
      "containment_p25": 0.0,
      "containment_p75": 0.9741819500923157,
      "containment_std": 0.455749797928459,
      "frac_containment_50": 0.55,
      "frac_containment_75": 0.5,
      "frac_containment_90": 0.44,
      "frac_containment_full": 0.17,
      "contain_at_iou_50": 0.49,
      "contain_at_iou_75": 0.46,
      "high_contain_high_iou": 0.41,
      "ap_per_iou": {
        "0.50": 0.3368672607357945,
        "0.55": 0.3368672607357945,
        "0.60": 0.31228680858585306,
        "0.65": 0.31228680858585306,
        "0.70": 0.31228680858585306,
        "0.75": 0.30416735378080606,
        "0.80": 0.2556369792942116,
        "0.85": 0.19441182560989034,
        "0.90": 0.07068745935543945,
        "0.95": 0.006052739947831585
      },
      "map_50": 0.3368672607357945,
      "map_75": 0.30416735378080606,
      "map_5095": 0.2441551305217327,
      "map_50_containment": 0.41394624991809326,
      "map_90_containment": 0.2938113606667846,
      "mean_pred_box_area": 0.023914206976407767,
      "std_pred_box_area": 0.11196341907588044,
      "frac_pred_box_too_big": 0.02,
      "frac_pred_box_too_small": 0.78,
      "mean_gt_box_area": 0.00899985420187004,
      "pred_to_gt_area_ratio_mean": 1.626981344601379,
      "pred_to_gt_area_ratio_median": 1.0128921581490997,
      "log_area_ratio_mean": -0.13577181502468935,
      "log_area_ratio_std": 0.9303587889814213,
      "center_distance_mean": 0.11790524098720571,
      "center_distance_median": 0.008440978415914069,
      "score_mean": 0.8918108490109443,
      "score_std": 0.10718446591327693,
      "score_p25": 0.8556174486875534,
      "score_p75": 0.9638169556856155,
      "score_iou_correlation": 0.3542405002401149
    },
    "per_source": {
      "hots": {
        "n": 36,
        "n_pos": 36,
        "iou_mean": 0.466158430195517,
        "iou_median": 0.40712693333625793,
        "iou_p25": 0.0,
        "iou_p75": 0.9005484133958817,
        "iou_std": 0.4204578640741097,
        "frac_iou_25": 0.5,
        "frac_iou_50": 0.5,
        "frac_iou_75": 0.4722222222222222,
        "frac_iou_90": 0.25,
        "containment_mean": 0.5730763497865863,
        "containment_median": 0.906438022851944,
        "containment_p25": 0.0,
        "containment_p75": 0.9854423403739929,
        "containment_std": 0.46029640484374323,
        "frac_containment_50": 0.5833333333333334,
        "frac_containment_75": 0.5555555555555556,
        "frac_containment_90": 0.5,
        "frac_containment_full": 0.19444444444444445,
        "contain_at_iou_50": 0.5,
        "contain_at_iou_75": 0.4722222222222222,
        "high_contain_high_iou": 0.4166666666666667,
        "ap_per_iou": {
          "0.50": 0.3438580580747152,
          "0.55": 0.3438580580747152,
          "0.60": 0.3021216407355024,
          "0.65": 0.3021216407355024,
          "0.70": 0.3021216407355024,
          "0.75": 0.3021216407355024,
          "0.80": 0.3021216407355024,
          "0.85": 0.24142108328479894,
          "0.90": 0.07661601015782983,
          "0.95": 0.00087361677344205
        },
        "map_50": 0.3438580580747152,
        "map_75": 0.3021216407355024,
        "map_5095": 0.25172350300430135,
        "map_50_containment": 0.46870681250413393,
        "map_90_containment": 0.3591992845050506,
        "mean_pred_box_area": 0.0643202070605827,
        "std_pred_box_area": 0.18119623750480376,
        "frac_pred_box_too_big": 0.05555555555555555,
        "frac_pred_box_too_small": 0.4166666666666667,
        "mean_gt_box_area": 0.022318996971395486,
        "pred_to_gt_area_ratio_mean": 2.7288008406060076,
        "pred_to_gt_area_ratio_median": 1.0514132225441841,
        "log_area_ratio_mean": -0.06256303714887178,
        "log_area_ratio_std": 1.271507883204214,
        "center_distance_mean": 0.13930572585012552,
        "center_distance_median": 0.01132857111225933,
        "score_mean": 0.9260920509696007,
        "score_std": 0.13602877606220376,
        "score_p25": 0.9367444068193436,
        "score_p75": 0.9799342900514603,
        "score_iou_correlation": 0.2322641884135461
      },
      "insdet": {
        "n": 64,
        "n_pos": 64,
        "iou_mean": 0.4518052799394354,
        "iou_median": 0.4719657450914383,
        "iou_p25": 0.0,
        "iou_p75": 0.8645605891942978,
        "iou_std": 0.4186556271533117,
        "frac_iou_25": 0.53125,
        "frac_iou_50": 0.484375,
        "frac_iou_75": 0.453125,
        "frac_iou_90": 0.1875,
        "containment_mean": 0.5022524918895215,
        "containment_median": 0.5458249449729919,
        "containment_p25": 0.0,
        "containment_p75": 0.9687562733888626,
        "containment_std": 0.45481486845389124,
        "frac_containment_50": 0.53125,
        "frac_containment_75": 0.46875,
        "frac_containment_90": 0.40625,
        "frac_containment_full": 0.15625,
        "contain_at_iou_50": 0.484375,
        "contain_at_iou_75": 0.453125,
        "high_contain_high_iou": 0.40625,
        "ap_per_iou": {
          "0.50": 0.3710874331338139,
          "0.55": 0.3710874331338139,
          "0.60": 0.3588179708934722,
          "0.65": 0.3588179708934722,
          "0.70": 0.3588179708934722,
          "0.75": 0.3422584929452163,
          "0.80": 0.24313842922753823,
          "0.85": 0.18010796568378637,
          "0.90": 0.09697450817956288,
          "0.95": 0.0335602310231023
        },
        "map_50": 0.3710874331338139,
        "map_75": 0.3422584929452163,
        "map_5095": 0.27146684060072507,
        "map_50_containment": 0.40737752949779016,
        "map_90_containment": 0.27968899832218175,
        "mean_pred_box_area": 0.0011858319290593672,
        "std_pred_box_area": 0.0011681248773046389,
        "frac_pred_box_too_big": 0.0,
        "frac_pred_box_too_small": 0.984375,
        "mean_gt_box_area": 0.0015078363940119743,
        "pred_to_gt_area_ratio_mean": 1.0072078780987757,
        "pred_to_gt_area_ratio_median": 0.9992636557497065,
        "log_area_ratio_mean": -0.17695175257983672,
        "log_area_ratio_std": 0.6761712526148826,
        "center_distance_mean": 0.10586746825181331,
        "center_distance_median": 0.007712583053932608,
        "score_mean": 0.8725276729092002,
        "score_std": 0.0820011073337122,
        "score_p25": 0.818415179848671,
        "score_p75": 0.9372061342000961,
        "score_iou_correlation": 0.5019865318534953
      }
    },
    "per_k": {
      "k1": {
        "n": 34,
        "n_pos": 34,
        "iou_mean": 0.4864385855548522,
        "iou_median": 0.6338725835084915,
        "iou_p25": 0.0,
        "iou_p75": 0.9033655971288681,
        "iou_std": 0.43319850898465745,
        "frac_iou_25": 0.5588235294117647,
        "frac_iou_50": 0.5,
        "frac_iou_75": 0.5,
        "frac_iou_90": 0.2647058823529412,
        "containment_mean": 0.5509233636891141,
        "containment_median": 0.8812513649463654,
        "containment_p25": 0.0,
        "containment_p75": 0.9735095947980881,
        "containment_std": 0.46090013410991776,