{
  "stage": "L3",
  "phase": "mixed",
  "epoch": 8,
  "fold": 0,
  "wall_clock_seconds": 534.25,
  "lr": {
    "fusion": 1.802617340875624e-05,
    "class_head": 7.248914846377726e-06,
    "box_head": 7.248914846377726e-06,
    "lora": 7.191246622064867e-05
  },
  "train": {
    "loss": 5.394318634668986,
    "patch_ce": 3.1848553212483726,
    "l1": 0.024706654280113677,
    "giou": 0.5048184537887573,
    "log_area": 0.4692538821424705,
    "grad_norm": 90.08851840045001,
    "n_steps": 300,
    "grad_steps": 37,
    "grad_nan_steps": 0,
    "alpha": 0.9492244124412537,
    "bg_bias": -0.0127738481387496
  },
  "val": {
    "overall": {
      "n": 100,
      "n_pos": 77,
      "n_neg": 23,
      "iou_mean": 0.5814466041016888,
      "iou_median": 0.8250361084938049,
      "iou_p25": 0.0,
      "iou_p75": 0.8938683867454529,
      "iou_std": 0.4018871802752868,
      "frac_iou_25": 0.6883116883116883,
      "frac_iou_50": 0.6623376623376623,
      "frac_iou_75": 0.5974025974025974,
      "frac_iou_90": 0.23376623376623376,
      "containment_mean": 0.6621994868694961,
      "containment_median": 0.9287804365158081,
      "containment_p25": 0.0,
      "containment_p75": 0.981611430644989,
      "containment_std": 0.4357225843852033,
      "frac_containment_50": 0.7012987012987013,
      "frac_containment_75": 0.6883116883116883,
      "frac_containment_90": 0.5584415584415584,
      "frac_containment_full": 0.22077922077922077,
      "contain_at_iou_50": 0.6623376623376623,
      "contain_at_iou_75": 0.5974025974025974,
      "high_contain_high_iou": 0.5194805194805194,
      "ap_per_iou": {
        "0.50": 0.5448253999304462,
        "0.55": 0.5448253999304462,
        "0.60": 0.5448253999304462,
        "0.65": 0.5224298577341219,
        "0.70": 0.5224298577341219,
        "0.75": 0.4786112005095978,
        "0.80": 0.397891433851544,
        "0.85": 0.303277445381994,
        "0.90": 0.0737268216830825,
        "0.95": 0.005482806345150644
      },
      "map_50": 0.5448253999304462,
      "map_75": 0.4786112005095978,
      "map_5095": 0.39383256230309516,
      "map_50_containment": 0.5894044813941397,
      "map_90_containment": 0.4137468054306997,
      "mean_pred_box_area": 0.0046437526776817,
      "std_pred_box_area": 0.007785124678636398,
      "frac_pred_box_too_big": 0.0,
      "frac_pred_box_too_small": 0.7402597402597403,
      "mean_gt_box_area": 0.005202155416270463,
      "pred_to_gt_area_ratio_mean": 1.4051795350407932,
      "pred_to_gt_area_ratio_median": 1.0373398780727812,
      "log_area_ratio_mean": 0.14514413921552174,
      "log_area_ratio_std": 0.5521680662009608,
      "center_distance_mean": 0.08628601093010654,
      "center_distance_median": 0.003685659644398964,
      "score_mean": 0.17696998094196442,
      "score_std": 0.13320280479283178,
      "score_p25": 0.07858902215957642,
      "score_p75": 0.22143001854419708,
      "score_iou_correlation": 0.25823973230027825,
      "bg_prob_pos_mean": 0.2364649096286142,
      "bg_prob_pos_median": 0.1882205307483673,
      "abstain_rate_pos": 0.03896103896103896,
      "bg_prob_neg_mean": 0.5291660666141821,
      "bg_prob_neg_median": 0.49927380681037903,
      "abstain_rate_neg": 0.4782608695652174,
      "score_neg_mean": 0.06756713929201436,
      "score_neg_p75": 0.1121843121945858,
      "tn_rate": 0.4782608695652174,
      "fp_rate": 0.5217391304347826,
      "abstain_gap": 0.29270115698556787
    },
    "per_source": {
      "hots": {
        "n": 39,
        "n_pos": 32,
        "n_neg": 7,
        "iou_mean": 0.6625862382352352,
        "iou_median": 0.8772934675216675,
        "iou_p25": 0.5359498411417007,
        "iou_p75": 0.9156839847564697,
        "iou_std": 0.3925279466292188,
        "frac_iou_25": 0.75,
        "frac_iou_50": 0.75,
        "frac_iou_75": 0.6875,
        "frac_iou_90": 0.3125,
        "containment_mean": 0.6922133918851614,
        "containment_median": 0.9042797088623047,
        "containment_p25": 0.5453266203403473,
        "containment_p75": 0.9476210176944733,
        "containment_std": 0.41002720108417284,
        "frac_containment_50": 0.75,
        "frac_containment_75": 0.71875,
        "frac_containment_90": 0.53125,
        "frac_containment_full": 0.125,
        "contain_at_iou_50": 0.75,
        "contain_at_iou_75": 0.6875,
        "high_contain_high_iou": 0.53125,
        "ap_per_iou": {
          "0.50": 0.6655568180632205,
          "0.55": 0.6655568180632205,
          "0.60": 0.6655568180632205,
          "0.65": 0.6655568180632205,
          "0.70": 0.6655568180632205,
          "0.75": 0.5978803583328386,
          "0.80": 0.5978803583328386,
          "0.85": 0.5111413043478259,
          "0.90": 0.1199160469042296,
          "0.95": 0.0198019801980198
        },
        "map_50": 0.6655568180632205,
        "map_75": 0.5978803583328386,
        "map_5095": 0.5174404138431855,
        "map_50_containment": 0.6655568180632205,
        "map_90_containment": 0.4114666306856249,
        "mean_pred_box_area": 0.008488229806042115,
        "std_pred_box_area": 0.010890472518805504,
        "frac_pred_box_too_big": 0.0,
        "frac_pred_box_too_small": 0.5,
        "mean_gt_box_area": 0.01015838608424019,
        "pred_to_gt_area_ratio_mean": 0.9987598399417973,
        "pred_to_gt_area_ratio_median": 0.9725806483288288,
        "log_area_ratio_mean": -0.06941196375784661,
        "log_area_ratio_std": 0.43316527514794484,
        "center_distance_mean": 0.11009242798818299,
        "center_distance_median": 0.0035954291400597947,
        "score_mean": 0.1718265974195674,
        "score_std": 0.09708086259646682,
        "score_p25": 0.08827727288007736,
        "score_p75": 0.22593021020293236,
        "score_iou_correlation": 0.2750554826650181,
        "bg_prob_pos_mean": 0.20745472237467766,
        "bg_prob_pos_median": 0.14474432170391083,
        "abstain_rate_pos": 0.03125,
        "bg_prob_neg_mean": 0.6103900415556771,
        "bg_prob_neg_median": 0.7676276564598083,
        "abstain_rate_neg": 0.5714285714285714,
        "score_neg_mean": 0.06447285764651108,
        "score_neg_p75": 0.1237257570028305,
        "tn_rate": 0.5714285714285714,
        "fp_rate": 0.4285714285714286,
        "abstain_gap": 0.40293531918099945
      },
      "insdet": {
        "n": 61,
        "n_pos": 45,
        "n_neg": 16,
        "iou_mean": 0.5237473087178336,
        "iou_median": 0.7615228295326233,
        "iou_p25": 0.0,
        "iou_p75": 0.8577299118041992,
        "iou_std": 0.40277719131822126,
        "frac_iou_25": 0.6444444444444445,
        "frac_iou_50": 0.6,
        "frac_iou_75": 0.5333333333333333,
        "frac_iou_90": 0.17777777777777778,
        "containment_mean": 0.6408562655250232,
        "containment_median": 0.9406068921089172,
        "containment_p25": 0.0,
        "containment_p75": 0.9952099919319153,
        "containment_std": 0.4564636745877187,
        "frac_containment_50": 0.6666666666666666,
        "frac_containment_75": 0.6666666666666666,
        "frac_containment_90": 0.5777777777777777,
        "frac_containment_full": 0.28888888888888886,
        "contain_at_iou_50": 0.6,
        "contain_at_iou_75": 0.5333333333333333,
        "high_contain_high_iou": 0.5111111111111111,
        "ap_per_iou": {
          "0.50": 0.4844872070203915,
          "0.55": 0.4844872070203915,
          "0.60": 0.4844872070203915,
          "0.65": 0.4478852728704855,
          "0.70": 0.4478852728704855,
          "0.75": 0.41639551727455215,
          "0.80": 0.29333445429072613,
          "0.85": 0.19362119180454285,
          "0.90": 0.05114398238729484,
          "0.95": 0.0011424219345011425
        },
        "map_50": 0.4844872070203915,
        "map_75": 0.41639551727455215,
        "map_5095": 0.3304869734493763,
        "map_50_containment": 0.5625030795826675,
        "map_90_containment": 0.4464334449953902,
        "mean_pred_box_area": 0.0019099022752920713,