{
  "stage": "L3",
  "epoch": 8,
  "fold": 2,
  "wall_clock_seconds": 480.76,
  "lr": {
    "fusion": 1e-07,
    "class_head": 1e-07,
    "box_head": 1e-07,
    "lora": 1e-07
  },
  "train": {
    "loss": 4.916270181655884,
    "patch_ce": 3.195927734375,
    "l1": 0.0384814120195806,
    "giou": 0.7639676899909973,
    "grad_norm": 9.630769607543945,
    "n_steps": 250,
    "alpha": 0.056753579527139664
  },
  "val": {
    "overall": {
      "n": 100,
      "n_pos": 100,
      "iou_mean": 0.4260757889365777,
      "iou_median": 0.278337299823761,
      "iou_p25": 0.0,
      "iou_p75": 0.8688570857048035,
      "iou_std": 0.4078955675378638,
      "frac_iou_25": 0.51,
      "frac_iou_50": 0.45,
      "frac_iou_75": 0.42,
      "frac_iou_90": 0.17,
      "containment_mean": 0.4795173394307494,
      "containment_median": 0.3722781538963318,
      "containment_p25": 0.0,
      "containment_p75": 0.9588172733783722,
      "containment_std": 0.4414443923343232,
      "frac_containment_50": 0.48,
      "frac_containment_75": 0.46,
      "frac_containment_90": 0.33,
      "frac_containment_full": 0.13,
      "contain_at_iou_50": 0.45,
      "contain_at_iou_75": 0.42,
      "high_contain_high_iou": 0.31,
      "ap_per_iou": {
        "0.50": 0.2660980625383396,
        "0.55": 0.2660980625383396,
        "0.60": 0.25958164030250586,
        "0.65": 0.25958164030250586,
        "0.70": 0.25958164030250586,
        "0.75": 0.24230550298295725,
        "0.80": 0.18054516074980634,
        "0.85": 0.12344704667339604,
        "0.90": 0.07178225543968492,
        "0.95": 0.001381533502187428
      },
      "map_50": 0.2660980625383396,
      "map_75": 0.24230550298295725,
      "map_5095": 0.19304025453322288,
      "map_50_containment": 0.29473835987762514,
      "map_90_containment": 0.15319544792036324,
      "mean_pred_box_area": 0.023395554594056,
      "std_pred_box_area": 0.11166997163040043,
      "frac_pred_box_too_big": 0.02,
      "frac_pred_box_too_small": 0.79,
      "mean_gt_box_area": 0.009510165504383623,
      "pred_to_gt_area_ratio_mean": 2.6184022491661194,
      "pred_to_gt_area_ratio_median": 0.9481133054660389,
      "log_area_ratio_mean": -0.4468698375147235,
      "log_area_ratio_std": 1.249806999672643,
      "center_distance_mean": 0.08459787728537746,
      "center_distance_median": 0.011986522468958942,
      "score_mean": 0.8910458528995514,
      "score_std": 0.09610612455539484,
      "score_p25": 0.8489426672458649,
      "score_p75": 0.959878072142601,
      "score_iou_correlation": 0.20267566487577166
    },
    "per_source": {
      "hots": {
        "n": 36,
        "n_pos": 36,
        "iou_mean": 0.40104116160526043,
        "iou_median": 0.2599697485566139,
        "iou_p25": 0.0,
        "iou_p75": 0.8334434926509857,
        "iou_std": 0.40619772622816397,
        "frac_iou_25": 0.5,
        "frac_iou_50": 0.4166666666666667,
        "frac_iou_75": 0.3888888888888889,
        "frac_iou_90": 0.1388888888888889,
        "containment_mean": 0.4866449741853608,
        "containment_median": 0.6086463928222656,
        "containment_p25": 0.0,
        "containment_p75": 0.9150885939598083,
        "containment_std": 0.43851878726943416,
        "frac_containment_50": 0.5,
        "frac_containment_75": 0.4722222222222222,
        "frac_containment_90": 0.2777777777777778,
        "frac_containment_full": 0.1111111111111111,
        "contain_at_iou_50": 0.4166666666666667,
        "contain_at_iou_75": 0.3888888888888889,
        "high_contain_high_iou": 0.2222222222222222,
        "ap_per_iou": {
          "0.50": 0.24750808414174755,
          "0.55": 0.24750808414174755,
          "0.60": 0.24750808414174755,
          "0.65": 0.24750808414174755,
          "0.70": 0.24750808414174755,
          "0.75": 0.22480581391472468,
          "0.80": 0.18150148348168138,
          "0.85": 0.10249358269160252,
          "0.90": 0.08415841584158414,
          "0.95": 0.001188118811881188
        },
        "map_50": 0.24750808414174755,
        "map_75": 0.22480581391472468,
        "map_5095": 0.18316878354502117,
        "map_50_containment": 0.3132541364735555,
        "map_90_containment": 0.14144271570014152,
        "mean_pred_box_area": 0.06309873501476243,
        "std_pred_box_area": 0.18093745597849964,
        "frac_pred_box_too_big": 0.05555555555555555,
        "frac_pred_box_too_small": 0.4166666666666667,
        "mean_gt_box_area": 0.02324320514380816,
        "pred_to_gt_area_ratio_mean": 5.824340628026313,
        "pred_to_gt_area_ratio_median": 0.8460013227121697,
        "log_area_ratio_mean": -0.3603753426635452,
        "log_area_ratio_std": 1.6946666764327993,
        "center_distance_mean": 0.15053560841173008,
        "center_distance_median": 0.022400498263016037,
        "score_mean": 0.9397406578063965,
        "score_std": 0.08037111935760409,
        "score_p25": 0.9407759010791779,
        "score_p75": 0.9828575104475021,
        "score_iou_correlation": 0.2988927145984204
      },
      "insdet": {
        "n": 64,
        "n_pos": 64,
        "iou_mean": 0.4401577668104437,
        "iou_median": 0.3042120337486267,
        "iou_p25": 0.0,
        "iou_p75": 0.8823017477989197,
        "iou_std": 0.411373351320277,
        "frac_iou_25": 0.515625,
        "frac_iou_50": 0.46875,
        "frac_iou_75": 0.4375,
        "frac_iou_90": 0.1875,
        "containment_mean": 0.4755080448812805,
        "containment_median": 0.3042120337486267,
        "containment_p25": 0.0,
        "containment_p75": 0.9765545576810837,
        "containment_std": 0.4464876841919803,
        "frac_containment_50": 0.46875,
        "frac_containment_75": 0.453125,
        "frac_containment_90": 0.359375,
        "frac_containment_full": 0.140625,
        "contain_at_iou_50": 0.46875,
        "contain_at_iou_75": 0.4375,
        "high_contain_high_iou": 0.359375,
        "ap_per_iou": {
          "0.50": 0.3065033636501229,
          "0.55": 0.3065033636501229,
          "0.60": 0.2973672005159697,
          "0.65": 0.2973672005159697,
          "0.70": 0.2973672005159697,
          "0.75": 0.288394428238742,
          "0.80": 0.21063506641152985,
          "0.85": 0.18921436532908914,
          "0.90": 0.09942849151110471,
          "0.95": 0.0012376237623762376
        },
        "map_50": 0.3065033636501229,
        "map_75": 0.288394428238742,
        "map_5095": 0.22940183041009968,
        "map_50_containment": 0.3065033636501229,
        "map_90_containment": 0.19354531656974686,
        "mean_pred_box_area": 0.0010625156074086381,
        "std_pred_box_area": 0.0007569995864395836,
        "frac_pred_box_too_big": 0.0,
        "frac_pred_box_too_small": 1.0,
        "mean_gt_box_area": 0.0017853307072073221,
        "pred_to_gt_area_ratio_mean": 0.8150619110572607,
        "pred_to_gt_area_ratio_median": 0.9712662679993238,
        "log_area_ratio_mean": -0.49552299086851126,
        "log_area_ratio_std": 0.9232670000842224,
        "center_distance_mean": 0.04750790352680411,
        "center_distance_median": 0.007131654991338183,
        "score_mean": 0.863655025139451,
        "score_std": 0.09385400179959878,
        "score_p25": 0.8245996832847595,
        "score_p75": 0.9375985562801361,
        "score_iou_correlation": 0.21115924078615272
      }
    },
    "per_k": {
      "k1": {
        "n": 34,
        "n_pos": 34,
        "iou_mean": 0.48006125223165486,
        "iou_median": 0.7426036894321442,
        "iou_p25": 0.0,
        "iou_p75": 0.9022900462150574,
        "iou_std": 0.42898900637302,
        "frac_iou_25": 0.5588235294117647,
        "frac_iou_50": 0.5294117647058824,
        "frac_iou_75": 0.5,
        "frac_iou_90": 0.2647058823529412,
        "containment_mean": 0.5550242149654556,
        "containment_median": 0.8003028035163879,
        "containment_p25": 0.0,
        "containment_p75": 0.9818168878555298,
        "containment_std": 0.4580619408269656,