{
  "stage": "L3",
  "phase": "mixed",
  "epoch": 8,
  "fold": 2,
  "wall_clock_seconds": 534.05,
  "lr": {
    "fusion": 1.3772614194143075e-05,
    "class_head": 5.5526056605901175e-06,
    "box_head": 5.5526056605901175e-06,
    "lora": 5.487265686190786e-05
  },
  "train": {
    "loss": 5.324237348437309,
    "patch_ce": 3.1308513762553534,
    "l1": 0.020323329738651714,
    "giou": 0.5192556309700013,
    "log_area": 0.2523892189763994,
    "grad_norm": 108.37150542800491,
    "n_steps": 300,
    "grad_steps": 37,
    "grad_nan_steps": 0,
    "alpha": 0.9490991830825806,
    "bg_bias": -0.01279330626130104
  },
  "val": {
    "overall": {
      "n": 100,
      "n_pos": 68,
      "n_neg": 32,
      "iou_mean": 0.59675647077315,
      "iou_median": 0.8331542611122131,
      "iou_p25": 0.0,
      "iou_p75": 0.9052429646253586,
      "iou_std": 0.3996926615153367,
      "frac_iou_25": 0.7058823529411765,
      "frac_iou_50": 0.6911764705882353,
      "frac_iou_75": 0.5735294117647058,
      "frac_iou_90": 0.27941176470588236,
      "containment_mean": 0.652512594797265,
      "containment_median": 0.9169988334178925,
      "containment_p25": 0.0,
      "containment_p75": 0.9822678864002228,
      "containment_std": 0.43469680025226953,
      "frac_containment_50": 0.6911764705882353,
      "frac_containment_75": 0.6470588235294118,
      "frac_containment_90": 0.5588235294117647,
      "frac_containment_full": 0.22058823529411764,
      "contain_at_iou_50": 0.6911764705882353,
      "contain_at_iou_75": 0.5735294117647058,
      "high_contain_high_iou": 0.5588235294117647,
      "ap_per_iou": {
        "0.50": 0.5999771403065398,
        "0.55": 0.5999771403065398,
        "0.60": 0.5683011106271746,
        "0.65": 0.5444612888340501,
        "0.70": 0.5078018883448624,
        "0.75": 0.45855959266139396,
        "0.80": 0.37032686994636643,
        "0.85": 0.31471140245892726,
        "0.90": 0.1424771603884728,
        "0.95": 0.0029189239678684845
      },
      "map_50": 0.5999771403065398,
      "map_75": 0.45855959266139396,
      "map_5095": 0.41095125178421954,
      "map_50_containment": 0.5999771403065398,
      "map_90_containment": 0.4310932210242303,
      "mean_pred_box_area": 0.006478224534064889,
      "std_pred_box_area": 0.01264623476206863,
      "frac_pred_box_too_big": 0.0,
      "frac_pred_box_too_small": 0.7352941176470589,
      "mean_gt_box_area": 0.007085370677061078,
      "pred_to_gt_area_ratio_mean": 1.1096637278461488,
      "pred_to_gt_area_ratio_median": 1.0284983826495528,
      "log_area_ratio_mean": 0.024853865382219828,
      "log_area_ratio_std": 0.365169736822951,
      "center_distance_mean": 0.08688781980567355,
      "center_distance_median": 0.0030553663784226247,
      "score_mean": 0.20677367351291812,
      "score_std": 0.1220939224300389,
      "score_p25": 0.12444230355322361,
      "score_p75": 0.2634451314806938,
      "score_iou_correlation": 0.32158515728603065,
      "bg_prob_pos_mean": 0.17529106468838804,
      "bg_prob_pos_median": 0.13734237104654312,
      "abstain_rate_pos": 0.029411764705882353,
      "bg_prob_neg_mean": 0.4355077817454003,
      "bg_prob_neg_median": 0.38734596967697144,
      "abstain_rate_neg": 0.40625,
      "score_neg_mean": 0.0948703924077563,
      "score_neg_p75": 0.12470702454447746,
      "tn_rate": 0.40625,
      "fp_rate": 0.59375,
      "abstain_gap": 0.2602167170570122
    },
    "per_source": {
      "hots": {
        "n": 36,
        "n_pos": 23,
        "n_neg": 13,
        "iou_mean": 0.5022341142530027,
        "iou_median": 0.6321484446525574,
        "iou_p25": 0.0,
        "iou_p75": 0.9074759185314178,
        "iou_std": 0.4305472090077568,
        "frac_iou_25": 0.6086956521739131,
        "frac_iou_50": 0.5652173913043478,
        "frac_iou_75": 0.43478260869565216,
        "frac_iou_90": 0.2608695652173913,
        "containment_mean": 0.5262010227078977,
        "containment_median": 0.6799948811531067,
        "containment_p25": 0.0,
        "containment_p75": 0.9485873281955719,
        "containment_std": 0.45084735940715415,
        "frac_containment_50": 0.5652173913043478,
        "frac_containment_75": 0.4782608695652174,
        "frac_containment_90": 0.391304347826087,
        "frac_containment_full": 0.17391304347826086,
        "contain_at_iou_50": 0.5652173913043478,
        "contain_at_iou_75": 0.43478260869565216,
        "high_contain_high_iou": 0.391304347826087,
        "ap_per_iou": {
          "0.50": 0.40065186642887973,
          "0.55": 0.40065186642887973,
          "0.60": 0.40065186642887973,
          "0.65": 0.33488920320603516,
          "0.70": 0.33488920320603516,
          "0.75": 0.3110368179675112,
          "0.80": 0.3110368179675112,
          "0.85": 0.3110368179675112,
          "0.90": 0.13222750846513234,
          "0.95": 0.0165016501650165
        },
        "map_50": 0.40065186642887973,
        "map_75": 0.3110368179675112,
        "map_5095": 0.2953573618231392,
        "map_50_containment": 0.40065186642887973,
        "map_90_containment": 0.22608117954652607,
        "mean_pred_box_area": 0.014651890257866458,
        "std_pred_box_area": 0.01928609410564455,
        "frac_pred_box_too_big": 0.0,
        "frac_pred_box_too_small": 0.391304347826087,
        "mean_gt_box_area": 0.016878502554634748,
        "pred_to_gt_area_ratio_mean": 0.9448193291449686,
        "pred_to_gt_area_ratio_median": 0.9274678240651184,
        "log_area_ratio_mean": -0.12348093469758138,
        "log_area_ratio_std": 0.36590144160866667,
        "center_distance_mean": 0.1620303479699983,
        "center_distance_median": 0.022470913435451635,
        "score_mean": 0.15627431869506836,
        "score_std": 0.10602232805919322,
        "score_p25": 0.09329436346888542,
        "score_p75": 0.18325798958539963,
        "score_iou_correlation": 0.20744252919461695,
        "bg_prob_pos_mean": 0.17956775062434052,
        "bg_prob_pos_median": 0.13476987183094025,
        "abstain_rate_pos": 0.08695652173913043,
        "bg_prob_neg_mean": 0.461826275031154,
        "bg_prob_neg_median": 0.5662875175476074,
        "abstain_rate_neg": 0.5384615384615384,
        "score_neg_mean": 0.06117293888774629,
        "score_neg_p75": 0.08146800845861435,
        "tn_rate": 0.5384615384615384,
        "fp_rate": 0.46153846153846156,
        "abstain_gap": 0.2822585244068134
      },
      "insdet": {
        "n": 64,
        "n_pos": 45,
        "n_neg": 19,
        "iou_mean": 0.645067897439003,
        "iou_median": 0.8462291359901428,
        "iou_p25": 0.5934202671051025,
        "iou_p75": 0.9050694704055786,
        "iou_std": 0.3788394518100443,
        "frac_iou_25": 0.7555555555555555,
        "frac_iou_50": 0.7555555555555555,
        "frac_iou_75": 0.6444444444444445,
        "frac_iou_90": 0.28888888888888886,
        "containment_mean": 0.7170718427540528,
        "containment_median": 0.9342644214630127,
        "containment_p25": 0.614333987236023,
        "containment_p75": 0.98404860496521,
        "containment_std": 0.4165361134186807,
        "frac_containment_50": 0.7555555555555555,
        "frac_containment_75": 0.7333333333333333,
        "frac_containment_90": 0.6444444444444445,
        "frac_containment_full": 0.24444444444444444,
        "contain_at_iou_50": 0.7555555555555555,
        "contain_at_iou_75": 0.6444444444444445,
        "high_contain_high_iou": 0.6444444444444445,
        "ap_per_iou": {
          "0.50": 0.6817152626235714,
          "0.55": 0.6817152626235714,
          "0.60": 0.6429403140982998,
          "0.65": 0.6429403140982998,
          "0.70": 0.5862990145168363,
          "0.75": 0.5317801010870326,
          "0.80": 0.4068320293567821,
          "0.85": 0.32171640240947186,
          "0.90": 0.1536245932285536,
          "0.95": 0.0024752475247524753
        },
        "map_50": 0.6817152626235714,
        "map_75": 0.5317801010870326,
        "map_5095": 0.46520385415671706,