{
  "stage": "L3",
  "phase": "mixed",
  "epoch": 8,
  "fold": 1,
  "wall_clock_seconds": 534.26,
  "lr": {
    "fusion": 1.5860687319781724e-05,
    "class_head": 6.385324201676471e-06,
    "box_head": 6.385324201676471e-06,
    "lora": 6.323750291030797e-05
  },
  "train": {
    "loss": 5.155376048485438,
    "patch_ce": 3.076327793200811,
    "l1": 0.02419467006577179,
    "giou": 0.48556372384230295,
    "log_area": 0.2946800781032054,
    "grad_norm": 103.3647128955738,
    "n_steps": 300,
    "grad_steps": 37,
    "grad_nan_steps": 0,
    "alpha": 0.94911128282547,
    "bg_bias": -0.012805062346160412
  },
  "val": {
    "overall": {
      "n": 100,
      "n_pos": 68,
      "n_neg": 32,
      "iou_mean": 0.5877913536832613,
      "iou_median": 0.8126685917377472,
      "iou_p25": 0.0,
      "iou_p75": 0.9069773703813553,
      "iou_std": 0.3979003898603587,
      "frac_iou_25": 0.6911764705882353,
      "frac_iou_50": 0.6764705882352942,
      "frac_iou_75": 0.5588235294117647,
      "frac_iou_90": 0.3088235294117647,
      "containment_mean": 0.6458255433860947,
      "containment_median": 0.8968026041984558,
      "containment_p25": 0.0,
      "containment_p75": 0.9507189095020294,
      "containment_std": 0.4125720729222516,
      "frac_containment_50": 0.7058823529411765,
      "frac_containment_75": 0.6323529411764706,
      "frac_containment_90": 0.4852941176470588,
      "frac_containment_full": 0.10294117647058823,
      "contain_at_iou_50": 0.6764705882352942,
      "contain_at_iou_75": 0.5588235294117647,
      "high_contain_high_iou": 0.47058823529411764,
      "ap_per_iou": {
        "0.50": 0.5259902078326811,
        "0.55": 0.5190012736451447,
        "0.60": 0.493297592545146,
        "0.65": 0.44153029786047876,
        "0.70": 0.43486392986621325,
        "0.75": 0.3846868517008199,
        "0.80": 0.3355850906502691,
        "0.85": 0.25214956909945135,
        "0.90": 0.12603906763153092,
        "0.95": 0.013344812742143778
      },
      "map_50": 0.5259902078326811,
      "map_75": 0.3846868517008199,
      "map_5095": 0.3526488693573879,
      "map_50_containment": 0.5506988056713298,
      "map_90_containment": 0.2634456894553034,
      "mean_pred_box_area": 0.007499424127784959,
      "std_pred_box_area": 0.019719709953442417,
      "frac_pred_box_too_big": 0.0,
      "frac_pred_box_too_small": 0.7058823529411765,
      "mean_gt_box_area": 0.007913278083955554,
      "pred_to_gt_area_ratio_mean": 1.3891709527529894,
      "pred_to_gt_area_ratio_median": 0.9794841019117819,
      "log_area_ratio_mean": 0.13217484908507096,
      "log_area_ratio_std": 0.528657543630561,
      "center_distance_mean": 0.07452703472140236,
      "center_distance_median": 0.0038759094347436463,
      "score_mean": 0.21538407897905393,
      "score_std": 0.1438546170500869,
      "score_p25": 0.10630086436867714,
      "score_p75": 0.2917460650205612,
      "score_iou_correlation": 0.15283971055072199,
      "bg_prob_pos_mean": 0.1707359523485031,
      "bg_prob_pos_median": 0.13251188397407532,
      "abstain_rate_pos": 0.029411764705882353,
      "bg_prob_neg_mean": 0.4767932025715709,
      "bg_prob_neg_median": 0.41986988484859467,
      "abstain_rate_neg": 0.46875,
      "score_neg_mean": 0.06304650331549055,
      "score_neg_p75": 0.08884995803236961,
      "tn_rate": 0.46875,
      "fp_rate": 0.53125,
      "abstain_gap": 0.30605725022306773
    },
    "per_source": {
      "hots": {
        "n": 36,
        "n_pos": 25,
        "n_neg": 11,
        "iou_mean": 0.6639625662565232,
        "iou_median": 0.8771883249282837,
        "iou_p25": 0.5166270136833191,
        "iou_p75": 0.9170553684234619,
        "iou_std": 0.37762188551973536,
        "frac_iou_25": 0.76,
        "frac_iou_50": 0.76,
        "frac_iou_75": 0.64,
        "frac_iou_90": 0.4,
        "containment_mean": 0.7081898808479309,
        "containment_median": 0.9253417253494263,
        "containment_p25": 0.677288830280304,
        "containment_p75": 0.9410243630409241,
        "containment_std": 0.3784320341995711,
        "frac_containment_50": 0.8,
        "frac_containment_75": 0.68,
        "frac_containment_90": 0.56,
        "frac_containment_full": 0.12,
        "contain_at_iou_50": 0.76,
        "contain_at_iou_75": 0.64,
        "high_contain_high_iou": 0.56,
        "ap_per_iou": {
          "0.50": 0.6381288898120583,
          "0.55": 0.6064457214952267,
          "0.60": 0.6064457214952267,
          "0.65": 0.6064457214952267,
          "0.70": 0.6064457214952267,
          "0.75": 0.5243195088739642,
          "0.80": 0.4759306699900755,
          "0.85": 0.4470866427302074,
          "0.90": 0.3055513243632057,
          "0.95": 0.013709063214013708
        },
        "map_50": 0.6381288898120583,
        "map_75": 0.5243195088739642,
        "map_5095": 0.48305089849644317,
        "map_50_containment": 0.6811511920422816,
        "map_90_containment": 0.4470866427302074,
        "mean_pred_box_area": 0.01788141816125698,
        "std_pred_box_area": 0.030094081988716007,
        "frac_pred_box_too_big": 0.0,
        "frac_pred_box_too_small": 0.24,
        "mean_gt_box_area": 0.019162402144470254,
        "pred_to_gt_area_ratio_mean": 1.2275849292342185,
        "pred_to_gt_area_ratio_median": 0.9742870154162325,
        "log_area_ratio_mean": 0.04645095295445678,
        "log_area_ratio_std": 0.5190431561168172,
        "center_distance_mean": 0.09225029526234813,
        "center_distance_median": 0.0047689746353347115,
        "score_mean": 0.1452639500796795,
        "score_std": 0.07910597923856758,
        "score_p25": 0.08950922638177872,
        "score_p75": 0.21305479109287262,
        "score_iou_correlation": 0.13252284566836958,
        "bg_prob_pos_mean": 0.16710272505879403,
        "bg_prob_pos_median": 0.13372920453548431,
        "abstain_rate_pos": 0.04,
        "bg_prob_neg_mean": 0.7216918901963667,
        "bg_prob_neg_median": 0.80258709192276,
        "abstain_rate_neg": 0.9090909090909091,
        "score_neg_mean": 0.013133227904538879,
        "score_neg_p75": 0.012473885901272297,
        "tn_rate": 0.9090909090909091,
        "fp_rate": 0.09090909090909094,
        "abstain_gap": 0.5545891651375727
      },
      "insdet": {
        "n": 64,
        "n_pos": 43,
        "n_neg": 21,
        "iou_mean": 0.5435057649778765,
        "iou_median": 0.7900703549385071,
        "iou_p25": 0.0,
        "iou_p75": 0.8968483507633209,
        "iou_std": 0.40696360604958126,
        "frac_iou_25": 0.6511627906976745,
        "frac_iou_50": 0.627906976744186,
        "frac_iou_75": 0.5116279069767442,
        "frac_iou_90": 0.2558139534883721,
        "containment_mean": 0.609567207652469,
        "containment_median": 0.8843820095062256,
        "containment_p25": 0.0,
        "containment_p75": 0.9523041844367981,
        "containment_std": 0.4313221693592799,
        "frac_containment_50": 0.6511627906976745,
        "frac_containment_75": 0.6046511627906976,
        "frac_containment_90": 0.4418604651162791,
        "frac_containment_full": 0.09302325581395349,
        "contain_at_iou_50": 0.627906976744186,
        "contain_at_iou_75": 0.5116279069767442,
        "high_contain_high_iou": 0.4186046511627907,
        "ap_per_iou": {
          "0.50": 0.4950863364880226,
          "0.55": 0.4950863364880226,
          "0.60": 0.47147699448210206,
          "0.65": 0.39898158726521366,
          "0.70": 0.3879293192477142,
          "0.75": 0.3552568132753125,
          "0.80": 0.3088806625023407,
          "0.85": 0.20412800678564075,
          "0.90": 0.09536216779572693,
          "0.95": 0.016051605160516052
        },
        "map_50": 0.4950863364880226,
        "map_75": 0.3552568132753125,
        "map_5095": 0.32282398294906123,
        "map_50_containment": 0.515360340632623,
        "map_90_containment": 0.22027599769943768,
        "mean_pred_box_area": 0.0014633810850686675,