{
  "stage": "L2",
  "epoch": 12,
  "fold": 1,
  "wall_clock_seconds": 394.72,
  "lr": {
    "fusion": 3.1027755278958417e-07,
    "class_head": 2.0503353237437695e-07,
    "box_head": 2.0503353237437695e-07
  },
  "train": {
    "loss": 4.019769341349602,
    "patch_ce": 2.366117431640625,
    "l1": 0.030886266838759183,
    "giou": 0.7496102783679962,
    "grad_norm": 10.71611701965332,
    "n_steps": 250,
    "alpha": 0.048761337995529175
  },
  "val": {
    "overall": {
      "n": 100,
      "n_pos": 100,
      "iou_mean": 0.47503194397315385,
      "iou_median": 0.5889605581760406,
      "iou_p25": 0.0,
      "iou_p75": 0.8747320771217346,
      "iou_std": 0.4027201182753914,
      "frac_iou_25": 0.61,
      "frac_iou_50": 0.54,
      "frac_iou_75": 0.41,
      "frac_iou_90": 0.22,
      "containment_mean": 0.547711094096303,
      "containment_median": 0.7711231410503387,
      "containment_p25": 0.0,
      "containment_p75": 0.9669459909200668,
      "containment_std": 0.4398332252628006,
      "frac_containment_50": 0.58,
      "frac_containment_75": 0.51,
      "frac_containment_90": 0.42,
      "frac_containment_full": 0.12,
      "contain_at_iou_50": 0.54,
      "contain_at_iou_75": 0.41,
      "high_contain_high_iou": 0.39,
      "ap_per_iou": {
        "0.50": 0.3800858501352724,
        "0.55": 0.3732500601732975,
        "0.60": 0.33336790494244006,
        "0.65": 0.3109491047467137,
        "0.70": 0.2500345066936966,
        "0.75": 0.2429223189814212,
        "0.80": 0.2352037259397034,
        "0.85": 0.1521648317050916,
        "0.90": 0.0646509897169683,
        "0.95": 0.007364775886455641
      },
      "map_50": 0.3800858501352724,
      "map_75": 0.2429223189814212,
      "map_5095": 0.23499940689210605,
      "map_50_containment": 0.42060077970413196,
      "map_90_containment": 0.24137634150199888,
      "mean_pred_box_area": 0.014375389419109619,
      "std_pred_box_area": 0.07123133854375976,
      "frac_pred_box_too_big": 0.01,
      "frac_pred_box_too_small": 0.73,
      "mean_gt_box_area": 0.009295749289367817,
      "pred_to_gt_area_ratio_mean": 1.9501280567367811,
      "pred_to_gt_area_ratio_median": 1.0202900464484501,
      "log_area_ratio_mean": -0.025498052638355327,
      "log_area_ratio_std": 0.762575509947105,
      "center_distance_mean": 0.08784670986100096,
      "center_distance_median": 0.007772728298550896,
      "score_mean": 0.7910417902469635,
      "score_std": 0.18250404168839712,
      "score_p25": 0.6960580199956894,
      "score_p75": 0.9482842534780502,
      "score_iou_correlation": 0.18887559856920386
    },
    "per_source": {
      "hots": {
        "n": 36,
        "n_pos": 36,
        "iou_mean": 0.5179549148823652,
        "iou_median": 0.7443352341651917,
        "iou_p25": 0.0,
        "iou_p75": 0.9097789973020554,
        "iou_std": 0.4183325757025945,
        "frac_iou_25": 0.6111111111111112,
        "frac_iou_50": 0.5833333333333334,
        "frac_iou_75": 0.5,
        "frac_iou_90": 0.3055555555555556,
        "containment_mean": 0.5888809619678391,
        "containment_median": 0.9019773304462433,
        "containment_p25": 0.0,
        "containment_p75": 0.9691013395786285,
        "containment_std": 0.44835607673983485,
        "frac_containment_50": 0.6111111111111112,
        "frac_containment_75": 0.5555555555555556,
        "frac_containment_90": 0.5277777777777778,
        "frac_containment_full": 0.1111111111111111,
        "contain_at_iou_50": 0.5833333333333334,
        "contain_at_iou_75": 0.5,
        "high_contain_high_iou": 0.5,
        "ap_per_iou": {
          "0.50": 0.447047171346723,
          "0.55": 0.447047171346723,
          "0.60": 0.428196714872504,
          "0.65": 0.37385646319279936,
          "0.70": 0.35879846923195396,
          "0.75": 0.35879846923195396,
          "0.80": 0.35879846923195396,
          "0.85": 0.24906081621987103,
          "0.90": 0.11639366701647126,
          "0.95": 0.013613861386138614
        },
        "map_50": 0.447047171346723,
        "map_75": 0.35879846923195396,
        "map_5095": 0.3151611273077092,
        "map_50_containment": 0.46777927792779234,
        "map_90_containment": 0.39143637587976166,
        "mean_pred_box_area": 0.037306718879710224,
        "std_pred_box_area": 0.1161954616266263,
        "frac_pred_box_too_big": 0.027777777777777776,
        "frac_pred_box_too_small": 0.3333333333333333,
        "mean_gt_box_area": 0.023010321575663215,
        "pred_to_gt_area_ratio_mean": 2.970451731453659,
        "pred_to_gt_area_ratio_median": 0.9822813713081169,
        "log_area_ratio_mean": -0.1867257602733014,
        "log_area_ratio_std": 0.965829467581797,
        "center_distance_mean": 0.11545168507086048,
        "center_distance_median": 0.009783303852301589,
        "score_mean": 0.8402798506948683,
        "score_std": 0.18035124063744074,
        "score_p25": 0.7841662019491196,
        "score_p75": 0.979003444314003,
        "score_iou_correlation": 0.2787357939700902
      },
      "insdet": {
        "n": 64,
        "n_pos": 64,
        "iou_mean": 0.45088777283672243,
        "iou_median": 0.5438732504844666,
        "iou_p25": 0.0,
        "iou_p75": 0.8586668223142624,
        "iou_std": 0.39495743955741763,
        "frac_iou_25": 0.609375,
        "frac_iou_50": 0.515625,
        "frac_iou_75": 0.359375,
        "frac_iou_90": 0.171875,
        "containment_mean": 0.5245530434185639,
        "containment_median": 0.6920536458492279,
        "containment_p25": 0.0,
        "containment_p75": 0.9430331885814667,
        "containment_std": 0.43681242470214277,
        "frac_containment_50": 0.5625,
        "frac_containment_75": 0.484375,
        "frac_containment_90": 0.359375,
        "frac_containment_full": 0.125,
        "contain_at_iou_50": 0.515625,
        "contain_at_iou_75": 0.359375,
        "high_contain_high_iou": 0.328125,
        "ap_per_iou": {
          "0.50": 0.3357097497518057,
          "0.55": 0.3277459804632544,
          "0.60": 0.27545336397257436,
          "0.65": 0.27545336397257436,
          "0.70": 0.1931259995107329,
          "0.75": 0.18180148891823603,
          "0.80": 0.17052145892555368,
          "0.85": 0.10392935845308658,
          "0.90": 0.036779540022967815,
          "0.95": 0.0027002700270027003
        },
        "map_50": 0.3357097497518057,
        "map_75": 0.18180148891823603,
        "map_5095": 0.19032205740177885,
        "map_50_containment": 0.39340162872476914,
        "map_90_containment": 0.1566108035091365,
        "mean_pred_box_area": 0.0014765165975217812,
        "std_pred_box_area": 0.0017326906168600117,
        "frac_pred_box_too_big": 0.0,
        "frac_pred_box_too_small": 0.953125,
        "mean_gt_box_area": 0.0015813023783266544,
        "pred_to_gt_area_ratio_mean": 1.3761959897085376,
        "pred_to_gt_area_ratio_median": 1.0314918887163662,
        "log_area_ratio_mean": 0.06519253290630184,
        "log_area_ratio_std": 0.610223824300497,
        "center_distance_mean": 0.07231891130545498,
        "center_distance_median": 0.006976927501644451,
        "score_mean": 0.763345381245017,
        "score_std": 0.17918081237550548,
        "score_p25": 0.6651360839605331,
        "score_p75": 0.9148861318826675,
        "score_iou_correlation": 0.1164972436120056
      }
    },
    "per_k": {
      "k1": {
        "n": 34,
        "n_pos": 34,
        "iou_mean": 0.45230168536962834,
        "iou_median": 0.5538480281829834,
        "iou_p25": 0.0,
        "iou_p75": 0.8888820558786392,
        "iou_std": 0.4067210826395408,
        "frac_iou_25": 0.6176470588235294,
        "frac_iou_50": 0.5294117647058824,
        "frac_iou_75": 0.35294117647058826,
        "frac_iou_90": 0.2647058823529412,
        "containment_mean": 0.5271149514352574,
        "containment_median": 0.6630051136016846,
        "containment_p25": 0.0,
        "containment_p75": 0.9382698684930801,