{
  "stage": "L2",
  "epoch": 12,
  "fold": 2,
  "wall_clock_seconds": 390.61,
  "lr": {
    "fusion": 1e-07,
    "class_head": 1e-07,
    "box_head": 1e-07
  },
  "train": {
    "loss": 4.158744250535965,
    "patch_ce": 2.35719482421875,
    "l1": 0.03397316892631352,
    "giou": 0.8158417892456055,
    "grad_norm": 10.6705066986084,
    "n_steps": 250,
    "alpha": 0.04876328259706497
  },
  "val": {
    "overall": {
      "n": 100,
      "n_pos": 100,
      "iou_mean": 0.48432221696712074,
      "iou_median": 0.5422082841396332,
      "iou_p25": 0.0,
      "iou_p75": 0.8851253986358643,
      "iou_std": 0.39021582028149526,
      "frac_iou_25": 0.62,
      "frac_iou_50": 0.53,
      "frac_iou_75": 0.4,
      "frac_iou_90": 0.23,
      "containment_mean": 0.5526762402430176,
      "containment_median": 0.7842260301113129,
      "containment_p25": 0.0,
      "containment_p75": 0.9351482391357422,
      "containment_std": 0.4197745226147306,
      "frac_containment_50": 0.58,
      "frac_containment_75": 0.53,
      "frac_containment_90": 0.39,
      "frac_containment_full": 0.1,
      "contain_at_iou_50": 0.53,
      "contain_at_iou_75": 0.4,
      "high_contain_high_iou": 0.35,
      "ap_per_iou": {
        "0.50": 0.38391172110442195,
        "0.55": 0.3337870439904263,
        "0.60": 0.3140948502851601,
        "0.65": 0.3032725091628771,
        "0.70": 0.29349436774746485,
        "0.75": 0.24795081286546714,
        "0.80": 0.21575797449270434,
        "0.85": 0.1776880885218212,
        "0.90": 0.137307350885398,
        "0.95": 0.005893446487505893
      },
      "map_50": 0.38391172110442195,
      "map_75": 0.24795081286546714,
      "map_5095": 0.24131581655432469,
      "map_50_containment": 0.4317139945116911,
      "map_90_containment": 0.24790463483638883,
      "mean_pred_box_area": 0.014176322337539357,
      "std_pred_box_area": 0.07449068034795867,
      "frac_pred_box_too_big": 0.01,
      "frac_pred_box_too_small": 0.81,
      "mean_gt_box_area": 0.010540261003165508,
      "pred_to_gt_area_ratio_mean": 2.0136894263577285,
      "pred_to_gt_area_ratio_median": 0.9566538056294438,
      "log_area_ratio_mean": -0.13638609448941774,
      "log_area_ratio_std": 1.0358405458985611,
      "center_distance_mean": 0.08194362634115984,
      "center_distance_median": 0.008440288226895694,
      "score_mean": 0.7813632620126009,
      "score_std": 0.21395985293771197,
      "score_p25": 0.6807072311639786,
      "score_p75": 0.9571597576141357,
      "score_iou_correlation": 0.2871949003886434
    },
    "per_source": {
      "hots": {
        "n": 36,
        "n_pos": 36,
        "iou_mean": 0.42578428360219633,
        "iou_median": 0.27794545888900757,
        "iou_p25": 0.0,
        "iou_p75": 0.8429639339447021,
        "iou_std": 0.4080555989285125,
        "frac_iou_25": 0.5,
        "frac_iou_50": 0.4722222222222222,
        "frac_iou_75": 0.3611111111111111,
        "frac_iou_90": 0.2222222222222222,
        "containment_mean": 0.484006118029356,
        "containment_median": 0.4425416588783264,
        "containment_p25": 0.0,
        "containment_p75": 0.9252376854419708,
        "containment_std": 0.4390885738217421,
        "frac_containment_50": 0.5,
        "frac_containment_75": 0.4722222222222222,
        "frac_containment_90": 0.3333333333333333,
        "frac_containment_full": 0.1111111111111111,
        "contain_at_iou_50": 0.4722222222222222,
        "contain_at_iou_75": 0.3611111111111111,
        "high_contain_high_iou": 0.3055555555555556,
        "ap_per_iou": {
          "0.50": 0.3819978271119037,
          "0.55": 0.3330924707377569,
          "0.60": 0.31629079056974,
          "0.65": 0.31629079056974,
          "0.70": 0.29774763190604786,
          "0.75": 0.2636942265655138,
          "0.80": 0.2501928764305002,
          "0.85": 0.19242236723672365,
          "0.90": 0.1806930693069307,
          "0.95": 0.007425742574257425
        },
        "map_50": 0.3819978271119037,
        "map_75": 0.2636942265655138,
        "map_5095": 0.25398477930091146,
        "map_50_containment": 0.4014997773069234,
        "map_90_containment": 0.2673892389238924,
        "mean_pred_box_area": 0.03658769546223966,
        "std_pred_box_area": 0.12201249709588245,
        "frac_pred_box_too_big": 0.027777777777777776,
        "frac_pred_box_too_small": 0.4722222222222222,
        "mean_gt_box_area": 0.026003757375227806,
        "pred_to_gt_area_ratio_mean": 3.2008597870813853,
        "pred_to_gt_area_ratio_median": 0.9434034011823166,
        "log_area_ratio_mean": -0.41836942861073706,
        "log_area_ratio_std": 1.4342460708796085,
        "center_distance_mean": 0.15596853840380245,
        "center_distance_median": 0.013842686683960749,
        "score_mean": 0.7943526736150185,
        "score_std": 0.26987373390343483,
        "score_p25": 0.6783910691738129,
        "score_p75": 0.9798931032419205,
        "score_iou_correlation": 0.21592935407791267
      },
      "insdet": {
        "n": 64,
        "n_pos": 64,
        "iou_mean": 0.5172498044848908,
        "iou_median": 0.6076783537864685,
        "iou_p25": 0.03884967835620046,
        "iou_p75": 0.8851253986358643,
        "iou_std": 0.3790964811526869,
        "frac_iou_25": 0.6875,
        "frac_iou_50": 0.5625,
        "frac_iou_75": 0.421875,
        "frac_iou_90": 0.234375,
        "containment_mean": 0.5913031839882024,
        "containment_median": 0.7982306778430939,
        "containment_p25": 0.08032351080328226,
        "containment_p75": 0.9351482391357422,
        "containment_std": 0.40691728208423006,
        "frac_containment_50": 0.625,
        "frac_containment_75": 0.5625,
        "frac_containment_90": 0.421875,
        "frac_containment_full": 0.09375,
        "contain_at_iou_50": 0.5625,
        "contain_at_iou_75": 0.421875,
        "high_contain_high_iou": 0.375,
        "ap_per_iou": {
          "0.50": 0.4100257342828245,
          "0.55": 0.35538832426811706,
          "0.60": 0.3330080599258935,
          "0.65": 0.3099294362740545,
          "0.70": 0.3099294362740545,
          "0.75": 0.26823954845353765,
          "0.80": 0.2114504964009914,
          "0.85": 0.19436472305198835,
          "0.90": 0.12170303237220276,
          "0.95": 0.0028288543140028285
        },
        "map_50": 0.4100257342828245,
        "map_75": 0.26823954845353765,
        "map_5095": 0.2516867645617667,
        "map_50_containment": 0.48694355004261036,
        "map_90_containment": 0.26149431962106123,
        "mean_pred_box_area": 0.0015699249548954371,
        "std_pred_box_area": 0.0007754793331890099,
        "frac_pred_box_too_big": 0.0,
        "frac_pred_box_too_small": 1.0,
        "mean_gt_box_area": 0.0018420442938804626,
        "pred_to_gt_area_ratio_mean": 1.3459060984506719,
        "pred_to_gt_area_ratio_median": 0.9586942680654176,
        "log_area_ratio_mean": 0.02222953095382436,
        "log_area_ratio_std": 0.6872274526019735,
        "center_distance_mean": 0.04030461330592337,
        "center_distance_median": 0.007232517469913966,
        "score_mean": 0.774056717986241,
        "score_std": 0.1769897382320032,
        "score_p25": 0.6930753886699677,
        "score_p75": 0.9115457832813263,
        "score_iou_correlation": 0.37480823453997303
      }
    },
    "per_k": {
      "k1": {
        "n": 34,
        "n_pos": 34,
        "iou_mean": 0.472037026521695,
        "iou_median": 0.5036032497882843,
        "iou_p25": 0.0,
        "iou_p75": 0.8840539753437042,
        "iou_std": 0.4082381467678653,
        "frac_iou_25": 0.5882352941176471,
        "frac_iou_50": 0.5,
        "frac_iou_75": 0.4117647058823529,
        "frac_iou_90": 0.20588235294117646,
        "containment_mean": 0.5554731961558846,
        "containment_median": 0.9114391505718231,
        "containment_p25": 0.0,
        "containment_p75": 0.9389973282814026,
        "containment_std": 0.4455202560923224,