{
  "stage": "L2",
  "epoch": 12,
  "fold": 0,
  "wall_clock_seconds": 392.25,
  "lr": {
    "fusion": 9.393397747536625e-07,
    "class_head": 5.192497973994772e-07,
    "box_head": 5.192497973994772e-07
  },
  "train": {
    "loss": 4.159600433826447,
    "patch_ce": 2.4027744140625,
    "l1": 0.04096669129282236,
    "giou": 0.7759962813854218,
    "grad_norm": 10.55950961303711,
    "n_steps": 250,
    "alpha": 0.04875384643673897
  },
  "val": {
    "overall": {
      "n": 100,
      "n_pos": 100,
      "iou_mean": 0.45627758610993624,
      "iou_median": 0.5660122931003571,
      "iou_p25": 0.0,
      "iou_p75": 0.8346199542284012,
      "iou_std": 0.38417478593064297,
      "frac_iou_25": 0.61,
      "frac_iou_50": 0.53,
      "frac_iou_75": 0.35,
      "frac_iou_90": 0.12,
      "containment_mean": 0.5564719104766845,
      "containment_median": 0.769263505935669,
      "containment_p25": 0.0,
      "containment_p75": 0.9731601476669312,
      "containment_std": 0.43605334286035263,
      "frac_containment_50": 0.57,
      "frac_containment_75": 0.53,
      "frac_containment_90": 0.42,
      "frac_containment_full": 0.18,
      "contain_at_iou_50": 0.53,
      "contain_at_iou_75": 0.35,
      "high_contain_high_iou": 0.4,
      "ap_per_iou": {
        "0.50": 0.3605529746743523,
        "0.55": 0.3441878363022238,
        "0.60": 0.2928570169926583,
        "0.65": 0.2614652997386762,
        "0.70": 0.21552945351379044,
        "0.75": 0.1947652202354659,
        "0.80": 0.17354995577091434,
        "0.85": 0.09788970751711763,
        "0.90": 0.029233465142179855,
        "0.95": 0.0015870704717530575
      },
      "map_50": 0.3605529746743523,
      "map_75": 0.1947652202354659,
      "map_5095": 0.1971618000359132,
      "map_50_containment": 0.3945284382208059,
      "map_90_containment": 0.2621552958266923,
      "mean_pred_box_area": 0.004028781964349773,
      "std_pred_box_area": 0.0066547575721623824,
      "frac_pred_box_too_big": 0.0,
      "frac_pred_box_too_small": 0.75,
      "mean_gt_box_area": 0.004677240242937114,
      "pred_to_gt_area_ratio_mean": 1.2544075313473053,
      "pred_to_gt_area_ratio_median": 1.0086745134136073,
      "log_area_ratio_mean": -0.023347169507380094,
      "log_area_ratio_std": 0.6767792786488779,
      "center_distance_mean": 0.09829748186168821,
      "center_distance_median": 0.007252800408239843,
      "score_mean": 0.7709572321176529,
      "score_std": 0.21612383376822308,
      "score_p25": 0.6375058591365814,
      "score_p75": 0.9561604410409927,
      "score_iou_correlation": 0.24685306536717128
    },
    "per_source": {
      "hots": {
        "n": 39,
        "n_pos": 39,
        "iou_mean": 0.44414125039027286,
        "iou_median": 0.604552149772644,
        "iou_p25": 0.0,
        "iou_p75": 0.8828002512454987,
        "iou_std": 0.4166039158347563,
        "frac_iou_25": 0.5641025641025641,
        "frac_iou_50": 0.5128205128205128,
        "frac_iou_75": 0.41025641025641024,
        "frac_iou_90": 0.07692307692307693,
        "containment_mean": 0.5012178512719961,
        "containment_median": 0.6522489786148071,
        "containment_p25": 0.0,
        "containment_p75": 0.9706731736660004,
        "containment_std": 0.4690993713495708,
        "frac_containment_50": 0.5128205128205128,
        "frac_containment_75": 0.48717948717948717,
        "frac_containment_90": 0.41025641025641024,
        "frac_containment_full": 0.1794871794871795,
        "contain_at_iou_50": 0.5128205128205128,
        "contain_at_iou_75": 0.41025641025641024,
        "high_contain_high_iou": 0.41025641025641024,
        "ap_per_iou": {
          "0.50": 0.3664564114016955,
          "0.55": 0.3664564114016955,
          "0.60": 0.3664564114016955,
          "0.65": 0.34245185507561743,
          "0.70": 0.2911284982698987,
          "0.75": 0.26208731039825134,
          "0.80": 0.21230551626591207,
          "0.85": 0.18557284299858548,
          "0.90": 0.025742574257425745,
          "0.95": 0.0
        },
        "map_50": 0.3664564114016955,
        "map_75": 0.26208731039825134,
        "map_5095": 0.2418657831470777,
        "map_50_containment": 0.3664564114016955,
        "map_90_containment": 0.2878830740216876,
        "mean_pred_box_area": 0.007913462993950966,
        "std_pred_box_area": 0.009307429881207741,
        "frac_pred_box_too_big": 0.0,
        "frac_pred_box_too_small": 0.4358974358974359,
        "mean_gt_box_area": 0.0092171224018929,
        "pred_to_gt_area_ratio_mean": 0.9054917647503391,
        "pred_to_gt_area_ratio_median": 0.9586279894679633,
        "log_area_ratio_mean": -0.20053680763455103,
        "log_area_ratio_std": 0.5198648892614225,
        "center_distance_mean": 0.1696565094115098,
        "center_distance_median": 0.014811305956491664,
        "score_mean": 0.7881777221575762,
        "score_std": 0.2213163145433667,
        "score_p25": 0.6346065998077393,
        "score_p75": 0.9734253883361816,
        "score_iou_correlation": 0.18970707646709709
      },
      "insdet": {
        "n": 61,
        "n_pos": 61,
        "iou_mean": 0.46403688271758986,
        "iou_median": 0.5530847311019897,
        "iou_p25": 0.0,
        "iou_p75": 0.8250750303268433,
        "iou_std": 0.36530316504027127,
        "frac_iou_25": 0.639344262295082,
        "frac_iou_50": 0.5409836065573771,
        "frac_iou_75": 0.3114754098360656,
        "frac_iou_90": 0.14754098360655737,
        "containment_mean": 0.5917982761977149,
        "containment_median": 0.7705589532852173,
        "containment_p25": 0.0,
        "containment_p75": 0.97586989402771,
        "containment_std": 0.41365961019144176,
        "frac_containment_50": 0.6065573770491803,
        "frac_containment_75": 0.5573770491803278,
        "frac_containment_90": 0.4262295081967213,
        "frac_containment_full": 0.18032786885245902,
        "contain_at_iou_50": 0.5409836065573771,
        "contain_at_iou_75": 0.3114754098360656,
        "high_contain_high_iou": 0.39344262295081966,
        "ap_per_iou": {
          "0.50": 0.3673648386909372,
          "0.55": 0.33629263761590306,
          "0.60": 0.25016233874908794,
          "0.65": 0.21626961260644703,
          "0.70": 0.1672500562585514,
          "0.75": 0.154545775220368,
          "0.80": 0.14805891963825807,
          "0.85": 0.05642624702030644,
          "0.90": 0.041317593297791305,
          "0.95": 0.003785818142253786
        },
        "map_50": 0.3673648386909372,
        "map_75": 0.154545775220368,
        "map_5095": 0.17414738372399044,
        "map_50_containment": 0.425159937959553,
        "map_90_containment": 0.24682540701562836,
        "mean_pred_box_area": 0.0015451334372276993,
        "std_pred_box_area": 0.0014583224756173642,
        "frac_pred_box_too_big": 0.0,
        "frac_pred_box_too_small": 0.9508196721311475,
        "mean_gt_box_area": 0.001774692633112923,
        "pred_to_gt_area_ratio_mean": 1.4774848247453656,
        "pred_to_gt_area_ratio_median": 1.030737415066268,
        "log_area_ratio_mean": 0.08993800896736853,
        "log_area_ratio_std": 0.7423816618787551,
        "center_distance_mean": 0.052674497034753104,
        "center_distance_median": 0.004382332514857928,
        "score_mean": 0.7599474106167183,
        "score_std": 0.21385382731509003,
        "score_p25": 0.6478452682495117,
        "score_p75": 0.9286355376243591,
        "score_iou_correlation": 0.29394467274047753
      }
    },
    "per_k": {
      "k1": {
        "n": 34,
        "n_pos": 34,
        "iou_mean": 0.4525114797493991,
        "iou_median": 0.479801744222641,
        "iou_p25": 0.0,
        "iou_p75": 0.842933788895607,
        "iou_std": 0.39076088352636223,
        "frac_iou_25": 0.6176470588235294,
        "frac_iou_50": 0.5,
        "frac_iou_75": 0.38235294117647056,
        "frac_iou_90": 0.11764705882352941,
        "containment_mean": 0.5219203777172986,