{
  "stage": "S1",
  "epoch": 8,
  "fold": 0,
  "wall_clock_seconds": 251.85,
  "lr": {
    "head": 0.00018221991208242568
  },
  "train": {
    "loss": 0.07728035274893046,
    "focal": 0.0454453791026026,
    "variance": 0.005265722274780274,
    "decorrelation": 0.6261676144599915,
    "grad_norm": 0.25922120481729505,
    "n_steps": 100,
    "grad_steps": 50,
    "grad_nan_steps": 0
  },
  "val": {
    "overall": {
      "n": 200,
      "n_pos": 44,
      "n_neg": 156,
      "threshold": 0.5,
      "tp": 0,
      "fp": 0,
      "fn": 44,
      "tn": 156,
      "accuracy": 0.78,
      "acc_pos": 0.0,
      "acc_neg": 1.0,
      "precision": 0.0,
      "recall": 0.0,
      "f1": 0.0,
      "fpr": 0.0,
      "fnr": 1.0,
      "tpr": 0.0,
      "tnr": 1.0,
      "youden_j": 0.0,
      "mcc": 0.0,
      "auroc": 0.7262529137529138,
      "pr_auc": 0.41690147989795434,
      "avg_precision": 0.44540638891349027,
      "brier": 0.16464932579342687,
      "best_f1": 0.49600000000000005,
      "best_f1_threshold": 0.31655505299568176,
      "fpr_at_recall_95": 0.782051282051282,
      "recall_at_fpr_05": 0.09090909090909091,
      "recall_at_fpr_10": 0.36363636363636365,
      "mean_score_pos": 0.33033169772137294,
      "mean_score_neg": 0.28107168764258045,
      "std_score_pos": 0.04872625904692603,
      "std_score_neg": 0.07055186775679448,
      "score_gap": 0.04926001007879249,
      "median_score_pos": 0.3356270343065262,
      "median_score_neg": 0.29484257102012634,
      "frac_high_score": 0.0,
      "frac_low_score": 0.015,
      "frac_uncertain": 0.02
    },
    "per_source": {
      "hots": {
        "n": 65,
        "n_pos": 16,
        "n_neg": 49,
        "threshold": 0.5,
        "tp": 0,
        "fp": 0,
        "fn": 16,
        "tn": 49,
        "accuracy": 0.7538461538461538,
        "acc_pos": 0.0,
        "acc_neg": 1.0,
        "precision": 0.0,
        "recall": 0.0,
        "f1": 0.0,
        "fpr": 0.0,
        "fnr": 1.0,
        "tpr": 0.0,
        "tnr": 1.0,
        "youden_j": 0.0,
        "mcc": 0.0,
        "auroc": 0.7232142857142857,
        "pr_auc": 0.593038958706307,
        "avg_precision": 0.6003739787027462,
        "brier": 0.17520396919415937,
        "best_f1": 0.5806451612903225,
        "best_f1_threshold": 0.33441033959388733,
        "fpr_at_recall_95": 0.8163265306122449,
        "recall_at_fpr_05": 0.3125,
        "recall_at_fpr_10": 0.375,
        "mean_score_pos": 0.31863781809806824,
        "mean_score_neg": 0.276410241972427,
        "std_score_pos": 0.04754408948525724,
        "std_score_neg": 0.06166984552023812,
        "score_gap": 0.042227576125641264,
        "median_score_pos": 0.3356270343065262,
        "median_score_neg": 0.28961026668548584,
        "frac_high_score": 0.0,
        "frac_low_score": 0.0,
        "frac_uncertain": 0.0
      },
      "insdet": {
        "n": 135,
        "n_pos": 28,
        "n_neg": 107,
        "threshold": 0.5,
        "tp": 0,
        "fp": 0,
        "fn": 28,
        "tn": 107,
        "accuracy": 0.7925925925925926,
        "acc_pos": 0.0,
        "acc_neg": 1.0,
        "precision": 0.0,
        "recall": 0.0,
        "f1": 0.0,
        "fpr": 0.0,
        "fnr": 1.0,
        "tpr": 0.0,
        "tnr": 1.0,
        "youden_j": 0.0,
        "mcc": 0.0,
        "auroc": 0.7319759679572764,
        "pr_auc": 0.4052945823543768,
        "avg_precision": 0.4327898363530639,
        "brier": 0.15956746045233347,
        "best_f1": 0.4827586206896552,
        "best_f1_threshold": 0.31655505299568176,
        "fpr_at_recall_95": 0.7757009345794392,
        "recall_at_fpr_05": 0.14285714285714285,
        "recall_at_fpr_10": 0.35714285714285715,
        "mean_score_pos": 0.3370139146489756,
        "mean_score_neg": 0.2832063683700339,
        "std_score_pos": 0.048970083588337765,
        "std_score_neg": 0.07444247337422448,
        "score_gap": 0.05380754627894174,
        "median_score_pos": 0.3410210758447647,
        "median_score_neg": 0.2958269417285919,
        "frac_high_score": 0.0,
        "frac_low_score": 0.022222222222222223,
        "frac_uncertain": 0.02962962962962963
      }
    },
    "per_k": {
      "k1": {
        "n": 67,
        "n_pos": 13,
        "n_neg": 54,
        "threshold": 0.5,
        "tp": 0,
        "fp": 0,
        "fn": 13,
        "tn": 54,
        "accuracy": 0.8059701492537313,
        "acc_pos": 0.0,
        "acc_neg": 1.0,
        "precision": 0.0,
        "recall": 0.0,
        "f1": 0.0,
        "fpr": 0.0,
        "fnr": 1.0,
        "tpr": 0.0,
        "tnr": 1.0,
        "youden_j": 0.0,
        "mcc": 0.0,
        "auroc": 0.6737891737891738,
        "pr_auc": 0.31809325257659504,
        "avg_precision": 0.35336880034990065,
        "brier": 0.1591801594168038,
        "best_f1": 0.45161290322580644,
        "best_f1_threshold": 0.34278604388237,
        "fpr_at_recall_95": 0.8518518518518519,
        "recall_at_fpr_05": 0.0,
        "recall_at_fpr_10": 0.3076923076923077,
        "mean_score_pos": 0.3267534994162046,
        "mean_score_neg": 0.2876446837628329,
        "std_score_pos": 0.04859911146424661,
        "std_score_neg": 0.0722164042067315,
        "score_gap": 0.039108815653371654,
        "median_score_pos": 0.34278604388237,
        "median_score_neg": 0.29787468910217285,
        "frac_high_score": 0.0,
        "frac_low_score": 0.014925373134328358,
        "frac_uncertain": 0.029850746268656716
      },
      "k4": {
        "n": 67,
        "n_pos": 13,
        "n_neg": 54,
        "threshold": 0.5,
        "tp": 0,
        "fp": 0,
        "fn": 13,
        "tn": 54,
        "accuracy": 0.8059701492537313,
        "acc_pos": 0.0,
        "acc_neg": 1.0,
        "precision": 0.0,
        "recall": 0.0,
        "f1": 0.0,
        "fpr": 0.0,
        "fnr": 1.0,
        "tpr": 0.0,
        "tnr": 1.0,
        "youden_j": 0.0,
        "mcc": 0.0,
        "auroc": 0.6495726495726496,
        "pr_auc": 0.2845515599777493,
        "avg_precision": 0.3419316321876086,
        "brier": 0.15829098941545666,
        "best_f1": 0.4848484848484849,
        "best_f1_threshold": 0.32388606667518616,
        "fpr_at_recall_95": 0.7592592592592593,
        "recall_at_fpr_05": 0.0,
        "recall_at_fpr_10": 0.15384615384615385,
        "mean_score_pos": 0.30712630771673644,
        "mean_score_neg": 0.2741054667642823,
        "std_score_pos": 0.050788621027861906,
        "std_score_neg": 0.0722097984288271,
        "score_gap": 0.03302084095245411,
        "median_score_pos": 0.32682499289512634,
        "median_score_neg": 0.28203198313713074,
        "frac_high_score": 0.0,
        "frac_low_score": 0.014925373134328358,
        "frac_uncertain": 0.014925373134328358
      },
      "k10": {
        "n": 66,
        "n_pos": 18,
        "n_neg": 48,
        "threshold": 0.5,
        "tp": 0,
        "fp": 0,
        "fn": 18,
        "tn": 48,
        "accuracy": 0.7272727272727273,
        "acc_pos": 0.0,
        "acc_neg": 1.0,
        "precision": 0.0,
        "recall": 0.0,
        "f1": 0.0,
        "fpr": 0.0,
        "fnr": 1.0,
        "tpr": 0.0,
        "tnr": 1.0,
        "youden_j": 0.0,
        "mcc": 0.0,
        "auroc": 0.8321759259259259,
        "pr_auc": 0.7029878380687135,
        "avg_precision": 0.7223626752214333,
        "brier": 0.17665603313521097,
        "best_f1": 0.6666666666666667,
        "best_f1_threshold": 0.362341046333313,
        "fpr_at_recall_95": 0.7291666666666666,
        "recall_at_fpr_05": 0.5555555555555556,
        "recall_at_fpr_10": 0.5555555555555556,
        "mean_score_pos": 0.34967540038956535,
        "mean_score_neg": 0.28151406549538177,
        "std_score_pos": 0.04122702547140693,
        "std_score_neg": 0.06744551691349765,
        "score_gap": 0.06816133489418358,
        "median_score_pos": 0.3625687062740326,
        "median_score_neg": 0.2996298521757126,
        "frac_high_score": 0.0,
        "frac_low_score": 0.015151515151515152,