{
  "stage": "S1",
  "epoch": 8,
  "fold": 1,
  "wall_clock_seconds": 254.16,
  "lr": {
    "head": 0.0001416945825414322
  },
  "train": {
    "loss": 0.080879973359406,
    "focal": 0.0484444344881922,
    "variance": 0.00547182559967041,
    "decorrelation": 0.6377665567398071,
    "grad_norm": 0.2564042228460312,
    "n_steps": 100,
    "grad_steps": 50,
    "grad_nan_steps": 0
  },
  "val": {
    "overall": {
      "n": 200,
      "n_pos": 49,
      "n_neg": 151,
      "threshold": 0.5,
      "tp": 0,
      "fp": 0,
      "fn": 49,
      "tn": 151,
      "accuracy": 0.755,
      "acc_pos": 0.0,
      "acc_neg": 1.0,
      "precision": 0.0,
      "recall": 0.0,
      "f1": 0.0,
      "fpr": 0.0,
      "fnr": 1.0,
      "tpr": 0.0,
      "tnr": 1.0,
      "youden_j": 0.0,
      "mcc": 0.0,
      "auroc": 0.6892823354507366,
      "pr_auc": 0.40122966542993954,
      "avg_precision": 0.4206625743069881,
      "brier": 0.17494525753698084,
      "best_f1": 0.4785276073619632,
      "best_f1_threshold": 0.2997506260871887,
      "fpr_at_recall_95": 0.7615894039735099,
      "recall_at_fpr_05": 0.20408163265306123,
      "recall_at_fpr_10": 0.22448979591836735,
      "mean_score_pos": 0.3357663370516835,
      "mean_score_neg": 0.28667899408679925,
      "std_score_pos": 0.054756051015189974,
      "std_score_neg": 0.07376148125619479,
      "score_gap": 0.04908734296488426,
      "median_score_pos": 0.3411252796649933,
      "median_score_neg": 0.2986225485801697,
      "frac_high_score": 0.0,
      "frac_low_score": 0.0,
      "frac_uncertain": 0.06
    },
    "per_source": {
      "hots": {
        "n": 65,
        "n_pos": 19,
        "n_neg": 46,
        "threshold": 0.5,
        "tp": 0,
        "fp": 0,
        "fn": 19,
        "tn": 46,
        "accuracy": 0.7076923076923077,
        "acc_pos": 0.0,
        "acc_neg": 1.0,
        "precision": 0.0,
        "recall": 0.0,
        "f1": 0.0,
        "fpr": 0.0,
        "fnr": 1.0,
        "tpr": 0.0,
        "tnr": 1.0,
        "youden_j": 0.0,
        "mcc": 0.0,
        "auroc": 0.700228832951945,
        "pr_auc": 0.4726822619050084,
        "avg_precision": 0.5264604627578663,
        "brier": 0.1947999331527658,
        "best_f1": 0.6046511627906976,
        "best_f1_threshold": 0.3411252796649933,
        "fpr_at_recall_95": 0.7391304347826086,
        "recall_at_fpr_05": 0.05263157894736842,
        "recall_at_fpr_10": 0.05263157894736842,
        "mean_score_pos": 0.33920508152560186,
        "mean_score_neg": 0.30146296613890194,
        "std_score_pos": 0.034191079701879866,
        "std_score_neg": 0.060392831982356336,
        "score_gap": 0.037742115386699915,
        "median_score_pos": 0.3475189805030823,
        "median_score_neg": 0.3237794488668442,
        "frac_high_score": 0.0,
        "frac_low_score": 0.0,
        "frac_uncertain": 0.0
      },
      "insdet": {
        "n": 135,
        "n_pos": 30,
        "n_neg": 105,
        "threshold": 0.5,
        "tp": 0,
        "fp": 0,
        "fn": 30,
        "tn": 105,
        "accuracy": 0.7777777777777778,
        "acc_pos": 0.0,
        "acc_neg": 1.0,
        "precision": 0.0,
        "recall": 0.0,
        "f1": 0.0,
        "fpr": 0.0,
        "fnr": 1.0,
        "tpr": 0.0,
        "tnr": 1.0,
        "youden_j": 0.0,
        "mcc": 0.0,
        "auroc": 0.6971428571428572,
        "pr_auc": 0.39843051630058424,
        "avg_precision": 0.41922915640521297,
        "brier": 0.16538559890715848,
        "best_f1": 0.47826086956521735,
        "best_f1_threshold": 0.30521366000175476,
        "fpr_at_recall_95": 0.7523809523809524,
        "recall_at_fpr_05": 0.23333333333333334,
        "recall_at_fpr_10": 0.3333333333333333,
        "mean_score_pos": 0.33358846555153526,
        "mean_score_neg": 0.28020220633063997,
        "std_score_pos": 0.06499477408604555,
        "std_score_neg": 0.07829471753552546,
        "score_gap": 0.053386259220895294,
        "median_score_pos": 0.32399284839630127,
        "median_score_neg": 0.2894543409347534,
        "frac_high_score": 0.0,
        "frac_low_score": 0.0,
        "frac_uncertain": 0.08888888888888889
      }
    },
    "per_k": {
      "k1": {
        "n": 67,
        "n_pos": 16,
        "n_neg": 51,
        "threshold": 0.5,
        "tp": 0,
        "fp": 0,
        "fn": 16,
        "tn": 51,
        "accuracy": 0.7611940298507462,
        "acc_pos": 0.0,
        "acc_neg": 1.0,
        "precision": 0.0,
        "recall": 0.0,
        "f1": 0.0,
        "fpr": 0.0,
        "fnr": 1.0,
        "tpr": 0.0,
        "tnr": 1.0,
        "youden_j": 0.0,
        "mcc": 0.0,
        "auroc": 0.7303921568627451,
        "pr_auc": 0.44414728368077727,
        "avg_precision": 0.49632119643869993,
        "brier": 0.16917903432900985,
        "best_f1": 0.5714285714285714,
        "best_f1_threshold": 0.32549989223480225,
        "fpr_at_recall_95": 0.7843137254901961,
        "recall_at_fpr_05": 0.1875,
        "recall_at_fpr_10": 0.5,
        "mean_score_pos": 0.3280560318380594,
        "mean_score_neg": 0.2752589298521771,
        "std_score_pos": 0.05245427455768542,
        "std_score_neg": 0.06410038892767653,
        "score_gap": 0.05279710198588233,
        "median_score_pos": 0.3336717188358307,
        "median_score_neg": 0.28809139132499695,
        "frac_high_score": 0.0,
        "frac_low_score": 0.0,
        "frac_uncertain": 0.04477611940298507
      },
      "k4": {
        "n": 67,
        "n_pos": 19,
        "n_neg": 48,
        "threshold": 0.5,
        "tp": 0,
        "fp": 0,
        "fn": 19,
        "tn": 48,
        "accuracy": 0.7164179104477612,
        "acc_pos": 0.0,
        "acc_neg": 1.0,
        "precision": 0.0,
        "recall": 0.0,
        "f1": 0.0,
        "fpr": 0.0,
        "fnr": 1.0,
        "tpr": 0.0,
        "tnr": 1.0,
        "youden_j": 0.0,
        "mcc": 0.0,
        "auroc": 0.6995614035087719,
        "pr_auc": 0.4693590557376608,
        "avg_precision": 0.5033747251720821,
        "brier": 0.18783556810447347,
        "best_f1": 0.537313432835821,
        "best_f1_threshold": 0.28453314304351807,
        "fpr_at_recall_95": 0.7083333333333334,
        "recall_at_fpr_05": 0.15789473684210525,
        "recall_at_fpr_10": 0.2631578947368421,
        "mean_score_pos": 0.3495472316679202,
        "mean_score_neg": 0.29663949521879357,
        "std_score_pos": 0.05331574148702677,
        "std_score_neg": 0.07598572585045231,
        "score_gap": 0.05290773644912661,
        "median_score_pos": 0.35391324758529663,
        "median_score_neg": 0.3092672675848007,
        "frac_high_score": 0.0,
        "frac_low_score": 0.0,
        "frac_uncertain": 0.11940298507462686
      },
      "k10": {
        "n": 66,
        "n_pos": 14,
        "n_neg": 52,
        "threshold": 0.5,
        "tp": 0,
        "fp": 0,
        "fn": 14,
        "tn": 52,
        "accuracy": 0.7878787878787878,
        "acc_pos": 0.0,
        "acc_neg": 1.0,
        "precision": 0.0,
        "recall": 0.0,
        "f1": 0.0,
        "fpr": 0.0,
        "fnr": 1.0,
        "tpr": 0.0,
        "tnr": 1.0,
        "youden_j": 0.0,
        "mcc": 0.0,
        "auroc": 0.6291208791208791,
        "pr_auc": 0.36581374592691246,
        "avg_precision": 0.38393135988790716,
        "brier": 0.16771322945989073,
        "best_f1": 0.4444444444444444,
        "best_f1_threshold": 0.2997506260871887,
        "fpr_at_recall_95": 0.8076923076923077,
        "recall_at_fpr_05": 0.14285714285714285,
        "recall_at_fpr_10": 0.21428571428571427,
        "mean_score_pos": 0.3258754717452185,
        "mean_score_neg": 0.28868513296429926,
        "std_score_pos": 0.05919178403886605,
        "std_score_neg": 0.08015642102842707,
        "score_gap": 0.03719033878091926,
        "median_score_pos": 0.3290780633687973,
        "median_score_neg": 0.31546734273433685,
        "frac_high_score": 0.0,
        "frac_low_score": 0.0,