{
  "stage": "S1",
  "epoch": 8,
  "fold": 2,
  "wall_clock_seconds": 246.31,
  "lr": {
    "head": 0.00010551920232727252
  },
  "train": {
    "loss": 0.08026910927146673,
    "focal": 0.04828483168035746,
    "variance": 0.004990005493164062,
    "decorrelation": 0.6297056287527084,
    "grad_norm": 0.2715144482254982,
    "n_steps": 100,
    "grad_steps": 50,
    "grad_nan_steps": 0
  },
  "val": {
    "overall": {
      "n": 200,
      "n_pos": 45,
      "n_neg": 155,
      "threshold": 0.5,
      "tp": 0,
      "fp": 0,
      "fn": 45,
      "tn": 155,
      "accuracy": 0.775,
      "acc_pos": 0.0,
      "acc_neg": 1.0,
      "precision": 0.0,
      "recall": 0.0,
      "f1": 0.0,
      "fpr": 0.0,
      "fnr": 1.0,
      "tpr": 0.0,
      "tnr": 1.0,
      "youden_j": 0.0,
      "mcc": 0.0,
      "auroc": 0.7402150537634409,
      "pr_auc": 0.36701011334776634,
      "avg_precision": 0.41020530151725515,
      "brier": 0.16338556287302677,
      "best_f1": 0.5194805194805195,
      "best_f1_threshold": 0.28830432891845703,
      "fpr_at_recall_95": 0.5483870967741935,
      "recall_at_fpr_05": 0.022222222222222223,
      "recall_at_fpr_10": 0.26666666666666666,
      "mean_score_pos": 0.33102124333381655,
      "mean_score_neg": 0.2735216766115158,
      "std_score_pos": 0.037779243249167156,
      "std_score_neg": 0.07555680787859748,
      "score_gap": 0.05749956672230078,
      "median_score_pos": 0.3291590213775635,
      "median_score_neg": 0.2827647924423218,
      "frac_high_score": 0.0,
      "frac_low_score": 0.01,
      "frac_uncertain": 0.015
    },
    "per_source": {
      "hots": {
        "n": 70,
        "n_pos": 13,
        "n_neg": 57,
        "threshold": 0.5,
        "tp": 0,
        "fp": 0,
        "fn": 13,
        "tn": 57,
        "accuracy": 0.8142857142857143,
        "acc_pos": 0.0,
        "acc_neg": 1.0,
        "precision": 0.0,
        "recall": 0.0,
        "f1": 0.0,
        "fpr": 0.0,
        "fnr": 1.0,
        "tpr": 0.0,
        "tnr": 1.0,
        "youden_j": 0.0,
        "mcc": 0.0,
        "auroc": 0.6909581646423751,
        "pr_auc": 0.3875128687833946,
        "avg_precision": 0.39888714377510537,
        "brier": 0.15629580284747843,
        "best_f1": 0.41666666666666663,
        "best_f1_threshold": 0.35216397047042847,
        "fpr_at_recall_95": 0.6491228070175439,
        "recall_at_fpr_05": 0.15384615384615385,
        "recall_at_fpr_10": 0.23076923076923078,
        "mean_score_pos": 0.3352865485044626,
        "mean_score_neg": 0.29615972727014306,
        "std_score_pos": 0.031465097835794174,
        "std_score_neg": 0.05753114617937548,
        "score_gap": 0.03912682123431954,
        "median_score_pos": 0.33139318227767944,
        "median_score_neg": 0.31697630882263184,
        "frac_high_score": 0.0,
        "frac_low_score": 0.0,
        "frac_uncertain": 0.0
      },
      "insdet": {
        "n": 130,
        "n_pos": 32,
        "n_neg": 98,
        "threshold": 0.5,
        "tp": 0,
        "fp": 0,
        "fn": 32,
        "tn": 98,
        "accuracy": 0.7538461538461538,
        "acc_pos": 0.0,
        "acc_neg": 1.0,
        "precision": 0.0,
        "recall": 0.0,
        "f1": 0.0,
        "fpr": 0.0,
        "fnr": 1.0,
        "tpr": 0.0,
        "tnr": 1.0,
        "youden_j": 0.0,
        "mcc": 0.0,
        "auroc": 0.7735969387755102,
        "pr_auc": 0.4094548115969939,
        "avg_precision": 0.474963484652341,
        "brier": 0.16720312596370665,
        "best_f1": 0.5934065934065933,
        "best_f1_threshold": 0.28830432891845703,
        "fpr_at_recall_95": 0.5,
        "recall_at_fpr_05": 0.0,
        "recall_at_fpr_10": 0.0625,
        "mean_score_pos": 0.32928846310824156,
        "mean_score_neg": 0.260354647146804,
        "std_score_pos": 0.040395910635738316,
        "std_score_neg": 0.08170903937808655,
        "score_gap": 0.06893381596143755,
        "median_score_pos": 0.3282233029603958,
        "median_score_neg": 0.2633376866579056,
        "frac_high_score": 0.0,
        "frac_low_score": 0.015384615384615385,
        "frac_uncertain": 0.023076923076923078
      }
    },
    "per_k": {
      "k1": {
        "n": 67,
        "n_pos": 16,
        "n_neg": 51,
        "threshold": 0.5,
        "tp": 0,
        "fp": 0,
        "fn": 16,
        "tn": 51,
        "accuracy": 0.7611940298507462,
        "acc_pos": 0.0,
        "acc_neg": 1.0,
        "precision": 0.0,
        "recall": 0.0,
        "f1": 0.0,
        "fpr": 0.0,
        "fnr": 1.0,
        "tpr": 0.0,
        "tnr": 1.0,
        "youden_j": 0.0,
        "mcc": 0.0,
        "auroc": 0.75,
        "pr_auc": 0.3962240538465066,
        "avg_precision": 0.4443157708628,
        "brier": 0.16821617259630559,
        "best_f1": 0.5517241379310345,
        "best_f1_threshold": 0.27755698561668396,
        "fpr_at_recall_95": 0.5098039215686274,
        "recall_at_fpr_05": 0.0,
        "recall_at_fpr_10": 0.3125,
        "mean_score_pos": 0.33538288809359074,
        "mean_score_neg": 0.27662549547704995,
        "std_score_pos": 0.03579270661800376,
        "std_score_neg": 0.07499432072919651,
        "score_gap": 0.05875739261654078,
        "median_score_pos": 0.33027610182762146,
        "median_score_neg": 0.2827647924423218,
        "frac_high_score": 0.0,
        "frac_low_score": 0.0,
        "frac_uncertain": 0.014925373134328358
      },
      "k4": {
        "n": 67,
        "n_pos": 17,
        "n_neg": 50,
        "threshold": 0.5,
        "tp": 0,
        "fp": 0,
        "fn": 17,
        "tn": 50,
        "accuracy": 0.746268656716418,
        "acc_pos": 0.0,
        "acc_neg": 1.0,
        "precision": 0.0,
        "recall": 0.0,
        "f1": 0.0,
        "fpr": 0.0,
        "fnr": 1.0,
        "tpr": 0.0,
        "tnr": 1.0,
        "youden_j": 0.0,
        "mcc": 0.0,
        "auroc": 0.8,
        "pr_auc": 0.5417559674820145,
        "avg_precision": 0.5635914070252244,
        "brier": 0.16916891831768144,
        "best_f1": 0.608695652173913,
        "best_f1_threshold": 0.30971595644950867,
        "fpr_at_recall_95": 0.7,
        "recall_at_fpr_05": 0.11764705882352941,
        "recall_at_fpr_10": 0.4117647058823529,
        "mean_score_pos": 0.3389241204542272,
        "mean_score_neg": 0.26849063113331795,
        "std_score_pos": 0.03984896792415422,
        "std_score_neg": 0.07494040057240467,
        "score_gap": 0.07043348932090926,
        "median_score_pos": 0.3504754900932312,
        "median_score_neg": 0.28167539834976196,
        "frac_high_score": 0.0,
        "frac_low_score": 0.014925373134328358,
        "frac_uncertain": 0.0
      },
      "k10": {
        "n": 66,
        "n_pos": 12,
        "n_neg": 54,
        "threshold": 0.5,
        "tp": 0,
        "fp": 0,
        "fn": 12,
        "tn": 54,
        "accuracy": 0.8181818181818182,
        "acc_pos": 0.0,
        "acc_neg": 1.0,
        "precision": 0.0,
        "recall": 0.0,
        "f1": 0.0,
        "fpr": 0.0,
        "fnr": 1.0,
        "tpr": 0.0,
        "tnr": 1.0,
        "youden_j": 0.0,
        "mcc": 0.0,
        "auroc": 0.6496913580246914,
        "pr_auc": 0.25697358197358194,
        "avg_precision": 0.2939502741482938,
        "brier": 0.15261078005103368,
        "best_f1": 0.4313725490196078,
        "best_f1_threshold": 0.28185635805130005,
        "fpr_at_recall_95": 0.5925925925925926,
        "recall_at_fpr_05": 0.08333333333333333,
        "recall_at_fpr_10": 0.08333333333333333,
        "mean_score_pos": 0.31400997440020245,
        "mean_score_neg": 0.27524866757017596,
        "std_score_pos": 0.03482083594805283,
        "std_score_neg": 0.07780570115011931,
        "score_gap": 0.03876130683002649,
        "median_score_pos": 0.3033331334590912,
        "median_score_neg": 0.28550635278224945,
        "frac_high_score": 0.0,
        "frac_low_score": 0.015151515151515152,
        "frac_uncertain": 0.030303030303030304
      }
    }
  }
}