{
  "stage": "L3",
  "epoch": 2,
  "fold": 0,
  "wall_clock_seconds": 483.3,
  "lr": {
    "fusion": 4.815870062595951e-05,
    "class_head": 1.926569423760712e-05,
    "box_head": 1.926569423760712e-05,
    "lora": 9.631371127321357e-05
  },
  "train": {
    "loss": 4.9307276997566225,
    "patch_ce": 3.03324267578125,
    "l1": 0.03969347355701029,
    "giou": 0.8495088238716125,
    "grad_norm": 12.354080596923827,
    "n_steps": 250,
    "alpha": 0.05149894952774048
  },
  "val": {
    "overall": {
      "n": 100,
      "n_pos": 100,
      "iou_mean": 0.4495756506919861,
      "iou_median": 0.45977406203746796,
      "iou_p25": 0.0,
      "iou_p75": 0.8684771656990051,
      "iou_std": 0.39043565561224597,
      "frac_iou_25": 0.58,
      "frac_iou_50": 0.49,
      "frac_iou_75": 0.4,
      "frac_iou_90": 0.1,
      "containment_mean": 0.48433357760310175,
      "containment_median": 0.5244276970624924,
      "containment_p25": 0.0,
      "containment_p75": 0.9371228963136673,
      "containment_std": 0.4237113932769264,
      "frac_containment_50": 0.5,
      "frac_containment_75": 0.41,
      "frac_containment_90": 0.34,
      "frac_containment_full": 0.09,
      "contain_at_iou_50": 0.49,
      "contain_at_iou_75": 0.4,
      "high_contain_high_iou": 0.34,
      "ap_per_iou": {
        "0.50": 0.3249070653268179,
        "0.55": 0.3249070653268179,
        "0.60": 0.29770167554047927,
        "0.65": 0.2624437065031323,
        "0.70": 0.25665591300457513,
        "0.75": 0.23490025780666526,
        "0.80": 0.18471283777592934,
        "0.85": 0.11986791808718596,
        "0.90": 0.019373647891104902,
        "0.95": 0.0
      },
      "map_50": 0.3249070653268179,
      "map_75": 0.23490025780666526,
      "map_5095": 0.2025470087262708,
      "map_50_containment": 0.3303150945176378,
      "map_90_containment": 0.17234946951236074,
      "mean_pred_box_area": 0.0030233957760913343,
      "std_pred_box_area": 0.004117963771170972,
      "frac_pred_box_too_big": 0.0,
      "frac_pred_box_too_small": 0.81,
      "mean_gt_box_area": 0.004852599266846665,
      "pred_to_gt_area_ratio_mean": 0.9663480383651565,
      "pred_to_gt_area_ratio_median": 0.939518341371558,
      "log_area_ratio_mean": -0.31832243121330067,
      "log_area_ratio_std": 0.8454673477811581,
      "center_distance_mean": 0.0800254295154374,
      "center_distance_median": 0.005568948094167552,
      "score_mean": 0.7819944328069687,
      "score_std": 0.20664918596580598,
      "score_p25": 0.642156183719635,
      "score_p75": 0.9638208895921707,
      "score_iou_correlation": 0.19485677999537826
    },
    "per_source": {
      "hots": {
        "n": 39,
        "n_pos": 39,
        "iou_mean": 0.47505977291327256,
        "iou_median": 0.5817753076553345,
        "iou_p25": 0.0,
        "iou_p75": 0.8766964077949524,
        "iou_std": 0.39627839578468116,
        "frac_iou_25": 0.6153846153846154,
        "frac_iou_50": 0.5128205128205128,
        "frac_iou_75": 0.4358974358974359,
        "frac_iou_90": 0.10256410256410256,
        "containment_mean": 0.4954717736213635,
        "containment_median": 0.5817753672599792,
        "containment_p25": 0.0,
        "containment_p75": 0.9236623644828796,
        "containment_std": 0.4183275566913533,
        "frac_containment_50": 0.5128205128205128,
        "frac_containment_75": 0.4358974358974359,
        "frac_containment_90": 0.3333333333333333,
        "frac_containment_full": 0.05128205128205128,
        "contain_at_iou_50": 0.5128205128205128,
        "contain_at_iou_75": 0.4358974358974359,
        "high_contain_high_iou": 0.3333333333333333,
        "ap_per_iou": {
          "0.50": 0.3536324833695951,
          "0.55": 0.3536324833695951,
          "0.60": 0.32380485396019704,
          "0.65": 0.2697498131776041,
          "0.70": 0.2697498131776041,
          "0.75": 0.2697498131776041,
          "0.80": 0.22125899592611775,
          "0.85": 0.13033792769197342,
          "0.90": 0.0211982736735212,
          "0.95": 0.0
        },
        "map_50": 0.3536324833695951,
        "map_75": 0.2697498131776041,
        "map_5095": 0.22131144575238118,
        "map_50_containment": 0.3536324833695951,
        "map_90_containment": 0.1570812253639157,
        "mean_pred_box_area": 0.006148950108413052,
        "std_pred_box_area": 0.005155239019652032,
        "frac_pred_box_too_big": 0.0,
        "frac_pred_box_too_small": 0.5128205128205128,
        "mean_gt_box_area": 0.009801807856151406,
        "pred_to_gt_area_ratio_mean": 0.8836623605655257,
        "pred_to_gt_area_ratio_median": 0.9204407876252759,
        "log_area_ratio_mean": -0.329132329756679,
        "log_area_ratio_std": 0.7232560182158079,
        "center_distance_mean": 0.10734761610746239,
        "center_distance_median": 0.010391560087114069,
        "score_mean": 0.8826831869589977,
        "score_std": 0.1402587621305324,
        "score_p25": 0.825354129076004,
        "score_p75": 0.9822982847690582,
        "score_iou_correlation": 0.22033035110624685
      },
      "insdet": {
        "n": 61,
        "n_pos": 61,
        "iou_mean": 0.43328252337018,
        "iou_median": 0.31269535422325134,
        "iou_p25": 0.0,
        "iou_p75": 0.8517481684684753,
        "iou_std": 0.3890725931978853,
        "frac_iou_25": 0.5573770491803278,
        "frac_iou_50": 0.47540983606557374,
        "frac_iou_75": 0.3770491803278688,
        "frac_iou_90": 0.09836065573770492,
        "containment_mean": 0.47721243588650814,
        "containment_median": 0.31269535422325134,
        "containment_p25": 0.0,
        "containment_p75": 0.9450525641441345,
        "containment_std": 0.43042129689262665,
        "frac_containment_50": 0.4918032786885246,
        "frac_containment_75": 0.39344262295081966,
        "frac_containment_90": 0.3442622950819672,
        "frac_containment_full": 0.11475409836065574,
        "contain_at_iou_50": 0.47540983606557374,
        "contain_at_iou_75": 0.3770491803278688,
        "high_contain_high_iou": 0.3442622950819672,
        "ap_per_iou": {
          "0.50": 0.31926349988504177,
          "0.55": 0.31926349988504177,
          "0.60": 0.2899331771905084,
          "0.65": 0.2801972035931487,
          "0.70": 0.2685600858222467,
          "0.75": 0.23684543224080368,
          "0.80": 0.1764327996303593,
          "0.85": 0.13038436475066995,
          "0.90": 0.018652053175242336,
          "0.95": 0.0
        },
        "map_50": 0.31926349988504177,
        "map_75": 0.23684543224080368,
        "map_5095": 0.20395321161730626,
        "map_50_containment": 0.33031960549560274,
        "map_90_containment": 0.2148875840469973,
        "mean_pred_box_area": 0.0010250905472299076,
        "std_pred_box_area": 0.0008594298945605694,
        "frac_pred_box_too_big": 0.0,
        "frac_pred_box_too_small": 1.0,
        "mean_gt_box_area": 0.001688351152373142,
        "pred_to_gt_area_ratio_mean": 1.0192126520403302,
        "pred_to_gt_area_ratio_median": 0.9816860268993647,
        "log_area_ratio_mean": -0.3114111846035998,
        "log_area_ratio_std": 0.9208822347178449,
        "center_distance_mean": 0.06255714628447061,
        "center_distance_median": 0.005290113173952831,
        "score_mean": 0.7176196555622288,
        "score_std": 0.2172535897113164,
        "score_p25": 0.5655993819236755,
        "score_p75": 0.9072459936141968,
        "score_iou_correlation": 0.18278737780427318
      }
    },
    "per_k": {
      "k1": {
        "n": 34,
        "n_pos": 34,
        "iou_mean": 0.5170967653393745,
        "iou_median": 0.6579538583755493,
        "iou_p25": 0.05516191944479942,
        "iou_p75": 0.8681632876396179,
        "iou_std": 0.38234069479765914,
        "frac_iou_25": 0.6470588235294118,
        "frac_iou_50": 0.5882352941176471,
        "frac_iou_75": 0.4117647058823529,
        "frac_iou_90": 0.14705882352941177,
        "containment_mean": 0.5498942943180308,