{
  "stage": "L3",
  "epoch": 2,
  "fold": 2,
  "wall_clock_seconds": 482.08,
  "lr": {
    "fusion": 4.4728298908603004e-05,
    "class_head": 1.7897658282188394e-05,
    "box_head": 1.7897658282188394e-05,
    "lora": 8.944603328596079e-05
  },
  "train": {
    "loss": 4.307126793861389,
    "patch_ce": 2.43398583984375,
    "l1": 0.04029833034425974,
    "giou": 0.8358246545791626,
    "grad_norm": 13.156554962158204,
    "n_steps": 250,
    "alpha": 0.05236930027604103
  },
  "val": {
    "overall": {
      "n": 100,
      "n_pos": 100,
      "iou_mean": 0.5310141080617905,
      "iou_median": 0.7423703670501709,
      "iou_p25": 0.1268654763698578,
      "iou_p75": 0.8899781256914139,
      "iou_std": 0.38132359560531515,
      "frac_iou_25": 0.65,
      "frac_iou_50": 0.56,
      "frac_iou_75": 0.49,
      "frac_iou_90": 0.19,
      "containment_mean": 0.6032865781337022,
      "containment_median": 0.8791615962982178,
      "containment_p25": 0.15834245085716248,
      "containment_p75": 0.9640987068414688,
      "containment_std": 0.415124984875077,
      "frac_containment_50": 0.62,
      "frac_containment_75": 0.57,
      "frac_containment_90": 0.48,
      "frac_containment_full": 0.12,
      "contain_at_iou_50": 0.56,
      "contain_at_iou_75": 0.49,
      "high_contain_high_iou": 0.45,
      "ap_per_iou": {
        "0.50": 0.4055853106807403,
        "0.55": 0.3953912007335161,
        "0.60": 0.3953912007335161,
        "0.65": 0.3852623720396918,
        "0.70": 0.37267434521838555,
        "0.75": 0.35133393716051337,
        "0.80": 0.303578836850392,
        "0.85": 0.2262625143957049,
        "0.90": 0.08348135876541346,
        "0.95": 0.0014489253803429123
      },
      "map_50": 0.4055853106807403,
      "map_75": 0.35133393716051337,
      "map_5095": 0.2920410001958217,
      "map_50_containment": 0.4656545813326282,
      "map_90_containment": 0.30647423063049434,
      "mean_pred_box_area": 0.014832968364709603,
      "std_pred_box_area": 0.07770601601935731,
      "frac_pred_box_too_big": 0.01,
      "frac_pred_box_too_small": 0.75,
      "mean_gt_box_area": 0.009614114037668332,
      "pred_to_gt_area_ratio_mean": 1.1833123618185108,
      "pred_to_gt_area_ratio_median": 0.9902092688663939,
      "log_area_ratio_mean": -0.17663671540253228,
      "log_area_ratio_std": 0.8697827338185483,
      "center_distance_mean": 0.0673756075652788,
      "center_distance_median": 0.006548802926809323,
      "score_mean": 0.6886271999496967,
      "score_std": 0.29636823325852524,
      "score_p25": 0.4883526638150215,
      "score_p75": 0.9391233026981354,
      "score_iou_correlation": 0.2098812621398049
    },
    "per_source": {
      "hots": {
        "n": 36,
        "n_pos": 36,
        "iou_mean": 0.6158853090471692,
        "iou_median": 0.8537105023860931,
        "iou_p25": 0.1702444665133953,
        "iou_p75": 0.9064601212739944,
        "iou_std": 0.38364327255341535,
        "frac_iou_25": 0.6944444444444444,
        "frac_iou_50": 0.6666666666666666,
        "frac_iou_75": 0.6388888888888888,
        "frac_iou_90": 0.3055555555555556,
        "containment_mean": 0.6853692314277092,
        "containment_median": 0.9229588210582733,
        "containment_p25": 0.21720480918884277,
        "containment_p75": 0.9702829569578171,
        "containment_std": 0.40604706991422723,
        "frac_containment_50": 0.6944444444444444,
        "frac_containment_75": 0.6944444444444444,
        "frac_containment_90": 0.5833333333333334,
        "frac_containment_full": 0.08333333333333333,
        "contain_at_iou_50": 0.6666666666666666,
        "contain_at_iou_75": 0.6388888888888888,
        "high_contain_high_iou": 0.5555555555555556,
        "ap_per_iou": {
          "0.50": 0.5386325550783913,
          "0.55": 0.5386325550783913,
          "0.60": 0.5386325550783913,
          "0.65": 0.5386325550783913,
          "0.70": 0.5188305748803715,
          "0.75": 0.5188305748803715,
          "0.80": 0.48341348153884584,
          "0.85": 0.35138922667315226,
          "0.90": 0.1609883309759548,
          "0.95": 0.0
        },
        "map_50": 0.5386325550783913,
        "map_75": 0.5188305748803715,
        "map_5095": 0.41879824092622614,
        "map_50_containment": 0.577012118632677,
        "map_90_containment": 0.41727241163030354,
        "mean_pred_box_area": 0.03900705444775662,
        "std_pred_box_area": 0.12703695232798717,
        "frac_pred_box_too_big": 0.027777777777777776,
        "frac_pred_box_too_small": 0.3333333333333333,
        "mean_gt_box_area": 0.023399319145181733,
        "pred_to_gt_area_ratio_mean": 1.2267462387099493,
        "pred_to_gt_area_ratio_median": 1.0228296661460239,
        "log_area_ratio_mean": -0.1149642371993423,
        "log_area_ratio_std": 0.8402442478519583,
        "center_distance_mean": 0.08097671877678403,
        "center_distance_median": 0.0058268823317471075,
        "score_mean": 0.9001269518501229,
        "score_std": 0.15109728230973044,
        "score_p25": 0.840308278799057,
        "score_p75": 0.9927936941385269,
        "score_iou_correlation": 0.1216961484514614
      },
      "insdet": {
        "n": 64,
        "n_pos": 64,
        "iou_mean": 0.48327405750751495,
        "iou_median": 0.5094893574714661,
        "iou_p25": 0.11393667012453079,
        "iou_p75": 0.8604293018579483,
        "iou_std": 0.3745645007557724,
        "frac_iou_25": 0.625,
        "frac_iou_50": 0.5,
        "frac_iou_75": 0.40625,
        "frac_iou_90": 0.125,
        "containment_mean": 0.5571150856558233,
        "containment_median": 0.7373383045196533,
        "containment_p25": 0.1268654763698578,
        "containment_p75": 0.9466749429702759,
        "containment_std": 0.41616085275923254,
        "frac_containment_50": 0.578125,
        "frac_containment_75": 0.5,
        "frac_containment_90": 0.421875,
        "frac_containment_full": 0.140625,
        "contain_at_iou_50": 0.5,
        "contain_at_iou_75": 0.40625,
        "high_contain_high_iou": 0.390625,
        "ap_per_iou": {
          "0.50": 0.3281310815416426,
          "0.55": 0.3067897240490477,
          "0.60": 0.3067897240490477,
          "0.65": 0.28645111367967124,
          "0.70": 0.2792550539032673,
          "0.75": 0.24355813205140583,
          "0.80": 0.20032402521922518,
          "0.85": 0.16564859614739516,
          "0.90": 0.04324828636709825,
          "0.95": 0.004371181799030966
        },
        "map_50": 0.3281310815416426,
        "map_75": 0.24355813205140583,
        "map_5095": 0.21645669188068323,
        "map_50_containment": 0.3977864608997317,
        "map_90_containment": 0.25335947686369936,
        "mean_pred_box_area": 0.0012350449429956534,
        "std_pred_box_area": 0.00104635810075768,
        "frac_pred_box_too_big": 0.0,
        "frac_pred_box_too_small": 0.984375,
        "mean_gt_box_area": 0.0018599361646920443,
        "pred_to_gt_area_ratio_mean": 1.1588808060670766,
        "pred_to_gt_area_ratio_median": 0.9698815757893013,
        "log_area_ratio_mean": -0.21132748439182666,
        "log_area_ratio_std": 0.8906156954486987,
        "center_distance_mean": 0.05972498250880712,
        "center_distance_median": 0.007867292278996407,
        "score_mean": 0.5696585895057069,
        "score_std": 0.29223637079739445,
        "score_p25": 0.3199007734656334,
        "score_p75": 0.8493095189332962,
        "score_iou_correlation": 0.15829165205986018
      }
    },
    "per_k": {
      "k1": {
        "n": 34,
        "n_pos": 34,
        "iou_mean": 0.4935612255597816,
        "iou_median": 0.589093029499054,
        "iou_p25": 0.08438861183822155,
        "iou_p75": 0.8828803300857544,
        "iou_std": 0.3902021559043519,
        "frac_iou_25": 0.6176470588235294,
        "frac_iou_50": 0.5,
        "frac_iou_75": 0.4411764705882353,
        "frac_iou_90": 0.17647058823529413,
        "containment_mean": 0.5807454787632998,