{
  "stage": "L3",
  "phase": "insdet",
  "epoch": 2,
  "fold": 0,
  "wall_clock_seconds": 529.11,
  "lr": {
    "fusion": 4.948524383845476e-05,
    "class_head": 1.9794716480666318e-05,
    "box_head": 1.9794716480666318e-05,
    "lora": 0.00019793788062739693
  },
  "train": {
    "loss": 6.000374028285345,
    "patch_ce": 3.4378954207897188,
    "l1": 0.02164704862826814,
    "giou": 0.5972780553499858,
    "log_area": 0.43357425922107873,
    "grad_norm": 98.95442003817172,
    "n_steps": 300,
    "grad_steps": 37,
    "grad_nan_steps": 0,
    "alpha": 0.9521388411521912,
    "bg_bias": -0.01319483108818531
  },
  "val": {
    "overall": {
      "n": 100,
      "n_pos": 67,
      "n_neg": 33,
      "iou_mean": 0.3704440283046952,
      "iou_median": 0.27627599239349365,
      "iou_p25": 0.0,
      "iou_p75": 0.7413212656974792,
      "iou_std": 0.37028393225572503,
      "frac_iou_25": 0.5223880597014925,
      "frac_iou_50": 0.43283582089552236,
      "frac_iou_75": 0.23880597014925373,
      "frac_iou_90": 0.07462686567164178,
      "containment_mean": 0.46215288545380334,
      "containment_median": 0.4292724132537842,
      "containment_p25": 0.0,
      "containment_p75": 0.955560564994812,
      "containment_std": 0.44908710704064636,
      "frac_containment_50": 0.47761194029850745,
      "frac_containment_75": 0.43283582089552236,
      "frac_containment_90": 0.3880597014925373,
      "frac_containment_full": 0.05970149253731343,
      "contain_at_iou_50": 0.43283582089552236,
      "contain_at_iou_75": 0.23880597014925373,
      "high_contain_high_iou": 0.34328358208955223,
      "ap_per_iou": {
        "0.50": 0.3303088165959453,
        "0.55": 0.31526955404900087,
        "0.60": 0.29142245153438623,
        "0.65": 0.2601840497209467,
        "0.70": 0.19457871015813763,
        "0.75": 0.15656738684115404,
        "0.80": 0.11315843055100723,
        "0.85": 0.07146224826564289,
        "0.90": 0.02251296558227251,
        "0.95": 0.0
      },
      "map_50": 0.3303088165959453,
      "map_75": 0.15656738684115404,
      "map_5095": 0.17554646132984936,
      "map_50_containment": 0.3638327634077035,
      "map_90_containment": 0.2898171889673132,
      "mean_pred_box_area": 0.0012799389580038514,
      "std_pred_box_area": 0.0010500133663694398,
      "frac_pred_box_too_big": 0.0,
      "frac_pred_box_too_small": 0.9850746268656716,
      "mean_gt_box_area": 0.0015259651995416898,
      "pred_to_gt_area_ratio_mean": 1.4648812879875404,
      "pred_to_gt_area_ratio_median": 1.1518604789545843,
      "log_area_ratio_mean": 0.06476973507227868,
      "log_area_ratio_std": 0.819956609186798,
      "center_distance_mean": 0.09690046163485617,
      "center_distance_median": 0.009059942833808347,
      "score_mean": 0.1559593832648512,
      "score_std": 0.1793026112146768,
      "score_p25": 0.053995223715901375,
      "score_p75": 0.1662725731730461,
      "score_iou_correlation": 0.4886153790295552,
      "bg_prob_pos_mean": 0.32018654743459685,
      "bg_prob_pos_median": 0.3210417628288269,
      "abstain_rate_pos": 0.16417910447761194,
      "bg_prob_neg_mean": 0.4889881828178962,
      "bg_prob_neg_median": 0.48322978615760803,
      "abstain_rate_neg": 0.48484848484848486,
      "score_neg_mean": 0.08683657451095342,
      "score_neg_p75": 0.07229666411876678,
      "tn_rate": 0.48484848484848486,
      "fp_rate": 0.5151515151515151,
      "abstain_gap": 0.16880163538329934
    },
    "per_source": {
      "insdet": {
        "n": 100,
        "n_pos": 67,
        "n_neg": 33,
        "iou_mean": 0.3704440283046952,
        "iou_median": 0.27627599239349365,
        "iou_p25": 0.0,
        "iou_p75": 0.7413212656974792,
        "iou_std": 0.37028393225572503,
        "frac_iou_25": 0.5223880597014925,
        "frac_iou_50": 0.43283582089552236,
        "frac_iou_75": 0.23880597014925373,
        "frac_iou_90": 0.07462686567164178,
        "containment_mean": 0.46215288545380334,
        "containment_median": 0.4292724132537842,
        "containment_p25": 0.0,
        "containment_p75": 0.955560564994812,
        "containment_std": 0.44908710704064636,
        "frac_containment_50": 0.47761194029850745,
        "frac_containment_75": 0.43283582089552236,
        "frac_containment_90": 0.3880597014925373,
        "frac_containment_full": 0.05970149253731343,
        "contain_at_iou_50": 0.43283582089552236,
        "contain_at_iou_75": 0.23880597014925373,
        "high_contain_high_iou": 0.34328358208955223,
        "ap_per_iou": {
          "0.50": 0.3303088165959453,
          "0.55": 0.31526955404900087,
          "0.60": 0.29142245153438623,
          "0.65": 0.2601840497209467,
          "0.70": 0.19457871015813763,
          "0.75": 0.15656738684115404,
          "0.80": 0.11315843055100723,
          "0.85": 0.07146224826564289,
          "0.90": 0.02251296558227251,
          "0.95": 0.0
        },
        "map_50": 0.3303088165959453,
        "map_75": 0.15656738684115404,
        "map_5095": 0.17554646132984936,
        "map_50_containment": 0.3638327634077035,
        "map_90_containment": 0.2898171889673132,
        "mean_pred_box_area": 0.0012799389580038514,
        "std_pred_box_area": 0.0010500133663694398,
        "frac_pred_box_too_big": 0.0,
        "frac_pred_box_too_small": 0.9850746268656716,
        "mean_gt_box_area": 0.0015259651995416898,
        "pred_to_gt_area_ratio_mean": 1.4648812879875404,
        "pred_to_gt_area_ratio_median": 1.1518604789545843,
        "log_area_ratio_mean": 0.06476973507227868,
        "log_area_ratio_std": 0.819956609186798,
        "center_distance_mean": 0.09690046163485617,
        "center_distance_median": 0.009059942833808347,
        "score_mean": 0.1559593832648512,
        "score_std": 0.1793026112146768,
        "score_p25": 0.053995223715901375,
        "score_p75": 0.1662725731730461,
        "score_iou_correlation": 0.4886153790295552,
        "bg_prob_pos_mean": 0.32018654743459685,
        "bg_prob_pos_median": 0.3210417628288269,
        "abstain_rate_pos": 0.16417910447761194,
        "bg_prob_neg_mean": 0.4889881828178962,
        "bg_prob_neg_median": 0.48322978615760803,
        "abstain_rate_neg": 0.48484848484848486,
        "score_neg_mean": 0.08683657451095342,
        "score_neg_p75": 0.07229666411876678,
        "tn_rate": 0.48484848484848486,
        "fp_rate": 0.5151515151515151,
        "abstain_gap": 0.16880163538329934
      }
    },
    "per_k": {
      "k1": {
        "n": 34,
        "n_pos": 22,
        "n_neg": 12,
        "iou_mean": 0.2851047312671488,
        "iou_median": 0.0,
        "iou_p25": 0.0,
        "iou_p75": 0.6793702691793442,
        "iou_std": 0.3555798397884529,
        "frac_iou_25": 0.45454545454545453,
        "frac_iou_50": 0.3181818181818182,
        "frac_iou_75": 0.22727272727272727,
        "frac_iou_90": 0.045454545454545456,
        "containment_mean": 0.3262786553664641,
        "containment_median": 0.0,
        "containment_p25": 0.0,
        "containment_p75": 0.7616764456033707,
        "containment_std": 0.414313499653126,
        "frac_containment_50": 0.3181818181818182,
        "frac_containment_75": 0.2727272727272727,
        "frac_containment_90": 0.22727272727272727,
        "frac_containment_full": 0.0,
        "contain_at_iou_50": 0.3181818181818182,
        "contain_at_iou_75": 0.22727272727272727,
        "high_contain_high_iou": 0.22727272727272727,
        "ap_per_iou": {
          "0.50": 0.18094059405940593,
          "0.55": 0.16237623762376235,
          "0.60": 0.16237623762376235,
          "0.65": 0.16237623762376235,
          "0.70": 0.16237623762376235,
          "0.75": 0.13724295506473724,
          "0.80": 0.0396039603960396,
          "0.85": 0.009900990099009901,
          "0.90": 0.009900990099009901,
          "0.95": 0.0
        },
        "map_50": 0.18094059405940593,
        "map_75": 0.13724295506473724,
        "map_5095": 0.1027094440213252,