{
  "stage": "L3",
  "phase": "insdet",
  "epoch": 2,
  "fold": 2,
  "wall_clock_seconds": 530.14,
  "lr": {
    "fusion": 4.815374478953473e-05,
    "class_head": 1.9263717861958725e-05,
    "box_head": 1.9263717861958725e-05,
    "lora": 0.00019260387942741453
  },
  "train": {
    "loss": 6.14839375992616,
    "patch_ce": 3.5012294008334477,
    "l1": 0.020940664357040076,
    "giou": 0.6292949038743972,
    "log_area": 0.2936781098562521,
    "grad_norm": 104.01457606135187,
    "n_steps": 300,
    "grad_steps": 37,
    "grad_nan_steps": 0,
    "alpha": 0.951841413974762,
    "bg_bias": -0.013147224672138691
  },
  "val": {
    "overall": {
      "n": 100,
      "n_pos": 72,
      "n_neg": 28,
      "iou_mean": 0.3760709693500151,
      "iou_median": 0.33349546790122986,
      "iou_p25": 0.0,
      "iou_p75": 0.7767442464828491,
      "iou_std": 0.376775840166189,
      "frac_iou_25": 0.5,
      "frac_iou_50": 0.5,
      "frac_iou_75": 0.3055555555555556,
      "frac_iou_90": 0.0,
      "containment_mean": 0.4886250390360753,
      "containment_median": 0.6137851476669312,
      "containment_p25": 0.0,
      "containment_p75": 0.9784301519393921,
      "containment_std": 0.4671993079181297,
      "frac_containment_50": 0.5138888888888888,
      "frac_containment_75": 0.4722222222222222,
      "frac_containment_90": 0.4027777777777778,
      "frac_containment_full": 0.20833333333333334,
      "contain_at_iou_50": 0.5,
      "contain_at_iou_75": 0.3055555555555556,
      "high_contain_high_iou": 0.3888888888888889,
      "ap_per_iou": {
        "0.50": 0.37527297367158086,
        "0.55": 0.3241288245940483,
        "0.60": 0.2992534500148073,
        "0.65": 0.2784862012327467,
        "0.70": 0.1822994320715628,
        "0.75": 0.17175463374936606,
        "0.80": 0.10773425799390568,
        "0.85": 0.0099009900990099,
        "0.90": 0.0,
        "0.95": 0.0
      },
      "map_50": 0.37527297367158086,
      "map_75": 0.17175463374936606,
      "map_5095": 0.17488307634270275,
      "map_50_containment": 0.3835878597280884,
      "map_90_containment": 0.23190666721683512,
      "mean_pred_box_area": 0.0018776676073315145,
      "std_pred_box_area": 0.0015368652388001432,
      "frac_pred_box_too_big": 0.0,
      "frac_pred_box_too_small": 0.9583333333333334,
      "mean_gt_box_area": 0.0016667010883490245,
      "pred_to_gt_area_ratio_mean": 1.7812978517887876,
      "pred_to_gt_area_ratio_median": 1.1859307487454929,
      "log_area_ratio_mean": 0.21052314701790686,
      "log_area_ratio_std": 0.7678632820921146,
      "center_distance_mean": 0.08552462267711095,
      "center_distance_median": 0.01793959623635361,
      "score_mean": 0.15481403255317774,
      "score_std": 0.10174778463005843,
      "score_p25": 0.076817087829113,
      "score_p75": 0.21748963743448257,
      "score_iou_correlation": 0.4118098667001428,
      "bg_prob_pos_mean": 0.18234812623510757,
      "bg_prob_pos_median": 0.14358893036842346,
      "abstain_rate_pos": 0.041666666666666664,
      "bg_prob_neg_mean": 0.2826852364731686,
      "bg_prob_neg_median": 0.1992570087313652,
      "abstain_rate_neg": 0.21428571428571427,
      "score_neg_mean": 0.10019199699828667,
      "score_neg_p75": 0.10997687838971615,
      "tn_rate": 0.21428571428571427,
      "fp_rate": 0.7857142857142857,
      "abstain_gap": 0.10033711023806105
    },
    "per_source": {
      "insdet": {
        "n": 100,
        "n_pos": 72,
        "n_neg": 28,
        "iou_mean": 0.3760709693500151,
        "iou_median": 0.33349546790122986,
        "iou_p25": 0.0,
        "iou_p75": 0.7767442464828491,
        "iou_std": 0.376775840166189,
        "frac_iou_25": 0.5,
        "frac_iou_50": 0.5,
        "frac_iou_75": 0.3055555555555556,
        "frac_iou_90": 0.0,
        "containment_mean": 0.4886250390360753,
        "containment_median": 0.6137851476669312,
        "containment_p25": 0.0,
        "containment_p75": 0.9784301519393921,
        "containment_std": 0.4671993079181297,
        "frac_containment_50": 0.5138888888888888,
        "frac_containment_75": 0.4722222222222222,
        "frac_containment_90": 0.4027777777777778,
        "frac_containment_full": 0.20833333333333334,
        "contain_at_iou_50": 0.5,
        "contain_at_iou_75": 0.3055555555555556,
        "high_contain_high_iou": 0.3888888888888889,
        "ap_per_iou": {
          "0.50": 0.37527297367158086,
          "0.55": 0.3241288245940483,
          "0.60": 0.2992534500148073,
          "0.65": 0.2784862012327467,
          "0.70": 0.1822994320715628,
          "0.75": 0.17175463374936606,
          "0.80": 0.10773425799390568,
          "0.85": 0.0099009900990099,
          "0.90": 0.0,
          "0.95": 0.0
        },
        "map_50": 0.37527297367158086,
        "map_75": 0.17175463374936606,
        "map_5095": 0.17488307634270275,
        "map_50_containment": 0.3835878597280884,
        "map_90_containment": 0.23190666721683512,
        "mean_pred_box_area": 0.0018776676073315145,
        "std_pred_box_area": 0.0015368652388001432,
        "frac_pred_box_too_big": 0.0,
        "frac_pred_box_too_small": 0.9583333333333334,
        "mean_gt_box_area": 0.0016667010883490245,
        "pred_to_gt_area_ratio_mean": 1.7812978517887876,
        "pred_to_gt_area_ratio_median": 1.1859307487454929,
        "log_area_ratio_mean": 0.21052314701790686,
        "log_area_ratio_std": 0.7678632820921146,
        "center_distance_mean": 0.08552462267711095,
        "center_distance_median": 0.01793959623635361,
        "score_mean": 0.15481403255317774,
        "score_std": 0.10174778463005843,
        "score_p25": 0.076817087829113,
        "score_p75": 0.21748963743448257,
        "score_iou_correlation": 0.4118098667001428,
        "bg_prob_pos_mean": 0.18234812623510757,
        "bg_prob_pos_median": 0.14358893036842346,
        "abstain_rate_pos": 0.041666666666666664,
        "bg_prob_neg_mean": 0.2826852364731686,
        "bg_prob_neg_median": 0.1992570087313652,
        "abstain_rate_neg": 0.21428571428571427,
        "score_neg_mean": 0.10019199699828667,
        "score_neg_p75": 0.10997687838971615,
        "tn_rate": 0.21428571428571427,
        "fp_rate": 0.7857142857142857,
        "abstain_gap": 0.10033711023806105
      }
    },
    "per_k": {
      "k1": {
        "n": 34,
        "n_pos": 21,
        "n_neg": 13,
        "iou_mean": 0.23855262045704184,
        "iou_median": 0.012845845893025398,
        "iou_p25": 0.0,
        "iou_p75": 0.5746855735778809,
        "iou_std": 0.33505994562535607,
        "frac_iou_25": 0.3333333333333333,
        "frac_iou_50": 0.3333333333333333,
        "frac_iou_75": 0.14285714285714285,
        "frac_iou_90": 0.0,
        "containment_mean": 0.32534775812001454,
        "containment_median": 0.026806727051734924,
        "containment_p25": 0.0,
        "containment_p75": 0.6962965130805969,
        "containment_std": 0.42585195207239507,
        "frac_containment_50": 0.3333333333333333,
        "frac_containment_75": 0.23809523809523808,
        "frac_containment_90": 0.23809523809523808,
        "frac_containment_full": 0.14285714285714285,
        "contain_at_iou_50": 0.3333333333333333,
        "contain_at_iou_75": 0.14285714285714285,
        "high_contain_high_iou": 0.23809523809523808,
        "ap_per_iou": {
          "0.50": 0.16512995837398864,
          "0.55": 0.14530024431014532,
          "0.60": 0.12258368694012252,
          "0.65": 0.12258368694012252,
          "0.70": 0.04832626119754835,
          "0.75": 0.04832626119754835,
          "0.80": 0.024752475247524754,
          "0.85": 0.0,
          "0.90": 0.0,
          "0.95": 0.0
        },
        "map_50": 0.16512995837398864,
        "map_75": 0.04832626119754835,
        "map_5095": 0.06770025742070004,
        "map_50_containment": 0.16512995837398864,
        "map_90_containment": 0.12258368694012252,
        "mean_pred_box_area": 0.0020004210849905585,