{
  "stage": "L2",
  "phase": "hots",
  "epoch": 2,
  "fold": 1,
  "wall_clock_seconds": 413.6,
  "lr": {
    "fusion": 0.00020249969273541179,
    "class_head": 6.752157153807149e-05,
    "box_head": 6.752157153807149e-05
  },
  "train": {
    "loss": 8.229496527115504,
    "patch_ce": 4.158994055986405,
    "l1": 0.07322787959904721,
    "giou": 0.9294043483336767,
    "log_area": 0.6880977511162686,
    "grad_norm": 76.2897202775285,
    "n_steps": 300,
    "grad_steps": 37,
    "grad_nan_steps": 0,
    "alpha": 0.957981288433075,
    "bg_bias": -0.014420566149055958
  },
  "val": {
    "overall": {
      "n": 100,
      "n_pos": 75,
      "n_neg": 25,
      "iou_mean": 0.18779423962036768,
      "iou_median": 0.0,
      "iou_p25": 0.0,
      "iou_p75": 0.41743195056915283,
      "iou_std": 0.2750021274360029,
      "frac_iou_25": 0.3333333333333333,
      "frac_iou_50": 0.18666666666666668,
      "frac_iou_75": 0.05333333333333334,
      "frac_iou_90": 0.0,
      "containment_mean": 0.2514141289393107,
      "containment_median": 0.0,
      "containment_p25": 0.0,
      "containment_p75": 0.4587448388338089,
      "containment_std": 0.3765928547854007,
      "frac_containment_50": 0.24,
      "frac_containment_75": 0.18666666666666668,
      "frac_containment_90": 0.14666666666666667,
      "frac_containment_full": 0.06666666666666667,
      "contain_at_iou_50": 0.18666666666666668,
      "contain_at_iou_75": 0.05333333333333334,
      "high_contain_high_iou": 0.10666666666666667,
      "ap_per_iou": {
        "0.50": 0.05502710158813918,
        "0.55": 0.04608195742435392,
        "0.60": 0.01004448270914048,
        "0.65": 0.007748600947051226,
        "0.70": 0.00502224135457024,
        "0.75": 0.0038673572827128437,
        "0.80": 0.0009581603321622484,
        "0.85": 0.0005824111822947001,
        "0.90": 0.0,
        "0.95": 0.0
      },
      "map_50": 0.05502710158813918,
      "map_75": 0.0038673572827128437,
      "map_5095": 0.012933231282042485,
      "map_50_containment": 0.07809571419975093,
      "map_90_containment": 0.021782178217821784,
      "mean_pred_box_area": 0.013327174893965114,
      "std_pred_box_area": 0.013078231408855893,
      "frac_pred_box_too_big": 0.0,
      "frac_pred_box_too_small": 0.16,
      "mean_gt_box_area": 0.021601530089850225,
      "pred_to_gt_area_ratio_mean": 1.2278544704685523,
      "pred_to_gt_area_ratio_median": 1.0082323709858168,
      "log_area_ratio_mean": -0.10024365725940462,
      "log_area_ratio_std": 0.8393185414337843,
      "center_distance_mean": 0.2604833581385973,
      "center_distance_median": 0.26691451941861455,
      "score_mean": 0.07405355455974738,
      "score_std": 0.05127555443410709,
      "score_p25": 0.03768354840576649,
      "score_p75": 0.0902206264436245,
      "score_iou_correlation": -0.11305302347136788,
      "bg_prob_pos_mean": 0.22080415492256483,
      "bg_prob_pos_median": 0.15343865752220154,
      "abstain_rate_pos": 0.12,
      "bg_prob_neg_mean": 0.32575261041522025,
      "bg_prob_neg_median": 0.28127291798591614,
      "abstain_rate_neg": 0.32,
      "score_neg_mean": 0.06984608965925872,
      "score_neg_p75": 0.08611863106489182,
      "tn_rate": 0.32,
      "fp_rate": 0.6799999999999999,
      "abstain_gap": 0.10494845549265541
    },
    "per_source": {
      "hots": {
        "n": 100,
        "n_pos": 75,
        "n_neg": 25,
        "iou_mean": 0.18779423962036768,
        "iou_median": 0.0,
        "iou_p25": 0.0,
        "iou_p75": 0.41743195056915283,
        "iou_std": 0.2750021274360029,
        "frac_iou_25": 0.3333333333333333,
        "frac_iou_50": 0.18666666666666668,
        "frac_iou_75": 0.05333333333333334,
        "frac_iou_90": 0.0,
        "containment_mean": 0.2514141289393107,
        "containment_median": 0.0,
        "containment_p25": 0.0,
        "containment_p75": 0.4587448388338089,
        "containment_std": 0.3765928547854007,
        "frac_containment_50": 0.24,
        "frac_containment_75": 0.18666666666666668,
        "frac_containment_90": 0.14666666666666667,
        "frac_containment_full": 0.06666666666666667,
        "contain_at_iou_50": 0.18666666666666668,
        "contain_at_iou_75": 0.05333333333333334,
        "high_contain_high_iou": 0.10666666666666667,
        "ap_per_iou": {
          "0.50": 0.05502710158813918,
          "0.55": 0.04608195742435392,
          "0.60": 0.01004448270914048,
          "0.65": 0.007748600947051226,
          "0.70": 0.00502224135457024,
          "0.75": 0.0038673572827128437,
          "0.80": 0.0009581603321622484,
          "0.85": 0.0005824111822947001,
          "0.90": 0.0,
          "0.95": 0.0
        },
        "map_50": 0.05502710158813918,
        "map_75": 0.0038673572827128437,
        "map_5095": 0.012933231282042485,
        "map_50_containment": 0.07809571419975093,
        "map_90_containment": 0.021782178217821784,
        "mean_pred_box_area": 0.013327174893965114,
        "std_pred_box_area": 0.013078231408855893,
        "frac_pred_box_too_big": 0.0,
        "frac_pred_box_too_small": 0.16,
        "mean_gt_box_area": 0.021601530089850225,
        "pred_to_gt_area_ratio_mean": 1.2278544704685523,
        "pred_to_gt_area_ratio_median": 1.0082323709858168,
        "log_area_ratio_mean": -0.10024365725940462,
        "log_area_ratio_std": 0.8393185414337843,
        "center_distance_mean": 0.2604833581385973,
        "center_distance_median": 0.26691451941861455,
        "score_mean": 0.07405355455974738,
        "score_std": 0.05127555443410709,
        "score_p25": 0.03768354840576649,
        "score_p75": 0.0902206264436245,
        "score_iou_correlation": -0.11305302347136788,
        "bg_prob_pos_mean": 0.22080415492256483,
        "bg_prob_pos_median": 0.15343865752220154,
        "abstain_rate_pos": 0.12,
        "bg_prob_neg_mean": 0.32575261041522025,
        "bg_prob_neg_median": 0.28127291798591614,
        "abstain_rate_neg": 0.32,
        "score_neg_mean": 0.06984608965925872,
        "score_neg_p75": 0.08611863106489182,
        "tn_rate": 0.32,
        "fp_rate": 0.6799999999999999,
        "abstain_gap": 0.10494845549265541
      }
    },
    "per_k": {
      "k1": {
        "n": 34,
        "n_pos": 24,
        "n_neg": 10,
        "iou_mean": 0.28739089022080105,
        "iou_median": 0.0,
        "iou_p25": 0.0,
        "iou_p75": 0.5931447893381119,
        "iou_std": 0.34027106169265275,
        "frac_iou_25": 0.4583333333333333,
        "frac_iou_50": 0.3333333333333333,
        "frac_iou_75": 0.125,
        "frac_iou_90": 0.0,
        "containment_mean": 0.3632998193303744,
        "containment_median": 0.0,
        "containment_p25": 0.0,
        "containment_p75": 0.832591712474823,
        "containment_std": 0.4290609471864934,
        "frac_containment_50": 0.375,
        "frac_containment_75": 0.2916666666666667,
        "frac_containment_90": 0.25,
        "frac_containment_full": 0.08333333333333333,
        "contain_at_iou_50": 0.3333333333333333,
        "contain_at_iou_75": 0.125,
        "high_contain_high_iou": 0.20833333333333334,
        "ap_per_iou": {
          "0.50": 0.12383343597517642,
          "0.55": 0.09450945094509454,
          "0.60": 0.07020702070207016,
          "0.65": 0.04725472547254724,
          "0.70": 0.030603060306030598,
          "0.75": 0.020323084940072955,
          "0.80": 0.010356956748306409,
          "0.85": 0.006188118811881188,
          "0.90": 0.0,
          "0.95": 0.0
        },
        "map_50": 0.12383343597517642,
        "map_75": 0.020323084940072955,
        "map_5095": 0.04032758539011795,
        "map_50_containment": 0.14108910891089108,
        "map_90_containment": 0.06435643564356436,
        "mean_pred_box_area": 0.011261060081577475,
        "std_pred_box_area": 0.011833757763864082,
        "frac_pred_box_too_big": 0.0,
        "frac_pred_box_too_small": 0.25,
        "mean_gt_box_area": 0.01096272800466977,