{
  "stage": "L2",
  "epoch": 2,
  "fold": 0,
  "wall_clock_seconds": 381.62,
  "lr": {
    "fusion": 9.896112939509722e-05,
    "class_head": 4.9481084652806374e-05,
    "box_head": 4.9481084652806374e-05
  },
  "train": {
    "loss": 6.5923557472229,
    "patch_ce": 3.84820263671875,
    "l1": 0.06288736412860453,
    "giou": 1.2148581340312958,
    "grad_norm": 10.137754867553712,
    "n_steps": 250,
    "alpha": 0.0365254171192646
  },
  "val": {
    "overall": {
      "n": 100,
      "n_pos": 100,
      "iou_mean": 0.2400167911173776,
      "iou_median": 0.0,
      "iou_p25": 0.0,
      "iou_p75": 0.6223871260881424,
      "iou_std": 0.32510170894527424,
      "frac_iou_25": 0.34,
      "frac_iou_50": 0.28,
      "frac_iou_75": 0.15,
      "frac_iou_90": 0.0,
      "containment_mean": 0.3013041063956916,
      "containment_median": 0.0,
      "containment_p25": 0.0,
      "containment_p75": 0.7959121316671371,
      "containment_std": 0.40685415282682597,
      "frac_containment_50": 0.3,
      "frac_containment_75": 0.27,
      "frac_containment_90": 0.16,
      "frac_containment_full": 0.07,
      "contain_at_iou_50": 0.28,
      "contain_at_iou_75": 0.15,
      "high_contain_high_iou": 0.16,
      "ap_per_iou": {
        "0.50": 0.1294418592141536,
        "0.55": 0.1294418592141536,
        "0.60": 0.1261804003005484,
        "0.65": 0.11048113284974224,
        "0.70": 0.09886988434262135,
        "0.75": 0.04827437004837171,
        "0.80": 0.016027756621816026,
        "0.85": 0.0004400440044004401,
        "0.90": 0.0,
        "0.95": 0.0
      },
      "map_50": 0.1294418592141536,
      "map_75": 0.04827437004837171,
      "map_5095": 0.06591573065958074,
      "map_50_containment": 0.14128961583142363,
      "map_90_containment": 0.06208330414739024,
      "mean_pred_box_area": 0.0030377905159490993,
      "std_pred_box_area": 0.005210046231995771,
      "frac_pred_box_too_big": 0.0,
      "frac_pred_box_too_small": 0.84,
      "mean_gt_box_area": 0.004852599266846665,
      "pred_to_gt_area_ratio_mean": 1.058710241282801,
      "pred_to_gt_area_ratio_median": 1.0218925459669022,
      "log_area_ratio_mean": -0.46508637722290397,
      "log_area_ratio_std": 1.2010865554185257,
      "center_distance_mean": 0.14781498293836,
      "center_distance_median": 0.04886283991622621,
      "score_mean": 0.8102993631362915,
      "score_std": 0.15319330931800998,
      "score_p25": 0.6885267198085785,
      "score_p75": 0.946699321269989,
      "score_iou_correlation": 0.2637404243419054
    },
    "per_source": {
      "hots": {
        "n": 39,
        "n_pos": 39,
        "iou_mean": 0.27180588847169507,
        "iou_median": 0.0,
        "iou_p25": 0.0,
        "iou_p75": 0.7237213850021362,
        "iou_std": 0.3625028343771198,
        "frac_iou_25": 0.358974358974359,
        "frac_iou_50": 0.3333333333333333,
        "frac_iou_75": 0.20512820512820512,
        "frac_iou_90": 0.0,
        "containment_mean": 0.3245359490124079,
        "containment_median": 0.0,
        "containment_p25": 0.0,
        "containment_p75": 0.8574617505073547,
        "containment_std": 0.4387527997006267,
        "frac_containment_50": 0.3333333333333333,
        "frac_containment_75": 0.3076923076923077,
        "frac_containment_90": 0.23076923076923078,
        "frac_containment_full": 0.1282051282051282,
        "contain_at_iou_50": 0.3333333333333333,
        "contain_at_iou_75": 0.20512820512820512,
        "high_contain_high_iou": 0.23076923076923078,
        "ap_per_iou": {
          "0.50": 0.162703323903819,
          "0.55": 0.162703323903819,
          "0.60": 0.162703323903819,
          "0.65": 0.162703323903819,
          "0.70": 0.162703323903819,
          "0.75": 0.0627979464613128,
          "0.80": 0.02812614594792812,
          "0.85": 0.0011001100110011,
          "0.90": 0.0,
          "0.95": 0.0
        },
        "map_50": 0.162703323903819,
        "map_75": 0.0627979464613128,
        "map_5095": 0.09055408219393371,
        "map_50_containment": 0.162703323903819,
        "map_90_containment": 0.09203566189952322,
        "mean_pred_box_area": 0.0061122187497393045,
        "std_pred_box_area": 0.00729499242020342,
        "frac_pred_box_too_big": 0.0,
        "frac_pred_box_too_small": 0.5897435897435898,
        "mean_gt_box_area": 0.009801807856151406,
        "pred_to_gt_area_ratio_mean": 0.9374967644095299,
        "pred_to_gt_area_ratio_median": 0.956443726920619,
        "log_area_ratio_mean": -0.641099196761704,
        "log_area_ratio_std": 1.3718113760361759,
        "center_distance_mean": 0.1770474373795767,
        "center_distance_median": 0.1630226409794405,
        "score_mean": 0.9062767227490743,
        "score_std": 0.10425663808074304,
        "score_p25": 0.8475625514984131,
        "score_p75": 0.9848438799381256,
        "score_iou_correlation": 0.23579545745536487
      },
      "insdet": {
        "n": 61,
        "n_pos": 61,
        "iou_mean": 0.2196926141203549,
        "iou_median": 0.0,
        "iou_p25": 0.0,
        "iou_p75": 0.49357491731643677,
        "iou_std": 0.30014709402888995,
        "frac_iou_25": 0.32786885245901637,
        "frac_iou_50": 0.2459016393442623,
        "frac_iou_75": 0.11475409836065574,
        "frac_iou_90": 0.0,
        "containment_mean": 0.28645096111615176,
        "containment_median": 0.0,
        "containment_p25": 0.0,
        "containment_p75": 0.7182143926620483,
        "containment_std": 0.3881116793936592,
        "frac_containment_50": 0.2786885245901639,
        "frac_containment_75": 0.2459016393442623,
        "frac_containment_90": 0.11475409836065574,
        "frac_containment_full": 0.03278688524590164,
        "contain_at_iou_50": 0.2459016393442623,
        "contain_at_iou_75": 0.11475409836065574,
        "high_contain_high_iou": 0.11475409836065574,
        "ap_per_iou": {
          "0.50": 0.12131131515088549,
          "0.55": 0.12131131515088549,
          "0.60": 0.1149339360628407,
          "0.65": 0.09036056666891179,
          "0.70": 0.07106654543005321,
          "0.75": 0.06382602545968884,
          "0.80": 0.0066006600660066,
          "0.85": 0.0,
          "0.90": 0.0,
          "0.95": 0.0
        },
        "map_50": 0.12131131515088549,
        "map_75": 0.06382602545968884,
        "map_5095": 0.05894103639892721,
        "map_50_containment": 0.14188985181811162,
        "map_90_containment": 0.06382602545968884,
        "mean_pred_box_area": 0.0010721724648373287,
        "std_pred_box_area": 0.0010062776396524132,
        "frac_pred_box_too_big": 0.0,
        "frac_pred_box_too_small": 1.0,
        "mean_gt_box_area": 0.001688351152373142,
        "pred_to_gt_area_ratio_mean": 1.1362073822345644,
        "pred_to_gt_area_ratio_median": 1.1010251649995524,
        "log_area_ratio_mean": -0.35255359096039246,
        "log_area_ratio_std": 1.0749157795923554,
        "center_distance_mean": 0.12912538091856576,
        "center_distance_median": 0.03394565687039118,
        "score_mean": 0.748936788957627,
        "score_std": 0.14840092412679512,
        "score_p25": 0.650801420211792,
        "score_p75": 0.8856536149978638,
        "score_iou_correlation": 0.28687428944829885
      }
    },
    "per_k": {
      "k1": {
        "n": 34,
        "n_pos": 34,
        "iou_mean": 0.23603183021495008,
        "iou_median": 0.0,
        "iou_p25": 0.0,
        "iou_p75": 0.5897885635495186,
        "iou_std": 0.3400492392278119,
        "frac_iou_25": 0.3235294117647059,
        "frac_iou_50": 0.2647058823529412,
        "frac_iou_75": 0.20588235294117646,
        "frac_iou_90": 0.0,
        "containment_mean": 0.2872315394856474,
        "containment_median": 0.0,
        "containment_p25": 0.0,
        "containment_p75": 0.7060241401195526,
        "containment_std": 0.4134692617682251,
        "frac_containment_50": 0.2647058823529412,
        "frac_containment_75": 0.2647058823529412,