{
  "stage": "L2",
  "epoch": 2,
  "fold": 2,
  "wall_clock_seconds": 384.84,
  "lr": {
    "fusion": 9.628922166628628e-05,
    "class_head": 4.8146468079556455e-05,
    "box_head": 4.8146468079556455e-05
  },
  "train": {
    "loss": 5.955262308120727,
    "patch_ce": 3.3199580078125,
    "l1": 0.055765820726752284,
    "giou": 1.1782376036643982,
    "grad_norm": 9.470435287475587,
    "n_steps": 250,
    "alpha": 0.03826387971639633
  },
  "val": {
    "overall": {
      "n": 100,
      "n_pos": 100,
      "iou_mean": 0.32639770850539207,
      "iou_median": 0.08426650613546371,
      "iou_p25": 0.0,
      "iou_p75": 0.7671736925840378,
      "iou_std": 0.36632205394861217,
      "frac_iou_25": 0.44,
      "frac_iou_50": 0.37,
      "frac_iou_75": 0.3,
      "frac_iou_90": 0.0,
      "containment_mean": 0.4067424764484167,
      "containment_median": 0.10007307678461075,
      "containment_p25": 0.0,
      "containment_p75": 0.9440869837999344,
      "containment_std": 0.4498809287547196,
      "frac_containment_50": 0.41,
      "frac_containment_75": 0.37,
      "frac_containment_90": 0.32,
      "frac_containment_full": 0.17,
      "contain_at_iou_50": 0.37,
      "contain_at_iou_75": 0.3,
      "high_contain_high_iou": 0.3,
      "ap_per_iou": {
        "0.50": 0.2516586803598687,
        "0.55": 0.24647172682298046,
        "0.60": 0.24647172682298046,
        "0.65": 0.24647172682298046,
        "0.70": 0.20171138223187876,
        "0.75": 0.1669368742811213,
        "0.80": 0.039520437339756784,
        "0.85": 0.006247794590779833,
        "0.90": 0.0,
        "0.95": 0.0
      },
      "map_50": 0.2516586803598687,
      "map_75": 0.1669368742811213,
      "map_5095": 0.14054903492723467,
      "map_50_containment": 0.2723082286249104,
      "map_90_containment": 0.20191980091584816,
      "mean_pred_box_area": 0.01674590383432772,
      "std_pred_box_area": 0.08291720707825517,
      "frac_pred_box_too_big": 0.01,
      "frac_pred_box_too_small": 0.79,
      "mean_gt_box_area": 0.009614114037668332,
      "pred_to_gt_area_ratio_mean": 1.4429358583811718,
      "pred_to_gt_area_ratio_median": 1.071663332992008,
      "log_area_ratio_mean": -0.2703582485877403,
      "log_area_ratio_std": 1.2098901141163894,
      "center_distance_mean": 0.132160357799358,
      "center_distance_median": 0.01900781194669786,
      "score_mean": 0.7743122881650925,
      "score_std": 0.18024397960630414,
      "score_p25": 0.6693522185087204,
      "score_p75": 0.918911024928093,
      "score_iou_correlation": 0.36807512968916367
    },
    "per_source": {
      "hots": {
        "n": 36,
        "n_pos": 36,
        "iou_mean": 0.5091041755966015,
        "iou_median": 0.7657985389232635,
        "iou_p25": 0.03595602326095104,
        "iou_p75": 0.7916299998760223,
        "iou_std": 0.3785370807724085,
        "frac_iou_25": 0.6388888888888888,
        "frac_iou_50": 0.6388888888888888,
        "frac_iou_75": 0.5555555555555556,
        "frac_iou_90": 0.0,
        "containment_mean": 0.6372064124378893,
        "containment_median": 0.9319211840629578,
        "containment_p25": 0.03595602326095104,
        "containment_p75": 0.9999363422393799,
        "containment_std": 0.4567376062690642,
        "frac_containment_50": 0.6388888888888888,
        "frac_containment_75": 0.6388888888888888,
        "frac_containment_90": 0.5833333333333334,
        "frac_containment_full": 0.3611111111111111,
        "contain_at_iou_50": 0.6388888888888888,
        "contain_at_iou_75": 0.5555555555555556,
        "high_contain_high_iou": 0.5833333333333334,
        "ap_per_iou": {
          "0.50": 0.5136127898504133,
          "0.55": 0.5136127898504133,
          "0.60": 0.5136127898504133,
          "0.65": 0.5136127898504133,
          "0.70": 0.42614375723286585,
          "0.75": 0.3842677124855344,
          "0.80": 0.06875345919685139,
          "0.85": 0.012699095996556177,
          "0.90": 0.0,
          "0.95": 0.0
        },
        "map_50": 0.5136127898504133,
        "map_75": 0.3842677124855344,
        "map_5095": 0.29463151843134605,
        "map_50_containment": 0.5136127898504133,
        "map_90_containment": 0.439378080665209,
        "mean_pred_box_area": 0.04449209090241985,
        "std_pred_box_area": 0.1349392298941342,
        "frac_pred_box_too_big": 0.027777777777777776,
        "frac_pred_box_too_small": 0.4166666666666667,
        "mean_gt_box_area": 0.023399319145181733,
        "pred_to_gt_area_ratio_mean": 1.5084700230786112,
        "pred_to_gt_area_ratio_median": 1.1989609485835562,
        "log_area_ratio_mean": -0.10418891739553504,
        "log_area_ratio_std": 1.207342114180983,
        "center_distance_mean": 0.11986430304294841,
        "center_distance_median": 0.005530973643628111,
        "score_mean": 0.86622071514527,
        "score_std": 0.17191762106604144,
        "score_p25": 0.8326254040002823,
        "score_p75": 0.9743849039077759,
        "score_iou_correlation": 0.5034356718355084
      },
      "insdet": {
        "n": 64,
        "n_pos": 64,
        "iou_mean": 0.2236253207665868,
        "iou_median": 0.0,
        "iou_p25": 0.0,
        "iou_p75": 0.4257671535015106,
        "iou_std": 0.3185311933763247,
        "frac_iou_25": 0.328125,
        "frac_iou_50": 0.21875,
        "frac_iou_75": 0.15625,
        "frac_iou_90": 0.0,
        "containment_mean": 0.27710651245433837,
        "containment_median": 0.0,
        "containment_p25": 0.0,
        "containment_p75": 0.5990055352449417,
        "containment_std": 0.3933560782480132,
        "frac_containment_50": 0.28125,
        "frac_containment_75": 0.21875,
        "frac_containment_90": 0.171875,
        "frac_containment_full": 0.0625,
        "contain_at_iou_50": 0.21875,
        "contain_at_iou_75": 0.15625,
        "high_contain_high_iou": 0.140625,
        "ap_per_iou": {
          "0.50": 0.06451510535668949,
          "0.55": 0.06019928915968519,
          "0.60": 0.06019928915968519,
          "0.65": 0.06019928915968519,
          "0.70": 0.05467758314292967,
          "0.75": 0.03920311059446026,
          "0.80": 0.019230769230769232,
          "0.85": 0.0007920792079207921,
          "0.90": 0.0,
          "0.95": 0.0
        },
        "map_50": 0.06451510535668949,
        "map_75": 0.03920311059446026,
        "map_5095": 0.035901651501182505,
        "map_50_containment": 0.09309152069053057,
        "map_90_containment": 0.04400955024652262,
        "mean_pred_box_area": 0.0011386736085258987,
        "std_pred_box_area": 0.0008553754898916154,
        "frac_pred_box_too_big": 0.0,
        "frac_pred_box_too_small": 1.0,
        "mean_gt_box_area": 0.0018599361646920443,
        "pred_to_gt_area_ratio_mean": 1.406072890738862,
        "pred_to_gt_area_ratio_median": 1.0008310726255205,
        "log_area_ratio_mean": -0.36382849738335576,
        "log_area_ratio_std": 1.2107177560211078,
        "center_distance_mean": 0.13907688859983844,
        "center_distance_median": 0.04626957941000794,
        "score_mean": 0.7226137979887426,
        "score_std": 0.16459185885845637,
        "score_p25": 0.6255248337984085,
        "score_p75": 0.8584479242563248,
        "score_iou_correlation": 0.09529631377618308
      }
    },
    "per_k": {
      "k1": {
        "n": 34,
        "n_pos": 34,
        "iou_mean": 0.2057036020080833,
        "iou_median": 0.0,
        "iou_p25": 0.0,
        "iou_p75": 0.3803457096219063,
        "iou_std": 0.3240764905376684,
        "frac_iou_25": 0.29411764705882354,
        "frac_iou_50": 0.23529411764705882,
        "frac_iou_75": 0.17647058823529413,
        "frac_iou_90": 0.0,
        "containment_mean": 0.2752045835642254,
        "containment_median": 0.0,
        "containment_p25": 0.0,
        "containment_p75": 0.5286047011613846,
        "containment_std": 0.41130067641109097,
        "frac_containment_50": 0.2647058823529412,
        "frac_containment_75": 0.23529411764705882,