{
  "stage": 3,
  "epoch": 3,
  "fold": 2,
  "wall_clock_seconds": 194.19,
  "lr": {
    "group_0": 4.711006417512035e-06,
    "group_1": 4.711006417512035e-06,
    "group_2": 9.410806961417375e-05
  },
  "train": {
    "loss": 7.241203869542768,
    "qfl": 0.5334639563675849,
    "neg_qfl": 0.00017397666893122086,
    "centerness": 1.1314402809066157,
    "dfl": 1.0103890982366377,
    "giou": 2.1480552515675946,
    "pred_iou": 0.24878815753806022,
    "presence": 0.08144795876597205,
    "attn": 0.17282080470073607,
    "aux": 2.6354713632214453,
    "entropy_reg": 0.5987503797777237,
    "reg_l2_prior": 808.8258706369708,
    "proto_norm": 35.60290435052687,
    "contrastive_presence": 0.9605754652330952,
    "feature_spread": 0.0,
    "nt_xent": 1.2774048101517461,
    "vicreg": 0.5975858819100165,
    "barlow": 0.08384112521044669,
    "triplet": 0.0,
    "grad_norm": 27.352994134349206,
    "n_steps": 62
  },
  "val": {
    "overall": {
      "n": 240,
      "n_pos": 114,
      "n_neg": 126,
      "iou_mean": 0.1416,
      "iou_median": 0.0,
      "iou_p25": 0.0,
      "iou_p75": 0.1542,
      "contain_mean": 0.2031,
      "contain_at_iou_50": 0.1404,
      "contain_at_iou_75": 0.0351,
      "map_50": 0.0404,
      "map_5095": 0.0099,
      "ap_per_iou": {
        "0.50": 0.0404,
        "0.55": 0.0226,
        "0.60": 0.0132,
        "0.65": 0.0106,
        "0.70": 0.0093,
        "0.75": 0.0018,
        "0.80": 0.0004,
        "0.85": 0.0002,
        "0.90": 0.0002,
        "0.95": 0.0
      },
      "f1_50": 0.1768,
      "precision_50": 0.2388,
      "recall_50": 0.1404,
      "presence_acc": 0.7167,
      "presence_acc_pos": 0.8509,
      "presence_acc_neg": 0.5952,
      "mean_score_pos": 0.5748,
      "mean_score_neg": 0.445,
      "presence_auroc": 0.8221,
      "presence_pr_auc": 0.7762,
      "presence_brier": 0.199,
      "frac_pred_near_corner": 0.0083,
      "frac_pred_tiny_box": 0.1333,
      "conf_map_mean_pos": 0.0253,
      "conf_map_mean_neg": 0.0277,
      "conf_map_std_pos": 0.0279,
      "conf_map_std_neg": 0.0278,
      "support_proto_norm_mean": 6.9916,
      "support_proto_norm_std": 0.4363,
      "argmax_cell_entropy": 4.1246
    },
    "per_source": {
      "hots": {
        "n": 38,
        "n_pos": 21,
        "n_neg": 17,
        "iou_mean": 0.073,
        "iou_median": 0.0,
        "iou_p25": 0.0,
        "iou_p75": 0.0,
        "contain_mean": 0.0826,
        "contain_at_iou_50": 0.0952,
        "contain_at_iou_75": 0.0952,
        "map_50": 0.0407,
        "map_5095": 0.0132,
        "ap_per_iou": {
          "0.50": 0.0407,
          "0.55": 0.0367,
          "0.60": 0.0216,
          "0.65": 0.0144,
          "0.70": 0.0144,
          "0.75": 0.0045,
          "0.80": 0.0,
          "0.85": 0.0,
          "0.90": 0.0,
          "0.95": 0.0
        },
        "f1_50": 0.1481,
        "precision_50": 0.3333,
        "recall_50": 0.0952,
        "presence_acc": 0.8947,
        "presence_acc_pos": 1.0,
        "presence_acc_neg": 0.7647,
        "mean_score_pos": 0.6596,
        "mean_score_neg": 0.3914,
        "presence_auroc": 0.9216,
        "presence_pr_auc": 0.9184,
        "presence_brier": 0.1427,
        "frac_pred_near_corner": 0.0,
        "frac_pred_tiny_box": 0.5263,
        "conf_map_mean_pos": 0.0231,
        "conf_map_mean_neg": 0.0264,
        "conf_map_std_pos": 0.028,
        "conf_map_std_neg": 0.0251,
        "support_proto_norm_mean": 7.1399,
        "support_proto_norm_std": 0.2318
      },
      "insdet": {
        "n": 92,
        "n_pos": 43,
        "n_neg": 49,
        "iou_mean": 0.0,
        "iou_median": 0.0,
        "iou_p25": 0.0,
        "iou_p75": 0.0,
        "contain_mean": 0.0,
        "contain_at_iou_50": 0.0,
        "contain_at_iou_75": 0.0,
        "map_50": 0.0,
        "map_5095": 0.0,
        "ap_per_iou": {
          "0.50": 0.0,
          "0.55": 0.0,
          "0.60": 0.0,
          "0.65": 0.0,
          "0.70": 0.0,
          "0.75": 0.0,
          "0.80": 0.0,
          "0.85": 0.0,
          "0.90": 0.0,
          "0.95": 0.0
        },
        "f1_50": 0.0,
        "precision_50": 0.0,
        "recall_50": 0.0,
        "presence_acc": 0.8043,
        "presence_acc_pos": 0.9302,
        "presence_acc_neg": 0.6939,
        "mean_score_pos": 0.5853,
        "mean_score_neg": 0.4123,
        "presence_auroc": 0.8533,
        "presence_pr_auc": 0.7742,
        "presence_brier": 0.1809,
        "frac_pred_near_corner": 0.0,
        "frac_pred_tiny_box": 0.0109,
        "conf_map_mean_pos": 0.0131,
        "conf_map_mean_neg": 0.021,
        "conf_map_std_pos": 0.0147,
        "conf_map_std_neg": 0.0214,
        "support_proto_norm_mean": 7.117,
        "support_proto_norm_std": 0.2883
      },
      "vizwiz_base": {
        "n": 97,
        "n_pos": 46,
        "n_neg": 51,
        "iou_mean": 0.2939,
        "iou_median": 0.2469,
        "iou_p25": 0.008,
        "iou_p75": 0.5174,
        "contain_mean": 0.4236,
        "contain_at_iou_50": 0.2609,
        "contain_at_iou_75": 0.0435,
        "map_50": 0.0713,
        "map_5095": 0.0155,
        "ap_per_iou": {
          "0.50": 0.0713,
          "0.55": 0.0387,
          "0.60": 0.0151,
          "0.65": 0.0123,
          "0.70": 0.0079,
          "0.75": 0.0034,
          "0.80": 0.0024,
          "0.85": 0.0017,
          "0.90": 0.0017,
          "0.95": 0.0
        },
        "f1_50": 0.2824,
        "precision_50": 0.3077,
        "recall_50": 0.2609,
        "presence_acc": 0.5773,
        "presence_acc_pos": 0.6957,
        "presence_acc_neg": 0.4706,
        "mean_score_pos": 0.5254,
        "mean_score_neg": 0.4931,
        "presence_auroc": 0.662,
        "presence_pr_auc": 0.634,
        "presence_brier": 0.2375,
        "frac_pred_near_corner": 0.0,
        "frac_pred_tiny_box": 0.0619,
        "conf_map_mean_pos": 0.0375,
        "conf_map_mean_neg": 0.0349,
        "conf_map_std_pos": 0.0383,
        "conf_map_std_neg": 0.0353,
        "support_proto_norm_mean": 6.8516,
        "support_proto_norm_std": 0.5397
      },
      "vizwiz_novel": {
        "n": 13,
        "n_pos": 4,
        "n_neg": 9,
        "iou_mean": 0.2711,
        "iou_median": 0.276,
        "iou_p25": 0.0147,
        "iou_p75": 0.5324,
        "contain_mean": 0.482,
        "contain_at_iou_50": 0.5,
        "contain_at_iou_75": 0.0,
        "map_50": 1.0,
        "map_5095": 0.201,
        "ap_per_iou": {
          "0.50": 1.0,
          "0.55": 0.2525,
          "0.60": 0.2525,
          "0.65": 0.2525,
          "0.70": 0.2525,
          "0.75": 0.0,
          "0.80": 0.0,
          "0.85": 0.0,
          "0.90": 0.0,
          "0.95": 0.0
        },
        "f1_50": 0.3636,
        "precision_50": 0.2857,
        "recall_50": 0.5,
        "presence_acc": 0.6154,
        "presence_acc_pos": 1.0,
        "presence_acc_neg": 0.4444,
        "mean_score_pos": 0.5853,
        "mean_score_neg": 0.4515,
        "presence_auroc": 0.8889,
        "presence_pr_auc": 0.6792,
        "presence_brier": 0.205,
        "frac_pred_near_corner": 0.1538,
        "frac_pred_tiny_box": 0.3846,
        "conf_map_mean_pos": 0.0276,
        "conf_map_mean_neg": 0.0266,
        "conf_map_std_pos": 0.0488,
        "conf_map_std_neg": 0.0256,
        "support_proto_norm_mean": 6.7142,
        "support_proto_norm_std": 0.4437
      }
    },
    "score_thr": 0.5,
    "iou_thr": 0.5,
    "img_size": 224,
    "tta_sizes": [
      224,
      288
    ]
  }
}