{
  "stage": "S2",
  "epoch": 5,
  "fold": 0,
  "wall_clock_seconds": 247.91,
  "lr": {
    "head": 4.729836637022463e-05,
    "lora": 4.729836637022463e-05
  },
  "train": {
    "loss": 0.07502139817923308,
    "focal": 0.04262307225726545,
    "variance": 0.005284981727600098,
    "decorrelation": 0.6373964917659759,
    "grad_norm": 0.26017371445894244,
    "n_steps": 100,
    "grad_steps": 50,
    "grad_nan_steps": 0
  },
  "val": {
    "overall": {
      "n": 200,
      "n_pos": 53,
      "n_neg": 147,
      "threshold": 0.5,
      "tp": 0,
      "fp": 0,
      "fn": 53,
      "tn": 147,
      "accuracy": 0.735,
      "acc_pos": 0.0,
      "acc_neg": 1.0,
      "precision": 0.0,
      "recall": 0.0,
      "f1": 0.0,
      "fpr": 0.0,
      "fnr": 1.0,
      "tpr": 0.0,
      "tnr": 1.0,
      "youden_j": 0.0,
      "mcc": 0.0,
      "auroc": 0.6874598896162238,
      "pr_auc": 0.37876001535900183,
      "avg_precision": 0.41828233409951965,
      "brier": 0.18399681579034063,
      "best_f1": 0.5285714285714286,
      "best_f1_threshold": 0.3157007098197937,
      "fpr_at_recall_95": 0.7755102040816326,
      "recall_at_fpr_05": 0.03773584905660377,
      "recall_at_fpr_10": 0.16981132075471697,
      "mean_score_pos": 0.3233678017584783,
      "mean_score_neg": 0.27730461298709824,
      "std_score_pos": 0.06193318516685127,
      "std_score_neg": 0.0840283732082111,
      "score_gap": 0.04606318877138005,
      "median_score_pos": 0.3295167088508606,
      "median_score_neg": 0.2867966592311859,
      "frac_high_score": 0.0,
      "frac_low_score": 0.03,
      "frac_uncertain": 0.055
    },
    "per_source": {
      "hots": {
        "n": 65,
        "n_pos": 21,
        "n_neg": 44,
        "threshold": 0.5,
        "tp": 0,
        "fp": 0,
        "fn": 21,
        "tn": 44,
        "accuracy": 0.676923076923077,
        "acc_pos": 0.0,
        "acc_neg": 1.0,
        "precision": 0.0,
        "recall": 0.0,
        "f1": 0.0,
        "fpr": 0.0,
        "fnr": 1.0,
        "tpr": 0.0,
        "tnr": 1.0,
        "youden_j": 0.0,
        "mcc": 0.0,
        "auroc": 0.7489177489177489,
        "pr_auc": 0.6558068440769075,
        "avg_precision": 0.6656132412995365,
        "brier": 0.2036168778645033,
        "best_f1": 0.6086956521739131,
        "best_f1_threshold": 0.3157007098197937,
        "fpr_at_recall_95": 0.7272727272727273,
        "recall_at_fpr_05": 0.3333333333333333,
        "recall_at_fpr_10": 0.47619047619047616,
        "mean_score_pos": 0.33082897606350126,
        "mean_score_neg": 0.2903176776387475,
        "std_score_pos": 0.045315006916641525,
        "std_score_neg": 0.043650153992773666,
        "score_gap": 0.04051129842475376,
        "median_score_pos": 0.3295167088508606,
        "median_score_neg": 0.29583504796028137,
        "frac_high_score": 0.0,
        "frac_low_score": 0.0,
        "frac_uncertain": 0.0
      },
      "insdet": {
        "n": 135,
        "n_pos": 32,
        "n_neg": 103,
        "threshold": 0.5,
        "tp": 0,
        "fp": 0,
        "fn": 32,
        "tn": 103,
        "accuracy": 0.762962962962963,
        "acc_pos": 0.0,
        "acc_neg": 1.0,
        "precision": 0.0,
        "recall": 0.0,
        "f1": 0.0,
        "fpr": 0.0,
        "fnr": 1.0,
        "tpr": 0.0,
        "tnr": 1.0,
        "youden_j": 0.0,
        "mcc": 0.0,
        "auroc": 0.6611043689320388,
        "pr_auc": 0.3164957442219655,
        "avg_precision": 0.3622025652046211,
        "brier": 0.17455011923611413,
        "best_f1": 0.49438202247191015,
        "best_f1_threshold": 0.31845623254776,
        "fpr_at_recall_95": 0.8252427184466019,
        "recall_at_fpr_05": 0.0,
        "recall_at_fpr_10": 0.0625,
        "mean_score_pos": 0.31847140612080693,
        "mean_score_neg": 0.2717456339126073,
        "std_score_pos": 0.07104114469080665,
        "std_score_neg": 0.09591196560737905,
        "score_gap": 0.04672577220819962,
        "median_score_pos": 0.33011969923973083,
        "median_score_neg": 0.2792094647884369,
        "frac_high_score": 0.0,
        "frac_low_score": 0.044444444444444446,
        "frac_uncertain": 0.08148148148148149
      }
    },
    "per_k": {
      "k1": {
        "n": 67,
        "n_pos": 17,
        "n_neg": 50,
        "threshold": 0.5,
        "tp": 0,
        "fp": 0,
        "fn": 17,
        "tn": 50,
        "accuracy": 0.746268656716418,
        "acc_pos": 0.0,
        "acc_neg": 1.0,
        "precision": 0.0,
        "recall": 0.0,
        "f1": 0.0,
        "fpr": 0.0,
        "fnr": 1.0,
        "tpr": 0.0,
        "tnr": 1.0,
        "youden_j": 0.0,
        "mcc": 0.0,
        "auroc": 0.6317647058823529,
        "pr_auc": 0.35956990715491405,
        "avg_precision": 0.3775828090225104,
        "brier": 0.184566723001994,
        "best_f1": 0.5,
        "best_f1_threshold": 0.3157007098197937,
        "fpr_at_recall_95": 0.88,
        "recall_at_fpr_05": 0.058823529411764705,
        "recall_at_fpr_10": 0.17647058823529413,
        "mean_score_pos": 0.3145523886470234,
        "mean_score_neg": 0.2879787959158421,
        "std_score_pos": 0.05024026250283134,
        "std_score_neg": 0.06255487031293067,
        "score_gap": 0.026573592731181317,
        "median_score_pos": 0.32446882128715515,
        "median_score_neg": 0.28888827562332153,
        "frac_high_score": 0.0,
        "frac_low_score": 0.0,
        "frac_uncertain": 0.04477611940298507
      },
      "k4": {
        "n": 67,
        "n_pos": 25,
        "n_neg": 42,
        "threshold": 0.5,
        "tp": 0,
        "fp": 0,
        "fn": 25,
        "tn": 42,
        "accuracy": 0.6268656716417911,
        "acc_pos": 0.0,
        "acc_neg": 1.0,
        "precision": 0.0,
        "recall": 0.0,
        "f1": 0.0,
        "fpr": 0.0,
        "fnr": 1.0,
        "tpr": 0.0,
        "tnr": 1.0,
        "youden_j": 0.0,
        "mcc": 0.0,
        "auroc": 0.6752380952380952,
        "pr_auc": 0.5008544062875581,
        "avg_precision": 0.551218825935928,
        "brier": 0.22745050720691462,
        "best_f1": 0.6181818181818183,
        "best_f1_threshold": 0.3159908950328827,
        "fpr_at_recall_95": 0.8809523809523809,
        "recall_at_fpr_05": 0.0,
        "recall_at_fpr_10": 0.24,
        "mean_score_pos": 0.3180408215522766,
        "mean_score_neg": 0.27366715607543785,
        "std_score_pos": 0.07653710582551368,
        "std_score_neg": 0.08921743148265794,
        "score_gap": 0.04437366547683874,
        "median_score_pos": 0.32718679308891296,
        "median_score_neg": 0.2891554683446884,
        "frac_high_score": 0.0,
        "frac_low_score": 0.05970149253731343,
        "frac_uncertain": 0.07462686567164178
      },
      "k10": {
        "n": 66,
        "n_pos": 11,
        "n_neg": 55,
        "threshold": 0.5,
        "tp": 0,
        "fp": 0,
        "fn": 11,
        "tn": 55,
        "accuracy": 0.8333333333333334,
        "acc_pos": 0.0,
        "acc_neg": 1.0,
        "precision": 0.0,
        "recall": 0.0,
        "f1": 0.0,
        "fpr": 0.0,
        "fnr": 1.0,
        "tpr": 0.0,
        "tnr": 1.0,
        "youden_j": 0.0,
        "mcc": 0.0,
        "auroc": 0.7768595041322314,
        "pr_auc": 0.32177275410011985,
        "avg_precision": 0.36806380638063846,
        "brier": 0.1393061929404734,
        "best_f1": 0.5,
        "best_f1_threshold": 0.3273299038410187,
        "fpr_at_recall_95": 0.45454545454545453,
        "recall_at_fpr_05": 0.0,
        "recall_at_fpr_10": 0.09090909090909091,
        "mean_score_pos": 0.3490983952175487,
        "mean_score_neg": 0.27037850469350816,
        "std_score_pos": 0.03027964564927932,
        "std_score_neg": 0.09659852056381435,
        "score_gap": 0.07871989052404055,
        "median_score_pos": 0.35224902629852295,
        "median_score_neg": 0.28601837158203125,
        "frac_high_score": 0.0,
        "frac_low_score": 0.030303030303030304,