{
  "stage": "L3",
  "epoch": 1,
  "fold": 2,
  "wall_clock_seconds": 482.49,
  "lr": {
    "fusion": 4.923151503003166e-05,
    "class_head": 1.96935300420367e-05,
    "box_head": 1.96935300420367e-05,
    "lora": 9.846149001002337e-05
  },
  "train": {
    "loss": 5.139484786033631,
    "patch_ce": 3.0753427734375,
    "l1": 0.04717904962785542,
    "giou": 0.9141233789920807,
    "grad_norm": NaN,
    "n_steps": 250,
    "alpha": 0.05094454064965248
  },
  "val": {
    "overall": {
      "n": 100,
      "n_pos": 100,
      "iou_mean": 0.3641231147106737,
      "iou_median": 0.12156321853399277,
      "iou_p25": 0.0,
      "iou_p75": 0.874673068523407,
      "iou_std": 0.40908408779270583,
      "frac_iou_25": 0.41,
      "frac_iou_50": 0.38,
      "frac_iou_75": 0.36,
      "frac_iou_90": 0.12,
      "containment_mean": 0.4025728490576148,
      "containment_median": 0.14388082176446915,
      "containment_p25": 0.0,
      "containment_p75": 0.9294253438711166,
      "containment_std": 0.4364851323836926,
      "frac_containment_50": 0.4,
      "frac_containment_75": 0.38,
      "frac_containment_90": 0.28,
      "frac_containment_full": 0.03,
      "contain_at_iou_50": 0.38,
      "contain_at_iou_75": 0.36,
      "high_contain_high_iou": 0.26,
      "ap_per_iou": {
        "0.50": 0.21758638361460014,
        "0.55": 0.21758638361460014,
        "0.60": 0.21758638361460014,
        "0.65": 0.21758638361460014,
        "0.70": 0.21265481685827187,
        "0.75": 0.20891668794333956,
        "0.80": 0.16733079984504418,
        "0.85": 0.12944452668586803,
        "0.90": 0.022796240496664566,
        "0.95": 0.0039603960396039604
      },
      "map_50": 0.21758638361460014,
      "map_75": 0.20891668794333956,
      "map_5095": 0.16154490023271928,
      "map_50_containment": 0.23443725202459176,
      "map_90_containment": 0.1194512017802888,
      "mean_pred_box_area": 0.013561815030590835,
      "std_pred_box_area": 0.07455493841734985,
      "frac_pred_box_too_big": 0.01,
      "frac_pred_box_too_small": 0.81,
      "mean_gt_box_area": 0.010584575189615131,
      "pred_to_gt_area_ratio_mean": 4.969196831630134,
      "pred_to_gt_area_ratio_median": 0.9212783611867146,
      "log_area_ratio_mean": -0.5755180856231632,
      "log_area_ratio_std": 1.320046123729162,
      "center_distance_mean": 0.10151125674704314,
      "center_distance_median": 0.016209104728612034,
      "score_mean": 0.7405104873329401,
      "score_std": 0.21857763365309224,
      "score_p25": 0.6466742157936096,
      "score_p75": 0.9091748744249344,
      "score_iou_correlation": 0.16358204648654215
    },
    "per_source": {
      "hots": {
        "n": 36,
        "n_pos": 36,
        "iou_mean": 0.5164758989380466,
        "iou_median": 0.7784282565116882,
        "iou_p25": 0.02346941828727722,
        "iou_p75": 0.8850786834955215,
        "iou_std": 0.41788292130313853,
        "frac_iou_25": 0.6111111111111112,
        "frac_iou_50": 0.5555555555555556,
        "frac_iou_75": 0.5277777777777778,
        "frac_iou_90": 0.16666666666666666,
        "containment_mean": 0.5439496251444021,
        "containment_median": 0.8547606766223907,
        "containment_p25": 0.02346941828727722,
        "containment_p75": 0.9430379271507263,
        "containment_std": 0.4423744181396474,
        "frac_containment_50": 0.5555555555555556,
        "frac_containment_75": 0.5277777777777778,
        "frac_containment_90": 0.3611111111111111,
        "frac_containment_full": 0.05555555555555555,
        "contain_at_iou_50": 0.5555555555555556,
        "contain_at_iou_75": 0.5277777777777778,
        "high_contain_high_iou": 0.3611111111111111,
        "ap_per_iou": {
          "0.50": 0.3756377698209381,
          "0.55": 0.3756377698209381,
          "0.60": 0.3756377698209381,
          "0.65": 0.3756377698209381,
          "0.70": 0.3756377698209381,
          "0.75": 0.35766622476727356,
          "0.80": 0.27347405070177366,
          "0.85": 0.20097665875184803,
          "0.90": 0.03679550647372431,
          "0.95": 0.0059405940594059415
        },
        "map_50": 0.3756377698209381,
        "map_75": 0.35766622476727356,
        "map_5095": 0.2753041883858716,
        "map_50_containment": 0.3756377698209381,
        "map_90_containment": 0.1902574420337962,
        "mean_pred_box_area": 0.015412448545891043,
        "std_pred_box_area": 0.023779891476798105,
        "frac_pred_box_too_big": 0.0,
        "frac_pred_box_too_small": 0.5,
        "mean_gt_box_area": 0.02592183429738118,
        "pred_to_gt_area_ratio_mean": 0.8160757713140998,
        "pred_to_gt_area_ratio_median": 0.9547360649455534,
        "log_area_ratio_mean": -0.6578327025599879,
        "log_area_ratio_std": 1.2803728626164184,
        "center_distance_mean": 0.08081576129093081,
        "center_distance_median": 0.0066292050775811455,
        "score_mean": 0.8105377906726466,
        "score_std": 0.2493156352100707,
        "score_p25": 0.7069717198610306,
        "score_p75": 0.9756657183170319,
        "score_iou_correlation": 0.07494457898425598
      },
      "insdet": {
        "n": 64,
        "n_pos": 64,
        "iou_mean": 0.27842467358277645,
        "iou_median": 0.031337360851466656,
        "iou_p25": 0.0,
        "iou_p75": 0.765889897942543,
        "iou_std": 0.381102721843191,
        "frac_iou_25": 0.296875,
        "frac_iou_50": 0.28125,
        "frac_iou_75": 0.265625,
        "frac_iou_90": 0.09375,
        "containment_mean": 0.3230484125087969,
        "containment_median": 0.0773010365664959,
        "containment_p25": 0.0,
        "containment_p75": 0.8975768089294434,
        "containment_std": 0.41571868461730255,
        "frac_containment_50": 0.3125,
        "frac_containment_75": 0.296875,
        "frac_containment_90": 0.234375,
        "frac_containment_full": 0.015625,
        "contain_at_iou_50": 0.28125,
        "contain_at_iou_75": 0.265625,
        "high_contain_high_iou": 0.203125,
        "ap_per_iou": {
          "0.50": 0.1258301340338116,
          "0.55": 0.1258301340338116,
          "0.60": 0.1258301340338116,
          "0.65": 0.1258301340338116,
          "0.70": 0.11723243752946727,
          "0.75": 0.11723243752946727,
          "0.80": 0.11212871287128719,
          "0.85": 0.0919643324876705,
          "0.90": 0.014291863969005595,
          "0.95": 0.0
        },
        "map_50": 0.1258301340338116,
        "map_75": 0.11723243752946727,
        "map_5095": 0.09561703205221442,
        "map_50_containment": 0.1600458004984171,
        "map_90_containment": 0.07517642920754661,
        "mean_pred_box_area": 0.012520833678234469,
        "std_pred_box_area": 0.09174679481001827,
        "frac_pred_box_too_big": 0.015625,
        "frac_pred_box_too_small": 0.984375,
        "mean_gt_box_area": 0.00195736694149673,
        "pred_to_gt_area_ratio_mean": 7.305327428057903,
        "pred_to_gt_area_ratio_median": 0.8990347196522737,
        "log_area_ratio_mean": -0.5292161135961994,
        "log_area_ratio_std": 1.3496096369363635,
        "center_distance_mean": 0.11315247294110634,
        "center_distance_median": 0.021990498797893013,
        "score_mean": 0.7011201292043552,
        "score_std": 0.19017376962091045,
        "score_p25": 0.6141183078289032,
        "score_p75": 0.8566055148839951,
        "score_iou_correlation": 0.12585769363162222
      }
    },
    "per_k": {
      "k1": {
        "n": 34,
        "n_pos": 34,
        "iou_mean": 0.2900070761439993,
        "iou_median": 0.0012056133709847927,
        "iou_p25": 0.0,
        "iou_p75": 0.8237361162900925,
        "iou_std": 0.3931697779056687,
        "frac_iou_25": 0.3235294117647059,
        "frac_iou_50": 0.29411764705882354,
        "frac_iou_75": 0.29411764705882354,
        "frac_iou_90": 0.11764705882352941,
        "containment_mean": 0.35968437571735945,
        "containment_median": 0.019037283957004547,
        "containment_p25": 0.0,