{
  "stage": "L3",
  "epoch": 1,
  "fold": 1,
  "wall_clock_seconds": 483.37,
  "lr": {
    "fusion": 4.984620762013318e-05,
    "class_head": 1.993866796875052e-05,
    "box_head": 1.993866796875052e-05,
    "lora": 9.969210703910434e-05
  },
  "train": {
    "loss": 5.676898072242737,
    "patch_ce": 3.5392421875,
    "l1": 0.045964931916445496,
    "giou": 0.9539156124591828,
    "grad_norm": 10.153632690429687,
    "n_steps": 250,
    "alpha": 0.05033322423696518
  },
  "val": {
    "overall": {
      "n": 100,
      "n_pos": 100,
      "iou_mean": 0.44913358853547836,
      "iou_median": 0.5677189826965332,
      "iou_p25": 0.0,
      "iou_p75": 0.8529228568077087,
      "iou_std": 0.40534846605725006,
      "frac_iou_25": 0.55,
      "frac_iou_50": 0.52,
      "frac_iou_75": 0.44,
      "frac_iou_90": 0.08,
      "containment_mean": 0.5069248825241811,
      "containment_median": 0.6249475479125977,
      "containment_p25": 0.0,
      "containment_p75": 0.9607563763856888,
      "containment_std": 0.44989225448498366,
      "frac_containment_50": 0.53,
      "frac_containment_75": 0.47,
      "frac_containment_90": 0.4,
      "frac_containment_full": 0.14,
      "contain_at_iou_50": 0.52,
      "contain_at_iou_75": 0.44,
      "high_contain_high_iou": 0.39,
      "ap_per_iou": {
        "0.50": 0.2944313095113802,
        "0.55": 0.2838588422811426,
        "0.60": 0.2590281283115976,
        "0.65": 0.22290763365892846,
        "0.70": 0.22290763365892846,
        "0.75": 0.2042040376157741,
        "0.80": 0.16222869224160255,
        "0.85": 0.08558061991766189,
        "0.90": 0.015965271481666054,
        "0.95": 0.0110658124635993
      },
      "map_50": 0.2944313095113802,
      "map_75": 0.2042040376157741,
      "map_5095": 0.17621779811422814,
      "map_50_containment": 0.30616723374665894,
      "map_90_containment": 0.17735420513020045,
      "mean_pred_box_area": 0.011760273223637525,
      "std_pred_box_area": 0.0653088713539652,
      "frac_pred_box_too_big": 0.01,
      "frac_pred_box_too_small": 0.82,
      "mean_gt_box_area": 0.007970917979674414,
      "pred_to_gt_area_ratio_mean": 1.3546651719529275,
      "pred_to_gt_area_ratio_median": 1.0359209712959438,
      "log_area_ratio_mean": -0.165974145038623,
      "log_area_ratio_std": 0.9901022105489079,
      "center_distance_mean": 0.10745244826591735,
      "center_distance_median": 0.008522152587179364,
      "score_mean": 0.8110854342579842,
      "score_std": 0.15429064343223964,
      "score_p25": 0.6997281014919281,
      "score_p75": 0.9390698820352554,
      "score_iou_correlation": 0.018580255681861887
    },
    "per_source": {
      "hots": {
        "n": 36,
        "n_pos": 36,
        "iou_mean": 0.38416784365351003,
        "iou_median": 0.13719843327999115,
        "iou_p25": 0.0,
        "iou_p75": 0.8473181426525116,
        "iou_std": 0.41284686825862676,
        "frac_iou_25": 0.4444444444444444,
        "frac_iou_50": 0.4444444444444444,
        "frac_iou_75": 0.3611111111111111,
        "frac_iou_90": 0.1111111111111111,
        "containment_mean": 0.44000808372058803,
        "containment_median": 0.17506371438503265,
        "containment_p25": 0.0,
        "containment_p75": 0.931499645113945,
        "containment_std": 0.45365759154959656,
        "frac_containment_50": 0.4722222222222222,
        "frac_containment_75": 0.4166666666666667,
        "frac_containment_90": 0.3055555555555556,
        "frac_containment_full": 0.16666666666666666,
        "contain_at_iou_50": 0.4444444444444444,
        "contain_at_iou_75": 0.3611111111111111,
        "high_contain_high_iou": 0.2777777777777778,
        "ap_per_iou": {
          "0.50": 0.2300330033003299,
          "0.55": 0.2300330033003299,
          "0.60": 0.2300330033003299,
          "0.65": 0.1574257425742575,
          "0.70": 0.1574257425742575,
          "0.75": 0.13988684582744002,
          "0.80": 0.10198019801980199,
          "0.85": 0.060712205674348964,
          "0.90": 0.026295486691526287,
          "0.95": 0.01909476661951909
        },
        "map_50": 0.2300330033003299,
        "map_75": 0.13988684582744002,
        "map_5095": 0.1352919997882141,
        "map_50_containment": 0.25438472418670405,
        "map_90_containment": 0.10726072607260728,
        "mean_pred_box_area": 0.030559171687556144,
        "std_pred_box_area": 0.10721424941940505,
        "frac_pred_box_too_big": 0.027777777777777776,
        "frac_pred_box_too_small": 0.5,
        "mean_gt_box_area": 0.01944763216099495,
        "pred_to_gt_area_ratio_mean": 1.5796661248057893,
        "pred_to_gt_area_ratio_median": 0.9362004560004316,
        "log_area_ratio_mean": -0.3307351630221458,
        "log_area_ratio_std": 1.2619031664750107,
        "center_distance_mean": 0.1673917757304225,
        "center_distance_median": 0.02999203785677227,
        "score_mean": 0.9072416126728058,
        "score_std": 0.10424577523314547,
        "score_p25": 0.8749200254678726,
        "score_p75": 0.9818093627691269,
        "score_iou_correlation": -0.10318120264721375
      },
      "insdet": {
        "n": 64,
        "n_pos": 64,
        "iou_mean": 0.4856768200315855,
        "iou_median": 0.6608346700668335,
        "iou_p25": 0.0,
        "iou_p75": 0.8599904477596283,
        "iou_std": 0.3996731979891336,
        "frac_iou_25": 0.609375,
        "frac_iou_50": 0.5625,
        "frac_iou_75": 0.484375,
        "frac_iou_90": 0.0625,
        "containment_mean": 0.5445655818512023,
        "containment_median": 0.7791947722434998,
        "containment_p25": 0.0,
        "containment_p75": 0.9607563763856888,
        "containment_std": 0.44690894549633925,
        "frac_containment_50": 0.5625,
        "frac_containment_75": 0.5,
        "frac_containment_90": 0.453125,
        "frac_containment_full": 0.125,
        "contain_at_iou_50": 0.5625,
        "contain_at_iou_75": 0.484375,
        "high_contain_high_iou": 0.453125,
        "ap_per_iou": {
          "0.50": 0.3802766171041561,
          "0.55": 0.3545723831701235,
          "0.60": 0.31904360800863935,
          "0.65": 0.31904360800863935,
          "0.70": 0.31904360800863935,
          "0.75": 0.3011077327317537,
          "0.80": 0.24221843730040474,
          "0.85": 0.12800179315355423,
          "0.90": 0.004544716766758643,
          "0.95": 0.0
        },
        "map_50": 0.3802766171041561,
        "map_75": 0.3011077327317537,
        "map_5095": 0.2367852504252669,
        "map_50_containment": 0.3802766171041561,
        "map_90_containment": 0.2613209580243179,
        "mean_pred_box_area": 0.0011858928376833008,
        "std_pred_box_area": 0.0009727559122549989,
        "frac_pred_box_too_big": 0.0,
        "frac_pred_box_too_small": 1.0,
        "mean_gt_box_area": 0.001515266252681613,
        "pred_to_gt_area_ratio_mean": 1.2281021359731925,
        "pred_to_gt_area_ratio_median": 1.061238907603436,
        "log_area_ratio_mean": -0.07329607242289143,
        "log_area_ratio_std": 0.794714453386712,
        "center_distance_mean": 0.07373657656713321,
        "center_distance_median": 0.0035593212680097926,
        "score_mean": 0.756997583899647,
        "score_std": 0.1520398446951915,
        "score_p25": 0.6260028034448624,
        "score_p75": 0.863927036523819,
        "score_iou_correlation": 0.1624363068664264
      }
    },
    "per_k": {
      "k1": {
        "n": 34,
        "n_pos": 34,
        "iou_mean": 0.4730053577599499,
        "iou_median": 0.7609953582286835,
        "iou_p25": 0.0,
        "iou_p75": 0.8778035491704941,
        "iou_std": 0.43383335415946106,
        "frac_iou_25": 0.5294117647058824,
        "frac_iou_50": 0.5294117647058824,
        "frac_iou_75": 0.5294117647058824,
        "frac_iou_90": 0.17647058823529413,
        "containment_mean": 0.5401313370641541,
        "containment_median": 0.8583109676837921,
        "containment_p25": 0.0,
        "containment_p75": 0.9525066018104553,