{
  "stage": "L3",
  "phase": "insdet",
  "epoch": 1,
  "fold": 2,
  "wall_clock_seconds": 529.61,
  "lr": {
    "fusion": 4.984460158886337e-05,
    "class_head": 1.9938027487342302e-05,
    "box_head": 1.9938027487342302e-05,
    "lora": 0.00019937747209646865
  },
  "train": {
    "loss": 6.420059950947762,
    "patch_ce": 3.4986622617642085,
    "l1": 0.02141681723917524,
    "giou": 0.6814869431654612,
    "log_area": 0.5087208302309045,
    "grad_norm": 93.57886762876768,
    "n_steps": 300,
    "grad_steps": 37,
    "grad_nan_steps": 0,
    "alpha": 0.9522982239723206,
    "bg_bias": -0.013275912962853909
  },
  "val": {
    "overall": {
      "n": 100,
      "n_pos": 74,
      "n_neg": 26,
      "iou_mean": 0.29233291307212533,
      "iou_median": 0.0,
      "iou_p25": 0.0,
      "iou_p75": 0.7053623050451279,
      "iou_std": 0.3739527254970309,
      "frac_iou_25": 0.3783783783783784,
      "frac_iou_50": 0.2972972972972973,
      "frac_iou_75": 0.25675675675675674,
      "frac_iou_90": 0.08108108108108109,
      "containment_mean": 0.31934749858604894,
      "containment_median": 0.0,
      "containment_p25": 0.0,
      "containment_p75": 0.7448170185089111,
      "containment_std": 0.4110418712120022,
      "frac_containment_50": 0.33783783783783783,
      "frac_containment_75": 0.25675675675675674,
      "frac_containment_90": 0.22972972972972974,
      "frac_containment_full": 0.08108108108108109,
      "contain_at_iou_50": 0.2972972972972973,
      "contain_at_iou_75": 0.25675675675675674,
      "high_contain_high_iou": 0.22972972972972974,
      "ap_per_iou": {
        "0.50": 0.14791561088791286,
        "0.55": 0.1276230567199275,
        "0.60": 0.1276230567199275,
        "0.65": 0.1276230567199275,
        "0.70": 0.1276230567199275,
        "0.75": 0.1276230567199275,
        "0.80": 0.11434839372303161,
        "0.85": 0.06705351456198251,
        "0.90": 0.03036938309215537,
        "0.95": 0.0015232292460015233
      },
      "map_50": 0.14791561088791286,
      "map_75": 0.1276230567199275,
      "map_5095": 0.09993254151107214,
      "map_50_containment": 0.18775091676595548,
      "map_90_containment": 0.11434839372303161,
      "mean_pred_box_area": 0.0011267655090519794,
      "std_pred_box_area": 0.000995774129823734,
      "frac_pred_box_too_big": 0.0,
      "frac_pred_box_too_small": 0.9864864864864865,
      "mean_gt_box_area": 0.0017034806109763481,
      "pred_to_gt_area_ratio_mean": 1.0042869556996044,
      "pred_to_gt_area_ratio_median": 0.9105542332836642,
      "log_area_ratio_mean": -0.3083511574974489,
      "log_area_ratio_std": 0.8256969849813601,
      "center_distance_mean": 0.10620374675683757,
      "center_distance_median": 0.024452609115207143,
      "score_mean": 0.14467355055180756,
      "score_std": 0.09117251251449433,
      "score_p25": 0.07102341391146183,
      "score_p75": 0.21980632841587067,
      "score_iou_correlation": 0.3326158012867203,
      "bg_prob_pos_mean": 0.08768139833685111,
      "bg_prob_pos_median": 0.07883592694997787,
      "abstain_rate_pos": 0.0,
      "bg_prob_neg_mean": 0.17308873525605753,
      "bg_prob_neg_median": 0.1173117384314537,
      "abstain_rate_neg": 0.038461538461538464,
      "score_neg_mean": 0.11110393076132123,
      "score_neg_p75": 0.11763768643140793,
      "tn_rate": 0.038461538461538464,
      "fp_rate": 0.9615384615384616,
      "abstain_gap": 0.08540733691920642
    },
    "per_source": {
      "insdet": {
        "n": 100,
        "n_pos": 74,
        "n_neg": 26,
        "iou_mean": 0.29233291307212533,
        "iou_median": 0.0,
        "iou_p25": 0.0,
        "iou_p75": 0.7053623050451279,
        "iou_std": 0.3739527254970309,
        "frac_iou_25": 0.3783783783783784,
        "frac_iou_50": 0.2972972972972973,
        "frac_iou_75": 0.25675675675675674,
        "frac_iou_90": 0.08108108108108109,
        "containment_mean": 0.31934749858604894,
        "containment_median": 0.0,
        "containment_p25": 0.0,
        "containment_p75": 0.7448170185089111,
        "containment_std": 0.4110418712120022,
        "frac_containment_50": 0.33783783783783783,
        "frac_containment_75": 0.25675675675675674,
        "frac_containment_90": 0.22972972972972974,
        "frac_containment_full": 0.08108108108108109,
        "contain_at_iou_50": 0.2972972972972973,
        "contain_at_iou_75": 0.25675675675675674,
        "high_contain_high_iou": 0.22972972972972974,
        "ap_per_iou": {
          "0.50": 0.14791561088791286,
          "0.55": 0.1276230567199275,
          "0.60": 0.1276230567199275,
          "0.65": 0.1276230567199275,
          "0.70": 0.1276230567199275,
          "0.75": 0.1276230567199275,
          "0.80": 0.11434839372303161,
          "0.85": 0.06705351456198251,
          "0.90": 0.03036938309215537,
          "0.95": 0.0015232292460015233
        },
        "map_50": 0.14791561088791286,
        "map_75": 0.1276230567199275,
        "map_5095": 0.09993254151107214,
        "map_50_containment": 0.18775091676595548,
        "map_90_containment": 0.11434839372303161,
        "mean_pred_box_area": 0.0011267655090519794,
        "std_pred_box_area": 0.000995774129823734,
        "frac_pred_box_too_big": 0.0,
        "frac_pred_box_too_small": 0.9864864864864865,
        "mean_gt_box_area": 0.0017034806109763481,
        "pred_to_gt_area_ratio_mean": 1.0042869556996044,
        "pred_to_gt_area_ratio_median": 0.9105542332836642,
        "log_area_ratio_mean": -0.3083511574974489,
        "log_area_ratio_std": 0.8256969849813601,
        "center_distance_mean": 0.10620374675683757,
        "center_distance_median": 0.024452609115207143,
        "score_mean": 0.14467355055180756,
        "score_std": 0.09117251251449433,
        "score_p25": 0.07102341391146183,
        "score_p75": 0.21980632841587067,
        "score_iou_correlation": 0.3326158012867203,
        "bg_prob_pos_mean": 0.08768139833685111,
        "bg_prob_pos_median": 0.07883592694997787,
        "abstain_rate_pos": 0.0,
        "bg_prob_neg_mean": 0.17308873525605753,
        "bg_prob_neg_median": 0.1173117384314537,
        "abstain_rate_neg": 0.038461538461538464,
        "score_neg_mean": 0.11110393076132123,
        "score_neg_p75": 0.11763768643140793,
        "tn_rate": 0.038461538461538464,
        "fp_rate": 0.9615384615384616,
        "abstain_gap": 0.08540733691920642
      }
    },
    "per_k": {
      "k1": {
        "n": 34,
        "n_pos": 28,
        "n_neg": 6,
        "iou_mean": 0.30047058686614037,
        "iou_median": 0.0,
        "iou_p25": 0.0,
        "iou_p75": 0.5849775969982147,
        "iou_std": 0.3687248335990658,
        "frac_iou_25": 0.42857142857142855,
        "frac_iou_50": 0.32142857142857145,
        "frac_iou_75": 0.25,
        "frac_iou_90": 0.03571428571428571,
        "containment_mean": 0.3325619931731905,
        "containment_median": 0.0,
        "containment_p25": 0.0,
        "containment_p75": 0.6468144208192825,
        "containment_std": 0.41446276240804636,
        "frac_containment_50": 0.39285714285714285,
        "frac_containment_75": 0.25,
        "frac_containment_90": 0.21428571428571427,
        "frac_containment_full": 0.07142857142857142,
        "contain_at_iou_50": 0.32142857142857145,
        "contain_at_iou_75": 0.25,
        "high_contain_high_iou": 0.21428571428571427,
        "ap_per_iou": {
          "0.50": 0.1939729687254439,
          "0.55": 0.16151972340091153,
          "0.60": 0.16151972340091153,
          "0.65": 0.16151972340091153,
          "0.70": 0.16151972340091153,
          "0.75": 0.16151972340091153,
          "0.80": 0.14391796322489392,
          "0.85": 0.036303630363036306,
          "0.90": 0.0132013201320132,
          "0.95": 0.0
        },
        "map_50": 0.1939729687254439,
        "map_75": 0.16151972340091153,
        "map_5095": 0.1194994499449945,
        "map_50_containment": 0.2605728429985855,
        "map_90_containment": 0.14391796322489392,