{
  "stage": "L3",
  "phase": "insdet",
  "epoch": 1,
  "fold": 0,
  "wall_clock_seconds": 529.09,
  "lr": {
    "fusion": 2.9128787878787903e-05,
    "class_head": 1.1651515151515158e-05,
    "box_head": 1.1651515151515158e-05,
    "lora": 0.00011651515151515161
  },
  "train": {
    "loss": 7.607923478285471,
    "patch_ce": 4.857815968990326,
    "l1": 0.021360171558335424,
    "giou": 0.6437847856680552,
    "log_area": 0.4408267446746474,
    "grad_norm": 99.56304796280399,
    "n_steps": 300,
    "grad_steps": 37,
    "grad_nan_steps": 6,
    "alpha": 0.9524760842323303,
    "bg_bias": -0.013747956603765488
  },
  "val": {
    "overall": {
      "n": 100,
      "n_pos": 67,
      "n_neg": 33,
      "iou_mean": 0.3665890721465225,
      "iou_median": 0.032733820378780365,
      "iou_p25": 0.0,
      "iou_p75": 0.7942255735397339,
      "iou_std": 0.3951887406408591,
      "frac_iou_25": 0.47761194029850745,
      "frac_iou_50": 0.44776119402985076,
      "frac_iou_75": 0.3283582089552239,
      "frac_iou_90": 0.05970149253731343,
      "containment_mean": 0.43926694499912544,
      "containment_median": 0.032733820378780365,
      "containment_p25": 0.0,
      "containment_p75": 0.9371971487998962,
      "containment_std": 0.4622720648279408,
      "frac_containment_50": 0.4626865671641791,
      "frac_containment_75": 0.4626865671641791,
      "frac_containment_90": 0.2835820895522388,
      "frac_containment_full": 0.1044776119402985,
      "contain_at_iou_50": 0.44776119402985076,
      "contain_at_iou_75": 0.3283582089552239,
      "high_contain_high_iou": 0.26865671641791045,
      "ap_per_iou": {
        "0.50": 0.32421875120887195,
        "0.55": 0.31508531547653873,
        "0.60": 0.2935206240742703,
        "0.65": 0.2581783808126207,
        "0.70": 0.22851656478545482,
        "0.75": 0.1904633842760317,
        "0.80": 0.12112476429829218,
        "0.85": 0.08679533945297364,
        "0.90": 0.009900990099009901,
        "0.95": 0.0
      },
      "map_50": 0.32421875120887195,
      "map_75": 0.1904633842760317,
      "map_5095": 0.1827804114484064,
      "map_50_containment": 0.3424893222453825,
      "map_90_containment": 0.13412412040199165,
      "mean_pred_box_area": 0.0012411408259237592,
      "std_pred_box_area": 0.0016130825332962807,
      "frac_pred_box_too_big": 0.0,
      "frac_pred_box_too_small": 0.9701492537313433,
      "mean_gt_box_area": 0.0015255657594595382,
      "pred_to_gt_area_ratio_mean": 1.230269553430441,
      "pred_to_gt_area_ratio_median": 1.0559883174544082,
      "log_area_ratio_mean": -0.0560565678887975,
      "log_area_ratio_std": 0.8678339993272276,
      "center_distance_mean": 0.09339994792328463,
      "center_distance_median": 0.02746465213185398,
      "score_mean": 0.09160776792177514,
      "score_std": 0.05843860669759578,
      "score_p25": 0.05157240107655525,
      "score_p75": 0.11394904181361198,
      "score_iou_correlation": 0.4419722650618104,
      "bg_prob_pos_mean": 0.030019268195436738,
      "bg_prob_pos_median": 0.0291004441678524,
      "abstain_rate_pos": 0.0,
      "bg_prob_neg_mean": 0.059396217492493714,
      "bg_prob_neg_median": 0.03740020841360092,
      "abstain_rate_neg": 0.0,
      "score_neg_mean": 0.07523618243408925,
      "score_neg_p75": 0.09698744118213654,
      "tn_rate": 0.0,
      "fp_rate": 1.0,
      "abstain_gap": 0.029376949297056976
    },
    "per_source": {
      "insdet": {
        "n": 100,
        "n_pos": 67,
        "n_neg": 33,
        "iou_mean": 0.3665890721465225,
        "iou_median": 0.032733820378780365,
        "iou_p25": 0.0,
        "iou_p75": 0.7942255735397339,
        "iou_std": 0.3951887406408591,
        "frac_iou_25": 0.47761194029850745,
        "frac_iou_50": 0.44776119402985076,
        "frac_iou_75": 0.3283582089552239,
        "frac_iou_90": 0.05970149253731343,
        "containment_mean": 0.43926694499912544,
        "containment_median": 0.032733820378780365,
        "containment_p25": 0.0,
        "containment_p75": 0.9371971487998962,
        "containment_std": 0.4622720648279408,
        "frac_containment_50": 0.4626865671641791,
        "frac_containment_75": 0.4626865671641791,
        "frac_containment_90": 0.2835820895522388,
        "frac_containment_full": 0.1044776119402985,
        "contain_at_iou_50": 0.44776119402985076,
        "contain_at_iou_75": 0.3283582089552239,
        "high_contain_high_iou": 0.26865671641791045,
        "ap_per_iou": {
          "0.50": 0.32421875120887195,
          "0.55": 0.31508531547653873,
          "0.60": 0.2935206240742703,
          "0.65": 0.2581783808126207,
          "0.70": 0.22851656478545482,
          "0.75": 0.1904633842760317,
          "0.80": 0.12112476429829218,
          "0.85": 0.08679533945297364,
          "0.90": 0.009900990099009901,
          "0.95": 0.0
        },
        "map_50": 0.32421875120887195,
        "map_75": 0.1904633842760317,
        "map_5095": 0.1827804114484064,
        "map_50_containment": 0.3424893222453825,
        "map_90_containment": 0.13412412040199165,
        "mean_pred_box_area": 0.0012411408259237592,
        "std_pred_box_area": 0.0016130825332962807,
        "frac_pred_box_too_big": 0.0,
        "frac_pred_box_too_small": 0.9701492537313433,
        "mean_gt_box_area": 0.0015255657594595382,
        "pred_to_gt_area_ratio_mean": 1.230269553430441,
        "pred_to_gt_area_ratio_median": 1.0559883174544082,
        "log_area_ratio_mean": -0.0560565678887975,
        "log_area_ratio_std": 0.8678339993272276,
        "center_distance_mean": 0.09339994792328463,
        "center_distance_median": 0.02746465213185398,
        "score_mean": 0.09160776792177514,
        "score_std": 0.05843860669759578,
        "score_p25": 0.05157240107655525,
        "score_p75": 0.11394904181361198,
        "score_iou_correlation": 0.4419722650618104,
        "bg_prob_pos_mean": 0.030019268195436738,
        "bg_prob_pos_median": 0.0291004441678524,
        "abstain_rate_pos": 0.0,
        "bg_prob_neg_mean": 0.059396217492493714,
        "bg_prob_neg_median": 0.03740020841360092,
        "abstain_rate_neg": 0.0,
        "score_neg_mean": 0.07523618243408925,
        "score_neg_p75": 0.09698744118213654,
        "tn_rate": 0.0,
        "fp_rate": 1.0,
        "abstain_gap": 0.029376949297056976
      }
    },
    "per_k": {
      "k1": {
        "n": 34,
        "n_pos": 21,
        "n_neg": 13,
        "iou_mean": 0.27324694572460084,
        "iou_median": 0.0,
        "iou_p25": 0.0,
        "iou_p75": 0.7258941531181335,
        "iou_std": 0.39939929539392677,
        "frac_iou_25": 0.3333333333333333,
        "frac_iou_50": 0.3333333333333333,
        "frac_iou_75": 0.23809523809523808,
        "frac_iou_90": 0.14285714285714285,
        "containment_mean": 0.30703125290927435,
        "containment_median": 0.0,
        "containment_p25": 0.0,
        "containment_p75": 0.7935056090354919,
        "containment_std": 0.44564361797090896,
        "frac_containment_50": 0.3333333333333333,
        "frac_containment_75": 0.3333333333333333,
        "frac_containment_90": 0.23809523809523808,
        "frac_containment_full": 0.09523809523809523,
        "contain_at_iou_50": 0.3333333333333333,
        "contain_at_iou_75": 0.23809523809523808,
        "high_contain_high_iou": 0.23809523809523808,
        "ap_per_iou": {
          "0.50": 0.26261197548326254,
          "0.55": 0.26261197548326254,
          "0.60": 0.23925579371123926,
          "0.65": 0.23925579371123926,
          "0.70": 0.23925579371123926,
          "0.75": 0.2164073550212165,
          "0.80": 0.14049976426214048,
          "0.85": 0.09193776520509196,
          "0.90": 0.09193776520509196,
          "0.95": 0.0
        },
        "map_50": 0.26261197548326254,
        "map_75": 0.2164073550212165,
        "map_5095": 0.17837739817937837,
        "map_50_containment": 0.26261197548326254,
        "map_90_containment": 0.1537010843941537,