{
  "stage": "L2",
  "epoch": 5,
  "fold": 2,
  "wall_clock_seconds": 388.51,
  "lr": {
    "fusion": 6.749628708978996e-05,
    "class_head": 3.37644116694747e-05,
    "box_head": 3.37644116694747e-05
  },
  "train": {
    "loss": 5.459772673130035,
    "patch_ce": 2.98196435546875,
    "l1": 0.05990417549200356,
    "giou": 1.0891437244415283,
    "grad_norm": 10.633054244995117,
    "n_steps": 250,
    "alpha": 0.043852902948856354
  },
  "val": {
    "overall": {
      "n": 100,
      "n_pos": 100,
      "iou_mean": 0.3765089034475386,
      "iou_median": 0.22633881121873856,
      "iou_p25": 0.0,
      "iou_p75": 0.8101584017276764,
      "iou_std": 0.39371774774750556,
      "frac_iou_25": 0.5,
      "frac_iou_50": 0.4,
      "frac_iou_75": 0.32,
      "frac_iou_90": 0.09,
      "containment_mean": 0.4287898014485836,
      "containment_median": 0.2365318089723587,
      "containment_p25": 0.0,
      "containment_p75": 0.9419216215610504,
      "containment_std": 0.4448026437836356,
      "frac_containment_50": 0.42,
      "frac_containment_75": 0.39,
      "frac_containment_90": 0.32,
      "frac_containment_full": 0.13,
      "contain_at_iou_50": 0.4,
      "contain_at_iou_75": 0.32,
      "high_contain_high_iou": 0.31,
      "ap_per_iou": {
        "0.50": 0.2718748869608428,
        "0.55": 0.2718748869608428,
        "0.60": 0.2673365020878727,
        "0.65": 0.2575979270373209,
        "0.70": 0.2502217974382979,
        "0.75": 0.21056201808345562,
        "0.80": 0.1726276996526645,
        "0.85": 0.07544325713063887,
        "0.90": 0.0196956544698636,
        "0.95": 0.009900990099009901
      },
      "map_50": 0.2718748869608428,
      "map_75": 0.21056201808345562,
      "map_5095": 0.18071356199208094,
      "map_50_containment": 0.2956373086504635,
      "map_90_containment": 0.2025703353043354,
      "mean_pred_box_area": 0.008235592925364308,
      "std_pred_box_area": 0.021950286871511782,
      "frac_pred_box_too_big": 0.0,
      "frac_pred_box_too_small": 0.74,
      "mean_gt_box_area": 0.010932852422952421,
      "pred_to_gt_area_ratio_mean": 1.1114433257982428,
      "pred_to_gt_area_ratio_median": 0.9813902552890572,
      "log_area_ratio_mean": -0.23985710621827175,
      "log_area_ratio_std": 0.8687408060482649,
      "center_distance_mean": 0.13221957997837477,
      "center_distance_median": 0.021685547923464055,
      "score_mean": 0.7630778349936008,
      "score_std": 0.1960847989254296,
      "score_p25": 0.6459696292877197,
      "score_p75": 0.9366906881332397,
      "score_iou_correlation": 0.28837571481987345
    },
    "per_source": {
      "hots": {
        "n": 36,
        "n_pos": 36,
        "iou_mean": 0.512687388031433,
        "iou_median": 0.7570737302303314,
        "iou_p25": 0.0,
        "iou_p75": 0.8515078276395798,
        "iou_std": 0.3929078389002191,
        "frac_iou_25": 0.6666666666666666,
        "frac_iou_50": 0.5555555555555556,
        "frac_iou_75": 0.5,
        "frac_iou_90": 0.05555555555555555,
        "containment_mean": 0.5819813791248534,
        "containment_median": 0.8833793103694916,
        "containment_p25": 0.0,
        "containment_p75": 0.9844354093074799,
        "containment_std": 0.44694594777873903,
        "frac_containment_50": 0.5555555555555556,
        "frac_containment_75": 0.5555555555555556,
        "frac_containment_90": 0.4722222222222222,
        "frac_containment_full": 0.25,
        "contain_at_iou_50": 0.5555555555555556,
        "contain_at_iou_75": 0.5,
        "high_contain_high_iou": 0.4722222222222222,
        "ap_per_iou": {
          "0.50": 0.46109019142629953,
          "0.55": 0.46109019142629953,
          "0.60": 0.46109019142629953,
          "0.65": 0.46109019142629953,
          "0.70": 0.46109019142629953,
          "0.75": 0.4272889381085312,
          "0.80": 0.35695706415034406,
          "0.85": 0.14392836342457777,
          "0.90": 0.020792079207920793,
          "0.95": 0.01485148514851485
        },
        "map_50": 0.46109019142629953,
        "map_75": 0.4272889381085312,
        "map_5095": 0.32692688871713865,
        "map_50_containment": 0.46109019142629953,
        "map_90_containment": 0.3961703313188465,
        "mean_pred_box_area": 0.020459660402634278,
        "std_pred_box_area": 0.033492165127423486,
        "frac_pred_box_too_big": 0.0,
        "frac_pred_box_too_small": 0.2777777777777778,
        "mean_gt_box_area": 0.02684210929539405,
        "pred_to_gt_area_ratio_mean": 0.8640451785462016,
        "pred_to_gt_area_ratio_median": 0.9815713021499441,
        "log_area_ratio_mean": -0.4411057316821689,
        "log_area_ratio_std": 0.9182870082193467,
        "center_distance_mean": 0.1161848533920203,
        "center_distance_median": 0.007100250870774861,
        "score_mean": 0.8077754494216707,
        "score_std": 0.22116367091196434,
        "score_p25": 0.7114394009113312,
        "score_p75": 0.9808504730463028,
        "score_iou_correlation": 0.4402764503688035
      },
      "insdet": {
        "n": 64,
        "n_pos": 64,
        "iou_mean": 0.299908505869098,
        "iou_median": 0.0,
        "iou_p25": 0.0,
        "iou_p75": 0.7173107415437698,
        "iou_std": 0.3758596553499527,
        "frac_iou_25": 0.40625,
        "frac_iou_50": 0.3125,
        "frac_iou_75": 0.21875,
        "frac_iou_90": 0.109375,
        "containment_mean": 0.3426195390056819,
        "containment_median": 0.0,
        "containment_p25": 0.0,
        "containment_p75": 0.8489083498716354,
        "containment_std": 0.4230540913720811,
        "frac_containment_50": 0.34375,
        "frac_containment_75": 0.296875,
        "frac_containment_90": 0.234375,
        "frac_containment_full": 0.0625,
        "contain_at_iou_50": 0.3125,
        "contain_at_iou_75": 0.21875,
        "high_contain_high_iou": 0.21875,
        "ap_per_iou": {
          "0.50": 0.14525289077908665,
          "0.55": 0.14525289077908665,
          "0.60": 0.1385837863686456,
          "0.65": 0.12533578668425846,
          "0.70": 0.1153096601905349,
          "0.75": 0.06792102872143262,
          "0.80": 0.04794909638022626,
          "0.85": 0.02546780413335451,
          "0.90": 0.015351994758299362,
          "0.95": 0.0
        },
        "map_50": 0.14525289077908665,
        "map_75": 0.06792102872143262,
        "map_5095": 0.08264249387949249,
        "map_50_containment": 0.19381325407350328,
        "map_90_containment": 0.07472878841592598,
        "mean_pred_box_area": 0.0013595549693999505,
        "std_pred_box_area": 0.0007346277875777876,
        "frac_pred_box_too_big": 0.0,
        "frac_pred_box_too_small": 1.0,
        "mean_gt_box_area": 0.001983895432204008,
        "pred_to_gt_area_ratio_mean": 1.250604783627516,
        "pred_to_gt_area_ratio_median": 0.9791904130456217,
        "log_area_ratio_mean": -0.12665475439482962,
        "log_area_ratio_std": 0.825432839024427,
        "center_distance_mean": 0.14123911368319916,
        "center_distance_median": 0.032154711503071774,
        "score_mean": 0.7379354268778116,
        "score_std": 0.17737625221875375,
        "score_p25": 0.6178091615438461,
        "score_p75": 0.8890551179647446,
        "score_iou_correlation": 0.12442922139532143
      }
    },
    "per_k": {
      "k1": {
        "n": 34,
        "n_pos": 34,
        "iou_mean": 0.36709109392455397,
        "iou_median": 0.19263514131307602,
        "iou_p25": 0.0,
        "iou_p75": 0.7818100899457932,
        "iou_std": 0.4007066185038537,
        "frac_iou_25": 0.5,
        "frac_iou_50": 0.35294117647058826,
        "frac_iou_75": 0.3235294117647059,
        "frac_iou_90": 0.14705882352941177,
        "containment_mean": 0.4121808580615941,
        "containment_median": 0.23178593069314957,
        "containment_p25": 0.0,
        "containment_p75": 0.9381303936243057,
        "containment_std": 0.4431964503518367,
        "frac_containment_50": 0.38235294117647056,