{
  "stage": "L2",
  "phase": "mixed",
  "epoch": 4,
  "fold": 2,
  "wall_clock_seconds": 414.52,
  "lr": {
    "fusion": 1e-07,
    "class_head": 1e-07,
    "box_head": 1e-07
  },
  "train": {
    "loss": 6.862808651725451,
    "patch_ce": 3.589528668522835,
    "l1": 0.036196559663706766,
    "giou": 0.7589341374238332,
    "log_area": 0.5505010308073588,
    "grad_norm": 66.70420455932617,
    "n_steps": 300,
    "grad_steps": 37,
    "grad_nan_steps": 0,
    "alpha": 0.9520344138145447,
    "bg_bias": -0.014224642887711525
  },
  "val": {
    "overall": {
      "n": 100,
      "n_pos": 68,
      "n_neg": 32,
      "iou_mean": 0.35953652020543814,
      "iou_median": 0.3071710765361786,
      "iou_p25": 0.0,
      "iou_p75": 0.7834518402814865,
      "iou_std": 0.3683632484638817,
      "frac_iou_25": 0.5147058823529411,
      "frac_iou_50": 0.4117647058823529,
      "frac_iou_75": 0.2647058823529412,
      "frac_iou_90": 0.058823529411764705,
      "containment_mean": 0.4393491922494243,
      "containment_median": 0.33262473344802856,
      "containment_p25": 0.0,
      "containment_p75": 0.9308627545833588,
      "containment_std": 0.43754699195420094,
      "frac_containment_50": 0.4264705882352941,
      "frac_containment_75": 0.4117647058823529,
      "frac_containment_90": 0.3088235294117647,
      "frac_containment_full": 0.10294117647058823,
      "contain_at_iou_50": 0.4117647058823529,
      "contain_at_iou_75": 0.2647058823529412,
      "high_contain_high_iou": 0.29411764705882354,
      "ap_per_iou": {
        "0.50": 0.30912996250146124,
        "0.55": 0.24730484062158928,
        "0.60": 0.22711983003715494,
        "0.65": 0.19311782244684986,
        "0.70": 0.19311782244684986,
        "0.75": 0.15746928775815106,
        "0.80": 0.10902751309109718,
        "0.85": 0.054663341014408354,
        "0.90": 0.019444444444444445,
        "0.95": 0.0
      },
      "map_50": 0.30912996250146124,
      "map_75": 0.15746928775815106,
      "map_5095": 0.15103948643620063,
      "map_50_containment": 0.3149330233866458,
      "map_90_containment": 0.16716490483538674,
      "mean_pred_box_area": 0.007722598526259334,
      "std_pred_box_area": 0.017828873822761954,
      "frac_pred_box_too_big": 0.0,
      "frac_pred_box_too_small": 0.7205882352941176,
      "mean_gt_box_area": 0.010311838692441063,
      "pred_to_gt_area_ratio_mean": 1.2067426548654976,
      "pred_to_gt_area_ratio_median": 1.014667904619139,
      "log_area_ratio_mean": -0.04858015821435505,
      "log_area_ratio_std": 0.7158509257808772,
      "center_distance_mean": 0.11451981849378523,
      "center_distance_median": 0.02582264656628138,
      "score_mean": 0.11443542215206168,
      "score_std": 0.08144361735653866,
      "score_p25": 0.061260330490767956,
      "score_p75": 0.13993507251143456,
      "score_iou_correlation": 0.4109862235695345,
      "bg_prob_pos_mean": 0.13829605015652144,
      "bg_prob_pos_median": 0.10777765139937401,
      "abstain_rate_pos": 0.0,
      "bg_prob_neg_mean": 0.2767768467310816,
      "bg_prob_neg_median": 0.20596183836460114,
      "abstain_rate_neg": 0.09375,
      "score_neg_mean": 0.0930351507558953,
      "score_neg_p75": 0.11768920160830021,
      "tn_rate": 0.09375,
      "fp_rate": 0.90625,
      "abstain_gap": 0.13848079657456017
    },
    "per_source": {
      "hots": {
        "n": 36,
        "n_pos": 24,
        "n_neg": 12,
        "iou_mean": 0.32642985073228675,
        "iou_median": 0.2566550299525261,
        "iou_p25": 0.0,
        "iou_p75": 0.6689176708459854,
        "iou_std": 0.34191432709526226,
        "frac_iou_25": 0.5,
        "frac_iou_50": 0.2916666666666667,
        "frac_iou_75": 0.20833333333333334,
        "frac_iou_90": 0.0,
        "containment_mean": 0.39712545089423656,
        "containment_median": 0.2566550299525261,
        "containment_p25": 0.0,
        "containment_p75": 0.8878609389066696,
        "containment_std": 0.4166482452581822,
        "frac_containment_50": 0.3333333333333333,
        "frac_containment_75": 0.3333333333333333,
        "frac_containment_90": 0.20833333333333334,
        "frac_containment_full": 0.041666666666666664,
        "contain_at_iou_50": 0.2916666666666667,
        "contain_at_iou_75": 0.20833333333333334,
        "high_contain_high_iou": 0.16666666666666666,
        "ap_per_iou": {
          "0.50": 0.1863779784571863,
          "0.55": 0.1863779784571863,
          "0.60": 0.1863779784571863,
          "0.65": 0.17081927973017078,
          "0.70": 0.17081927973017078,
          "0.75": 0.15667500816015667,
          "0.80": 0.07371341529757372,
          "0.85": 0.04455445544554455,
          "0.90": 0.0,
          "0.95": 0.0
        },
        "map_50": 0.1863779784571863,
        "map_75": 0.15667500816015667,
        "map_5095": 0.11757153737351753,
        "map_50_containment": 0.20570848293620553,
        "map_90_containment": 0.04950495049504951,
        "mean_pred_box_area": 0.01752087725168847,
        "std_pred_box_area": 0.027638729053934052,
        "frac_pred_box_too_big": 0.0,
        "frac_pred_box_too_small": 0.375,
        "mean_gt_box_area": 0.025088703922471423,
        "pred_to_gt_area_ratio_mean": 0.9086601515176994,
        "pred_to_gt_area_ratio_median": 0.8666844788875154,
        "log_area_ratio_mean": -0.3522017756914151,
        "log_area_ratio_std": 0.760069470791799,
        "center_distance_mean": 0.14793295505774345,
        "center_distance_median": 0.053352288843933934,
        "score_mean": 0.10401271966596444,
        "score_std": 0.08493006652558528,
        "score_p25": 0.05475299246609211,
        "score_p75": 0.123758215457201,
        "score_iou_correlation": 0.2839501752382368,
        "bg_prob_pos_mean": 0.09974257236657043,
        "bg_prob_pos_median": 0.08226656913757324,
        "abstain_rate_pos": 0.0,
        "bg_prob_neg_mean": 0.35539389712115127,
        "bg_prob_neg_median": 0.24182069301605225,
        "abstain_rate_neg": 0.25,
        "score_neg_mean": 0.061708208406344056,
        "score_neg_p75": 0.08297553844749928,
        "tn_rate": 0.25,
        "fp_rate": 0.75,
        "abstain_gap": 0.25565132475458086
      },
      "insdet": {
        "n": 64,
        "n_pos": 44,
        "n_neg": 20,
        "iou_mean": 0.3775947035544298,
        "iou_median": 0.3482723981142044,
        "iou_p25": 0.0,
        "iou_p75": 0.7946857661008835,
        "iou_std": 0.3846427347879053,
        "frac_iou_25": 0.5227272727272727,
        "frac_iou_50": 0.4772727272727273,
        "frac_iou_75": 0.29545454545454547,
        "frac_iou_90": 0.09090909090909091,
        "containment_mean": 0.46238032389770856,
        "containment_median": 0.42175067961215973,
        "containment_p25": 0.0,
        "containment_p75": 0.943828895688057,
        "containment_std": 0.45156430940665265,
        "frac_containment_50": 0.4772727272727273,
        "frac_containment_75": 0.45454545454545453,
        "frac_containment_90": 0.36363636363636365,
        "frac_containment_full": 0.13636363636363635,
        "contain_at_iou_50": 0.4772727272727273,
        "contain_at_iou_75": 0.29545454545454547,
        "high_contain_high_iou": 0.36363636363636365,
        "ap_per_iou": {
          "0.50": 0.3864390358896519,
          "0.55": 0.28834366953178847,
          "0.60": 0.25570115390659964,
          "0.65": 0.21227740905958736,
          "0.70": 0.21227740905958736,
          "0.75": 0.16692696055319822,
          "0.80": 0.14276836337479903,
          "0.85": 0.06765089889725881,
          "0.90": 0.038486106675183644,
          "0.95": 0.0
        },
        "map_50": 0.3864390358896519,
        "map_75": 0.16692696055319822,
        "map_5095": 0.17708710069476546,
        "map_50_containment": 0.3864390358896519,
        "map_90_containment": 0.2786795376389927,
        "mean_pred_box_area": 0.0023780828578434414,
        "std_pred_box_area": 0.001968124538988359,
        "frac_pred_box_too_big": 0.0,