{
  "stage": "L2",
  "phase": "mixed",
  "epoch": 4,
  "fold": 1,
  "wall_clock_seconds": 414.1,
  "lr": {
    "fusion": 5.752585616354114e-06,
    "class_head": 1.9829386564647413e-06,
    "box_head": 1.9829386564647413e-06
  },
  "train": {
    "loss": 6.941048391461372,
    "patch_ce": 3.7162932481368385,
    "l1": 0.03406180289573967,
    "giou": 0.7545167114337286,
    "log_area": 0.4618821806548961,
    "grad_norm": 69.66671557039828,
    "n_steps": 300,
    "grad_steps": 37,
    "grad_nan_steps": 0,
    "alpha": 0.9520531296730042,
    "bg_bias": -0.014233876019716263
  },
  "val": {
    "overall": {
      "n": 100,
      "n_pos": 76,
      "n_neg": 24,
      "iou_mean": 0.3403745779436768,
      "iou_median": 0.019417219096794724,
      "iou_p25": 0.0,
      "iou_p75": 0.7140826433897018,
      "iou_std": 0.37850128992733184,
      "frac_iou_25": 0.47368421052631576,
      "frac_iou_50": 0.42105263157894735,
      "frac_iou_75": 0.25,
      "frac_iou_90": 0.07894736842105263,
      "containment_mean": 0.41950123861285027,
      "containment_median": 0.03855341160669923,
      "containment_p25": 0.0,
      "containment_p75": 0.8907091319561005,
      "containment_std": 0.4453702222066877,
      "frac_containment_50": 0.47368421052631576,
      "frac_containment_75": 0.42105263157894735,
      "frac_containment_90": 0.25,
      "frac_containment_full": 0.07894736842105263,
      "contain_at_iou_50": 0.42105263157894735,
      "contain_at_iou_75": 0.25,
      "high_contain_high_iou": 0.21052631578947367,
      "ap_per_iou": {
        "0.50": 0.2922639347268059,
        "0.55": 0.2716991461050866,
        "0.60": 0.21170299250421937,
        "0.65": 0.1513689195006457,
        "0.70": 0.1200054252000542,
        "0.75": 0.1200054252000542,
        "0.80": 0.09746287128712874,
        "0.85": 0.023762376237623763,
        "0.90": 0.016303630363036305,
        "0.95": 0.0
      },
      "map_50": 0.2922639347268059,
      "map_75": 0.1200054252000542,
      "map_5095": 0.13045747211246547,
      "map_50_containment": 0.3325664598101415,
      "map_90_containment": 0.09689988046423693,
      "mean_pred_box_area": 0.00883148295814492,
      "std_pred_box_area": 0.033006376745097224,
      "frac_pred_box_too_big": 0.0,
      "frac_pred_box_too_small": 0.75,
      "mean_gt_box_area": 0.008752998046279811,
      "pred_to_gt_area_ratio_mean": 1.341532280281221,
      "pred_to_gt_area_ratio_median": 0.9300957779434315,
      "log_area_ratio_mean": -0.0697180780224743,
      "log_area_ratio_std": 0.8364244637399854,
      "center_distance_mean": 0.14974718238795426,
      "center_distance_median": 0.03536927316162882,
      "score_mean": 0.1291383931070174,
      "score_std": 0.09101905553075651,
      "score_p25": 0.05961780156940222,
      "score_p75": 0.17142688482999802,
      "score_iou_correlation": 0.37067202718655884,
      "bg_prob_pos_mean": 0.15390679112782604,
      "bg_prob_pos_median": 0.11781886592507362,
      "abstain_rate_pos": 0.02631578947368421,
      "bg_prob_neg_mean": 0.36305661701286834,
      "bg_prob_neg_median": 0.3032972514629364,
      "abstain_rate_neg": 0.25,
      "score_neg_mean": 0.07072154548950493,
      "score_neg_p75": 0.07915777713060379,
      "tn_rate": 0.25,
      "fp_rate": 0.75,
      "abstain_gap": 0.2091498258850423
    },
    "per_source": {
      "hots": {
        "n": 36,
        "n_pos": 28,
        "n_neg": 8,
        "iou_mean": 0.3324342838355473,
        "iou_median": 0.0,
        "iou_p25": 0.0,
        "iou_p75": 0.6898078918457031,
        "iou_std": 0.37394409236100584,
        "frac_iou_25": 0.4642857142857143,
        "frac_iou_50": 0.4642857142857143,
        "frac_iou_75": 0.17857142857142858,
        "frac_iou_90": 0.03571428571428571,
        "containment_mean": 0.3782519783292498,
        "containment_median": 0.0,
        "containment_p25": 0.0,
        "containment_p75": 0.864439457654953,
        "containment_std": 0.4265854431260299,
        "frac_containment_50": 0.4642857142857143,
        "frac_containment_75": 0.35714285714285715,
        "frac_containment_90": 0.10714285714285714,
        "frac_containment_full": 0.03571428571428571,
        "contain_at_iou_50": 0.4642857142857143,
        "contain_at_iou_75": 0.17857142857142858,
        "high_contain_high_iou": 0.10714285714285714,
        "ap_per_iou": {
          "0.50": 0.35678183202935665,
          "0.55": 0.29935782039742426,
          "0.60": 0.210929169840061,
          "0.65": 0.10859536503100867,
          "0.70": 0.07179985855728431,
          "0.75": 0.07179985855728431,
          "0.80": 0.07179985855728431,
          "0.85": 0.009900990099009901,
          "0.90": 0.0024752475247524753,
          "0.95": 0.0
        },
        "map_50": 0.35678183202935665,
        "map_75": 0.07179985855728431,
        "map_5095": 0.12034400005934658,
        "map_50_containment": 0.35678183202935665,
        "map_90_containment": 0.011669024045261668,
        "mean_pred_box_area": 0.0212980592980062,
        "std_pred_box_area": 0.05261721316050272,
        "frac_pred_box_too_big": 0.0,
        "frac_pred_box_too_small": 0.35714285714285715,
        "mean_gt_box_area": 0.020618722064412263,
        "pred_to_gt_area_ratio_mean": 0.9789064949170669,
        "pred_to_gt_area_ratio_median": 0.8787712421673339,
        "log_area_ratio_mean": -0.2926003930011295,
        "log_area_ratio_std": 0.7679265592340198,
        "center_distance_mean": 0.20956453562410432,
        "center_distance_median": 0.14980169485919448,
        "score_mean": 0.13959863875061274,
        "score_std": 0.09845172775399373,
        "score_p25": 0.0694061629474163,
        "score_p75": 0.1921590492129326,
        "score_iou_correlation": 0.3506107391003737,
        "bg_prob_pos_mean": 0.12049010469179068,
        "bg_prob_pos_median": 0.07302683964371681,
        "abstain_rate_pos": 0.0,
        "bg_prob_neg_mean": 0.38701731245964766,
        "bg_prob_neg_median": 0.37503787875175476,
        "abstain_rate_neg": 0.375,
        "score_neg_mean": 0.042065255576744676,
        "score_neg_p75": 0.05243509262800217,
        "tn_rate": 0.375,
        "fp_rate": 0.625,
        "abstain_gap": 0.266527207767857
      },
      "insdet": {
        "n": 64,
        "n_pos": 48,
        "n_neg": 16,
        "iou_mean": 0.345006416173419,
        "iou_median": 0.04335225932300091,
        "iou_p25": 0.0,
        "iou_p75": 0.7798797637224197,
        "iou_std": 0.3849958240182486,
        "frac_iou_25": 0.4791666666666667,
        "frac_iou_50": 0.3958333333333333,
        "frac_iou_75": 0.2916666666666667,
        "frac_iou_90": 0.10416666666666667,
        "containment_mean": 0.4435633071116172,
        "containment_median": 0.16168545559048653,
        "containment_p25": 0.0,
        "containment_p75": 0.9309185147285461,
        "containment_std": 0.4586714299896486,
        "frac_containment_50": 0.4791666666666667,
        "frac_containment_75": 0.4583333333333333,
        "frac_containment_90": 0.3333333333333333,
        "frac_containment_full": 0.10416666666666667,
        "contain_at_iou_50": 0.3958333333333333,
        "contain_at_iou_75": 0.2916666666666667,
        "high_contain_high_iou": 0.2708333333333333,
        "ap_per_iou": {
          "0.50": 0.26720930970173634,
          "0.55": 0.26720930970173634,
          "0.60": 0.22156394330307386,
          "0.65": 0.20496184831096584,
          "0.70": 0.1736363077301519,
          "0.75": 0.1736363077301519,
          "0.80": 0.13035062904786718,
          "0.85": 0.03783220427305888,
          "0.90": 0.032343234323432335,
          "0.95": 0.0
        },
        "map_50": 0.26720930970173634,
        "map_75": 0.1736363077301519,
        "map_5095": 0.15087430941221747,
        "map_50_containment": 0.3327519576180741,
        "map_90_containment": 0.19619722437094939,
        "mean_pred_box_area": 0.001559313426559172,
        "std_pred_box_area": 0.0011765381392900144,