{
  "stage": "L2",
  "phase": "mixed",
  "epoch": 4,
  "fold": 0,
  "wall_clock_seconds": 414.53,
  "lr": {
    "fusion": 2.2284177421732456e-05,
    "class_head": 7.489794346218974e-06,
    "box_head": 7.489794346218974e-06
  },
  "train": {
    "loss": 6.924241648515065,
    "patch_ce": 3.699588990211487,
    "l1": 0.035688009980755546,
    "giou": 0.7448707632223766,
    "log_area": 0.5793118433163674,
    "grad_norm": 66.110041850322,
    "n_steps": 300,
    "grad_steps": 37,
    "grad_nan_steps": 0,
    "alpha": 0.9522172212600708,
    "bg_bias": -0.01418344397097826
  },
  "val": {
    "overall": {
      "n": 100,
      "n_pos": 76,
      "n_neg": 24,
      "iou_mean": 0.3414170215102403,
      "iou_median": 0.1414235308766365,
      "iou_p25": 0.0,
      "iou_p75": 0.7541972547769547,
      "iou_std": 0.3745590010990023,
      "frac_iou_25": 0.4605263157894737,
      "frac_iou_50": 0.3684210526315789,
      "frac_iou_75": 0.27631578947368424,
      "frac_iou_90": 0.05263157894736842,
      "containment_mean": 0.43877606995795904,
      "containment_median": 0.4027828127145767,
      "containment_p25": 0.0,
      "containment_p75": 0.89366714656353,
      "containment_std": 0.4332156890505615,
      "frac_containment_50": 0.47368421052631576,
      "frac_containment_75": 0.39473684210526316,
      "frac_containment_90": 0.23684210526315788,
      "frac_containment_full": 0.06578947368421052,
      "contain_at_iou_50": 0.3684210526315789,
      "contain_at_iou_75": 0.27631578947368424,
      "high_contain_high_iou": 0.21052631578947367,
      "ap_per_iou": {
        "0.50": 0.238268933581877,
        "0.55": 0.2302419807990076,
        "0.60": 0.1954606591345288,
        "0.65": 0.16761992480039506,
        "0.70": 0.16761992480039506,
        "0.75": 0.13200263962323008,
        "0.80": 0.10325788676428617,
        "0.85": 0.05166972938326831,
        "0.90": 0.01485148514851485,
        "0.95": 0.0033003300330033
      },
      "map_50": 0.238268933581877,
      "map_75": 0.13200263962323008,
      "map_5095": 0.13042934940685064,
      "map_50_containment": 0.36845073569134273,
      "map_90_containment": 0.11346030479213869,
      "mean_pred_box_area": 0.0037328102574573237,
      "std_pred_box_area": 0.004870573075019977,
      "frac_pred_box_too_big": 0.0,
      "frac_pred_box_too_small": 0.7763157894736842,
      "mean_gt_box_area": 0.005104566912709024,
      "pred_to_gt_area_ratio_mean": 1.7830678410145784,
      "pred_to_gt_area_ratio_median": 1.007974636684577,
      "log_area_ratio_mean": 0.12597781570379424,
      "log_area_ratio_std": 0.8047546771767404,
      "center_distance_mean": 0.1450719011611195,
      "center_distance_median": 0.016618743156682825,
      "score_mean": 0.12610018388123104,
      "score_std": 0.09244813134824258,
      "score_p25": 0.052727147936820984,
      "score_p75": 0.16707678511738777,
      "score_iou_correlation": 0.3376552833420926,
      "bg_prob_pos_mean": 0.21450624215465627,
      "bg_prob_pos_median": 0.184677392244339,
      "abstain_rate_pos": 0.07894736842105263,
      "bg_prob_neg_mean": 0.3674660297110677,
      "bg_prob_neg_median": 0.3742157369852066,
      "abstain_rate_neg": 0.25,
      "score_neg_mean": 0.08678527362644672,
      "score_neg_p75": 0.07711404003202915,
      "tn_rate": 0.25,
      "fp_rate": 0.75,
      "abstain_gap": 0.1529597875564114
    },
    "per_source": {
      "hots": {
        "n": 39,
        "n_pos": 33,
        "n_neg": 6,
        "iou_mean": 0.4018310841285821,
        "iou_median": 0.4852229952812195,
        "iou_p25": 0.0,
        "iou_p75": 0.8051400184631348,
        "iou_std": 0.4056497669520027,
        "frac_iou_25": 0.5151515151515151,
        "frac_iou_50": 0.45454545454545453,
        "frac_iou_75": 0.42424242424242425,
        "frac_iou_90": 0.030303030303030304,
        "containment_mean": 0.43980612357457477,
        "containment_median": 0.532724916934967,
        "containment_p25": 0.0,
        "containment_p75": 0.8780184388160706,
        "containment_std": 0.44217915076305037,
        "frac_containment_50": 0.5151515151515151,
        "frac_containment_75": 0.42424242424242425,
        "frac_containment_90": 0.15151515151515152,
        "frac_containment_full": 0.030303030303030304,
        "contain_at_iou_50": 0.45454545454545453,
        "contain_at_iou_75": 0.42424242424242425,
        "high_contain_high_iou": 0.15151515151515152,
        "ap_per_iou": {
          "0.50": 0.3047299490604447,
          "0.55": 0.3047299490604447,
          "0.60": 0.3047299490604447,
          "0.65": 0.3047299490604447,
          "0.70": 0.3047299490604447,
          "0.75": 0.2487300540687214,
          "0.80": 0.15023898941618297,
          "0.85": 0.0647027264302785,
          "0.90": 0.009900990099009901,
          "0.95": 0.0
        },
        "map_50": 0.3047299490604447,
        "map_75": 0.2487300540687214,
        "map_5095": 0.19972225053164164,
        "map_50_containment": 0.3412097476325884,
        "map_90_containment": 0.034824172072379665,
        "mean_pred_box_area": 0.006850849680959076,
        "std_pred_box_area": 0.006036381324021604,
        "frac_pred_box_too_big": 0.0,
        "frac_pred_box_too_small": 0.48484848484848486,
        "mean_gt_box_area": 0.010111490971669836,
        "pred_to_gt_area_ratio_mean": 0.9274154502126333,
        "pred_to_gt_area_ratio_median": 0.9315535656958701,
        "log_area_ratio_mean": -0.1959923566356359,
        "log_area_ratio_std": 0.5308849600907867,
        "center_distance_mean": 0.18205356520982585,
        "center_distance_median": 0.020579198618222355,
        "score_mean": 0.11531554060903462,
        "score_std": 0.09323120623095216,
        "score_p25": 0.04898460581898689,
        "score_p75": 0.1554742008447647,
        "score_iou_correlation": 0.1915754873708663,
        "bg_prob_pos_mean": 0.19125227872846703,
        "bg_prob_pos_median": 0.16415710747241974,
        "abstain_rate_pos": 0.06060606060606061,
        "bg_prob_neg_mean": 0.4777098745107651,
        "bg_prob_neg_median": 0.5090304315090179,
        "abstain_rate_neg": 0.5,
        "score_neg_mean": 0.051597509222726025,
        "score_neg_p75": 0.05390704981982708,
        "tn_rate": 0.5,
        "fp_rate": 0.5,
        "abstain_gap": 0.286457595782298
      },
      "insdet": {
        "n": 61,
        "n_pos": 43,
        "n_neg": 18,
        "iou_mean": 0.295052740896164,
        "iou_median": 0.1032819002866745,
        "iou_p25": 0.0,
        "iou_p75": 0.5639001131057739,
        "iou_std": 0.3465320634565666,
        "frac_iou_25": 0.4186046511627907,
        "frac_iou_50": 0.3023255813953488,
        "frac_iou_75": 0.16279069767441862,
        "frac_iou_90": 0.06976744186046512,
        "containment_mean": 0.4379855636940446,
        "containment_median": 0.3770107328891754,
        "containment_p25": 0.0,
        "containment_p75": 0.9454470276832581,
        "containment_std": 0.43146783704802594,
        "frac_containment_50": 0.4418604651162791,
        "frac_containment_75": 0.37209302325581395,
        "frac_containment_90": 0.3023255813953488,
        "frac_containment_full": 0.09302325581395349,
        "contain_at_iou_50": 0.3023255813953488,
        "contain_at_iou_75": 0.16279069767441862,
        "high_contain_high_iou": 0.2558139534883721,
        "ap_per_iou": {
          "0.50": 0.2243771018160986,
          "0.55": 0.20833352421419124,
          "0.60": 0.16481984664631877,
          "0.65": 0.11980198019801978,
          "0.70": 0.11980198019801978,
          "0.75": 0.09591584158415842,
          "0.80": 0.09591584158415842,
          "0.85": 0.054455445544554455,
          "0.90": 0.020792079207920793,
          "0.95": 0.0059405940594059415
        },
        "map_50": 0.2243771018160986,
        "map_75": 0.09591584158415842,
        "map_5095": 0.11101542350528462,
        "map_50_containment": 0.40547914352039505,
        "map_90_containment": 0.22226752606723515,