{
  "stage": "L2",
  "epoch": 4,
  "fold": 2,
  "wall_clock_seconds": 386.16,
  "lr": {
    "fusion": 7.956520580267647e-05,
    "class_head": 3.979283052606165e-05,
    "box_head": 3.979283052606165e-05
  },
  "train": {
    "loss": 5.420434178352356,
    "patch_ce": 3.153330810546875,
    "l1": 0.050170759461820126,
    "giou": 1.0081247906684876,
    "grad_norm": 10.47658462524414,
    "n_steps": 250,
    "alpha": 0.04193546250462532
  },
  "val": {
    "overall": {
      "n": 100,
      "n_pos": 100,
      "iou_mean": 0.354418352721259,
      "iou_median": 0.11213316395878792,
      "iou_p25": 0.0,
      "iou_p75": 0.834596648812294,
      "iou_std": 0.3977513009194367,
      "frac_iou_25": 0.43,
      "frac_iou_50": 0.38,
      "frac_iou_75": 0.32,
      "frac_iou_90": 0.11,
      "containment_mean": 0.3931190624833107,
      "containment_median": 0.13902156054973602,
      "containment_p25": 0.0,
      "containment_p75": 0.9116032421588898,
      "containment_std": 0.4323842647951614,
      "frac_containment_50": 0.39,
      "frac_containment_75": 0.35,
      "frac_containment_90": 0.28,
      "frac_containment_full": 0.04,
      "contain_at_iou_50": 0.38,
      "contain_at_iou_75": 0.32,
      "high_contain_high_iou": 0.27,
      "ap_per_iou": {
        "0.50": 0.21581263261275235,
        "0.55": 0.20149349047174245,
        "0.60": 0.20149349047174245,
        "0.65": 0.19522296704719408,
        "0.70": 0.19522296704719408,
        "0.75": 0.17406230044303406,
        "0.80": 0.14979747189617582,
        "0.85": 0.1360179410934338,
        "0.90": 0.05055023033453737,
        "0.95": 0.0017472335468841
      },
      "map_50": 0.21581263261275235,
      "map_75": 0.17406230044303406,
      "map_5095": 0.15214207249646905,
      "map_50_containment": 0.22079773234197655,
      "map_90_containment": 0.13346376098186546,
      "mean_pred_box_area": 0.005715945999817272,
      "std_pred_box_area": 0.013637228003466902,
      "frac_pred_box_too_big": 0.0,
      "frac_pred_box_too_small": 0.8,
      "mean_gt_box_area": 0.011311714055563788,
      "pred_to_gt_area_ratio_mean": 0.9286837724022229,
      "pred_to_gt_area_ratio_median": 0.9150808011166929,
      "log_area_ratio_mean": -0.3740777087747281,
      "log_area_ratio_std": 0.8697920629746972,
      "center_distance_mean": 0.12007918781279997,
      "center_distance_median": 0.02878752820368581,
      "score_mean": 0.7309951402246953,
      "score_std": 0.19608694575898283,
      "score_p25": 0.6087503582239151,
      "score_p75": 0.9004856944084167,
      "score_iou_correlation": 0.20075627528889273
    },
    "per_source": {
      "hots": {
        "n": 36,
        "n_pos": 36,
        "iou_mean": 0.3978735325185375,
        "iou_median": 0.08854619786143303,
        "iou_p25": 0.0,
        "iou_p75": 0.8758218288421631,
        "iou_std": 0.42756186024503945,
        "frac_iou_25": 0.4722222222222222,
        "frac_iou_50": 0.4444444444444444,
        "frac_iou_75": 0.4166666666666667,
        "frac_iou_90": 0.1388888888888889,
        "containment_mean": 0.42637200601812864,
        "containment_median": 0.08854619786143303,
        "containment_p25": 0.0,
        "containment_p75": 0.9502123892307281,
        "containment_std": 0.4601449195320769,
        "frac_containment_50": 0.4444444444444444,
        "frac_containment_75": 0.4166666666666667,
        "frac_containment_90": 0.3333333333333333,
        "frac_containment_full": 0.027777777777777776,
        "contain_at_iou_50": 0.4444444444444444,
        "contain_at_iou_75": 0.4166666666666667,
        "high_contain_high_iou": 0.3333333333333333,
        "ap_per_iou": {
          "0.50": 0.3069992603655972,
          "0.55": 0.3069992603655972,
          "0.60": 0.3069992603655972,
          "0.65": 0.3069992603655972,
          "0.70": 0.3069992603655972,
          "0.75": 0.2913226927088316,
          "0.80": 0.23839843324991847,
          "0.85": 0.22426830595147434,
          "0.90": 0.08889735127358891,
          "0.95": 0.0
        },
        "map_50": 0.3069992603655972,
        "map_75": 0.2913226927088316,
        "map_5095": 0.23778830850117996,
        "map_50_containment": 0.3069992603655972,
        "map_90_containment": 0.21337395277989332,
        "mean_pred_box_area": 0.012795762682640516,
        "std_pred_box_area": 0.020885595813663775,
        "frac_pred_box_too_big": 0.0,
        "frac_pred_box_too_small": 0.5277777777777778,
        "mean_gt_box_area": 0.026586167934939217,
        "pred_to_gt_area_ratio_mean": 0.7458582034244716,
        "pred_to_gt_area_ratio_median": 0.8806069865781309,
        "log_area_ratio_mean": -0.6139346720983131,
        "log_area_ratio_std": 1.007047498978437,
        "center_distance_mean": 0.16658899284004702,
        "center_distance_median": 0.052572069615122397,
        "score_mean": 0.7222235827810235,
        "score_std": 0.22669471464085866,
        "score_p25": 0.6028022468090057,
        "score_p75": 0.9224900901317596,
        "score_iou_correlation": 0.22708093942998378
      },
      "insdet": {
        "n": 64,
        "n_pos": 64,
        "iou_mean": 0.32997481408528984,
        "iou_median": 0.13129742071032524,
        "iou_p25": 0.0,
        "iou_p75": 0.7615785151720047,
        "iou_std": 0.3812648904722529,
        "frac_iou_25": 0.40625,
        "frac_iou_50": 0.34375,
        "frac_iou_75": 0.265625,
        "frac_iou_90": 0.09375,
        "containment_mean": 0.3744142817449756,
        "containment_median": 0.1553179696202278,
        "containment_p25": 0.0,
        "containment_p75": 0.8931813538074493,
        "containment_std": 0.4185347275807554,
        "frac_containment_50": 0.359375,
        "frac_containment_75": 0.3125,
        "frac_containment_90": 0.25,
        "frac_containment_full": 0.046875,
        "contain_at_iou_50": 0.34375,
        "contain_at_iou_75": 0.265625,
        "high_contain_high_iou": 0.234375,
        "ap_per_iou": {
          "0.50": 0.14986015094033284,
          "0.55": 0.13002610032254783,
          "0.60": 0.13002610032254783,
          "0.65": 0.12123270337854714,
          "0.70": 0.12123270337854714,
          "0.75": 0.09700465906050831,
          "0.80": 0.08695750726529891,
          "0.85": 0.07260880173062692,
          "0.90": 0.017353933195517358,
          "0.95": 0.003771805752003772
        },
        "map_50": 0.14986015094033284,
        "map_75": 0.09700465906050831,
        "map_5095": 0.0930074465346478,
        "map_50_containment": 0.15585991133791813,
        "map_90_containment": 0.08292719678858293,
        "mean_pred_box_area": 0.0017335491157291986,
        "std_pred_box_area": 0.00227015434502931,
        "frac_pred_box_too_big": 0.0,
        "frac_pred_box_too_small": 0.953125,
        "mean_gt_box_area": 0.0027198337484151125,
        "pred_to_gt_area_ratio_mean": 1.031523154952208,
        "pred_to_gt_area_ratio_median": 0.9241385634188712,
        "log_area_ratio_mean": -0.23915816690521158,
        "log_area_ratio_std": 0.7576706430041016,
        "center_distance_mean": 0.09391742248497352,
        "center_distance_median": 0.023980442589661574,
        "score_mean": 0.7359291412867606,
        "score_std": 0.17833283375202497,
        "score_p25": 0.6324754804372787,
        "score_p75": 0.8819050490856171,
        "score_iou_correlation": 0.18704486822601324
      }
    },
    "per_k": {
      "k1": {
        "n": 34,
        "n_pos": 34,
        "iou_mean": 0.34594453583635826,
        "iou_median": 0.08828159002587199,
        "iou_p25": 0.0,
        "iou_p75": 0.826156809926033,
        "iou_std": 0.40225002855595904,
        "frac_iou_25": 0.4117647058823529,
        "frac_iou_50": 0.35294117647058826,
        "frac_iou_75": 0.3235294117647059,
        "frac_iou_90": 0.08823529411764706,
        "containment_mean": 0.38976827000870423,
        "containment_median": 0.09436529129743576,
        "containment_p25": 0.0,
        "containment_p75": 0.8953574597835541,