{
  "stage": "S1",
  "epoch": 9,
  "fold": 1,
  "wall_clock_seconds": 250.71,
  "lr": {
    "head": 4.791663750924593e-05
  },
  "train": {
    "loss": 0.08395348388701677,
    "focal": 0.051951112961396574,
    "variance": 0.005009467601776123,
    "decorrelation": 0.6300284630060196,
    "grad_norm": 0.2702085310220718,
    "n_steps": 100,
    "grad_steps": 50,
    "grad_nan_steps": 0
  },
  "val": {
    "overall": {
      "n": 200,
      "n_pos": 43,
      "n_neg": 157,
      "threshold": 0.5,
      "tp": 0,
      "fp": 0,
      "fn": 43,
      "tn": 157,
      "accuracy": 0.785,
      "acc_pos": 0.0,
      "acc_neg": 1.0,
      "precision": 0.0,
      "recall": 0.0,
      "f1": 0.0,
      "fpr": 0.0,
      "fnr": 1.0,
      "tpr": 0.0,
      "tnr": 1.0,
      "youden_j": 0.0,
      "mcc": 0.0,
      "auroc": 0.7481854540068138,
      "pr_auc": 0.38177484281681734,
      "avg_precision": 0.4041204318666793,
      "brier": 0.1588102271159824,
      "best_f1": 0.5084745762711864,
      "best_f1_threshold": 0.33709490299224854,
      "fpr_at_recall_95": 0.5923566878980892,
      "recall_at_fpr_05": 0.11627906976744186,
      "recall_at_fpr_10": 0.20930232558139536,
      "mean_score_pos": 0.3473490715719933,
      "mean_score_neg": 0.2794647341605964,
      "std_score_pos": 0.04651034892542646,
      "std_score_neg": 0.08372026866641902,
      "score_gap": 0.06788433741139688,
      "median_score_pos": 0.3461364507675171,
      "median_score_neg": 0.298891544342041,
      "frac_high_score": 0.0,
      "frac_low_score": 0.0,
      "frac_uncertain": 0.07
    },
    "per_source": {
      "hots": {
        "n": 65,
        "n_pos": 16,
        "n_neg": 49,
        "threshold": 0.5,
        "tp": 0,
        "fp": 0,
        "fn": 16,
        "tn": 49,
        "accuracy": 0.7538461538461538,
        "acc_pos": 0.0,
        "acc_neg": 1.0,
        "precision": 0.0,
        "recall": 0.0,
        "f1": 0.0,
        "fpr": 0.0,
        "fnr": 1.0,
        "tpr": 0.0,
        "tnr": 1.0,
        "youden_j": 0.0,
        "mcc": 0.0,
        "auroc": 0.7308673469387755,
        "pr_auc": 0.47354185374183155,
        "avg_precision": 0.5119233856857623,
        "brier": 0.17719990260884327,
        "best_f1": 0.6,
        "best_f1_threshold": 0.3392787277698517,
        "fpr_at_recall_95": 0.7346938775510204,
        "recall_at_fpr_05": 0.125,
        "recall_at_fpr_10": 0.125,
        "mean_score_pos": 0.3469687718898058,
        "mean_score_neg": 0.3030856942035714,
        "std_score_pos": 0.03513910571310894,
        "std_score_neg": 0.060396225843408174,
        "score_gap": 0.043883077686234395,
        "median_score_pos": 0.34999340772628784,
        "median_score_neg": 0.32182276248931885,
        "frac_high_score": 0.0,
        "frac_low_score": 0.0,
        "frac_uncertain": 0.015384615384615385
      },
      "insdet": {
        "n": 135,
        "n_pos": 27,
        "n_neg": 108,
        "threshold": 0.5,
        "tp": 0,
        "fp": 0,
        "fn": 27,
        "tn": 108,
        "accuracy": 0.8,
        "acc_pos": 0.0,
        "acc_neg": 1.0,
        "precision": 0.0,
        "recall": 0.0,
        "f1": 0.0,
        "fpr": 0.0,
        "fnr": 1.0,
        "tpr": 0.0,
        "tnr": 1.0,
        "youden_j": 0.0,
        "mcc": 0.0,
        "auroc": 0.7541152263374485,
        "pr_auc": 0.36265721960879654,
        "avg_precision": 0.39221740464367005,
        "brier": 0.149955938915716,
        "best_f1": 0.4888888888888889,
        "best_f1_threshold": 0.31303343176841736,
        "fpr_at_recall_95": 0.5462962962962963,
        "recall_at_fpr_05": 0.1111111111111111,
        "recall_at_fpr_10": 0.18518518518518517,
        "mean_score_pos": 0.3475744343466229,
        "mean_score_neg": 0.2687478171040614,
        "std_score_pos": 0.05274389895973147,
        "std_score_neg": 0.09061490995779022,
        "score_gap": 0.07882661724256146,
        "median_score_pos": 0.34142085909843445,
        "median_score_neg": 0.2689713388681412,
        "frac_high_score": 0.0,
        "frac_low_score": 0.0,
        "frac_uncertain": 0.0962962962962963
      }
    },
    "per_k": {
      "k1": {
        "n": 67,
        "n_pos": 14,
        "n_neg": 53,
        "threshold": 0.5,
        "tp": 0,
        "fp": 0,
        "fn": 14,
        "tn": 53,
        "accuracy": 0.7910447761194029,
        "acc_pos": 0.0,
        "acc_neg": 1.0,
        "precision": 0.0,
        "recall": 0.0,
        "f1": 0.0,
        "fpr": 0.0,
        "fnr": 1.0,
        "tpr": 0.0,
        "tnr": 1.0,
        "youden_j": 0.0,
        "mcc": 0.0,
        "auroc": 0.807277628032345,
        "pr_auc": 0.4710070919134404,
        "avg_precision": 0.505089741430283,
        "brier": 0.15628826894061118,
        "best_f1": 0.5652173913043478,
        "best_f1_threshold": 0.3296157419681549,
        "fpr_at_recall_95": 0.5849056603773585,
        "recall_at_fpr_05": 0.14285714285714285,
        "recall_at_fpr_10": 0.42857142857142855,
        "mean_score_pos": 0.35271007248333525,
        "mean_score_neg": 0.2861362723809368,
        "std_score_pos": 0.029779794967609723,
        "std_score_neg": 0.06998426020163095,
        "score_gap": 0.06657380010239844,
        "median_score_pos": 0.34999340772628784,
        "median_score_neg": 0.3018040657043457,
        "frac_high_score": 0.0,
        "frac_low_score": 0.0,
        "frac_uncertain": 0.014925373134328358
      },
      "k4": {
        "n": 67,
        "n_pos": 17,
        "n_neg": 50,
        "threshold": 0.5,
        "tp": 0,
        "fp": 0,
        "fn": 17,
        "tn": 50,
        "accuracy": 0.746268656716418,
        "acc_pos": 0.0,
        "acc_neg": 1.0,
        "precision": 0.0,
        "recall": 0.0,
        "f1": 0.0,
        "fpr": 0.0,
        "fnr": 1.0,
        "tpr": 0.0,
        "tnr": 1.0,
        "youden_j": 0.0,
        "mcc": 0.0,
        "auroc": 0.768235294117647,
        "pr_auc": 0.47481559318354627,
        "avg_precision": 0.5162724910364791,
        "brier": 0.16813981301605985,
        "best_f1": 0.5777777777777777,
        "best_f1_threshold": 0.3207605183124542,
        "fpr_at_recall_95": 0.52,
        "recall_at_fpr_05": 0.17647058823529413,
        "recall_at_fpr_10": 0.17647058823529413,
        "mean_score_pos": 0.34201546188663035,
        "mean_score_neg": 0.2647965461015701,
        "std_score_pos": 0.05549946252755913,
        "std_score_neg": 0.08453737182512834,
        "score_gap": 0.07721891578506024,
        "median_score_pos": 0.3406185805797577,
        "median_score_neg": 0.2525205686688423,
        "frac_high_score": 0.0,
        "frac_low_score": 0.0,
        "frac_uncertain": 0.07462686567164178
      },
      "k10": {
        "n": 66,
        "n_pos": 12,
        "n_neg": 54,
        "threshold": 0.5,
        "tp": 0,
        "fp": 0,
        "fn": 12,
        "tn": 54,
        "accuracy": 0.8181818181818182,
        "acc_pos": 0.0,
        "acc_neg": 1.0,
        "precision": 0.0,
        "recall": 0.0,
        "f1": 0.0,
        "fpr": 0.0,
        "fnr": 1.0,
        "tpr": 0.0,
        "tnr": 1.0,
        "youden_j": 0.0,
        "mcc": 0.0,
        "auroc": 0.6944444444444444,
        "pr_auc": 0.3110176224180269,
        "avg_precision": 0.3302273023055591,
        "brier": 0.15189945351665932,
        "best_f1": 0.4571428571428571,
        "best_f1_threshold": 0.34142085909843445,
        "fpr_at_recall_95": 0.6666666666666666,
        "recall_at_fpr_05": 0.08333333333333333,
        "recall_at_fpr_10": 0.16666666666666666,
        "mean_score_pos": 0.3486505175630252,
        "mean_score_neg": 0.28649839855454584,
        "std_score_pos": 0.05146641981984069,
        "std_score_neg": 0.09444590031510132,
        "score_gap": 0.062152119008479334,
        "median_score_pos": 0.35474221408367157,
        "median_score_neg": 0.32253047823905945,
        "frac_high_score": 0.0,
        "frac_low_score": 0.0,
        "frac_uncertain": 0.12121212121212122
      }
    }
  }
}