{
  "stage": "S1",
  "epoch": 9,
  "fold": 2,
  "wall_clock_seconds": 248.52,
  "lr": {
    "head": 2.7188670011767572e-05
  },
  "train": {
    "loss": 0.07925460886210203,
    "focal": 0.04737012100871652,
    "variance": 0.005049724578857422,
    "decorrelation": 0.6275903183221817,
    "grad_norm": 0.25069656044244765,
    "n_steps": 100,
    "grad_steps": 50,
    "grad_nan_steps": 0
  },
  "val": {
    "overall": {
      "n": 200,
      "n_pos": 47,
      "n_neg": 153,
      "threshold": 0.5,
      "tp": 0,
      "fp": 0,
      "fn": 47,
      "tn": 153,
      "accuracy": 0.765,
      "acc_pos": 0.0,
      "acc_neg": 1.0,
      "precision": 0.0,
      "recall": 0.0,
      "f1": 0.0,
      "fpr": 0.0,
      "fnr": 1.0,
      "tpr": 0.0,
      "tnr": 1.0,
      "youden_j": 0.0,
      "mcc": 0.0,
      "auroc": 0.7866777916840495,
      "pr_auc": 0.5324104976146129,
      "avg_precision": 0.5476924891579222,
      "brier": 0.16074726431964287,
      "best_f1": 0.559322033898305,
      "best_f1_threshold": 0.3267015218734741,
      "fpr_at_recall_95": 0.5490196078431373,
      "recall_at_fpr_05": 0.23404255319148937,
      "recall_at_fpr_10": 0.3191489361702128,
      "mean_score_pos": 0.351912741014298,
      "mean_score_neg": 0.27168584561425874,
      "std_score_pos": 0.05151213044258705,
      "std_score_neg": 0.08083320235822976,
      "score_gap": 0.08022689540003924,
      "median_score_pos": 0.3456820547580719,
      "median_score_neg": 0.2909078896045685,
      "frac_high_score": 0.0,
      "frac_low_score": 0.015,
      "frac_uncertain": 0.045
    },
    "per_source": {
      "hots": {
        "n": 70,
        "n_pos": 18,
        "n_neg": 52,
        "threshold": 0.5,
        "tp": 0,
        "fp": 0,
        "fn": 18,
        "tn": 52,
        "accuracy": 0.7428571428571429,
        "acc_pos": 0.0,
        "acc_neg": 1.0,
        "precision": 0.0,
        "recall": 0.0,
        "f1": 0.0,
        "fpr": 0.0,
        "fnr": 1.0,
        "tpr": 0.0,
        "tnr": 1.0,
        "youden_j": 0.0,
        "mcc": 0.0,
        "auroc": 0.6762820512820513,
        "pr_auc": 0.34335178520790266,
        "avg_precision": 0.41735087808284405,
        "brier": 0.1835278907470233,
        "best_f1": 0.5333333333333333,
        "best_f1_threshold": 0.3267015218734741,
        "fpr_at_recall_95": 0.7115384615384616,
        "recall_at_fpr_05": 0.0,
        "recall_at_fpr_10": 0.0,
        "mean_score_pos": 0.3311648666858673,
        "mean_score_neg": 0.29731211266838586,
        "std_score_pos": 0.022987638641820136,
        "std_score_neg": 0.060928690983715034,
        "score_gap": 0.033852754017481446,
        "median_score_pos": 0.3372873365879059,
        "median_score_neg": 0.3122972100973129,
        "frac_high_score": 0.0,
        "frac_low_score": 0.0,
        "frac_uncertain": 0.0
      },
      "insdet": {
        "n": 130,
        "n_pos": 29,
        "n_neg": 101,
        "threshold": 0.5,
        "tp": 0,
        "fp": 0,
        "fn": 29,
        "tn": 101,
        "accuracy": 0.7769230769230769,
        "acc_pos": 0.0,
        "acc_neg": 1.0,
        "precision": 0.0,
        "recall": 0.0,
        "f1": 0.0,
        "fpr": 0.0,
        "fnr": 1.0,
        "tpr": 0.0,
        "tnr": 1.0,
        "youden_j": 0.0,
        "mcc": 0.0,
        "auroc": 0.8371457835438716,
        "pr_auc": 0.6228044966836787,
        "avg_precision": 0.6342677030258793,
        "brier": 0.14848077316643798,
        "best_f1": 0.6060606060606061,
        "best_f1_threshold": 0.3474918603897095,
        "fpr_at_recall_95": 0.5346534653465347,
        "recall_at_fpr_05": 0.3448275862068966,
        "recall_at_fpr_10": 0.5172413793103449,
        "mean_score_pos": 0.3647907319767722,
        "mean_score_neg": 0.25849212396262894,
        "std_score_pos": 0.059916510573309906,
        "std_score_neg": 0.08672434700934277,
        "score_gap": 0.10629860801414326,
        "median_score_pos": 0.3702397644519806,
        "median_score_neg": 0.26928457617759705,
        "frac_high_score": 0.0,
        "frac_low_score": 0.023076923076923078,
        "frac_uncertain": 0.06923076923076923
      }
    },
    "per_k": {
      "k1": {
        "n": 67,
        "n_pos": 11,
        "n_neg": 56,
        "threshold": 0.5,
        "tp": 0,
        "fp": 0,
        "fn": 11,
        "tn": 56,
        "accuracy": 0.835820895522388,
        "acc_pos": 0.0,
        "acc_neg": 1.0,
        "precision": 0.0,
        "recall": 0.0,
        "f1": 0.0,
        "fpr": 0.0,
        "fnr": 1.0,
        "tpr": 0.0,
        "tnr": 1.0,
        "youden_j": 0.0,
        "mcc": 0.0,
        "auroc": 0.7662337662337663,
        "pr_auc": 0.5238594569387253,
        "avg_precision": 0.5273406804966215,
        "brier": 0.1353368582134345,
        "best_f1": 0.4705882352941177,
        "best_f1_threshold": 0.3900858461856842,
        "fpr_at_recall_95": 0.6071428571428571,
        "recall_at_fpr_05": 0.36363636363636365,
        "recall_at_fpr_10": 0.36363636363636365,
        "mean_score_pos": 0.3533406176350333,
        "mean_score_neg": 0.2684421188064984,
        "std_score_pos": 0.0662314423663122,
        "std_score_neg": 0.08403743230379332,
        "score_gap": 0.08489849882853495,
        "median_score_pos": 0.3433935344219208,
        "median_score_neg": 0.2960166037082672,
        "frac_high_score": 0.0,
        "frac_low_score": 0.014925373134328358,
        "frac_uncertain": 0.029850746268656716
      },
      "k4": {
        "n": 67,
        "n_pos": 16,
        "n_neg": 51,
        "threshold": 0.5,
        "tp": 0,
        "fp": 0,
        "fn": 16,
        "tn": 51,
        "accuracy": 0.7611940298507462,
        "acc_pos": 0.0,
        "acc_neg": 1.0,
        "precision": 0.0,
        "recall": 0.0,
        "f1": 0.0,
        "fpr": 0.0,
        "fnr": 1.0,
        "tpr": 0.0,
        "tnr": 1.0,
        "youden_j": 0.0,
        "mcc": 0.0,
        "auroc": 0.8014705882352942,
        "pr_auc": 0.581145429518141,
        "avg_precision": 0.6053041166185578,
        "brier": 0.16156173011251024,
        "best_f1": 0.5853658536585366,
        "best_f1_threshold": 0.3267015218734741,
        "fpr_at_recall_95": 0.47058823529411764,
        "recall_at_fpr_05": 0.3125,
        "recall_at_fpr_10": 0.375,
        "mean_score_pos": 0.3596548307687044,
        "mean_score_neg": 0.2775619678637561,
        "std_score_pos": 0.05498980548499151,
        "std_score_neg": 0.07609649381921406,
        "score_gap": 0.08209286290494833,
        "median_score_pos": 0.34330300986766815,
        "median_score_neg": 0.2856948971748352,
        "frac_high_score": 0.0,
        "frac_low_score": 0.0,
        "frac_uncertain": 0.05970149253731343
      },
      "k10": {
        "n": 66,
        "n_pos": 20,
        "n_neg": 46,
        "threshold": 0.5,
        "tp": 0,
        "fp": 0,
        "fn": 20,
        "tn": 46,
        "accuracy": 0.696969696969697,
        "acc_pos": 0.0,
        "acc_neg": 1.0,
        "precision": 0.0,
        "recall": 0.0,
        "f1": 0.0,
        "fpr": 0.0,
        "fnr": 1.0,
        "tpr": 0.0,
        "tnr": 1.0,
        "youden_j": 0.0,
        "mcc": 0.0,
        "auroc": 0.7902173913043479,
        "pr_auc": 0.5739487195026135,
        "avg_precision": 0.6228743025869531,
        "brier": 0.18571587039530718,
        "best_f1": 0.6551724137931034,
        "best_f1_threshold": 0.30591943860054016,
        "fpr_at_recall_95": 0.41304347826086957,
        "recall_at_fpr_05": 0.1,
        "recall_at_fpr_10": 0.1,
        "mean_score_pos": 0.34493373706936836,
        "mean_score_neg": 0.2691198992340461,
        "std_score_pos": 0.040315312676446606,
        "std_score_neg": 0.08334082335302793,
        "score_gap": 0.07581383783532225,
        "median_score_pos": 0.35006095468997955,
        "median_score_neg": 0.2934877425432205,
        "frac_high_score": 0.0,
        "frac_low_score": 0.030303030303030304,