{
  "stage": "S1",
  "epoch": 2,
  "fold": 0,
  "wall_clock_seconds": 245.62,
  "lr": {
    "head": 0.0009811358867546085
  },
  "train": {
    "loss": 0.09966379158198833,
    "focal": 0.06470035654492676,
    "variance": 0.012623767852783203,
    "decorrelation": 0.674022068977356,
    "grad_norm": 0.3598142525553703,
    "n_steps": 100,
    "grad_steps": 50,
    "grad_nan_steps": 0
  },
  "val": {
    "overall": {
      "n": 200,
      "n_pos": 53,
      "n_neg": 147,
      "threshold": 0.5,
      "tp": 0,
      "fp": 0,
      "fn": 53,
      "tn": 147,
      "accuracy": 0.735,
      "acc_pos": 0.0,
      "acc_neg": 1.0,
      "precision": 0.0,
      "recall": 0.0,
      "f1": 0.0,
      "fpr": 0.0,
      "fnr": 1.0,
      "tpr": 0.0,
      "tnr": 1.0,
      "youden_j": 0.0,
      "mcc": 0.0,
      "auroc": 0.6445899114362726,
      "pr_auc": 0.4317991179439658,
      "avg_precision": 0.45049376799130947,
      "brier": 0.19248297459502858,
      "best_f1": 0.48648648648648646,
      "best_f1_threshold": 0.3166906535625458,
      "fpr_at_recall_95": 0.8299319727891157,
      "recall_at_fpr_05": 0.20754716981132076,
      "recall_at_fpr_10": 0.22641509433962265,
      "mean_score_pos": 0.3409299923563903,
      "mean_score_neg": 0.322490558230958,
      "std_score_pos": 0.03067362235013,
      "std_score_neg": 0.03072887468120837,
      "score_gap": 0.018439434125432308,
      "median_score_pos": 0.3356170654296875,
      "median_score_neg": 0.324369341135025,
      "frac_high_score": 0.0,
      "frac_low_score": 0.0,
      "frac_uncertain": 0.005
    },
    "per_source": {
      "hots": {
        "n": 65,
        "n_pos": 22,
        "n_neg": 43,
        "threshold": 0.5,
        "tp": 0,
        "fp": 0,
        "fn": 22,
        "tn": 43,
        "accuracy": 0.6615384615384615,
        "acc_pos": 0.0,
        "acc_neg": 1.0,
        "precision": 0.0,
        "recall": 0.0,
        "f1": 0.0,
        "fpr": 0.0,
        "fnr": 1.0,
        "tpr": 0.0,
        "tnr": 1.0,
        "youden_j": 0.0,
        "mcc": 0.0,
        "auroc": 0.6606765327695561,
        "pr_auc": 0.58360661956989,
        "avg_precision": 0.625997568784462,
        "brier": 0.21435961394097588,
        "best_f1": 0.5945945945945945,
        "best_f1_threshold": 0.36615699529647827,
        "fpr_at_recall_95": 0.7906976744186046,
        "recall_at_fpr_05": 0.45454545454545453,
        "recall_at_fpr_10": 0.5,
        "mean_score_pos": 0.35381038893352856,
        "mean_score_neg": 0.33020112611526664,
        "std_score_pos": 0.03709979444104883,
        "std_score_neg": 0.02660049318567766,
        "score_gap": 0.023609262818261922,
        "median_score_pos": 0.35649335384368896,
        "median_score_neg": 0.3291774094104767,
        "frac_high_score": 0.0,
        "frac_low_score": 0.0,
        "frac_uncertain": 0.015384615384615385
      },
      "insdet": {
        "n": 135,
        "n_pos": 31,
        "n_neg": 104,
        "threshold": 0.5,
        "tp": 0,
        "fp": 0,
        "fn": 31,
        "tn": 104,
        "accuracy": 0.7703703703703704,
        "acc_pos": 0.0,
        "acc_neg": 1.0,
        "precision": 0.0,
        "recall": 0.0,
        "f1": 0.0,
        "fpr": 0.0,
        "fnr": 1.0,
        "tpr": 0.0,
        "tnr": 1.0,
        "youden_j": 0.0,
        "mcc": 0.0,
        "auroc": 0.619727047146402,
        "pr_auc": 0.29785824169785297,
        "avg_precision": 0.35198783843084697,
        "brier": 0.18194977787290584,
        "best_f1": 0.45871559633027525,
        "best_f1_threshold": 0.319507360458374,
        "fpr_at_recall_95": 0.7884615384615384,
        "recall_at_fpr_05": 0.03225806451612903,
        "recall_at_fpr_10": 0.03225806451612903,
        "mean_score_pos": 0.33178906575325995,
        "mean_score_neg": 0.3193025349710996,
        "std_score_pos": 0.02143272704332698,
        "std_score_neg": 0.03185684116374827,
        "score_gap": 0.012486530782160332,
        "median_score_pos": 0.33308956027030945,
        "median_score_neg": 0.32121679186820984,
        "frac_high_score": 0.0,
        "frac_low_score": 0.0,
        "frac_uncertain": 0.0
      }
    },
    "per_k": {
      "k1": {
        "n": 67,
        "n_pos": 14,
        "n_neg": 53,
        "threshold": 0.5,
        "tp": 0,
        "fp": 0,
        "fn": 14,
        "tn": 53,
        "accuracy": 0.7910447761194029,
        "acc_pos": 0.0,
        "acc_neg": 1.0,
        "precision": 0.0,
        "recall": 0.0,
        "f1": 0.0,
        "fpr": 0.0,
        "fnr": 1.0,
        "tpr": 0.0,
        "tnr": 1.0,
        "youden_j": 0.0,
        "mcc": 0.0,
        "auroc": 0.683288409703504,
        "pr_auc": 0.43690375152443967,
        "avg_precision": 0.44887364687884174,
        "brier": 0.17323442065594719,
        "best_f1": 0.4736842105263159,
        "best_f1_threshold": 0.3379524350166321,
        "fpr_at_recall_95": 0.9056603773584906,
        "recall_at_fpr_05": 0.21428571428571427,
        "recall_at_fpr_10": 0.2857142857142857,
        "mean_score_pos": 0.3463389554194042,
        "mean_score_neg": 0.3240500292125738,
        "std_score_pos": 0.03394179788643735,
        "std_score_neg": 0.02924189493796841,
        "score_gap": 0.022288926206830373,
        "median_score_pos": 0.34569576382637024,
        "median_score_neg": 0.3278369605541229,
        "frac_high_score": 0.0,
        "frac_low_score": 0.0,
        "frac_uncertain": 0.014925373134328358
      },
      "k4": {
        "n": 67,
        "n_pos": 20,
        "n_neg": 47,
        "threshold": 0.5,
        "tp": 0,
        "fp": 0,
        "fn": 20,
        "tn": 47,
        "accuracy": 0.7014925373134329,
        "acc_pos": 0.0,
        "acc_neg": 1.0,
        "precision": 0.0,
        "recall": 0.0,
        "f1": 0.0,
        "fpr": 0.0,
        "fnr": 1.0,
        "tpr": 0.0,
        "tnr": 1.0,
        "youden_j": 0.0,
        "mcc": 0.0,
        "auroc": 0.7446808510638298,
        "pr_auc": 0.585535777185285,
        "avg_precision": 0.6098044587067399,
        "brier": 0.19901912855909656,
        "best_f1": 0.6060606060606061,
        "best_f1_threshold": 0.3166906535625458,
        "fpr_at_recall_95": 0.5531914893617021,
        "recall_at_fpr_05": 0.25,
        "recall_at_fpr_10": 0.3,
        "mean_score_pos": 0.3468404904007912,
        "mean_score_neg": 0.3178778049793649,
        "std_score_pos": 0.024336776039651755,
        "std_score_neg": 0.03003815361529992,
        "score_gap": 0.02896268542142627,
        "median_score_pos": 0.3408931791782379,
        "median_score_neg": 0.31913048028945923,
        "frac_high_score": 0.0,
        "frac_low_score": 0.0,
        "frac_uncertain": 0.0
      },
      "k10": {
        "n": 66,
        "n_pos": 19,
        "n_neg": 47,
        "threshold": 0.5,
        "tp": 0,
        "fp": 0,
        "fn": 19,
        "tn": 47,
        "accuracy": 0.7121212121212122,
        "acc_pos": 0.0,
        "acc_neg": 1.0,
        "precision": 0.0,
        "recall": 0.0,
        "f1": 0.0,
        "fpr": 0.0,
        "fnr": 1.0,
        "tpr": 0.0,
        "tnr": 1.0,
        "youden_j": 0.0,
        "mcc": 0.0,
        "auroc": 0.5106382978723404,
        "pr_auc": 0.3491417293553827,
        "avg_precision": 0.39484465687948184,
        "brier": 0.20538798669087552,
        "best_f1": 0.49350649350649356,
        "best_f1_threshold": 0.2863747775554657,
        "fpr_at_recall_95": 0.8297872340425532,
        "recall_at_fpr_05": 0.15789473684210525,
        "recall_at_fpr_10": 0.15789473684210525,
        "mean_score_pos": 0.33072286373690557,
        "mean_score_neg": 0.32534475909902694,
        "std_score_pos": 0.0330047214283494,
        "std_score_neg": 0.03309430462396847,
        "score_gap": 0.0053781046378786335,
        "median_score_pos": 0.3229145109653473,
        "median_score_neg": 0.3281995356082916,
        "frac_high_score": 0.0,
        "frac_low_score": 0.0,
        "frac_uncertain": 0.0
      }
    }
  }
}