{
  "stage": "S1",
  "epoch": 2,
  "fold": 2,
  "wall_clock_seconds": 254.14,
  "lr": {
    "head": 0.0009397429019156821
  },
  "train": {
    "loss": 0.09697730578482151,
    "focal": 0.0635803390853107,
    "variance": 0.007996768951416015,
    "decorrelation": 0.651946148276329,
    "grad_norm": 0.35501915097236636,
    "n_steps": 100,
    "grad_steps": 50,
    "grad_nan_steps": 0
  },
  "val": {
    "overall": {
      "n": 200,
      "n_pos": 55,
      "n_neg": 145,
      "threshold": 0.5,
      "tp": 0,
      "fp": 0,
      "fn": 55,
      "tn": 145,
      "accuracy": 0.725,
      "acc_pos": 0.0,
      "acc_neg": 1.0,
      "precision": 0.0,
      "recall": 0.0,
      "f1": 0.0,
      "fpr": 0.0,
      "fnr": 1.0,
      "tpr": 0.0,
      "tnr": 1.0,
      "youden_j": 0.0,
      "mcc": 0.0,
      "auroc": 0.6129153605015674,
      "pr_auc": 0.38779277216645175,
      "avg_precision": 0.40908198554048825,
      "brier": 0.19958118916639608,
      "best_f1": 0.4585365853658536,
      "best_f1_threshold": 0.31962844729423523,
      "fpr_at_recall_95": 0.8551724137931035,
      "recall_at_fpr_05": 0.10909090909090909,
      "recall_at_fpr_10": 0.21818181818181817,
      "mean_score_pos": 0.3548453228040175,
      "mean_score_neg": 0.3404126213542346,
      "std_score_pos": 0.03030486814834942,
      "std_score_neg": 0.03451903921469529,
      "score_gap": 0.01443270144978287,
      "median_score_pos": 0.35280314087867737,
      "median_score_neg": 0.3476088047027588,
      "frac_high_score": 0.0,
      "frac_low_score": 0.0,
      "frac_uncertain": 0.025
    },
    "per_source": {
      "hots": {
        "n": 70,
        "n_pos": 21,
        "n_neg": 49,
        "threshold": 0.5,
        "tp": 0,
        "fp": 0,
        "fn": 21,
        "tn": 49,
        "accuracy": 0.7,
        "acc_pos": 0.0,
        "acc_neg": 1.0,
        "precision": 0.0,
        "recall": 0.0,
        "f1": 0.0,
        "fpr": 0.0,
        "fnr": 1.0,
        "tpr": 0.0,
        "tnr": 1.0,
        "youden_j": 0.0,
        "mcc": 0.0,
        "auroc": 0.6345966958211856,
        "pr_auc": 0.4483021409195594,
        "avg_precision": 0.4601267497730699,
        "brier": 0.20919244666654413,
        "best_f1": 0.5066666666666666,
        "best_f1_threshold": 0.3416981101036072,
        "fpr_at_recall_95": 0.7959183673469388,
        "recall_at_fpr_05": 0.09523809523809523,
        "recall_at_fpr_10": 0.14285714285714285,
        "mean_score_pos": 0.3611153420947847,
        "mean_score_neg": 0.3512469864621454,
        "std_score_pos": 0.018152490345789803,
        "std_score_neg": 0.02035489850179104,
        "score_gap": 0.00986835563263927,
        "median_score_pos": 0.36757245659828186,
        "median_score_neg": 0.3521248996257782,
        "frac_high_score": 0.0,
        "frac_low_score": 0.0,
        "frac_uncertain": 0.0
      },
      "insdet": {
        "n": 130,
        "n_pos": 34,
        "n_neg": 96,
        "threshold": 0.5,
        "tp": 0,
        "fp": 0,
        "fn": 34,
        "tn": 96,
        "accuracy": 0.7384615384615385,
        "acc_pos": 0.0,
        "acc_neg": 1.0,
        "precision": 0.0,
        "recall": 0.0,
        "f1": 0.0,
        "fpr": 0.0,
        "fnr": 1.0,
        "tpr": 0.0,
        "tnr": 1.0,
        "youden_j": 0.0,
        "mcc": 0.0,
        "auroc": 0.6060049019607843,
        "pr_auc": 0.375951312448291,
        "avg_precision": 0.4099724806441813,
        "brier": 0.19440589666631636,
        "best_f1": 0.4563758389261745,
        "best_f1_threshold": 0.2958676815032959,
        "fpr_at_recall_95": 0.8333333333333334,
        "recall_at_fpr_05": 0.08823529411764706,
        "recall_at_fpr_10": 0.29411764705882354,
        "mean_score_pos": 0.35097266383030834,
        "mean_score_neg": 0.3348825808304052,
        "std_score_pos": 0.035533613253221095,
        "std_score_neg": 0.038799101406729465,
        "score_gap": 0.016090082999903166,
        "median_score_pos": 0.3477872461080551,
        "median_score_neg": 0.3379165381193161,
        "frac_high_score": 0.0,
        "frac_low_score": 0.0,
        "frac_uncertain": 0.038461538461538464
      }
    },
    "per_k": {
      "k1": {
        "n": 67,
        "n_pos": 13,
        "n_neg": 54,
        "threshold": 0.5,
        "tp": 0,
        "fp": 0,
        "fn": 13,
        "tn": 54,
        "accuracy": 0.8059701492537313,
        "acc_pos": 0.0,
        "acc_neg": 1.0,
        "precision": 0.0,
        "recall": 0.0,
        "f1": 0.0,
        "fpr": 0.0,
        "fnr": 1.0,
        "tpr": 0.0,
        "tnr": 1.0,
        "youden_j": 0.0,
        "mcc": 0.0,
        "auroc": 0.613960113960114,
        "pr_auc": 0.3945620301161085,
        "avg_precision": 0.42434628078192455,
        "brier": 0.17617542157748936,
        "best_f1": 0.46153846153846156,
        "best_f1_threshold": 0.37405434250831604,
        "fpr_at_recall_95": 0.8703703703703703,
        "recall_at_fpr_05": 0.23076923076923078,
        "recall_at_fpr_10": 0.38461538461538464,
        "mean_score_pos": 0.3578104216318864,
        "mean_score_neg": 0.3438850972387526,
        "std_score_pos": 0.02953371264798618,
        "std_score_neg": 0.029496916564649294,
        "score_gap": 0.01392532439313382,
        "median_score_pos": 0.3498621881008148,
        "median_score_neg": 0.3513517677783966,
        "frac_high_score": 0.0,
        "frac_low_score": 0.0,
        "frac_uncertain": 0.014925373134328358
      },
      "k4": {
        "n": 67,
        "n_pos": 21,
        "n_neg": 46,
        "threshold": 0.5,
        "tp": 0,
        "fp": 0,
        "fn": 21,
        "tn": 46,
        "accuracy": 0.6865671641791045,
        "acc_pos": 0.0,
        "acc_neg": 1.0,
        "precision": 0.0,
        "recall": 0.0,
        "f1": 0.0,
        "fpr": 0.0,
        "fnr": 1.0,
        "tpr": 0.0,
        "tnr": 1.0,
        "youden_j": 0.0,
        "mcc": 0.0,
        "auroc": 0.629399585921325,
        "pr_auc": 0.4780312283062801,
        "avg_precision": 0.4874855136552859,
        "brier": 0.20953388705532872,
        "best_f1": 0.5316455696202532,
        "best_f1_threshold": 0.3094272315502167,
        "fpr_at_recall_95": 0.7608695652173914,
        "recall_at_fpr_05": 0.14285714285714285,
        "recall_at_fpr_10": 0.23809523809523808,
        "mean_score_pos": 0.3573971844854809,
        "mean_score_neg": 0.33899453703476035,
        "std_score_pos": 0.02948131539754467,
        "std_score_neg": 0.037560588828592055,
        "score_gap": 0.018402647450720566,
        "median_score_pos": 0.3540649712085724,
        "median_score_neg": 0.3491109609603882,
        "frac_high_score": 0.0,
        "frac_low_score": 0.0,
        "frac_uncertain": 0.014925373134328358
      },
      "k10": {
        "n": 66,
        "n_pos": 21,
        "n_neg": 45,
        "threshold": 0.5,
        "tp": 0,
        "fp": 0,
        "fn": 21,
        "tn": 45,
        "accuracy": 0.6818181818181818,
        "acc_pos": 0.0,
        "acc_neg": 1.0,
        "precision": 0.0,
        "recall": 0.0,
        "f1": 0.0,
        "fpr": 0.0,
        "fnr": 1.0,
        "tpr": 0.0,
        "tnr": 1.0,
        "youden_j": 0.0,
        "mcc": 0.0,
        "auroc": 0.5978835978835979,
        "pr_auc": 0.398078615761377,
        "avg_precision": 0.42265211676110126,
        "brier": 0.2132380932557637,
        "best_f1": 0.5283018867924528,
        "best_f1_threshold": 0.3489682674407959,
        "fpr_at_recall_95": 0.8888888888888888,
        "recall_at_fpr_05": 0.047619047619047616,
        "recall_at_fpr_10": 0.14285714285714285,
        "mean_score_pos": 0.35045792375292095,
        "mean_score_neg": 0.33769524759716457,
        "std_score_pos": 0.03247127213552133,
        "std_score_neg": 0.037206361943395216,
        "score_gap": 0.01276267615575638,
        "median_score_pos": 0.35280314087867737,
        "median_score_neg": 0.3362827003002167,
        "frac_high_score": 0.0,
        "frac_low_score": 0.0,