{
  "stage": "S1",
  "epoch": 2,
  "fold": 1,
  "wall_clock_seconds": 246.81,
  "lr": {
    "head": 0.0009632507089040384
  },
  "train": {
    "loss": 0.0930725882574916,
    "focal": 0.05751712179277092,
    "variance": 0.010476827621459961,
    "decorrelation": 0.6901557326316834,
    "grad_norm": 0.35964617908000945,
    "n_steps": 100,
    "grad_steps": 50,
    "grad_nan_steps": 0
  },
  "val": {
    "overall": {
      "n": 200,
      "n_pos": 42,
      "n_neg": 158,
      "threshold": 0.5,
      "tp": 0,
      "fp": 0,
      "fn": 42,
      "tn": 158,
      "accuracy": 0.79,
      "acc_pos": 0.0,
      "acc_neg": 1.0,
      "precision": 0.0,
      "recall": 0.0,
      "f1": 0.0,
      "fpr": 0.0,
      "fnr": 1.0,
      "tpr": 0.0,
      "tnr": 1.0,
      "youden_j": 0.0,
      "mcc": 0.0,
      "auroc": 0.5372212176009644,
      "pr_auc": 0.2384794179755854,
      "avg_precision": 0.2676707724804254,
      "brier": 0.17656917976313033,
      "best_f1": 0.3738317757009346,
      "best_f1_threshold": 0.3263086974620819,
      "fpr_at_recall_95": 0.9240506329113924,
      "recall_at_fpr_05": 0.047619047619047616,
      "recall_at_fpr_10": 0.11904761904761904,
      "mean_score_pos": 0.3115961565857842,
      "mean_score_neg": 0.3092824274414702,
      "std_score_pos": 0.040111652329593475,
      "std_score_neg": 0.038315444451299877,
      "score_gap": 0.002313729144313992,
      "median_score_pos": 0.3157389611005783,
      "median_score_neg": 0.30780284106731415,
      "frac_high_score": 0.0,
      "frac_low_score": 0.0,
      "frac_uncertain": 0.01
    },
    "per_source": {
      "hots": {
        "n": 65,
        "n_pos": 14,
        "n_neg": 51,
        "threshold": 0.5,
        "tp": 0,
        "fp": 0,
        "fn": 14,
        "tn": 51,
        "accuracy": 0.7846153846153846,
        "acc_pos": 0.0,
        "acc_neg": 1.0,
        "precision": 0.0,
        "recall": 0.0,
        "f1": 0.0,
        "fpr": 0.0,
        "fnr": 1.0,
        "tpr": 0.0,
        "tnr": 1.0,
        "youden_j": 0.0,
        "mcc": 0.0,
        "auroc": 0.5756302521008403,
        "pr_auc": 0.2828436766727938,
        "avg_precision": 0.2938274487826141,
        "brier": 0.1780006556897285,
        "best_f1": 0.40740740740740744,
        "best_f1_threshold": 0.30831047892570496,
        "fpr_at_recall_95": 0.9607843137254902,
        "recall_at_fpr_05": 0.07142857142857142,
        "recall_at_fpr_10": 0.14285714285714285,
        "mean_score_pos": 0.32161182378019604,
        "mean_score_neg": 0.31577781953063666,
        "std_score_pos": 0.02661218169959883,
        "std_score_neg": 0.02545249279283098,
        "score_gap": 0.005834004249559377,
        "median_score_pos": 0.32179251313209534,
        "median_score_neg": 0.3141775131225586,
        "frac_high_score": 0.0,
        "frac_low_score": 0.0,
        "frac_uncertain": 0.0
      },
      "insdet": {
        "n": 135,
        "n_pos": 28,
        "n_neg": 107,
        "threshold": 0.5,
        "tp": 0,
        "fp": 0,
        "fn": 28,
        "tn": 107,
        "accuracy": 0.7925925925925926,
        "acc_pos": 0.0,
        "acc_neg": 1.0,
        "precision": 0.0,
        "recall": 0.0,
        "f1": 0.0,
        "fpr": 0.0,
        "fnr": 1.0,
        "tpr": 0.0,
        "tnr": 1.0,
        "youden_j": 0.0,
        "mcc": 0.0,
        "auroc": 0.5166889185580774,
        "pr_auc": 0.22976529380623398,
        "avg_precision": 0.25818624688408787,
        "brier": 0.17587995061328673,
        "best_f1": 0.36111111111111116,
        "best_f1_threshold": 0.3263086974620819,
        "fpr_at_recall_95": 0.897196261682243,
        "recall_at_fpr_05": 0.03571428571428571,
        "recall_at_fpr_10": 0.14285714285714285,
        "mean_score_pos": 0.30658832298857824,
        "mean_score_neg": 0.30618649289429745,
        "std_score_pos": 0.04499112611604313,
        "std_score_neg": 0.04288188750510744,
        "score_gap": 0.0004018300942807973,
        "median_score_pos": 0.3139996826648712,
        "median_score_neg": 0.3063886761665344,
        "frac_high_score": 0.0,
        "frac_low_score": 0.0,
        "frac_uncertain": 0.014814814814814815
      }
    },
    "per_k": {
      "k1": {
        "n": 67,
        "n_pos": 11,
        "n_neg": 56,
        "threshold": 0.5,
        "tp": 0,
        "fp": 0,
        "fn": 11,
        "tn": 56,
        "accuracy": 0.835820895522388,
        "acc_pos": 0.0,
        "acc_neg": 1.0,
        "precision": 0.0,
        "recall": 0.0,
        "f1": 0.0,
        "fpr": 0.0,
        "fnr": 1.0,
        "tpr": 0.0,
        "tnr": 1.0,
        "youden_j": 0.0,
        "mcc": 0.0,
        "auroc": 0.6298701298701299,
        "pr_auc": 0.247028102509785,
        "avg_precision": 0.27517345243073027,
        "brier": 0.1552878807983324,
        "best_f1": 0.43243243243243246,
        "best_f1_threshold": 0.31282126903533936,
        "fpr_at_recall_95": 1.0,
        "recall_at_fpr_05": 0.0,
        "recall_at_fpr_10": 0.18181818181818182,
        "mean_score_pos": 0.30481677976521576,
        "mean_score_neg": 0.2993525130940335,
        "std_score_pos": 0.03939697176501957,
        "std_score_neg": 0.03145619627635934,
        "score_gap": 0.005464266671182272,
        "median_score_pos": 0.3151780962944031,
        "median_score_neg": 0.30434760451316833,
        "frac_high_score": 0.0,
        "frac_low_score": 0.0,
        "frac_uncertain": 0.0
      },
      "k4": {
        "n": 67,
        "n_pos": 12,
        "n_neg": 55,
        "threshold": 0.5,
        "tp": 0,
        "fp": 0,
        "fn": 12,
        "tn": 55,
        "accuracy": 0.8208955223880597,
        "acc_pos": 0.0,
        "acc_neg": 1.0,
        "precision": 0.0,
        "recall": 0.0,
        "f1": 0.0,
        "fpr": 0.0,
        "fnr": 1.0,
        "tpr": 0.0,
        "tnr": 1.0,
        "youden_j": 0.0,
        "mcc": 0.0,
        "auroc": 0.4636363636363636,
        "pr_auc": 0.21527475748133829,
        "avg_precision": 0.23211112320023164,
        "brier": 0.16735248292322108,
        "best_f1": 0.32,
        "best_f1_threshold": 0.2496575117111206,
        "fpr_at_recall_95": 0.9272727272727272,
        "recall_at_fpr_05": 0.08333333333333333,
        "recall_at_fpr_10": 0.16666666666666666,
        "mean_score_pos": 0.30530982961257297,
        "mean_score_neg": 0.3104741906577891,
        "std_score_pos": 0.047239055216154756,
        "std_score_neg": 0.041999577068526965,
        "score_gap": -0.005164361045216115,
        "median_score_pos": 0.3015301376581192,
        "median_score_neg": 0.31012654304504395,
        "frac_high_score": 0.0,
        "frac_low_score": 0.0,
        "frac_uncertain": 0.0
      },
      "k10": {
        "n": 66,
        "n_pos": 19,
        "n_neg": 47,
        "threshold": 0.5,
        "tp": 0,
        "fp": 0,
        "fn": 19,
        "tn": 47,
        "accuracy": 0.7121212121212122,
        "acc_pos": 0.0,
        "acc_neg": 1.0,
        "precision": 0.0,
        "recall": 0.0,
        "f1": 0.0,
        "fpr": 0.0,
        "fnr": 1.0,
        "tpr": 0.0,
        "tnr": 1.0,
        "youden_j": 0.0,
        "mcc": 0.0,
        "auroc": 0.5162374020156775,
        "pr_auc": 0.30531659046237974,
        "avg_precision": 0.37304019868617827,
        "brier": 0.20752926641336336,
        "best_f1": 0.4888888888888889,
        "best_f1_threshold": 0.3263086974620819,
        "fpr_at_recall_95": 0.9361702127659575,
        "recall_at_fpr_05": 0.0,
        "recall_at_fpr_10": 0.05263157894736842,
        "mean_score_pos": 0.3194913707281414,
        "mean_score_neg": 0.3197191982193196,
        "std_score_pos": 0.03631236179648488,
        "std_score_neg": 0.039035079543821564,
        "score_gap": -0.00022782749117822299,
        "median_score_pos": 0.33459001779556274,
        "median_score_neg": 0.31667599081993103,
        "frac_high_score": 0.0,
        "frac_low_score": 0.0,
        "frac_uncertain": 0.030303030303030304
      }
    }
  }
}