{
  "stage": "1_2",
  "epoch": 8,
  "fold": 4,
  "wall_clock_seconds": 301.98,
  "lr": {
    "aggregator": 4.798581753627189e-05,
    "existence_head": 4.798581753627189e-05,
    "class_head": 2.4018941892492084e-05,
    "box_head": 2.4018941892492084e-05
  },
  "train": {
    "loss": 1.3931314667626735,
    "focal": 0.06469567943244212,
    "l1": 0.03436327368141182,
    "giou": 0.4814880898883266,
    "box_loss": 1.1347925684625102,
    "box_area_penalty": 0.001599931909191993,
    "existence_kl": 0.0,
    "margin": 0.3848992898579567,
    "nt_xent": 0.010335843416772062,
    "grad_norm": 4.621858412219632,
    "n_steps": 62,
    "aggregator_alpha": -0.0248193871229887
  },
  "val": {
    "overall": {
      "n": 100,
      "n_pos": 48,
      "n_neg": 52,
      "iou_mean": 0.26311225125876564,
      "iou_median": 0.0,
      "iou_p25": 0.0,
      "iou_p75": 0.6133590340614319,
      "contain_mean": 0.36903220787644386,
      "contain_at_iou_50": 0.2916666666666667,
      "contain_at_iou_75": 0.20833333333333334,
      "ap_per_iou": {
        "0.50": 0.09553246090990614,
        "0.55": 0.08987771309233354,
        "0.60": 0.07833408984236577,
        "0.65": 0.07833408984236577,
        "0.70": 0.07833408984236577,
        "0.75": 0.050466059922863245,
        "0.80": 0.050466059922863245,
        "0.85": 0.03054362039977584,
        "0.90": 0.0005604334018307492,
        "0.95": 0.0
      },
      "map_50": 0.09553246090990614,
      "map_75": 0.050466059922863245,
      "map_5095": 0.055244861717667,
      "map_50_existence_only": 0.0956138717320008,
      "map_5095_existence_only": 0.05633467988708686,
      "map_50_score_only": 0.11086903657304256,
      "map_5095_score_only": 0.0690766487466009,
      "precision_50": 0.2571428571428571,
      "recall_50": 0.1875,
      "f1_50": 0.21686746987951808,
      "existence_acc": 0.69,
      "existence_acc_pos": 0.5416666666666666,
      "existence_acc_neg": 0.8269230769230769,
      "existence_auroc": 0.8245192307692307,
      "existence_pr_auc": 0.8031124711413191,
      "existence_brier": 0.21423272200873364,
      "existence_f1": 0.21686746987951808,
      "false_positive_rate": 0.17307692307692307,
      "false_negative_rate": 0.4583333333333333,
      "mean_score_pos": 0.508781765277187,
      "mean_score_neg": 0.4261866985605313,
      "proto_score_pos": 0.9803533318142096,
      "proto_score_neg": 0.8621031558857515,
      "proto_score_gap": 0.1182501759284581,
      "mean_pred_box_area": 0.03317930625402368,
      "frac_pred_box_too_big": 0.03,
      "mean_existence_prob": 0.46583233058452606,
      "frac_high_existence": 0.0,
      "prototype_norm_mean": 1.6005168116092683,
      "prototype_norm_std": 0.2702055375371611
    },
    "per_source": {
      "hots": {
        "n": 35,
        "n_pos": 19,
        "n_neg": 16,
        "iou_mean": 0.44832665532043103,
        "iou_median": 0.7191600203514099,
        "iou_p25": 0.0,
        "iou_p75": 0.8686085939407349,
        "contain_mean": 0.5278853083911695,
        "contain_at_iou_50": 0.5263157894736842,
        "contain_at_iou_75": 0.47368421052631576,
        "ap_per_iou": {
          "0.50": 0.2623762376237624,
          "0.55": 0.2623762376237624,
          "0.60": 0.2623762376237624,
          "0.65": 0.2623762376237624,
          "0.70": 0.2623762376237624,
          "0.75": 0.21683168316831664,
          "0.80": 0.21683168316831664,
          "0.85": 0.11099531005732155,
          "0.90": 0.003126628452318916,
          "0.95": 0.0
        },
        "map_50": 0.2623762376237624,
        "map_75": 0.21683168316831664,
        "map_5095": 0.18596664929650858,
        "map_50_existence_only": 0.2536539368222533,
        "map_5095_existence_only": 0.17901933050447882,
        "map_50_score_only": 0.28217821782178176,
        "map_5095_score_only": 0.20370356584530608,
        "precision_50": 0.4,
        "recall_50": 0.3157894736842105,
        "f1_50": 0.35294117647058826,
        "existence_acc": 0.7142857142857143,
        "existence_acc_pos": 0.631578947368421,
        "existence_acc_neg": 0.8125,
        "existence_auroc": 0.8585526315789473,
        "existence_pr_auc": 0.8767966845223648,
        "existence_brier": 0.20550668751737436,
        "existence_f1": 0.35294117647058826,
        "false_positive_rate": 0.1875,
        "false_negative_rate": 0.3684210526315789,
        "mean_score_pos": 0.5247313019476438,
        "mean_score_neg": 0.41284386441111565,
        "proto_score_pos": 0.9763848969810888,
        "proto_score_neg": 0.7295821933075786,
        "proto_score_gap": 0.2468027036735102,
        "mean_pred_box_area": 0.07098311734651881,
        "frac_pred_box_too_big": 0.05714285714285714,
        "mean_existence_prob": 0.47358275907380243,
        "frac_high_existence": 0.0,
        "prototype_norm_mean": 1.867462464741298,
        "prototype_norm_std": 0.17516926855728834
      },
      "insdet": {
        "n": 65,
        "n_pos": 29,
        "n_neg": 36,
        "iou_mean": 0.14176488308043317,
        "iou_median": 0.0,
        "iou_p25": 0.0,
        "iou_p75": 0.12884874641895294,
        "contain_mean": 0.2649560385736926,
        "contain_at_iou_50": 0.13793103448275862,
        "contain_at_iou_75": 0.034482758620689655,
        "ap_per_iou": {
          "0.50": 0.02852790773582853,
          "0.55": 0.025133282559025135,
          "0.60": 0.01155115511551155,
          "0.65": 0.01155115511551155,
          "0.70": 0.01155115511551155,
          "0.75": 0.0039603960396039604,
          "0.80": 0.0039603960396039604,
          "0.85": 0.0039603960396039604,
          "0.90": 0.0,
          "0.95": 0.0
        },
        "map_50": 0.02852790773582853,
        "map_75": 0.0039603960396039604,
        "map_5095": 0.01001958437602002,
        "map_50_existence_only": 0.028433612592028437,
        "map_5095_existence_only": 0.009902144060559902,
        "map_50_score_only": 0.040026563631972954,
        "map_5095_score_only": 0.021081864283989372,
        "precision_50": 0.15,
        "recall_50": 0.10344827586206896,
        "f1_50": 0.12244897959183673,
        "existence_acc": 0.676923076923077,
        "existence_acc_pos": 0.4827586206896552,
        "existence_acc_neg": 0.8333333333333334,
        "existence_auroc": 0.8017241379310345,
        "existence_pr_auc": 0.7214524476097847,
        "existence_brier": 0.2189313559656194,
        "existence_f1": 0.12244897959183673,
        "false_positive_rate": 0.16666666666666666,
        "false_negative_rate": 0.5172413793103449,
        "mean_score_pos": 0.4983320688379222,
        "mean_score_neg": 0.43211684707138276,
        "proto_score_pos": 0.9829533408428061,
        "proto_score_neg": 0.9210013614760505,
        "proto_score_gap": 0.06195197936675556,
        "mean_pred_box_area": 0.01282340797344939,
        "frac_pred_box_too_big": 0.015384615384615385,
        "mean_existence_prob": 0.46165902293645417,
        "frac_high_existence": 0.0,
        "prototype_norm_mean": 1.4567768445381752,
        "prototype_norm_std": 0.19152965705274458
      }
    },
    "tile_cfg": {
      "mode": "off",
      "levels": [
        1,
        2
      ],
      "overlap": 0.3,
      "for_sources": [
        "insdet"
      ],
      "nms_iou": 0.5,
      "top_k": 100,
      "score_combo": "existence_x_score",
      "edge_score_penalty": 0.5,
      "edge_px": 4,
      "merge_partial_boxes": true,
      "merge_min_score": 0.2
    }
  }
}