{
  "stage": "1_2",
  "epoch": 8,
  "fold": 0,
  "wall_clock_seconds": 303.81,
  "lr": {
    "aggregator": 5.622844693190407e-05,
    "existence_head": 5.622844693190407e-05,
    "class_head": 2.81361311501702e-05,
    "box_head": 2.81361311501702e-05
  },
  "train": {
    "loss": 1.7084486878687335,
    "focal": 0.07576996827077481,
    "l1": 0.03877391565531012,
    "giou": 0.6111479305451916,
    "box_loss": 1.416165445120104,
    "box_area_penalty": 0.00033351778984069824,
    "existence_kl": 0.0,
    "margin": 0.43261086556219286,
    "nt_xent": 0.0017449206282054224,
    "grad_norm": 3.9735828984168267,
    "n_steps": 62,
    "aggregator_alpha": -0.024737965315580368
  },
  "val": {
    "overall": {
      "n": 100,
      "n_pos": 51,
      "n_neg": 49,
      "iou_mean": 0.1131411850927215,
      "iou_median": 0.0,
      "iou_p25": 0.0,
      "iou_p75": 0.006262626964598894,
      "contain_mean": 0.20173188342767603,
      "contain_at_iou_50": 0.11764705882352941,
      "contain_at_iou_75": 0.058823529411764705,
      "ap_per_iou": {
        "0.50": 0.015149161975021029,
        "0.55": 0.015149161975021029,
        "0.60": 0.015149161975021029,
        "0.65": 0.015149161975021029,
        "0.70": 0.008800880088008802,
        "0.75": 0.00495049504950495,
        "0.80": 0.00495049504950495,
        "0.85": 0.0,
        "0.90": 0.0,
        "0.95": 0.0
      },
      "map_50": 0.015149161975021029,
      "map_75": 0.00495049504950495,
      "map_5095": 0.007929851808710281,
      "map_50_existence_only": 0.01473544293600224,
      "map_5095_existence_only": 0.00759783029833398,
      "map_50_score_only": 0.026166902404526172,
      "map_5095_score_only": 0.014010273207771906,
      "precision_50": 0.10869565217391304,
      "recall_50": 0.09803921568627451,
      "f1_50": 0.10309278350515465,
      "existence_acc": 0.65,
      "existence_acc_pos": 0.6078431372549019,
      "existence_acc_neg": 0.6938775510204082,
      "existence_auroc": 0.6966786714685874,
      "existence_pr_auc": 0.6757159500253067,
      "existence_brier": 0.22685258627041477,
      "existence_f1": 0.10309278350515465,
      "false_positive_rate": 0.30612244897959184,
      "false_negative_rate": 0.39215686274509803,
      "mean_score_pos": 0.5114940223740596,
      "mean_score_neg": 0.4500291767169018,
      "proto_score_pos": 0.9646838009357452,
      "proto_score_neg": 0.8321974524581919,
      "proto_score_gap": 0.13248634847755336,
      "mean_pred_box_area": 0.012256934586912394,
      "frac_pred_box_too_big": 0.0,
      "mean_existence_prob": 0.4813762480020523,
      "frac_high_existence": 0.0,
      "prototype_norm_mean": 1.703286385536194,
      "prototype_norm_std": 0.29739450329090195
    },
    "per_source": {
      "hots": {
        "n": 36,
        "n_pos": 15,
        "n_neg": 21,
        "iou_mean": 0.30508575836817425,
        "iou_median": 0.0,
        "iou_p25": 0.0,
        "iou_p75": 0.7202467918395996,
        "contain_mean": 0.38914903402328493,
        "contain_at_iou_50": 0.4,
        "contain_at_iou_75": 0.2,
        "ap_per_iou": {
          "0.50": 0.1368599717114569,
          "0.55": 0.1368599717114569,
          "0.60": 0.1368599717114569,
          "0.65": 0.1368599717114569,
          "0.70": 0.07637906647807635,
          "0.75": 0.044554455445544566,
          "0.80": 0.044554455445544566,
          "0.85": 0.0,
          "0.90": 0.0,
          "0.95": 0.0
        },
        "map_50": 0.1368599717114569,
        "map_75": 0.044554455445544566,
        "map_5095": 0.0712927864214993,
        "map_50_existence_only": 0.11953738477296011,
        "map_5095_existence_only": 0.06229515192898603,
        "map_50_score_only": 0.15834409527909302,
        "map_5095_score_only": 0.08439974432225826,
        "precision_50": 0.2777777777777778,
        "recall_50": 0.3333333333333333,
        "f1_50": 0.303030303030303,
        "existence_acc": 0.6944444444444444,
        "existence_acc_pos": 0.7333333333333333,
        "existence_acc_neg": 0.6666666666666666,
        "existence_auroc": 0.6761904761904762,
        "existence_pr_auc": 0.5203328961374938,
        "existence_brier": 0.2236020110723404,
        "existence_f1": 0.303030303030303,
        "false_positive_rate": 0.3333333333333333,
        "false_negative_rate": 0.26666666666666666,
        "mean_score_pos": 0.5040125985940297,
        "mean_score_neg": 0.44016164257412865,
        "proto_score_pos": 0.9126849472522736,
        "proto_score_neg": 0.7022726459517366,
        "proto_score_gap": 0.210412301300537,
        "mean_pred_box_area": 0.019095294604388375,
        "frac_pred_box_too_big": 0.0,
        "mean_existence_prob": 0.46676620758242077,
        "frac_high_existence": 0.0,
        "prototype_norm_mean": 1.9700662394364674,
        "prototype_norm_std": 0.22365221553504752
      },
      "insdet": {
        "n": 64,
        "n_pos": 36,
        "n_neg": 28,
        "iou_mean": 0.03316427956128286,
        "iou_median": 0.0,
        "iou_p25": 0.0,
        "iou_p75": 0.0,
        "contain_mean": 0.123641404012839,
        "contain_at_iou_50": 0.0,
        "contain_at_iou_75": 0.0,
        "ap_per_iou": {
          "0.50": 0.0,
          "0.55": 0.0,
          "0.60": 0.0,
          "0.65": 0.0,
          "0.70": 0.0,
          "0.75": 0.0,
          "0.80": 0.0,
          "0.85": 0.0,
          "0.90": 0.0,
          "0.95": 0.0
        },
        "map_50": 0.0,
        "map_75": 0.0,
        "map_5095": 0.0,
        "map_50_existence_only": 0.0,
        "map_5095_existence_only": 0.0,
        "map_50_score_only": 0.0,
        "map_5095_score_only": 0.0,
        "precision_50": 0.0,
        "recall_50": 0.0,
        "f1_50": 0.0,
        "existence_acc": 0.625,
        "existence_acc_pos": 0.5555555555555556,
        "existence_acc_neg": 0.7142857142857143,
        "existence_auroc": 0.689484126984127,
        "existence_pr_auc": 0.7301945197386939,
        "existence_brier": 0.2286810348193316,
        "existence_f1": 0.0,
        "false_positive_rate": 0.2857142857142857,
        "false_negative_rate": 0.4444444444444444,
        "mean_score_pos": 0.5146112822824054,
        "mean_score_neg": 0.4574298273239817,
        "proto_score_pos": 0.9863499899705251,
        "proto_score_neg": 0.9296410573380334,
        "proto_score_gap": 0.05670893263249177,
        "mean_pred_box_area": 0.008410357077082153,
        "frac_pred_box_too_big": 0.0,
        "mean_existence_prob": 0.48959439573809505,
        "frac_high_existence": 0.0,
        "prototype_norm_mean": 1.55322271771729,
        "prototype_norm_std": 0.2182832824328744
      }
    },
    "tile_cfg": {
      "mode": "off",
      "levels": [
        1,
        2
      ],
      "overlap": 0.3,
      "for_sources": [
        "insdet"
      ],
      "nms_iou": 0.5,
      "top_k": 100,
      "score_combo": "existence_x_score",
      "edge_score_penalty": 0.5,
      "edge_px": 4,
      "merge_partial_boxes": true,
      "merge_min_score": 0.2
    }
  }
}