{
  "stage": "1_2",
  "epoch": 8,
  "fold": 2,
  "wall_clock_seconds": 303.49,
  "lr": {
    "aggregator": 5.211418246372833e-05,
    "existence_head": 5.211418246372833e-05,
    "class_head": 2.6081058107507856e-05,
    "box_head": 2.6081058107507856e-05
  },
  "train": {
    "loss": 1.9586381539702415,
    "focal": 0.0686745328768607,
    "l1": 0.043235827177282304,
    "giou": 0.7346157325852302,
    "box_loss": 1.6854106019581518,
    "box_area_penalty": 0.0,
    "existence_kl": 0.0,
    "margin": 0.4055907649378623,
    "nt_xent": 0.017576329537757462,
    "grad_norm": 4.19621947503859,
    "n_steps": 62,
    "aggregator_alpha": -0.024813763797283173
  },
  "val": {
    "overall": {
      "n": 100,
      "n_pos": 47,
      "n_neg": 53,
      "iou_mean": 0.1850565304940051,
      "iou_median": 0.0,
      "iou_p25": 0.0,
      "iou_p75": 0.348538301885128,
      "contain_mean": 0.31381510150559405,
      "contain_at_iou_50": 0.2127659574468085,
      "contain_at_iou_75": 0.06382978723404255,
      "ap_per_iou": {
        "0.50": 0.09379925237421703,
        "0.55": 0.09070519296827644,
        "0.60": 0.09070519296827644,
        "0.65": 0.08304708021822589,
        "0.70": 0.049707011517478285,
        "0.75": 0.036573045059608,
        "0.80": 0.036573045059608,
        "0.85": 0.03536067892503536,
        "0.90": 0.0,
        "0.95": 0.0
      },
      "map_50": 0.09379925237421703,
      "map_75": 0.036573045059608,
      "map_5095": 0.05164704990907254,
      "map_50_existence_only": 0.09306159000091876,
      "map_5095_existence_only": 0.05138096064471256,
      "map_50_score_only": 0.10382501098407053,
      "map_5095_score_only": 0.05590483196926503,
      "precision_50": 0.2222222222222222,
      "recall_50": 0.1276595744680851,
      "f1_50": 0.16216216216216217,
      "existence_acc": 0.62,
      "existence_acc_pos": 0.3829787234042553,
      "existence_acc_neg": 0.8301886792452831,
      "existence_auroc": 0.7278201525491771,
      "existence_pr_auc": 0.6643384931053191,
      "existence_brier": 0.2235247195003061,
      "existence_f1": 0.16216216216216217,
      "false_positive_rate": 0.16981132075471697,
      "false_negative_rate": 0.6170212765957447,
      "mean_score_pos": 0.4965438075522159,
      "mean_score_neg": 0.43277602431909096,
      "proto_score_pos": 0.9777723449341794,
      "proto_score_neg": 0.8196431224076253,
      "proto_score_gap": 0.15812922252655415,
      "mean_pred_box_area": 0.09143395386287011,
      "frac_pred_box_too_big": 0.07,
      "mean_existence_prob": 0.4627468824386597,
      "frac_high_existence": 0.0,
      "prototype_norm_mean": 1.6786689960956573,
      "prototype_norm_std": 0.2374038710882375
    },
    "per_source": {
      "hots": {
        "n": 35,
        "n_pos": 10,
        "n_neg": 25,
        "iou_mean": 0.4621602952480316,
        "iou_median": 0.6681638062000275,
        "iou_p25": 0.0,
        "iou_p75": 0.8094618767499924,
        "contain_mean": 0.56566202044487,
        "contain_at_iou_50": 0.6,
        "contain_at_iou_75": 0.3,
        "ap_per_iou": {
          "0.50": 0.4227334498155695,
          "0.55": 0.4227334498155695,
          "0.60": 0.4227334498155695,
          "0.65": 0.4227334498155695,
          "0.70": 0.25761987963502236,
          "0.75": 0.16598718695398948,
          "0.80": 0.16598718695398948,
          "0.85": 0.14851485148514856,
          "0.90": 0.0,
          "0.95": 0.0
        },
        "map_50": 0.4227334498155695,
        "map_75": 0.16598718695398948,
        "map_5095": 0.24290429042904277,
        "map_50_existence_only": 0.4207920792079209,
        "map_5095_existence_only": 0.2418041804180419,
        "map_50_score_only": 0.41246871939941243,
        "map_5095_score_only": 0.2387988249374388,
        "precision_50": 0.36363636363636365,
        "recall_50": 0.4,
        "f1_50": 0.380952380952381,
        "existence_acc": 0.6857142857142857,
        "existence_acc_pos": 0.5,
        "existence_acc_neg": 0.76,
        "existence_auroc": 0.788,
        "existence_pr_auc": 0.61,
        "existence_brier": 0.20413708959195198,
        "existence_f1": 0.380952380952381,
        "false_positive_rate": 0.24,
        "false_negative_rate": 0.5,
        "mean_score_pos": 0.5285028904676438,
        "mean_score_neg": 0.4306662631034851,
        "proto_score_pos": 0.9757194340229034,
        "proto_score_neg": 0.7294920265674592,
        "proto_score_gap": 0.24622740745544425,
        "mean_pred_box_area": 0.16365254653085556,
        "frac_pred_box_too_big": 0.14285714285714285,
        "mean_existence_prob": 0.45861958520753043,
        "frac_high_existence": 0.0,
        "prototype_norm_mean": 1.91737277167184,
        "prototype_norm_std": 0.12676296260250047
      },
      "insdet": {
        "n": 65,
        "n_pos": 37,
        "n_neg": 28,
        "iou_mean": 0.11016362110102498,
        "iou_median": 0.0,
        "iou_p25": 0.0,
        "iou_p75": 0.07154274731874466,
        "contain_mean": 0.2457483666571411,
        "contain_at_iou_50": 0.10810810810810811,
        "contain_at_iou_75": 0.0,
        "ap_per_iou": {
          "0.50": 0.01665166516651665,
          "0.55": 0.014851485148514854,
          "0.60": 0.014851485148514854,
          "0.65": 0.00693069306930693,
          "0.70": 0.0,
          "0.75": 0.0,
          "0.80": 0.0,
          "0.85": 0.0,
          "0.90": 0.0,
          "0.95": 0.0
        },
        "map_50": 0.01665166516651665,
        "map_75": 0.0,
        "map_5095": 0.005328532853285329,
        "map_50_existence_only": 0.016639184094491617,
        "map_5095_existence_only": 0.005354597822218025,
        "map_50_score_only": 0.020894001164822366,
        "map_5095_score_only": 0.006421083284799069,
        "precision_50": 0.125,
        "recall_50": 0.05405405405405406,
        "f1_50": 0.07547169811320754,
        "existence_acc": 0.5846153846153846,
        "existence_acc_pos": 0.35135135135135137,
        "existence_acc_neg": 0.8928571428571429,
        "existence_auroc": 0.7277992277992278,
        "existence_pr_auc": 0.7768572246908689,
        "existence_brier": 0.23396421252788144,
        "existence_f1": 0.07547169811320754,
        "false_positive_rate": 0.10714285714285714,
        "false_negative_rate": 0.6486486486486487,
        "mean_score_pos": 0.48790621757507324,
        "mean_score_neg": 0.4346597396901676,
        "proto_score_pos": 0.9783271857210107,
        "proto_score_neg": 0.9001351722649166,
        "proto_score_gap": 0.07819201345609417,
        "mean_pred_box_area": 0.05254701934933949,
        "frac_pred_box_too_big": 0.03076923076923077,
        "mean_existence_prob": 0.4649692732554216,
        "frac_high_existence": 0.0,
        "prototype_norm_mean": 1.5501361938623281,
        "prototype_norm_std": 0.175233408162878
      }
    },
    "tile_cfg": {
      "mode": "off",
      "levels": [
        1,
        2
      ],
      "overlap": 0.3,
      "for_sources": [
        "insdet"
      ],
      "nms_iou": 0.5,
      "top_k": 100,
      "score_combo": "existence_x_score",
      "edge_score_penalty": 0.5,
      "edge_px": 4,
      "merge_partial_boxes": true,
      "merge_min_score": 0.2
    }
  }
}