{
  "stage": "1_2",
  "epoch": 8,
  "fold": 1,
  "wall_clock_seconds": 304.18,
  "lr": {
    "aggregator": 5.417483830634313e-05,
    "existence_head": 5.417483830634313e-05,
    "class_head": 2.711035466953467e-05,
    "box_head": 2.711035466953467e-05
  },
  "train": {
    "loss": 1.5386855741662364,
    "focal": 0.07415245136907024,
    "l1": 0.02601938478408321,
    "giou": 0.5604613673302435,
    "box_loss": 1.2510196559371487,
    "box_area_penalty": 0.0008058740943764156,
    "existence_kl": 0.0,
    "margin": 0.4266105544182562,
    "nt_xent": 0.0012760954597333988,
    "grad_norm": 3.7617535898762364,
    "n_steps": 62,
    "aggregator_alpha": -0.02479737251996994
  },
  "val": {
    "overall": {
      "n": 100,
      "n_pos": 57,
      "n_neg": 43,
      "iou_mean": 0.2335504281024138,
      "iou_median": 0.0,
      "iou_p25": 0.0,
      "iou_p75": 0.461936891078949,
      "contain_mean": 0.38743348079815243,
      "contain_at_iou_50": 0.24561403508771928,
      "contain_at_iou_75": 0.12280701754385964,
      "ap_per_iou": {
        "0.50": 0.05054461490105057,
        "0.55": 0.05054461490105057,
        "0.60": 0.037621344552037604,
        "0.65": 0.027629423238549364,
        "0.70": 0.025090707828546825,
        "0.75": 0.016611661166116613,
        "0.80": 0.01362564827911363,
        "0.85": 0.010209381593897095,
        "0.90": 0.0039603960396039604,
        "0.95": 0.0013201320132013201
      },
      "map_50": 0.05054461490105057,
      "map_75": 0.016611661166116613,
      "map_5095": 0.023715792451316754,
      "map_50_existence_only": 0.04976539979947362,
      "map_5095_existence_only": 0.023409008067573917,
      "map_50_score_only": 0.07563938993480059,
      "map_5095_score_only": 0.04915222394797407,
      "precision_50": 0.0975609756097561,
      "recall_50": 0.07017543859649122,
      "f1_50": 0.0816326530612245,
      "existence_acc": 0.58,
      "existence_acc_pos": 0.49122807017543857,
      "existence_acc_neg": 0.6976744186046512,
      "existence_auroc": 0.6903304773561811,
      "existence_pr_auc": 0.6652998339936881,
      "existence_brier": 0.23030835757117393,
      "existence_f1": 0.0816326530612245,
      "false_positive_rate": 0.3023255813953488,
      "false_negative_rate": 0.5087719298245614,
      "mean_score_pos": 0.5220138221456293,
      "mean_score_neg": 0.45661633444386857,
      "proto_score_pos": 0.969081463520987,
      "proto_score_neg": 0.8119368197093176,
      "proto_score_gap": 0.15714464381166937,
      "mean_pred_box_area": 0.025351068167947233,
      "frac_pred_box_too_big": 0.01,
      "mean_existence_prob": 0.49389290243387224,
      "frac_high_existence": 0.0,
      "prototype_norm_mean": 1.6341461074352264,
      "prototype_norm_std": 0.2994406069594081
    },
    "per_source": {
      "hots": {
        "n": 36,
        "n_pos": 22,
        "n_neg": 14,
        "iou_mean": 0.4499618031761863,
        "iou_median": 0.5965399444103241,
        "iou_p25": 0.0,
        "iou_p75": 0.808134451508522,
        "contain_mean": 0.5585526688532396,
        "contain_at_iou_50": 0.5909090909090909,
        "contain_at_iou_75": 0.3181818181818182,
        "ap_per_iou": {
          "0.50": 0.4156320393944157,
          "0.55": 0.4156320393944157,
          "0.60": 0.3377075802818373,
          "0.65": 0.2998061710932995,
          "0.70": 0.28147100424328114,
          "0.75": 0.19801980198019792,
          "0.80": 0.17821782178217818,
          "0.85": 0.14851485148514848,
          "0.90": 0.08250825082508251,
          "0.95": 0.04950495049504951
        },
        "map_50": 0.4156320393944157,
        "map_75": 0.19801980198019792,
        "map_5095": 0.24070145109749058,
        "map_50_existence_only": 0.409960638921035,
        "map_5095_existence_only": 0.23899782835426406,
        "map_50_score_only": 0.4329450592118033,
        "map_5095_score_only": 0.24183444588802763,
        "precision_50": 0.4,
        "recall_50": 0.18181818181818182,
        "f1_50": 0.25000000000000006,
        "existence_acc": 0.5555555555555556,
        "existence_acc_pos": 0.36363636363636365,
        "existence_acc_neg": 0.8571428571428571,
        "existence_auroc": 0.8246753246753247,
        "existence_pr_auc": 0.8624919593633265,
        "existence_brier": 0.21931419536269547,
        "existence_f1": 0.25000000000000006,
        "false_positive_rate": 0.14285714285714285,
        "false_negative_rate": 0.6363636363636364,
        "mean_score_pos": 0.49892857670783997,
        "mean_score_neg": 0.3964639518942152,
        "proto_score_pos": 0.9661070054227655,
        "proto_score_neg": 0.6277749424002,
        "proto_score_gap": 0.33833206302256547,
        "mean_pred_box_area": 0.032569636474363506,
        "frac_pred_box_too_big": 0.0,
        "mean_existence_prob": 0.45908122261365253,
        "frac_high_existence": 0.0,
        "prototype_norm_mean": 1.95226741499371,
        "prototype_norm_std": 0.2344251718244217
      },
      "insdet": {
        "n": 64,
        "n_pos": 35,
        "n_neg": 29,
        "iou_mean": 0.0975204209131854,
        "iou_median": 0.0,
        "iou_p25": 0.0,
        "iou_p75": 0.0973241962492466,
        "contain_mean": 0.2798728483063834,
        "contain_at_iou_50": 0.02857142857142857,
        "contain_at_iou_75": 0.0,
        "ap_per_iou": {
          "0.50": 0.00087361677344205,
          "0.55": 0.00087361677344205,
          "0.60": 0.00087361677344205,
          "0.65": 0.0,
          "0.70": 0.0,
          "0.75": 0.0,
          "0.80": 0.0,
          "0.85": 0.0,
          "0.90": 0.0,
          "0.95": 0.0
        },
        "map_50": 0.00087361677344205,
        "map_75": 0.0,
        "map_5095": 0.000262085032032615,
        "map_50_existence_only": 0.00087361677344205,
        "map_5095_existence_only": 0.000262085032032615,
        "map_50_score_only": 0.000825082508250825,
        "map_5095_score_only": 0.0002475247524752475,
        "precision_50": 0.0,
        "recall_50": 0.0,
        "f1_50": 0.0,
        "existence_acc": 0.59375,
        "existence_acc_pos": 0.5714285714285714,
        "existence_acc_neg": 0.6206896551724138,
        "existence_auroc": 0.6295566502463055,
        "existence_pr_auc": 0.6071663186624301,
        "existence_brier": 0.23649257381344307,
        "existence_f1": 0.0,
        "false_positive_rate": 0.3793103448275862,
        "false_negative_rate": 0.42857142857142855,
        "mean_score_pos": 0.5365245478493826,
        "mean_score_neg": 0.48565541567473575,
        "proto_score_pos": 0.9709511228970119,
        "proto_score_neg": 0.9008425535826847,
        "proto_score_gap": 0.07010856931432718,
        "mean_pred_box_area": 0.02129062349558808,
        "frac_pred_box_too_big": 0.015625,
        "mean_existence_prob": 0.5134744723327458,
        "frac_high_existence": 0.0,
        "prototype_norm_mean": 1.4552028719335794,
        "prototype_norm_std": 0.14146662545446517
      }
    },
    "tile_cfg": {
      "mode": "off",
      "levels": [
        1,
        2
      ],
      "overlap": 0.3,
      "for_sources": [
        "insdet"
      ],
      "nms_iou": 0.5,
      "top_k": 100,
      "score_combo": "existence_x_score",
      "edge_score_penalty": 0.5,
      "edge_px": 4,
      "merge_partial_boxes": true,
      "merge_min_score": 0.2
    }
  }
}