{
  "stage": "1_2",
  "epoch": 9,
  "fold": 2,
  "wall_clock_seconds": 303.91,
  "lr": {
    "aggregator": 4.182850021547745e-05,
    "existence_head": 4.182850021547745e-05,
    "class_head": 2.0943364972495672e-05,
    "box_head": 2.0943364972495672e-05
  },
  "train": {
    "loss": 2.5969041518626677,
    "focal": 0.07012333081013733,
    "l1": 0.05475615942850709,
    "giou": 1.0299545252515423,
    "box_loss": 2.333689848261495,
    "box_area_penalty": 0.0,
    "existence_kl": 0.0,
    "margin": 0.38340786195570425,
    "nt_xent": 0.013870489866202396,
    "grad_norm": 4.32231036309273,
    "n_steps": 62,
    "aggregator_alpha": -0.02484084665775299
  },
  "val": {
    "overall": {
      "n": 100,
      "n_pos": 49,
      "n_neg": 51,
      "iou_mean": 0.18573332051758426,
      "iou_median": 0.0,
      "iou_p25": 0.0,
      "iou_p75": 0.22425369918346405,
      "contain_mean": 0.37206528646567344,
      "contain_at_iou_50": 0.20408163265306123,
      "contain_at_iou_75": 0.16326530612244897,
      "ap_per_iou": {
        "0.50": 0.10272450321955269,
        "0.55": 0.09782651342057279,
        "0.60": 0.09782651342057279,
        "0.65": 0.0896916614738397,
        "0.70": 0.0896916614738397,
        "0.75": 0.0896916614738397,
        "0.80": 0.027632763276327632,
        "0.85": 0.01062106210621062,
        "0.90": 0.0,
        "0.95": 0.0
      },
      "map_50": 0.10272450321955269,
      "map_75": 0.0896916614738397,
      "map_5095": 0.06057063398647557,
      "map_50_existence_only": 0.10266021107605264,
      "map_5095_existence_only": 0.06053077285750552,
      "map_50_score_only": 0.12080443338451491,
      "map_5095_score_only": 0.07257506927163306,
      "precision_50": 0.1875,
      "recall_50": 0.1836734693877551,
      "f1_50": 0.18556701030927839,
      "existence_acc": 0.59,
      "existence_acc_pos": 0.5714285714285714,
      "existence_acc_neg": 0.6078431372549019,
      "existence_auroc": 0.6126450580232092,
      "existence_pr_auc": 0.6209474837136106,
      "existence_brier": 0.23808024150571874,
      "existence_f1": 0.18556701030927839,
      "false_positive_rate": 0.39215686274509803,
      "false_negative_rate": 0.42857142857142855,
      "mean_score_pos": 0.5333102923266742,
      "mean_score_neg": 0.49111681592230705,
      "proto_score_pos": 0.9855657499663684,
      "proto_score_neg": 0.9324326412934884,
      "proto_score_gap": 0.053133108672880014,
      "mean_pred_box_area": 0.05674020170932636,
      "frac_pred_box_too_big": 0.03,
      "mean_existence_prob": 0.5117916193604469,
      "frac_high_existence": 0.0,
      "prototype_norm_mean": 1.718659940958023,
      "prototype_norm_std": 0.25994716904564313
    },
    "per_source": {
      "hots": {
        "n": 35,
        "n_pos": 14,
        "n_neg": 21,
        "iou_mean": 0.4105339159390756,
        "iou_median": 0.3950433600693941,
        "iou_p25": 0.0,
        "iou_p75": 0.8003205955028534,
        "contain_mean": 0.5657911683831897,
        "contain_at_iou_50": 0.5,
        "contain_at_iou_75": 0.5,
        "ap_per_iou": {
          "0.50": 0.35398730090400304,
          "0.55": 0.35398730090400304,
          "0.60": 0.35398730090400304,
          "0.65": 0.35398730090400304,
          "0.70": 0.35398730090400304,
          "0.75": 0.35398730090400304,
          "0.80": 0.12311665949203625,
          "0.85": 0.045630650021523916,
          "0.90": 0.0,
          "0.95": 0.0
        },
        "map_50": 0.35398730090400304,
        "map_75": 0.35398730090400304,
        "map_5095": 0.22926711149375784,
        "map_50_existence_only": 0.35398730090400304,
        "map_5095_existence_only": 0.22926711149375784,
        "map_50_score_only": 0.3751375137513756,
        "map_5095_score_only": 0.24231370505471625,
        "precision_50": 0.3,
        "recall_50": 0.42857142857142855,
        "f1_50": 0.3529411764705882,
        "existence_acc": 0.6,
        "existence_acc_pos": 0.7142857142857143,
        "existence_acc_neg": 0.5238095238095238,
        "existence_auroc": 0.6564625850340136,
        "existence_pr_auc": 0.6362650059330298,
        "existence_brier": 0.23747547061495058,
        "existence_f1": 0.3529411764705882,
        "false_positive_rate": 0.47619047619047616,
        "false_negative_rate": 0.2857142857142857,
        "mean_score_pos": 0.5720740343843188,
        "mean_score_neg": 0.5008730987707773,
        "proto_score_pos": 0.9832461859498706,
        "proto_score_neg": 0.8836459737448465,
        "proto_score_gap": 0.09960021220502402,
        "mean_pred_box_area": 0.09378487749823503,
        "frac_pred_box_too_big": 0.05714285714285714,
        "mean_existence_prob": 0.529353473016194,
        "frac_high_existence": 0.0,
        "prototype_norm_mean": 1.9935438088008335,
        "prototype_norm_std": 0.18363022033540766
      },
      "insdet": {
        "n": 65,
        "n_pos": 35,
        "n_neg": 30,
        "iou_mean": 0.09581308234898772,
        "iou_median": 0.0,
        "iou_p25": 0.0,
        "iou_p75": 0.04885437712073326,
        "contain_mean": 0.29457493369866694,
        "contain_at_iou_50": 0.08571428571428572,
        "contain_at_iou_75": 0.02857142857142857,
        "ap_per_iou": {
          "0.50": 0.012305516265912305,
          "0.55": 0.008062234794908063,
          "0.60": 0.008062234794908063,
          "0.65": 0.0010608203677510608,
          "0.70": 0.0010608203677510608,
          "0.75": 0.0010608203677510608,
          "0.80": 0.0,
          "0.85": 0.0,
          "0.90": 0.0,
          "0.95": 0.0
        },
        "map_50": 0.012305516265912305,
        "map_75": 0.0010608203677510608,
        "map_5095": 0.0031612446958981613,
        "map_50_existence_only": 0.012305516265912305,
        "map_5095_existence_only": 0.0031612446958981613,
        "map_50_score_only": 0.014356435643564354,
        "map_5095_score_only": 0.0030693069306930694,
        "precision_50": 0.10714285714285714,
        "recall_50": 0.08571428571428572,
        "f1_50": 0.09523809523809523,
        "existence_acc": 0.5846153846153846,
        "existence_acc_pos": 0.5142857142857142,
        "existence_acc_neg": 0.6666666666666666,
        "existence_auroc": 0.6152380952380953,
        "existence_pr_auc": 0.6885052018063849,
        "existence_brier": 0.2384058873699785,
        "existence_f1": 0.09523809523809523,
        "false_positive_rate": 0.3333333333333333,
        "false_negative_rate": 0.4857142857142857,
        "mean_score_pos": 0.5178047955036164,
        "mean_score_neg": 0.48428741792837776,
        "proto_score_pos": 0.9864935755729676,
        "proto_score_neg": 0.9665833085775375,
        "proto_score_gap": 0.01991026699543008,
        "mean_pred_box_area": 0.036793068592221694,
        "frac_pred_box_too_big": 0.015384615384615385,
        "mean_existence_prob": 0.502335236622737,
        "frac_high_existence": 0.0,
        "prototype_norm_mean": 1.5706455505811252,
        "prototype_norm_std": 0.15178735951648786
      }
    },
    "tile_cfg": {
      "mode": "off",
      "levels": [
        1,
        2
      ],
      "overlap": 0.3,
      "for_sources": [
        "insdet"
      ],
      "nms_iou": 0.5,
      "top_k": 100,
      "score_combo": "existence_x_score",
      "edge_score_penalty": 0.5,
      "edge_px": 4,
      "merge_partial_boxes": true,
      "merge_min_score": 0.2
    }
  }
}