{
  "stage": "1_2",
  "epoch": 9,
  "fold": 3,
  "wall_clock_seconds": 302.43,
  "lr": {
    "aggregator": 3.979949365732817e-05,
    "existence_head": 3.979949365732817e-05,
    "class_head": 1.99298772122189e-05,
    "box_head": 1.99298772122189e-05
  },
  "train": {
    "loss": 1.8627226484879371,
    "focal": 0.08196275894560161,
    "l1": 0.04398308952729548,
    "giou": 0.6822787912622574,
    "box_loss": 1.5844730322639788,
    "box_area_penalty": 0.0005618243087683954,
    "existence_kl": 0.0,
    "margin": 0.39177726161095405,
    "nt_xent": 0.0034204407204543393,
    "grad_norm": 5.330262014942784,
    "n_steps": 62,
    "aggregator_alpha": -0.024877654388546944
  },
  "val": {
    "overall": {
      "n": 100,
      "n_pos": 58,
      "n_neg": 42,
      "iou_mean": 0.18852766822614098,
      "iou_median": 0.0,
      "iou_p25": 0.0,
      "iou_p75": 0.23600603640079498,
      "contain_mean": 0.26295234495573194,
      "contain_at_iou_50": 0.20689655172413793,
      "contain_at_iou_75": 0.1724137931034483,
      "ap_per_iou": {
        "0.50": 0.050358638281736,
        "0.55": 0.050358638281736,
        "0.60": 0.050358638281736,
        "0.65": 0.04774738814573338,
        "0.70": 0.04437053612481991,
        "0.75": 0.04437053612481991,
        "0.80": 0.015372589890568005,
        "0.85": 0.0044815007816571125,
        "0.90": 0.0039603960396039604,
        "0.95": 0.0
      },
      "map_50": 0.050358638281736,
      "map_75": 0.04437053612481991,
      "map_5095": 0.031137886195241028,
      "map_50_existence_only": 0.05239246332660022,
      "map_5095_existence_only": 0.03247326070399682,
      "map_50_score_only": 0.04394587140300737,
      "map_5095_score_only": 0.02630458569845192,
      "precision_50": 0.11764705882352941,
      "recall_50": 0.06896551724137931,
      "f1_50": 0.08695652173913043,
      "existence_acc": 0.58,
      "existence_acc_pos": 0.43103448275862066,
      "existence_acc_neg": 0.7857142857142857,
      "existence_auroc": 0.7352216748768473,
      "existence_pr_auc": 0.7764460307342175,
      "existence_brier": 0.23262647858254823,
      "existence_f1": 0.08695652173913043,
      "false_positive_rate": 0.21428571428571427,
      "false_negative_rate": 0.5689655172413793,
      "mean_score_pos": 0.4934678920384111,
      "mean_score_neg": 0.43320255052475704,
      "proto_score_pos": 0.9665185953008717,
      "proto_score_neg": 0.860304302402905,
      "proto_score_gap": 0.10621429289796669,
      "mean_pred_box_area": 0.01071049022488296,
      "frac_pred_box_too_big": 0.0,
      "mean_existence_prob": 0.4681564486026764,
      "frac_high_existence": 0.0,
      "prototype_norm_mean": 1.6626805198192596,
      "prototype_norm_std": 0.23730578537227884
    },
    "per_source": {
      "hots": {
        "n": 35,
        "n_pos": 19,
        "n_neg": 16,
        "iou_mean": 0.4687451720237732,
        "iou_median": 0.7685005068778992,
        "iou_p25": 0.0,
        "iou_p75": 0.8144851326942444,
        "contain_mean": 0.5358264948192396,
        "contain_at_iou_50": 0.5789473684210527,
        "contain_at_iou_75": 0.5263157894736842,
        "ap_per_iou": {
          "0.50": 0.3528712871287131,
          "0.55": 0.3528712871287131,
          "0.60": 0.3528712871287131,
          "0.65": 0.3528712871287131,
          "0.70": 0.3188118811881185,
          "0.75": 0.3188118811881185,
          "0.80": 0.10435643564356441,
          "0.85": 0.033663366336633666,
          "0.90": 0.0297029702970297,
          "0.95": 0.0
        },
        "map_50": 0.3528712871287131,
        "map_75": 0.3188118811881185,
        "map_5095": 0.2216831683168317,
        "map_50_existence_only": 0.3594059405940594,
        "map_5095_existence_only": 0.2255445544554456,
        "map_50_score_only": 0.35491434857771514,
        "map_5095_score_only": 0.2235800722929436,
        "precision_50": 0.3076923076923077,
        "recall_50": 0.21052631578947367,
        "f1_50": 0.25,
        "existence_acc": 0.5428571428571428,
        "existence_acc_pos": 0.42105263157894735,
        "existence_acc_neg": 0.6875,
        "existence_auroc": 0.7730263157894737,
        "existence_pr_auc": 0.7565214836806078,
        "existence_brier": 0.21914429945565692,
        "existence_f1": 0.25,
        "false_positive_rate": 0.3125,
        "false_negative_rate": 0.5789473684210527,
        "mean_score_pos": 0.5101918546777022,
        "mean_score_neg": 0.42641350626945496,
        "proto_score_pos": 0.9768402105883548,
        "proto_score_neg": 0.7159350533038378,
        "proto_score_gap": 0.260905157284517,
        "mean_pred_box_area": 0.015541133198088834,
        "frac_pred_box_too_big": 0.0,
        "mean_existence_prob": 0.47189318111964634,
        "frac_high_existence": 0.0,
        "prototype_norm_mean": 1.9303842203957693,
        "prototype_norm_std": 0.1435083976668396
      },
      "insdet": {
        "n": 65,
        "n_pos": 39,
        "n_neg": 26,
        "iou_mean": 0.0520114484272945,
        "iou_median": 0.0,
        "iou_p25": 0.0,
        "iou_p75": 0.00026121019618585706,
        "contain_mean": 0.13001365656068978,
        "contain_at_iou_50": 0.02564102564102564,
        "contain_at_iou_75": 0.0,
        "ap_per_iou": {
          "0.50": 0.0004714757190004715,
          "0.55": 0.0004714757190004715,
          "0.60": 0.0004714757190004715,
          "0.65": 0.0,
          "0.70": 0.0,
          "0.75": 0.0,
          "0.80": 0.0,
          "0.85": 0.0,
          "0.90": 0.0,
          "0.95": 0.0
        },
        "map_50": 0.0004714757190004715,
        "map_75": 0.0,
        "map_5095": 0.00014144271570014144,
        "map_50_existence_only": 0.0004714757190004715,
        "map_5095_existence_only": 0.00014144271570014144,
        "map_50_score_only": 0.0004714757190004715,
        "map_5095_score_only": 0.00014144271570014144,
        "precision_50": 0.0,
        "recall_50": 0.0,
        "f1_50": 0.0,
        "existence_acc": 0.6,
        "existence_acc_pos": 0.4358974358974359,
        "existence_acc_neg": 0.8461538461538461,
        "existence_auroc": 0.6972386587771203,
        "existence_pr_auc": 0.8039793186660132,
        "existence_brier": 0.23988611349702818,
        "existence_f1": 0.0,
        "false_positive_rate": 0.15384615384615385,
        "false_negative_rate": 0.5641025641025641,
        "mean_score_pos": 0.48532032049619234,
        "mean_score_neg": 0.4373804239126352,
        "proto_score_pos": 0.9614901160582517,
        "proto_score_neg": 0.9491469172331003,
        "proto_score_gap": 0.012343198825151447,
        "mean_pred_box_area": 0.008109374777772106,
        "frac_pred_box_too_big": 0.0,
        "mean_existence_prob": 0.4661443618627695,
        "frac_high_existence": 0.0,
        "prototype_norm_mean": 1.5185323733549851,
        "prototype_norm_std": 0.12599428747841748
      }
    },
    "tile_cfg": {
      "mode": "off",
      "levels": [
        1,
        2
      ],
      "overlap": 0.3,
      "for_sources": [
        "insdet"
      ],
      "nms_iou": 0.5,
      "top_k": 100,
      "score_combo": "existence_x_score",
      "edge_score_penalty": 0.5,
      "edge_px": 4,
      "merge_partial_boxes": true,
      "merge_min_score": 0.2
    }
  }
}