{
  "stage": "1_2",
  "epoch": 9,
  "fold": 1,
  "wall_clock_seconds": 301.86,
  "lr": {
    "aggregator": 4.3871553068096204e-05,
    "existence_head": 4.3871553068096204e-05,
    "class_head": 2.1963868849829763e-05,
    "box_head": 2.1963868849829763e-05
  },
  "train": {
    "loss": 2.5646171192488363,
    "focal": 0.0760034253640521,
    "l1": 0.06446921093870074,
    "giou": 0.9830541418444726,
    "box_loss": 2.2884543331400042,
    "box_area_penalty": 0.0,
    "existence_kl": 0.0,
    "margin": 0.39900109075730844,
    "nt_xent": 0.0065878370604027185,
    "grad_norm": 4.945560424558578,
    "n_steps": 62,
    "aggregator_alpha": -0.024841198697686195
  },
  "val": {
    "overall": {
      "n": 100,
      "n_pos": 56,
      "n_neg": 44,
      "iou_mean": 0.19346355299265788,
      "iou_median": 0.0,
      "iou_p25": 0.0,
      "iou_p75": 0.3277684524655342,
      "contain_mean": 0.33875761686691214,
      "contain_at_iou_50": 0.16071428571428573,
      "contain_at_iou_75": 0.10714285714285714,
      "ap_per_iou": {
        "0.50": 0.030080334616268672,
        "0.55": 0.030080334616268672,
        "0.60": 0.030080334616268672,
        "0.65": 0.02461702143908216,
        "0.70": 0.0183571778546402,
        "0.75": 0.0183571778546402,
        "0.80": 0.0183571778546402,
        "0.85": 0.0065521258008153765,
        "0.90": 0.004804892253931276,
        "0.95": 0.0024752475247524753
      },
      "map_50": 0.030080334616268672,
      "map_75": 0.0183571778546402,
      "map_5095": 0.01837618244313079,
      "map_50_existence_only": 0.030248884043333913,
      "map_5095_existence_only": 0.018398325582351112,
      "map_50_score_only": 0.06292088134880407,
      "map_5095_score_only": 0.04635171691883674,
      "precision_50": 0.14814814814814814,
      "recall_50": 0.14285714285714285,
      "f1_50": 0.14545454545454545,
      "existence_acc": 0.58,
      "existence_acc_pos": 0.6071428571428571,
      "existence_acc_neg": 0.5454545454545454,
      "existence_auroc": 0.6079545454545454,
      "existence_pr_auc": 0.593350433804184,
      "existence_brier": 0.241350535386626,
      "existence_f1": 0.14545454545454545,
      "false_positive_rate": 0.45454545454545453,
      "false_negative_rate": 0.39285714285714285,
      "mean_score_pos": 0.536956039922578,
      "mean_score_neg": 0.49893354218114505,
      "proto_score_pos": 0.9843897255403655,
      "proto_score_neg": 0.8706872906874527,
      "proto_score_gap": 0.11370243485291287,
      "mean_pred_box_area": 0.04131074950331822,
      "frac_pred_box_too_big": 0.03,
      "mean_existence_prob": 0.5202261409163476,
      "frac_high_existence": 0.0,
      "prototype_norm_mean": 1.6476253759860993,
      "prototype_norm_std": 0.3206616659987034
    },
    "per_source": {
      "hots": {
        "n": 36,
        "n_pos": 20,
        "n_neg": 16,
        "iou_mean": 0.3527786151971668,
        "iou_median": 0.0024677678011357784,
        "iou_p25": 0.0,
        "iou_p75": 0.8397382199764252,
        "contain_mean": 0.42663947865366936,
        "contain_at_iou_50": 0.4,
        "contain_at_iou_75": 0.3,
        "ap_per_iou": {
          "0.50": 0.2447962826973233,
          "0.55": 0.2447962826973233,
          "0.60": 0.2447962826973233,
          "0.65": 0.2447962826973233,
          "0.70": 0.19845661036691892,
          "0.75": 0.19845661036691892,
          "0.80": 0.19845661036691892,
          "0.85": 0.09558263518659554,
          "0.90": 0.08415841584158416,
          "0.95": 0.0594059405940594
        },
        "map_50": 0.2447962826973233,
        "map_75": 0.19845661036691892,
        "map_5095": 0.1813701953512289,
        "map_50_existence_only": 0.24456416229858263,
        "map_5095_existence_only": 0.18137254901960773,
        "map_50_score_only": 0.2384280762172327,
        "map_5095_score_only": 0.1731634833963945,
        "precision_50": 0.3684210526315789,
        "recall_50": 0.35,
        "f1_50": 0.358974358974359,
        "existence_acc": 0.6388888888888888,
        "existence_acc_pos": 0.65,
        "existence_acc_neg": 0.625,
        "existence_auroc": 0.678125,
        "existence_pr_auc": 0.6902770804982159,
        "existence_brier": 0.22577007621187561,
        "existence_f1": 0.358974358974359,
        "false_positive_rate": 0.375,
        "false_negative_rate": 0.35,
        "mean_score_pos": 0.5391786485910416,
        "mean_score_neg": 0.46964165195822716,
        "proto_score_pos": 0.9780150204896927,
        "proto_score_neg": 0.8087261710315943,
        "proto_score_gap": 0.1692888494580984,
        "mean_pred_box_area": 0.057359405896729894,
        "frac_pred_box_too_big": 0.027777777777777776,
        "mean_existence_prob": 0.5082733167542351,
        "frac_high_existence": 0.0,
        "prototype_norm_mean": 1.986589640378952,
        "prototype_norm_std": 0.26719387532167055
      },
      "insdet": {
        "n": 64,
        "n_pos": 36,
        "n_neg": 28,
        "iou_mean": 0.10495518510126406,
        "iou_median": 0.0,
        "iou_p25": 0.0,
        "iou_p75": 0.24794932082295418,
        "contain_mean": 0.2899343603187137,
        "contain_at_iou_50": 0.027777777777777776,
        "contain_at_iou_75": 0.0,
        "ap_per_iou": {
          "0.50": 0.001563314226159458,
          "0.55": 0.001563314226159458,
          "0.60": 0.001563314226159458,
          "0.65": 0.0,
          "0.70": 0.0,
          "0.75": 0.0,
          "0.80": 0.0,
          "0.85": 0.0,
          "0.90": 0.0,
          "0.95": 0.0
        },
        "map_50": 0.001563314226159458,
        "map_75": 0.0,
        "map_5095": 0.0004689942678478374,
        "map_50_existence_only": 0.001563314226159458,
        "map_5095_existence_only": 0.0004689942678478374,
        "map_50_score_only": 0.0014144271570014143,
        "map_5095_score_only": 0.00042432814710042426,
        "precision_50": 0.02857142857142857,
        "recall_50": 0.027777777777777776,
        "f1_50": 0.028169014084507043,
        "existence_acc": 0.546875,
        "existence_acc_pos": 0.5833333333333334,
        "existence_acc_neg": 0.5,
        "existence_auroc": 0.5634920634920635,
        "existence_pr_auc": 0.5745811176040395,
        "existence_brier": 0.2501145436724231,
        "existence_f1": 0.028169014084507043,
        "false_positive_rate": 0.5,
        "false_negative_rate": 0.4166666666666667,
        "mean_score_pos": 0.5357212573289871,
        "mean_score_neg": 0.5156717651656696,
        "proto_score_pos": 0.9879312283462949,
        "proto_score_neg": 0.9060936447765146,
        "proto_score_gap": 0.08183758356978033,
        "mean_pred_box_area": 0.032283380282024154,
        "frac_pred_box_too_big": 0.03125,
        "mean_existence_prob": 0.5269496045075357,
        "frac_high_existence": 0.0,
        "prototype_norm_mean": 1.4569579772651196,
        "prototype_norm_std": 0.13903769042620415
      }
    },
    "tile_cfg": {
      "mode": "off",
      "levels": [
        1,
        2
      ],
      "overlap": 0.3,
      "for_sources": [
        "insdet"
      ],
      "nms_iou": 0.5,
      "top_k": 100,
      "score_combo": "existence_x_score",
      "edge_score_penalty": 0.5,
      "edge_px": 4,
      "merge_partial_boxes": true,
      "merge_min_score": 0.2
    }
  }
}