{
  "stage": "L2",
  "epoch": 10,
  "fold": 0,
  "wall_clock_seconds": 391.51,
  "lr": {
    "fusion": 1.297283127035544e-05,
    "class_head": 6.529972776684055e-06,
    "box_head": 6.529972776684055e-06
  },
  "train": {
    "loss": 4.462104622840881,
    "patch_ce": 2.49503857421875,
    "l1": 0.045713093800470235,
    "giou": 0.869250289440155,
    "grad_norm": 11.172552993774413,
    "n_steps": 250,
    "alpha": 0.04844265803694725
  },
  "val": {
    "overall": {
      "n": 100,
      "n_pos": 100,
      "iou_mean": 0.5315917158871889,
      "iou_median": 0.7055431604385376,
      "iou_p25": 0.0,
      "iou_p75": 0.8592361360788345,
      "iou_std": 0.37770787055873806,
      "frac_iou_25": 0.69,
      "frac_iou_50": 0.63,
      "frac_iou_75": 0.43,
      "frac_iou_90": 0.13,
      "containment_mean": 0.6102374391257763,
      "containment_median": 0.8757997751235962,
      "containment_p25": 0.0,
      "containment_p75": 0.9653163850307465,
      "containment_std": 0.4208953554757175,
      "frac_containment_50": 0.64,
      "frac_containment_75": 0.55,
      "frac_containment_90": 0.45,
      "frac_containment_full": 0.15,
      "contain_at_iou_50": 0.63,
      "contain_at_iou_75": 0.43,
      "high_contain_high_iou": 0.45,
      "ap_per_iou": {
        "0.50": 0.49655416587076934,
        "0.55": 0.4744882759240999,
        "0.60": 0.4578087233103814,
        "0.65": 0.3988031020672698,
        "0.70": 0.3669574649467883,
        "0.75": 0.28803599913911226,
        "0.80": 0.254274753143071,
        "0.85": 0.15646415097465483,
        "0.90": 0.030301275741609252,
        "0.95": 0.0004714757190004715
      },
      "map_50": 0.49655416587076934,
      "map_75": 0.28803599913911226,
      "map_5095": 0.29241593868367566,
      "map_50_containment": 0.503840080663854,
      "map_90_containment": 0.3063135995418089,
      "mean_pred_box_area": 0.0041168050603120725,
      "std_pred_box_area": 0.006733356187206139,
      "frac_pred_box_too_big": 0.0,
      "frac_pred_box_too_small": 0.76,
      "mean_gt_box_area": 0.005162028547481168,
      "pred_to_gt_area_ratio_mean": 1.1468468612229876,
      "pred_to_gt_area_ratio_median": 1.0519740401377944,
      "log_area_ratio_mean": -0.018890906211726795,
      "log_area_ratio_std": 0.5630748797979613,
      "center_distance_mean": 0.09115310860090688,
      "center_distance_median": 0.004955045481474521,
      "score_mean": 0.7846823136508465,
      "score_std": 0.19702284824581376,
      "score_p25": 0.7024120092391968,
      "score_p75": 0.9493832737207413,
      "score_iou_correlation": 0.3021085075974257
    },
    "per_source": {
      "hots": {
        "n": 39,
        "n_pos": 39,
        "iou_mean": 0.544846039551955,
        "iou_median": 0.7424256801605225,
        "iou_p25": 0.0,
        "iou_p75": 0.8753761053085327,
        "iou_std": 0.39017577385408436,
        "frac_iou_25": 0.6923076923076923,
        "frac_iou_50": 0.6410256410256411,
        "frac_iou_75": 0.46153846153846156,
        "frac_iou_90": 0.1282051282051282,
        "containment_mean": 0.6051376561323801,
        "containment_median": 0.8769197463989258,
        "containment_p25": 0.0,
        "containment_p75": 0.9676285088062286,
        "containment_std": 0.43585806703268787,
        "frac_containment_50": 0.6410256410256411,
        "frac_containment_75": 0.5384615384615384,
        "frac_containment_90": 0.48717948717948717,
        "frac_containment_full": 0.1794871794871795,
        "contain_at_iou_50": 0.6410256410256411,
        "contain_at_iou_75": 0.46153846153846156,
        "high_contain_high_iou": 0.48717948717948717,
        "ap_per_iou": {
          "0.50": 0.5437172082592876,
          "0.55": 0.5176927308115428,
          "0.60": 0.5176927308115428,
          "0.65": 0.5176927308115428,
          "0.70": 0.461963696369637,
          "0.75": 0.38345778905621664,
          "0.80": 0.3465155864325929,
          "0.85": 0.21287128712871287,
          "0.90": 0.031353135313531344,
          "0.95": 0.001563314226159458
        },
        "map_50": 0.5437172082592876,
        "map_75": 0.38345778905621664,
        "map_5095": 0.3534520209220766,
        "map_50_containment": 0.5437172082592876,
        "map_90_containment": 0.3896491386111315,
        "mean_pred_box_area": 0.008399476840419192,
        "std_pred_box_area": 0.009248985559211022,
        "frac_pred_box_too_big": 0.0,
        "frac_pred_box_too_small": 0.41025641025641024,
        "mean_gt_box_area": 0.011048803029802795,
        "pred_to_gt_area_ratio_mean": 0.923379457685835,
        "pred_to_gt_area_ratio_median": 1.006176408429351,
        "log_area_ratio_mean": -0.21638822481772316,
        "log_area_ratio_std": 0.5899621273363576,
        "center_distance_mean": 0.16751329613296764,
        "center_distance_median": 0.005565868427214657,
        "score_mean": 0.7839955534690466,
        "score_std": 0.23354067418172028,
        "score_p25": 0.6275420188903809,
        "score_p75": 0.9824889302253723,
        "score_iou_correlation": 0.34890781197036097
      },
      "insdet": {
        "n": 61,
        "n_pos": 61,
        "iou_mean": 0.5231176401015187,
        "iou_median": 0.6454281210899353,
        "iou_p25": 0.04538431763648987,
        "iou_p75": 0.8534544706344604,
        "iou_std": 0.3725456881890964,
        "frac_iou_25": 0.6885245901639344,
        "frac_iou_50": 0.6229508196721312,
        "frac_iou_75": 0.4098360655737705,
        "frac_iou_90": 0.13114754098360656,
        "containment_mean": 0.6134979561215541,
        "containment_median": 0.8746798038482666,
        "containment_p25": 0.09527542442083359,
        "containment_p75": 0.9580734372138977,
        "containment_std": 0.4146791663086386,
        "frac_containment_50": 0.639344262295082,
        "frac_containment_75": 0.5573770491803278,
        "frac_containment_90": 0.4262295081967213,
        "frac_containment_full": 0.13114754098360656,
        "contain_at_iou_50": 0.6229508196721312,
        "contain_at_iou_75": 0.4098360655737705,
        "high_contain_high_iou": 0.4262295081967213,
        "ap_per_iou": {
          "0.50": 0.47412343775705823,
          "0.55": 0.4503785793237369,
          "0.60": 0.4217637169572031,
          "0.65": 0.3198164889219797,
          "0.70": 0.3033274355683714,
          "0.75": 0.207734340197445,
          "0.80": 0.1728581614298911,
          "0.85": 0.10801856692945809,
          "0.90": 0.027132926058563298,
          "0.95": 0.0
        },
        "map_50": 0.47412343775705823,
        "map_75": 0.207734340197445,
        "map_5095": 0.2485153653143707,
        "map_50_containment": 0.48130220982145683,
        "map_90_containment": 0.23396480354579013,
        "mean_pred_box_area": 0.0013787034304075208,
        "std_pred_box_area": 0.0010421893898456044,
        "frac_pred_box_too_big": 0.0,
        "frac_pred_box_too_small": 0.9836065573770492,
        "mean_gt_box_area": 0.0013983530587837344,
        "pred_to_gt_area_ratio_mean": 1.289719463484446,
        "pred_to_gt_area_ratio_median": 1.09502016467741,
        "log_area_ratio_mean": 0.10737787125768071,
        "log_area_ratio_std": 0.5110186292109076,
        "center_distance_mean": 0.04233266083450738,
        "center_distance_median": 0.0038869120460793116,
        "score_mean": 0.785121389832653,
        "score_std": 0.1717743068418056,
        "score_p25": 0.7066184878349304,
        "score_p75": 0.9281779527664185,
        "score_iou_correlation": 0.26517256468560857
      }
    },
    "per_k": {
      "k1": {
        "n": 34,
        "n_pos": 34,
        "iou_mean": 0.5536626700092765,
        "iou_median": 0.7684736251831055,
        "iou_p25": 0.05889575928449631,
        "iou_p75": 0.8810283988714218,
        "iou_std": 0.38282006615990233,
        "frac_iou_25": 0.7058823529411765,
        "frac_iou_50": 0.6470588235294118,
        "frac_iou_75": 0.5294117647058824,
        "frac_iou_90": 0.17647058823529413,