{
  "stage": "L2",
  "epoch": 10,
  "fold": 1,
  "wall_clock_seconds": 397.49,
  "lr": {
    "fusion": 1.0060950707832888e-05,
    "class_head": 5.075489893101718e-06,
    "box_head": 5.075489893101718e-06
  },
  "train": {
    "loss": 4.1230939588546756,
    "patch_ce": 2.396445068359375,
    "l1": 0.030326798245310784,
    "giou": 0.7875074508190155,
    "grad_norm": 11.056240402221679,
    "n_steps": 250,
    "alpha": 0.04854622110724449
  },
  "val": {
    "overall": {
      "n": 100,
      "n_pos": 100,
      "iou_mean": 0.5152680479735136,
      "iou_median": 0.6253356337547302,
      "iou_p25": 0.0,
      "iou_p75": 0.8645449876785278,
      "iou_std": 0.3835685817868879,
      "frac_iou_25": 0.67,
      "frac_iou_50": 0.62,
      "frac_iou_75": 0.45,
      "frac_iou_90": 0.13,
      "containment_mean": 0.6026331596076488,
      "containment_median": 0.8544991612434387,
      "containment_p25": 0.0,
      "containment_p75": 0.9788413792848587,
      "containment_std": 0.4350911558431435,
      "frac_containment_50": 0.64,
      "frac_containment_75": 0.56,
      "frac_containment_90": 0.46,
      "frac_containment_full": 0.21,
      "contain_at_iou_50": 0.62,
      "contain_at_iou_75": 0.45,
      "high_contain_high_iou": 0.45,
      "ap_per_iou": {
        "0.50": 0.44919324320557885,
        "0.55": 0.4028890377872838,
        "0.60": 0.3056976425437914,
        "0.65": 0.2821958977612322,
        "0.70": 0.25182946949976404,
        "0.75": 0.24696023812232282,
        "0.80": 0.19558814714624956,
        "0.85": 0.08585641967770834,
        "0.90": 0.022398534378898084,
        "0.95": 0.0013349649571698743
      },
      "map_50": 0.44919324320557885,
      "map_75": 0.24696023812232282,
      "map_5095": 0.22439435950799988,
      "map_50_containment": 0.4704920618374623,
      "map_90_containment": 0.26983970764922033,
      "mean_pred_box_area": 0.007759604469533261,
      "std_pred_box_area": 0.02203551141564956,
      "frac_pred_box_too_big": 0.0,
      "frac_pred_box_too_small": 0.76,
      "mean_gt_box_area": 0.007887665076518897,
      "pred_to_gt_area_ratio_mean": 1.1610644938505346,
      "pred_to_gt_area_ratio_median": 1.0566372595564228,
      "log_area_ratio_mean": 0.02202092189032041,
      "log_area_ratio_std": 0.5061057644955055,
      "center_distance_mean": 0.1061452218336618,
      "center_distance_median": 0.005376713232009572,
      "score_mean": 0.7799351514875889,
      "score_std": 0.19926176736039125,
      "score_p25": 0.6807876080274582,
      "score_p75": 0.9483304172754288,
      "score_iou_correlation": 0.07722616971832151
    },
    "per_source": {
      "hots": {
        "n": 36,
        "n_pos": 36,
        "iou_mean": 0.4260130433572663,
        "iou_median": 0.4889323264360428,
        "iou_p25": 0.0,
        "iou_p75": 0.8289662301540375,
        "iou_std": 0.3889852789231789,
        "frac_iou_25": 0.5833333333333334,
        "frac_iou_50": 0.5,
        "frac_iou_75": 0.3333333333333333,
        "frac_iou_90": 0.08333333333333333,
        "containment_mean": 0.4793831838501824,
        "containment_median": 0.49368324875831604,
        "containment_p25": 0.0,
        "containment_p75": 0.9351777732372284,
        "containment_std": 0.42653053437743016,
        "frac_containment_50": 0.5,
        "frac_containment_75": 0.3611111111111111,
        "frac_containment_90": 0.2777777777777778,
        "frac_containment_full": 0.1388888888888889,
        "contain_at_iou_50": 0.5,
        "contain_at_iou_75": 0.3333333333333333,
        "high_contain_high_iou": 0.2777777777777778,
        "ap_per_iou": {
          "0.50": 0.32383973420383494,
          "0.55": 0.30588273113025555,
          "0.60": 0.23232608975183233,
          "0.65": 0.2187567143811156,
          "0.70": 0.17418898571884836,
          "0.75": 0.17418898571884836,
          "0.80": 0.13156453894237347,
          "0.85": 0.07609618104667608,
          "0.90": 0.013366336633663364,
          "0.95": 0.0
        },
        "map_50": 0.32383973420383494,
        "map_75": 0.17418898571884836,
        "map_5095": 0.1650210297527448,
        "map_50_containment": 0.32383973420383494,
        "map_90_containment": 0.15346534653465346,
        "mean_pred_box_area": 0.019115278980315138,
        "std_pred_box_area": 0.03412525386200473,
        "frac_pred_box_too_big": 0.0,
        "frac_pred_box_too_small": 0.3611111111111111,
        "mean_gt_box_area": 0.01933681894084051,
        "pred_to_gt_area_ratio_mean": 1.1174790322901453,
        "pred_to_gt_area_ratio_median": 0.9821719710788654,
        "log_area_ratio_mean": -0.04916093374173527,
        "log_area_ratio_std": 0.5549754381540851,
        "center_distance_mean": 0.1741454957474468,
        "center_distance_median": 0.02665866610180066,
        "score_mean": 0.7725445023841329,
        "score_std": 0.24517827793848995,
        "score_p25": 0.5308209136128426,
        "score_p75": 0.9643434435129166,
        "score_iou_correlation": 0.14662811205813875
      },
      "insdet": {
        "n": 64,
        "n_pos": 64,
        "iou_mean": 0.5654739880701527,
        "iou_median": 0.7666257619857788,
        "iou_p25": 0.0,
        "iou_p75": 0.8746169656515121,
        "iou_std": 0.37419572041817767,
        "frac_iou_25": 0.71875,
        "frac_iou_50": 0.6875,
        "frac_iou_75": 0.515625,
        "frac_iou_90": 0.15625,
        "containment_mean": 0.6719612709712237,
        "containment_median": 0.9365479350090027,
        "containment_p25": 0.0,
        "containment_p75": 0.989674523472786,
        "containment_std": 0.4276025428756004,
        "frac_containment_50": 0.71875,
        "frac_containment_75": 0.671875,
        "frac_containment_90": 0.5625,
        "frac_containment_full": 0.25,
        "contain_at_iou_50": 0.6875,
        "contain_at_iou_75": 0.515625,
        "high_contain_high_iou": 0.546875,
        "ap_per_iou": {
          "0.50": 0.5341463379488693,
          "0.55": 0.46881749638365,
          "0.60": 0.37000104545443,
          "0.65": 0.3346261477191449,
          "0.70": 0.32388550000510913,
          "0.75": 0.3110749623497142,
          "0.80": 0.2536529156140157,
          "0.85": 0.09464977355980533,
          "0.90": 0.02765303852789651,
          "0.95": 0.0024346696964778446
        },
        "map_50": 0.5341463379488693,
        "map_75": 0.3110749623497142,
        "map_5095": 0.2720941887259113,
        "map_50_containment": 0.5722527690075507,
        "map_90_containment": 0.3645263491152429,
        "mean_pred_box_area": 0.0013720375572184552,
        "std_pred_box_area": 0.0009648275135334466,
        "frac_pred_box_too_big": 0.0,
        "frac_pred_box_too_small": 0.984375,
        "mean_gt_box_area": 0.0014475160278379917,
        "pred_to_gt_area_ratio_mean": 1.1855813159782536,
        "pred_to_gt_area_ratio_median": 1.0821407985379001,
        "log_area_ratio_mean": 0.062060715683351725,
        "log_area_ratio_std": 0.4763157210441509,
        "center_distance_mean": 0.06789506775715773,
        "center_distance_median": 0.0019057776833866014,
        "score_mean": 0.7840923916082829,
        "score_std": 0.17014531099981403,
        "score_p25": 0.6832077950239182,
        "score_p75": 0.9252223074436188,
        "score_iou_correlation": 0.014408876467985327
      }
    },
    "per_k": {
      "k1": {
        "n": 34,
        "n_pos": 34,
        "iou_mean": 0.5760045051574707,
        "iou_median": 0.6609666347503662,
        "iou_p25": 0.19915296137332916,
        "iou_p75": 0.8848621845245361,
        "iou_std": 0.36870317982740225,
        "frac_iou_25": 0.7352941176470589,
        "frac_iou_50": 0.7352941176470589,
        "frac_iou_75": 0.4411764705882353,
        "frac_iou_90": 0.20588235294117646,
        "containment_mean": 0.6643378988784903,
        "containment_median": 0.8514170050621033,
        "containment_p25": 0.4909152165055275,
        "containment_p75": 0.9632112383842468,