{
  "stage": "L2",
  "epoch": 10,
  "fold": 2,
  "wall_clock_seconds": 389.43,
  "lr": {
    "fusion": 7.485758810917503e-06,
    "class_head": 3.789182829477313e-06,
    "box_head": 3.789182829477313e-06
  },
  "train": {
    "loss": 4.123860677719116,
    "patch_ce": 2.37774072265625,
    "l1": 0.034194958278909324,
    "giou": 0.7875725810527802,
    "grad_norm": 10.549980392456055,
    "n_steps": 250,
    "alpha": 0.04859963804483414
  },
  "val": {
    "overall": {
      "n": 100,
      "n_pos": 100,
      "iou_mean": 0.42186730781570075,
      "iou_median": 0.50338314473629,
      "iou_p25": 0.0,
      "iou_p75": 0.7905242443084717,
      "iou_std": 0.38455462847933897,
      "frac_iou_25": 0.55,
      "frac_iou_50": 0.5,
      "frac_iou_75": 0.33,
      "frac_iou_90": 0.09,
      "containment_mean": 0.5101903037726879,
      "containment_median": 0.6092138886451721,
      "containment_p25": 0.0,
      "containment_p75": 0.9635001420974731,
      "containment_std": 0.4364330288421755,
      "frac_containment_50": 0.55,
      "frac_containment_75": 0.46,
      "frac_containment_90": 0.34,
      "frac_containment_full": 0.16,
      "contain_at_iou_50": 0.5,
      "contain_at_iou_75": 0.33,
      "high_contain_high_iou": 0.33,
      "ap_per_iou": {
        "0.50": 0.37805103818683705,
        "0.55": 0.3351573297401662,
        "0.60": 0.29592385348977035,
        "0.65": 0.27952842753323487,
        "0.70": 0.24788225131222333,
        "0.75": 0.20652304060761437,
        "0.80": 0.13556205012965167,
        "0.85": 0.040074327717981556,
        "0.90": 0.020375195414278267,
        "0.95": 0.0004950495049504951
      },
      "map_50": 0.37805103818683705,
      "map_75": 0.20652304060761437,
      "map_5095": 0.19395725636367084,
      "map_50_containment": 0.4203514674850573,
      "map_90_containment": 0.20140214476829535,
      "mean_pred_box_area": 0.015740688504354897,
      "std_pred_box_area": 0.0731795212165794,
      "frac_pred_box_too_big": 0.01,
      "frac_pred_box_too_small": 0.77,
      "mean_gt_box_area": 0.008931340231164361,
      "pred_to_gt_area_ratio_mean": 2.5080318597614646,
      "pred_to_gt_area_ratio_median": 1.0211539629862811,
      "log_area_ratio_mean": -0.031368753653941456,
      "log_area_ratio_std": 1.0168992814317694,
      "center_distance_mean": 0.10770107305090514,
      "center_distance_median": 0.01432809657098369,
      "score_mean": 0.7686814114451408,
      "score_std": 0.20671491912199652,
      "score_p25": 0.6787569671869278,
      "score_p75": 0.9251407384872437,
      "score_iou_correlation": 0.27074743115821825
    },
    "per_source": {
      "hots": {
        "n": 36,
        "n_pos": 36,
        "iou_mean": 0.5064469530350633,
        "iou_median": 0.7005796730518341,
        "iou_p25": 0.0,
        "iou_p75": 0.8653109967708588,
        "iou_std": 0.40855758791088204,
        "frac_iou_25": 0.6111111111111112,
        "frac_iou_50": 0.6111111111111112,
        "frac_iou_75": 0.4722222222222222,
        "frac_iou_90": 0.16666666666666666,
        "containment_mean": 0.5710569181376033,
        "containment_median": 0.841035783290863,
        "containment_p25": 0.0,
        "containment_p75": 0.978595033288002,
        "containment_std": 0.458721722765711,
        "frac_containment_50": 0.6111111111111112,
        "frac_containment_75": 0.5555555555555556,
        "frac_containment_90": 0.4444444444444444,
        "frac_containment_full": 0.16666666666666666,
        "contain_at_iou_50": 0.6111111111111112,
        "contain_at_iou_75": 0.4722222222222222,
        "high_contain_high_iou": 0.4444444444444444,
        "ap_per_iou": {
          "0.50": 0.5093620584611998,
          "0.55": 0.4564124276347399,
          "0.60": 0.40938294832465094,
          "0.65": 0.40938294832465094,
          "0.70": 0.35450321936503776,
          "0.75": 0.3134210886526442,
          "0.80": 0.26110047979587886,
          "0.85": 0.10212302742879335,
          "0.90": 0.050495049504950484,
          "0.95": 0.0
        },
        "map_50": 0.5093620584611998,
        "map_75": 0.3134210886526442,
        "map_5095": 0.2866183247492546,
        "map_50_containment": 0.5093620584611998,
        "map_90_containment": 0.2848184818481846,
        "mean_pred_box_area": 0.021499352776224993,
        "std_pred_box_area": 0.03942247548687158,
        "frac_pred_box_too_big": 0.0,
        "frac_pred_box_too_small": 0.3888888888888889,
        "mean_gt_box_area": 0.02036722819469611,
        "pred_to_gt_area_ratio_mean": 1.107934952321284,
        "pred_to_gt_area_ratio_median": 1.0395148506857828,
        "log_area_ratio_mean": -0.15744544370932678,
        "log_area_ratio_std": 0.88107944574994,
        "center_distance_mean": 0.14827495627311982,
        "center_distance_median": 0.012090996414892105,
        "score_mean": 0.777073891626464,
        "score_std": 0.26620778102207965,
        "score_p25": 0.6230741143226624,
        "score_p75": 0.9801208972930908,
        "score_iou_correlation": 0.31813222123344637
      },
      "insdet": {
        "n": 64,
        "n_pos": 64,
        "iou_mean": 0.3742912573798094,
        "iou_median": 0.4020135998725891,
        "iou_p25": 0.0,
        "iou_p75": 0.7540630400180817,
        "iou_std": 0.3650564606720229,
        "frac_iou_25": 0.515625,
        "frac_iou_50": 0.4375,
        "frac_iou_75": 0.25,
        "frac_iou_90": 0.046875,
        "containment_mean": 0.475952833192423,
        "containment_median": 0.540219247341156,
        "containment_p25": 0.0,
        "containment_p75": 0.910912349820137,
        "containment_std": 0.4232080152552716,
        "frac_containment_50": 0.515625,
        "frac_containment_75": 0.40625,
        "frac_containment_90": 0.28125,
        "frac_containment_full": 0.15625,
        "contain_at_iou_50": 0.4375,
        "contain_at_iou_75": 0.25,
        "high_contain_high_iou": 0.265625,
        "ap_per_iou": {
          "0.50": 0.2827979393509491,
          "0.55": 0.25222493677939223,
          "0.60": 0.22688078967612815,
          "0.65": 0.20295251689539223,
          "0.70": 0.19283996269744672,
          "0.75": 0.16205005958186525,
          "0.80": 0.06437376975149497,
          "0.85": 0.01628039144281083,
          "0.90": 0.004785478547854785,
          "0.95": 0.0009900990099009901
        },
        "map_50": 0.2827979393509491,
        "map_75": 0.16205005958186525,
        "map_5095": 0.14061759437332352,
        "map_50_containment": 0.3495080073107846,
        "map_90_containment": 0.15667429292594573,
        "mean_pred_box_area": 0.012501439851427968,
        "std_pred_box_area": 0.08673157007484478,
        "frac_pred_box_too_big": 0.015625,
        "frac_pred_box_too_small": 0.984375,
        "mean_gt_box_area": 0.0024986532516777515,
        "pred_to_gt_area_ratio_mean": 3.2955863701965664,
        "pred_to_gt_area_ratio_median": 0.9699022739616039,
        "log_area_ratio_mean": 0.039549384502212785,
        "log_area_ratio_std": 1.086056530847653,
        "center_distance_mean": 0.08487826373840938,
        "center_distance_median": 0.015454967646593255,
        "score_mean": 0.7639606413431466,
        "score_std": 0.16648001120955927,
        "score_p25": 0.6883797496557236,
        "score_p75": 0.879134863615036,
        "score_iou_correlation": 0.2297824743355039
      }
    },
    "per_k": {
      "k1": {
        "n": 34,
        "n_pos": 34,
        "iou_mean": 0.3215806570232791,
        "iou_median": 0.004453335888683796,
        "iou_p25": 0.0,
        "iou_p75": 0.7383406460285187,
        "iou_std": 0.38699073521332195,
        "frac_iou_25": 0.4117647058823529,
        "frac_iou_50": 0.38235294117647056,
        "frac_iou_75": 0.23529411764705882,
        "frac_iou_90": 0.029411764705882353,
        "containment_mean": 0.43362243429702874,
        "containment_median": 0.041634730994701385,
        "containment_p25": 0.0,
        "containment_p75": 0.9819292575120926,