{
  "overall": {
    "n": 400,
    "n_pos": 93,
    "n_neg": 307,
    "threshold": 0.5,
    "tp": 88,
    "fp": 267,
    "fn": 5,
    "tn": 40,
    "accuracy": 0.32,
    "acc_pos": 0.946236559139785,
    "acc_neg": 0.13029315960912052,
    "precision": 0.24788732394366197,
    "recall": 0.946236559139785,
    "f1": 0.39285714285714285,
    "fpr": 0.8697068403908795,
    "fnr": 0.053763440860215055,
    "tpr": 0.946236559139785,
    "tnr": 0.13029315960912047,
    "youden_j": 0.07652971874890546,
    "mcc": 0.10231053269148564,
    "auroc": 0.6467724422962419,
    "pr_auc": 0.3263125685446292,
    "avg_precision": 0.3482887463768518,
    "brier": 0.2806780893966687,
    "best_f1": 0.4542124542124542,
    "best_f1_threshold": 0.548857569694519,
    "fpr_at_recall_95": 0.8925081433224755,
    "recall_at_fpr_05": 0.08602150537634409,
    "recall_at_fpr_10": 0.11827956989247312,
    "mean_score_pos": 0.5782256645541037,
    "mean_score_neg": 0.5533697197413988,
    "std_score_pos": 0.06801328577922801,
    "std_score_neg": 0.06499414985922937,
    "score_gap": 0.024855944812704922,
    "median_score_pos": 0.5606100559234619,
    "median_score_neg": 0.5356348156929016,
    "frac_high_score": 0.0,
    "frac_low_score": 0.0,
    "frac_uncertain": 0.8225
  },
  "per_source": {
    "hots": {
      "n": 126,
      "n_pos": 30,
      "n_neg": 96,
      "threshold": 0.5,
      "tp": 29,
      "fp": 89,
      "fn": 1,
      "tn": 7,
      "accuracy": 0.2857142857142857,
      "acc_pos": 0.9666666666666667,
      "acc_neg": 0.07291666666666667,
      "precision": 0.2457627118644068,
      "recall": 0.9666666666666667,
      "f1": 0.39189189189189194,
      "fpr": 0.9270833333333334,
      "fnr": 0.03333333333333333,
      "tpr": 0.9666666666666667,
      "tnr": 0.07291666666666663,
      "youden_j": 0.039583333333333304,
      "mcc": 0.06913892303157536,
      "auroc": 0.65625,
      "pr_auc": 0.35302231493498465,
      "avg_precision": 0.3747207979976428,
      "brier": 0.3103392830606597,
      "best_f1": 0.48648648648648646,
      "best_f1_threshold": 0.5577161908149719,
      "fpr_at_recall_95": 0.6354166666666666,
      "recall_at_fpr_05": 0.1,
      "recall_at_fpr_10": 0.13333333333333333,
      "mean_score_pos": 0.6358137389024099,
      "mean_score_neg": 0.5965818470964829,
      "std_score_pos": 0.08406901421763446,
      "std_score_neg": 0.08894054073644793,
      "score_gap": 0.03923189180592701,
      "median_score_pos": 0.6200204193592072,
      "median_score_neg": 0.5744938254356384,
      "frac_high_score": 0.0,
      "frac_low_score": 0.0,
      "frac_uncertain": 0.5555555555555556
    },
    "insdet": {
      "n": 274,
      "n_pos": 63,
      "n_neg": 211,
      "threshold": 0.5,
      "tp": 59,
      "fp": 178,
      "fn": 4,
      "tn": 33,
      "accuracy": 0.3357664233576642,
      "acc_pos": 0.9365079365079365,
      "acc_neg": 0.15639810426540285,
      "precision": 0.2489451476793249,
      "recall": 0.9365079365079365,
      "f1": 0.39333333333333337,
      "fpr": 0.8436018957345972,
      "fnr": 0.06349206349206349,
      "tpr": 0.9365079365079365,
      "tnr": 0.1563981042654028,
      "youden_j": 0.0929060407733393,
      "mcc": 0.11438798774696525,
      "auroc": 0.6451515835402092,
      "pr_auc": 0.3257162192073092,
      "avg_precision": 0.3488647368598958,
      "brier": 0.26703827041249767,
      "best_f1": 0.4474885844748858,
      "best_f1_threshold": 0.5296725630760193,
      "fpr_at_recall_95": 0.8578199052132701,
      "recall_at_fpr_05": 0.14285714285714285,
      "recall_at_fpr_10": 0.1746031746031746,
      "mean_score_pos": 0.5508027720072913,
      "mean_score_neg": 0.5337092257788961,
      "std_score_pos": 0.03448827197928303,
      "std_score_neg": 0.036534972096658375,
      "score_gap": 0.017093546228395207,
      "median_score_pos": 0.5524070858955383,
      "median_score_neg": 0.5317084789276123,
      "frac_high_score": 0.0,
      "frac_low_score": 0.0,
      "frac_uncertain": 0.9452554744525548
    }
  },
  "per_k": {
    "k1": {
      "n": 134,
      "n_pos": 31,
      "n_neg": 103,
      "threshold": 0.5,
      "tp": 27,
      "fp": 88,
      "fn": 4,
      "tn": 15,
      "accuracy": 0.31343283582089554,
      "acc_pos": 0.8709677419354839,
      "acc_neg": 0.14563106796116504,
      "precision": 0.23478260869565218,
      "recall": 0.8709677419354839,
      "f1": 0.3698630136986301,
      "fpr": 0.8543689320388349,
      "fnr": 0.12903225806451613,
      "tpr": 0.8709677419354839,
      "tnr": 0.1456310679611651,
      "youden_j": 0.01659880989664897,
      "mcc": 0.02006553250594388,
      "auroc": 0.5493266520513623,
      "pr_auc": 0.26164090221390185,
      "avg_precision": 0.2876246575737471,
      "brier": 0.28345164438288856,
      "best_f1": 0.40366972477064217,
      "best_f1_threshold": 0.5349717736244202,
      "fpr_at_recall_95": 0.9611650485436893,
      "recall_at_fpr_05": 0.03225806451612903,
      "recall_at_fpr_10": 0.12903225806451613,
      "mean_score_pos": 0.5551655878943782,
      "mean_score_neg": 0.5521499584022077,
      "std_score_pos": 0.052268868782093685,
      "std_score_neg": 0.059802423220760084,
      "score_gap": 0.0030156294921704907,
      "median_score_pos": 0.5529318451881409,
      "median_score_neg": 0.5390338897705078,
      "frac_high_score": 0.0,
      "frac_low_score": 0.0,
      "frac_uncertain": 0.8582089552238806
    },
    "k4": {
      "n": 133,
      "n_pos": 30,
      "n_neg": 103,
      "threshold": 0.5,
      "tp": 29,
      "fp": 93,
      "fn": 1,
      "tn": 10,
      "accuracy": 0.2932330827067669,
      "acc_pos": 0.9666666666666667,
      "acc_neg": 0.0970873786407767,
      "precision": 0.23770491803278687,
      "recall": 0.9666666666666667,
      "f1": 0.381578947368421,
      "fpr": 0.9029126213592233,
      "fnr": 0.03333333333333333,
      "tpr": 0.9666666666666667,
      "tnr": 0.09708737864077666,
      "youden_j": 0.06375404530744333,
      "mcc": 0.09674103479593206,
      "auroc": 0.6715210355987055,
      "pr_auc": 0.35365376385268704,
      "avg_precision": 0.37678879180725794,
      "brier": 0.2796390390186026,
      "best_f1": 0.48000000000000004,
      "best_f1_threshold": 0.5375527143478394,
      "fpr_at_recall_95": 0.8932038834951457,
      "recall_at_fpr_05": 0.1,
      "recall_at_fpr_10": 0.13333333333333333,
      "mean_score_pos": 0.5830827186505,
      "mean_score_neg": 0.5521369333406096,
      "std_score_pos": 0.07249298281557714,
      "std_score_neg": 0.06454250501871814,
      "score_gap": 0.03094578530989034,
      "median_score_pos": 0.5584801733493805,
      "median_score_neg": 0.5349007248878479,
      "frac_high_score": 0.0,
      "frac_low_score": 0.0,
      "frac_uncertain": 0.8195488721804511
    },
    "k10": {
      "n": 133,
      "n_pos": 32,
      "n_neg": 101,
      "threshold": 0.5,
      "tp": 32,
      "fp": 86,
      "fn": 0,
      "tn": 15,
      "accuracy": 0.3533834586466165,
      "acc_pos": 1.0,
      "acc_neg": 0.1485148514851485,
      "precision": 0.2711864406779661,
      "recall": 1.0,
      "f1": 0.4266666666666667,
      "fpr": 0.8514851485148515,
      "fnr": 0.0,
      "tpr": 1.0,
      "tnr": 0.14851485148514854,
      "youden_j": 0.14851485148514854,
      "mcc": 0.20068685547906262,
      "auroc": 0.7113242574257426,
      "pr_auc": 0.38737654875061944,
      "avg_precision": 0.41967350404481507,
      "brier": 0.2789227309916262,
      "best_f1": 0.52,
      "best_f1_threshold": 0.548857569694519,
      "fpr_at_recall_95": 0.7227722772277227,
      "recall_at_fpr_05": 0.125,
      "recall_at_fpr_10": 0.15625,
      "mean_score_pos": 0.5960116256028414,
      "mean_score_neg": 0.5558708327831609,
      "std_score_pos": 0.07271155138691775,
      "std_score_neg": 0.0708509062501681,
      "score_gap": 0.040140792819680526,
      "median_score_pos": 0.5744004249572754,
      "median_score_neg": 0.5336135029792786,
      "frac_high_score": 0.0,
      "frac_low_score": 0.0,