{
  "stage": "L3",
  "phase": "mixed",
  "epoch": 9,
  "fold": 0,
  "wall_clock_seconds": 530.97,
  "lr": {
    "fusion": 1.17795444582348e-05,
    "class_head": 4.757774242863175e-06,
    "box_head": 4.757774242863175e-06,
    "lora": 4.688839553509293e-05
  },
  "train": {
    "loss": 5.035894540945689,
    "patch_ce": 3.057334889570872,
    "l1": 0.021071792788182695,
    "giou": 0.4611769936482112,
    "log_area": 0.30569370580255056,
    "grad_norm": 100.73161315917969,
    "n_steps": 300,
    "grad_steps": 37,
    "grad_nan_steps": 0,
    "alpha": 0.9490693807601929,
    "bg_bias": -0.012810667976737022
  },
  "val": {
    "overall": {
      "n": 100,
      "n_pos": 68,
      "n_neg": 32,
      "iou_mean": 0.6039644193215816,
      "iou_median": 0.8304950892925262,
      "iou_p25": 0.08442290962557308,
      "iou_p75": 0.8855805099010468,
      "iou_std": 0.38670120591518786,
      "frac_iou_25": 0.7205882352941176,
      "frac_iou_50": 0.6911764705882353,
      "frac_iou_75": 0.6029411764705882,
      "frac_iou_90": 0.20588235294117646,
      "containment_mean": 0.678366031138199,
      "containment_median": 0.9056742489337921,
      "containment_p25": 0.17250516026979312,
      "containment_p75": 0.967085599899292,
      "containment_std": 0.411250778863105,
      "frac_containment_50": 0.7205882352941176,
      "frac_containment_75": 0.7058823529411765,
      "frac_containment_90": 0.5147058823529411,
      "frac_containment_full": 0.1323529411764706,
      "contain_at_iou_50": 0.6911764705882353,
      "contain_at_iou_75": 0.6029411764705882,
      "high_contain_high_iou": 0.5,
      "ap_per_iou": {
        "0.50": 0.6245125218283295,
        "0.55": 0.6081794453376189,
        "0.60": 0.6081794453376189,
        "0.65": 0.6081794453376189,
        "0.70": 0.5864075020938245,
        "0.75": 0.5227460726743257,
        "0.80": 0.4917021539222121,
        "0.85": 0.2882630842770427,
        "0.90": 0.058275353272747764,
        "0.95": 0.0029777413831608723
      },
      "map_50": 0.6245125218283295,
      "map_75": 0.5227460726743257,
      "map_5095": 0.43994227654645,
      "map_50_containment": 0.6531289430599678,
      "map_90_containment": 0.39403673363090674,
      "mean_pred_box_area": 0.004087383482768303,
      "std_pred_box_area": 0.005303687808384778,
      "frac_pred_box_too_big": 0.0,
      "frac_pred_box_too_small": 0.7205882352941176,
      "mean_gt_box_area": 0.0036800670245686305,
      "pred_to_gt_area_ratio_mean": 1.2650365781655475,
      "pred_to_gt_area_ratio_median": 1.0318255790149231,
      "log_area_ratio_mean": 0.14230715716777464,
      "log_area_ratio_std": 0.37906269447551616,
      "center_distance_mean": 0.051452778407859126,
      "center_distance_median": 0.002830985332143281,
      "score_mean": 0.225075603407972,
      "score_std": 0.15783075464262097,
      "score_p25": 0.11295632645487785,
      "score_p75": 0.28654276579618454,
      "score_iou_correlation": 0.393657188945852,
      "bg_prob_pos_mean": 0.1608907074585338,
      "bg_prob_pos_median": 0.14052966237068176,
      "abstain_rate_pos": 0.0,
      "bg_prob_neg_mean": 0.383632599376142,
      "bg_prob_neg_median": 0.3319060653448105,
      "abstain_rate_neg": 0.21875,
      "score_neg_mean": 0.11348994642321486,
      "score_neg_p75": 0.16227859631180763,
      "tn_rate": 0.21875,
      "fp_rate": 0.78125,
      "abstain_gap": 0.22274189191760824
    },
    "per_source": {
      "hots": {
        "n": 39,
        "n_pos": 27,
        "n_neg": 12,
        "iou_mean": 0.6948871612548828,
        "iou_median": 0.8762654662132263,
        "iou_p25": 0.8156110942363739,
        "iou_p75": 0.918022096157074,
        "iou_std": 0.3805797471586013,
        "frac_iou_25": 0.7777777777777778,
        "frac_iou_50": 0.7777777777777778,
        "frac_iou_75": 0.7777777777777778,
        "frac_iou_90": 0.37037037037037035,
        "containment_mean": 0.7248250908321805,
        "containment_median": 0.9119546413421631,
        "containment_p25": 0.8509752452373505,
        "containment_p75": 0.9666770100593567,
        "containment_std": 0.3969526944722233,
        "frac_containment_50": 0.7777777777777778,
        "frac_containment_75": 0.7777777777777778,
        "frac_containment_90": 0.5185185185185185,
        "frac_containment_full": 0.07407407407407407,
        "contain_at_iou_50": 0.7777777777777778,
        "contain_at_iou_75": 0.7777777777777778,
        "high_contain_high_iou": 0.5185185185185185,
        "ap_per_iou": {
          "0.50": 0.7176614422575852,
          "0.55": 0.7176614422575852,
          "0.60": 0.7176614422575852,
          "0.65": 0.7176614422575852,
          "0.70": 0.7176614422575852,
          "0.75": 0.7176614422575852,
          "0.80": 0.7176614422575852,
          "0.85": 0.5533507034914017,
          "0.90": 0.15674830640958826,
          "0.95": 0.018252260008609553
        },
        "map_50": 0.7176614422575852,
        "map_75": 0.7176614422575852,
        "map_5095": 0.5751981365712696,
        "map_50_containment": 0.7176614422575852,
        "map_90_containment": 0.34990959965561785,
        "mean_pred_box_area": 0.008099755392354177,
        "std_pred_box_area": 0.006471113508353401,
        "frac_pred_box_too_big": 0.0,
        "frac_pred_box_too_small": 0.37037037037037035,
        "mean_gt_box_area": 0.0072825341243771165,
        "pred_to_gt_area_ratio_mean": 1.1150892933428453,
        "pred_to_gt_area_ratio_median": 0.985469063530377,
        "log_area_ratio_mean": 0.05713336298958481,
        "log_area_ratio_std": 0.29721546690456196,
        "center_distance_mean": 0.07731987377343312,
        "center_distance_median": 0.0029005796978369114,
        "score_mean": 0.21237223126270152,
        "score_std": 0.13358450952917472,
        "score_p25": 0.10726122185587883,
        "score_p75": 0.28941936790943146,
        "score_iou_correlation": 0.27424583804325053,
        "bg_prob_pos_mean": 0.10453012282097782,
        "bg_prob_pos_median": 0.08971862494945526,
        "abstain_rate_pos": 0.0,
        "bg_prob_neg_mean": 0.3826740812510252,
        "bg_prob_neg_median": 0.35778552293777466,
        "abstain_rate_neg": 0.25,
        "score_neg_mean": 0.12329718326994528,
        "score_neg_p75": 0.1572481170296669,
        "tn_rate": 0.25,
        "fp_rate": 0.75,
        "abstain_gap": 0.27814395843004736
      },
      "insdet": {
        "n": 61,
        "n_pos": 41,
        "n_neg": 20,
        "iou_mean": 0.5440884673167248,
        "iou_median": 0.7449795603752136,
        "iou_p25": 0.0018235481111332774,
        "iou_p75": 0.8509861826896667,
        "iou_std": 0.38350266444815745,
        "frac_iou_25": 0.6829268292682927,
        "frac_iou_50": 0.6341463414634146,
        "frac_iou_75": 0.4878048780487805,
        "frac_iou_90": 0.0975609756097561,
        "containment_mean": 0.647771040608016,
        "containment_median": 0.9007887840270996,
        "containment_p25": 0.0035995894577354193,
        "containment_p75": 0.9667216539382935,
        "containment_std": 0.4224336912598753,
        "frac_containment_50": 0.6829268292682927,
        "frac_containment_75": 0.6585365853658537,
        "frac_containment_90": 0.5121951219512195,
        "frac_containment_full": 0.17073170731707318,
        "contain_at_iou_50": 0.6341463414634146,
        "contain_at_iou_75": 0.4878048780487805,
        "high_contain_high_iou": 0.4878048780487805,
        "ap_per_iou": {
          "0.50": 0.5686448703186745,
          "0.55": 0.5470085437900941,
          "0.60": 0.5470085437900941,
          "0.65": 0.5470085437900941,
          "0.70": 0.5111097307525518,
          "0.75": 0.41570024305386194,
          "0.80": 0.37367350556578965,
          "0.85": 0.18769655006425237,
          "0.90": 0.026133647847543368,
          "0.95": 0.0
        },
        "map_50": 0.5686448703186745,
        "map_75": 0.41570024305386194,
        "map_5095": 0.3723984178972956,