{
  "stage": "L3",
  "phase": "mixed",
  "epoch": 9,
  "fold": 2,
  "wall_clock_seconds": 529.78,
  "lr": {
    "fusion": 8.144633761265207e-06,
    "class_head": 3.3081805981799137e-06,
    "box_head": 3.3081805981799137e-06,
    "lora": 3.2326899576691683e-05
  },
  "train": {
    "loss": 5.177059658567111,
    "patch_ce": 3.0987970640261966,
    "l1": 0.021882687588998428,
    "giou": 0.48999671697616576,
    "log_area": 0.2483677994126676,
    "grad_norm": 97.01310791840424,
    "n_steps": 300,
    "grad_steps": 37,
    "grad_nan_steps": 0,
    "alpha": 0.9490925073623657,
    "bg_bias": -0.012788674794137478
  },
  "val": {
    "overall": {
      "n": 100,
      "n_pos": 67,
      "n_neg": 33,
      "iou_mean": 0.5739630889425527,
      "iou_median": 0.8027275204658508,
      "iou_p25": 0.14112954959273338,
      "iou_p75": 0.9037777483463287,
      "iou_std": 0.38595961872368817,
      "frac_iou_25": 0.6716417910447762,
      "frac_iou_50": 0.6417910447761194,
      "frac_iou_75": 0.5522388059701493,
      "frac_iou_90": 0.26865671641791045,
      "containment_mean": 0.6509475292665745,
      "containment_median": 0.9042548537254333,
      "containment_p25": 0.2046179249882698,
      "containment_p75": 0.9730194211006165,
      "containment_std": 0.40900157833700623,
      "frac_containment_50": 0.6865671641791045,
      "frac_containment_75": 0.6268656716417911,
      "frac_containment_90": 0.5074626865671642,
      "frac_containment_full": 0.1044776119402985,
      "contain_at_iou_50": 0.6417910447761194,
      "contain_at_iou_75": 0.5522388059701493,
      "high_contain_high_iou": 0.47761194029850745,
      "ap_per_iou": {
        "0.50": 0.5004051680594632,
        "0.55": 0.5004051680594632,
        "0.60": 0.4687524036455081,
        "0.65": 0.4687524036455081,
        "0.70": 0.44975964727858814,
        "0.75": 0.3947176767670747,
        "0.80": 0.3591225656117527,
        "0.85": 0.2180861982793488,
        "0.90": 0.12626719906488149,
        "0.95": 0.0
      },
      "map_50": 0.5004051680594632,
      "map_75": 0.3947176767670747,
      "map_5095": 0.3486268430411589,
      "map_50_containment": 0.5444765328616279,
      "map_90_containment": 0.3271341801058512,
      "mean_pred_box_area": 0.007492235515156615,
      "std_pred_box_area": 0.015722841502554135,
      "frac_pred_box_too_big": 0.0,
      "frac_pred_box_too_small": 0.6865671641791045,
      "mean_gt_box_area": 0.009964849596318388,
      "pred_to_gt_area_ratio_mean": 1.1857302762513138,
      "pred_to_gt_area_ratio_median": 1.0138634814735057,
      "log_area_ratio_mean": -0.02885112235034226,
      "log_area_ratio_std": 0.5878082798285449,
      "center_distance_mean": 0.047283967503228906,
      "center_distance_median": 0.005295943205787383,
      "score_mean": 0.17632591040499174,
      "score_std": 0.10873533093235095,
      "score_p25": 0.09559778496623039,
      "score_p75": 0.2466752678155899,
      "score_iou_correlation": 0.23473969724938215,
      "bg_prob_pos_mean": 0.18206644213911313,
      "bg_prob_pos_median": 0.16315858066082,
      "abstain_rate_pos": 0.014925373134328358,
      "bg_prob_neg_mean": 0.4581541452895511,
      "bg_prob_neg_median": 0.42422765493392944,
      "abstain_rate_neg": 0.3333333333333333,
      "score_neg_mean": 0.08111946704218898,
      "score_neg_p75": 0.12346396595239639,
      "tn_rate": 0.3333333333333333,
      "fp_rate": 0.6666666666666667,
      "abstain_gap": 0.27608770315043796
    },
    "per_source": {
      "hots": {
        "n": 36,
        "n_pos": 24,
        "n_neg": 12,
        "iou_mean": 0.6467646087209383,
        "iou_median": 0.8907283246517181,
        "iou_p25": 0.42301371693611145,
        "iou_p75": 0.9119095802307129,
        "iou_std": 0.3773901483058139,
        "frac_iou_25": 0.75,
        "frac_iou_50": 0.7083333333333334,
        "frac_iou_75": 0.625,
        "frac_iou_90": 0.4583333333333333,
        "containment_mean": 0.6856218744069338,
        "containment_median": 0.9411128461360931,
        "containment_p25": 0.42301371321082115,
        "containment_p75": 0.968603789806366,
        "containment_std": 0.40315714208633474,
        "frac_containment_50": 0.7083333333333334,
        "frac_containment_75": 0.6666666666666666,
        "frac_containment_90": 0.625,
        "frac_containment_full": 0.041666666666666664,
        "contain_at_iou_50": 0.7083333333333334,
        "contain_at_iou_75": 0.625,
        "high_contain_high_iou": 0.625,
        "ap_per_iou": {
          "0.50": 0.6310876739847898,
          "0.55": 0.6310876739847898,
          "0.60": 0.5750615822451812,
          "0.65": 0.5750615822451812,
          "0.70": 0.5750615822451812,
          "0.75": 0.5029463815946812,
          "0.80": 0.4547109727695178,
          "0.85": 0.402846107592126,
          "0.90": 0.33506797108282255,
          "0.95": 0.0
        },
        "map_50": 0.6310876739847898,
        "map_75": 0.5029463815946812,
        "map_5095": 0.46829315277442707,
        "map_50_containment": 0.6310876739847898,
        "map_90_containment": 0.5029463815946812,
        "mean_pred_box_area": 0.016248333741781848,
        "std_pred_box_area": 0.023773419941441828,
        "frac_pred_box_too_big": 0.0,
        "frac_pred_box_too_small": 0.2916666666666667,
        "mean_gt_box_area": 0.023178100793787362,
        "pred_to_gt_area_ratio_mean": 0.9170339053292924,
        "pred_to_gt_area_ratio_median": 0.9971769352073218,
        "log_area_ratio_mean": -0.1942705573150683,
        "log_area_ratio_std": 0.5206234394738737,
        "center_distance_mean": 0.07015469486963885,
        "center_distance_median": 0.00464344778425854,
        "score_mean": 0.15182668265576163,
        "score_std": 0.11211780634751829,
        "score_p25": 0.07870574109256268,
        "score_p75": 0.22566024959087372,
        "score_iou_correlation": 0.3400540352202462,
        "bg_prob_pos_mean": 0.18169115871811906,
        "bg_prob_pos_median": 0.15874501317739487,
        "abstain_rate_pos": 0.0,
        "bg_prob_neg_mean": 0.5012046086291472,
        "bg_prob_neg_median": 0.5511626601219177,
        "abstain_rate_neg": 0.5,
        "score_neg_mean": 0.06758486260271941,
        "score_neg_p75": 0.12637010030448437,
        "tn_rate": 0.5,
        "fp_rate": 0.5,
        "abstain_gap": 0.31951344991102815
      },
      "insdet": {
        "n": 64,
        "n_pos": 43,
        "n_neg": 21,
        "iou_mean": 0.5333296825546164,
        "iou_median": 0.7948633432388306,
        "iou_p25": 0.05916071403771639,
        "iou_p75": 0.8721942901611328,
        "iou_std": 0.3890692344879294,
        "frac_iou_25": 0.627906976744186,
        "frac_iou_50": 0.6046511627906976,
        "frac_iou_75": 0.5116279069767442,
        "frac_iou_90": 0.16279069767441862,
        "containment_mean": 0.6315944063975367,
        "containment_median": 0.842729926109314,
        "containment_p25": 0.1143419947475195,
        "containment_p75": 0.9782524406909943,
        "containment_std": 0.415685026527498,
        "frac_containment_50": 0.6744186046511628,
        "frac_containment_75": 0.6046511627906976,
        "frac_containment_90": 0.4418604651162791,
        "frac_containment_full": 0.13953488372093023,
        "contain_at_iou_50": 0.6046511627906976,
        "contain_at_iou_75": 0.5116279069767442,
        "high_contain_high_iou": 0.3953488372093023,
        "ap_per_iou": {
          "0.50": 0.4540803603043235,
          "0.55": 0.4540803603043235,
          "0.60": 0.4330398883233763,
          "0.65": 0.4330398883233763,
          "0.70": 0.4076047246336604,
          "0.75": 0.3563383479893495,
          "0.80": 0.3282088469163185,
          "0.85": 0.15416418521551412,
          "0.90": 0.06410891089108911,
          "0.95": 0.0
        },
        "map_50": 0.4540803603043235,
        "map_75": 0.3563383479893495,
        "map_5095": 0.3084665512901331,
        "map_50_containment": 0.5191483317845157,