{
  "stage": 3,
  "epoch": 5,
  "fold": 0,
  "wall_clock_seconds": 209.52,
  "lr": {
    "group_0": 4.2860006547730295e-06,
    "group_1": 4.2860006547730295e-06,
    "group_2": 8.544315620649487e-05
  },
  "train": {
    "loss": 8.24494432633923,
    "qfl": 0.6121924711811927,
    "neg_qfl": 0.00022341752904345236,
    "centerness": 1.1353008650964307,
    "dfl": 0.924216958784288,
    "giou": 1.9701600478541466,
    "pred_iou": 0.22713662395554204,
    "presence": 0.08618789592817906,
    "attn": 0.15872497375934355,
    "aux": 2.505607912617345,
    "entropy_reg": 0.7793954803097632,
    "reg_l2_prior": 771.5076549899194,
    "proto_norm": 42.00860817201676,
    "contrastive_presence": 0.9387041532224224,
    "feature_spread": 0.0,
    "nt_xent": 1.3330603338056994,
    "vicreg": 0.5862839020067646,
    "barlow": 0.0871356135654834,
    "triplet": 0.0,
    "grad_norm": 34.71357600919662,
    "n_steps": 62
  },
  "val": {
    "overall": {
      "n": 240,
      "n_pos": 108,
      "n_neg": 132,
      "iou_mean": 0.1482,
      "iou_median": 0.0,
      "iou_p25": 0.0,
      "iou_p75": 0.1778,
      "contain_mean": 0.2139,
      "contain_at_iou_50": 0.1296,
      "contain_at_iou_75": 0.0463,
      "map_50": 0.0698,
      "map_5095": 0.0246,
      "ap_per_iou": {
        "0.50": 0.0698,
        "0.55": 0.0559,
        "0.60": 0.0432,
        "0.65": 0.0345,
        "0.70": 0.0161,
        "0.75": 0.0132,
        "0.80": 0.0127,
        "0.85": 0.0002,
        "0.90": 0.0,
        "0.95": 0.0
      },
      "f1_50": 0.1637,
      "precision_50": 0.2222,
      "recall_50": 0.1296,
      "presence_acc": 0.7417,
      "presence_acc_pos": 0.8796,
      "presence_acc_neg": 0.6288,
      "mean_score_pos": 0.5848,
      "mean_score_neg": 0.4069,
      "presence_auroc": 0.8304,
      "presence_pr_auc": 0.7767,
      "presence_brier": 0.1849,
      "frac_pred_near_corner": 0.0042,
      "frac_pred_tiny_box": 0.1208,
      "conf_map_mean_pos": 0.0286,
      "conf_map_mean_neg": 0.0298,
      "conf_map_std_pos": 0.0332,
      "conf_map_std_neg": 0.0301,
      "support_proto_norm_mean": 7.5103,
      "support_proto_norm_std": 0.3748,
      "argmax_cell_entropy": 4.2465
    },
    "per_source": {
      "hots": {
        "n": 43,
        "n_pos": 18,
        "n_neg": 25,
        "iou_mean": 0.0578,
        "iou_median": 0.0,
        "iou_p25": 0.0,
        "iou_p75": 0.0,
        "contain_mean": 0.0731,
        "contain_at_iou_50": 0.0556,
        "contain_at_iou_75": 0.0,
        "map_50": 0.1097,
        "map_5095": 0.0246,
        "ap_per_iou": {
          "0.50": 0.1097,
          "0.55": 0.0652,
          "0.60": 0.0249,
          "0.65": 0.0208,
          "0.70": 0.0179,
          "0.75": 0.0041,
          "0.80": 0.0035,
          "0.85": 0.0,
          "0.90": 0.0,
          "0.95": 0.0
        },
        "f1_50": 0.0909,
        "precision_50": 0.25,
        "recall_50": 0.0556,
        "presence_acc": 0.9302,
        "presence_acc_pos": 1.0,
        "presence_acc_neg": 0.88,
        "mean_score_pos": 0.6309,
        "mean_score_neg": 0.28,
        "presence_auroc": 0.9733,
        "presence_pr_auc": 0.9615,
        "presence_brier": 0.113,
        "frac_pred_near_corner": 0.0233,
        "frac_pred_tiny_box": 0.4884,
        "conf_map_mean_pos": 0.0198,
        "conf_map_mean_neg": 0.0241,
        "conf_map_std_pos": 0.0245,
        "conf_map_std_neg": 0.0211,
        "support_proto_norm_mean": 7.6314,
        "support_proto_norm_std": 0.2128
      },
      "insdet": {
        "n": 86,
        "n_pos": 35,
        "n_neg": 51,
        "iou_mean": 0.0,
        "iou_median": 0.0,
        "iou_p25": 0.0,
        "iou_p75": 0.0,
        "contain_mean": 0.0,
        "contain_at_iou_50": 0.0,
        "contain_at_iou_75": 0.0,
        "map_50": 0.0,
        "map_5095": 0.0,
        "ap_per_iou": {
          "0.50": 0.0,
          "0.55": 0.0,
          "0.60": 0.0,
          "0.65": 0.0,
          "0.70": 0.0,
          "0.75": 0.0,
          "0.80": 0.0,
          "0.85": 0.0,
          "0.90": 0.0,
          "0.95": 0.0
        },
        "f1_50": 0.0,
        "precision_50": 0.0,
        "recall_50": 0.0,
        "presence_acc": 0.8256,
        "presence_acc_pos": 1.0,
        "presence_acc_neg": 0.7059,
        "mean_score_pos": 0.6506,
        "mean_score_neg": 0.3609,
        "presence_auroc": 0.9266,
        "presence_pr_auc": 0.8617,
        "presence_brier": 0.1441,
        "frac_pred_near_corner": 0.0,
        "frac_pred_tiny_box": 0.0698,
        "conf_map_mean_pos": 0.0136,
        "conf_map_mean_neg": 0.0221,
        "conf_map_std_pos": 0.016,
        "conf_map_std_neg": 0.0217,
        "support_proto_norm_mean": 7.6624,
        "support_proto_norm_std": 0.2698
      },
      "vizwiz_base": {
        "n": 92,
        "n_pos": 44,
        "n_neg": 48,
        "iou_mean": 0.2649,
        "iou_median": 0.1654,
        "iou_p25": 0.0043,
        "iou_p75": 0.4812,
        "contain_mean": 0.4178,
        "contain_at_iou_50": 0.2273,
        "contain_at_iou_75": 0.0682,
        "map_50": 0.0723,
        "map_5095": 0.0183,
        "ap_per_iou": {
          "0.50": 0.0723,
          "0.55": 0.0503,
          "0.60": 0.0301,
          "0.65": 0.0123,
          "0.70": 0.0075,
          "0.75": 0.0053,
          "0.80": 0.0045,
          "0.85": 0.0011,
          "0.90": 0.0,
          "0.95": 0.0
        },
        "f1_50": 0.2564,
        "precision_50": 0.2941,
        "recall_50": 0.2273,
        "presence_acc": 0.5978,
        "presence_acc_pos": 0.7045,
        "presence_acc_neg": 0.5,
        "mean_score_pos": 0.5208,
        "mean_score_neg": 0.4959,
        "presence_auroc": 0.6241,
        "presence_pr_auc": 0.5759,
        "presence_brier": 0.2433,
        "frac_pred_near_corner": 0.0,
        "frac_pred_tiny_box": 0.0217,
        "conf_map_mean_pos": 0.0423,
        "conf_map_mean_neg": 0.0405,
        "conf_map_std_pos": 0.0447,
        "conf_map_std_neg": 0.0423,
        "support_proto_norm_mean": 7.3185,
        "support_proto_norm_std": 0.4492
      },
      "vizwiz_novel": {
        "n": 19,
        "n_pos": 11,
        "n_neg": 8,
        "iou_mean": 0.3007,
        "iou_median": 0.1352,
        "iou_p25": 0.0676,
        "iou_p75": 0.5526,
        "contain_mean": 0.3095,
        "contain_at_iou_50": 0.2727,
        "contain_at_iou_75": 0.1818,
        "map_50": 0.2327,
        "map_5095": 0.1213,
        "ap_per_iou": {
          "0.50": 0.2327,
          "0.55": 0.2327,
          "0.60": 0.2327,
          "0.65": 0.2327,
          "0.70": 0.0941,
          "0.75": 0.0941,
          "0.80": 0.0941,
          "0.85": 0.0,
          "0.90": 0.0,
          "0.95": 0.0
        },
        "f1_50": 0.2857,
        "precision_50": 0.3,
        "recall_50": 0.2727,
        "presence_acc": 0.6316,
        "presence_acc_pos": 1.0,
        "presence_acc_neg": 0.125,
        "mean_score_pos": 0.5566,
        "mean_score_neg": 0.562,
        "presence_auroc": 0.4545,
        "presence_pr_auc": 0.6699,
        "presence_brier": 0.2493,
        "frac_pred_near_corner": 0.0,
        "frac_pred_tiny_box": 0.0,
        "conf_map_mean_pos": 0.0355,
        "conf_map_mean_neg": 0.0321,
        "conf_map_std_pos": 0.0558,
        "conf_map_std_neg": 0.0378,
        "support_proto_norm_mean": 7.4767,
        "support_proto_norm_std": 0.2197
      }
    },
    "score_thr": 0.5,
    "iou_thr": 0.5,
    "img_size": 224,
    "tta_sizes": [
      224,
      288
    ]
  }
}