{
  "stage": 3,
  "epoch": 5,
  "fold": 2,
  "wall_clock_seconds": 219.95,
  "lr": {
    "group_0": 4.014159624540949e-06,
    "group_1": 4.014159624540949e-06,
    "group_2": 7.990092785543667e-05
  },
  "train": {
    "loss": 8.16465982314079,
    "qfl": 0.5255948660835144,
    "neg_qfl": 0.00019320420881652558,
    "centerness": 1.1376908825289818,
    "dfl": 0.837531249850027,
    "giou": 2.100768712259108,
    "pred_iou": 0.24530614383759036,
    "presence": 0.07785273457486783,
    "attn": 0.16980963020074752,
    "aux": 2.504631988463863,
    "entropy_reg": 0.7762081469258955,
    "reg_l2_prior": 715.0337288148942,
    "proto_norm": 44.84353330058436,
    "contrastive_presence": 0.8793191131084196,
    "feature_spread": 0.0,
    "nt_xent": 1.3026705941846293,
    "vicreg": 0.5775430625484835,
    "barlow": 0.08564955104262598,
    "triplet": 0.0,
    "grad_norm": 34.0213133288968,
    "n_steps": 62
  },
  "val": {
    "overall": {
      "n": 240,
      "n_pos": 120,
      "n_neg": 120,
      "iou_mean": 0.1535,
      "iou_median": 0.0,
      "iou_p25": 0.0,
      "iou_p75": 0.2654,
      "contain_mean": 0.2079,
      "contain_at_iou_50": 0.1167,
      "contain_at_iou_75": 0.0417,
      "map_50": 0.0645,
      "map_5095": 0.0181,
      "ap_per_iou": {
        "0.50": 0.0645,
        "0.55": 0.0521,
        "0.60": 0.0252,
        "0.65": 0.0183,
        "0.70": 0.0119,
        "0.75": 0.0074,
        "0.80": 0.0011,
        "0.85": 0.0003,
        "0.90": 0.0001,
        "0.95": 0.0
      },
      "f1_50": 0.1556,
      "precision_50": 0.2333,
      "recall_50": 0.1167,
      "presence_acc": 0.7292,
      "presence_acc_pos": 0.8417,
      "presence_acc_neg": 0.6167,
      "mean_score_pos": 0.5765,
      "mean_score_neg": 0.428,
      "presence_auroc": 0.7882,
      "presence_pr_auc": 0.7376,
      "presence_brier": 0.1965,
      "frac_pred_near_corner": 0.0,
      "frac_pred_tiny_box": 0.2,
      "conf_map_mean_pos": 0.0271,
      "conf_map_mean_neg": 0.029,
      "conf_map_std_pos": 0.0308,
      "conf_map_std_neg": 0.0301,
      "support_proto_norm_mean": 7.732,
      "support_proto_norm_std": 0.4312,
      "argmax_cell_entropy": 4.1885
    },
    "per_source": {
      "hots": {
        "n": 44,
        "n_pos": 22,
        "n_neg": 22,
        "iou_mean": 0.0572,
        "iou_median": 0.0,
        "iou_p25": 0.0,
        "iou_p75": 0.0,
        "contain_mean": 0.0624,
        "contain_at_iou_50": 0.0455,
        "contain_at_iou_75": 0.0455,
        "map_50": 0.0418,
        "map_5095": 0.019,
        "ap_per_iou": {
          "0.50": 0.0418,
          "0.55": 0.0351,
          "0.60": 0.0334,
          "0.65": 0.0312,
          "0.70": 0.0312,
          "0.75": 0.0129,
          "0.80": 0.0022,
          "0.85": 0.0022,
          "0.90": 0.0,
          "0.95": 0.0
        },
        "f1_50": 0.0714,
        "precision_50": 0.1667,
        "recall_50": 0.0455,
        "presence_acc": 0.8864,
        "presence_acc_pos": 1.0,
        "presence_acc_neg": 0.7727,
        "mean_score_pos": 0.6467,
        "mean_score_neg": 0.3616,
        "presence_auroc": 0.8988,
        "presence_pr_auc": 0.8575,
        "presence_brier": 0.1432,
        "frac_pred_near_corner": 0.0,
        "frac_pred_tiny_box": 0.5909,
        "conf_map_mean_pos": 0.023,
        "conf_map_mean_neg": 0.0218,
        "conf_map_std_pos": 0.0295,
        "conf_map_std_neg": 0.0218,
        "support_proto_norm_mean": 7.6644,
        "support_proto_norm_std": 0.2235
      },
      "insdet": {
        "n": 91,
        "n_pos": 46,
        "n_neg": 45,
        "iou_mean": 0.0327,
        "iou_median": 0.0,
        "iou_p25": 0.0,
        "iou_p75": 0.0,
        "contain_mean": 0.0444,
        "contain_at_iou_50": 0.0435,
        "contain_at_iou_75": 0.0,
        "map_50": 0.0221,
        "map_5095": 0.0054,
        "ap_per_iou": {
          "0.50": 0.0221,
          "0.55": 0.0221,
          "0.60": 0.0099,
          "0.65": 0.0,
          "0.70": 0.0,
          "0.75": 0.0,
          "0.80": 0.0,
          "0.85": 0.0,
          "0.90": 0.0,
          "0.95": 0.0
        },
        "f1_50": 0.0645,
        "precision_50": 0.125,
        "recall_50": 0.0435,
        "presence_acc": 0.8242,
        "presence_acc_pos": 0.9565,
        "presence_acc_neg": 0.6889,
        "mean_score_pos": 0.6101,
        "mean_score_neg": 0.3703,
        "presence_auroc": 0.8464,
        "presence_pr_auc": 0.7729,
        "presence_brier": 0.1607,
        "frac_pred_near_corner": 0.0,
        "frac_pred_tiny_box": 0.1538,
        "conf_map_mean_pos": 0.0148,
        "conf_map_mean_neg": 0.0212,
        "conf_map_std_pos": 0.0182,
        "conf_map_std_neg": 0.0212,
        "support_proto_norm_mean": 7.981,
        "support_proto_norm_std": 0.3677
      },
      "vizwiz_base": {
        "n": 89,
        "n_pos": 43,
        "n_neg": 46,
        "iou_mean": 0.3057,
        "iou_median": 0.2637,
        "iou_p25": 0.1118,
        "iou_p75": 0.4721,
        "contain_mean": 0.4354,
        "contain_at_iou_50": 0.2093,
        "contain_at_iou_75": 0.0465,
        "map_50": 0.1513,
        "map_5095": 0.036,
        "ap_per_iou": {
          "0.50": 0.1513,
          "0.55": 0.1139,
          "0.60": 0.0458,
          "0.65": 0.0267,
          "0.70": 0.0125,
          "0.75": 0.0069,
          "0.80": 0.0023,
          "0.85": 0.0003,
          "0.90": 0.0003,
          "0.95": 0.0
        },
        "f1_50": 0.2308,
        "precision_50": 0.2571,
        "recall_50": 0.2093,
        "presence_acc": 0.5506,
        "presence_acc_pos": 0.6744,
        "presence_acc_neg": 0.4348,
        "mean_score_pos": 0.5192,
        "mean_score_neg": 0.5143,
        "presence_auroc": 0.547,
        "presence_pr_auc": 0.5481,
        "presence_brier": 0.2541,
        "frac_pred_near_corner": 0.0,
        "frac_pred_tiny_box": 0.0225,
        "conf_map_mean_pos": 0.043,
        "conf_map_mean_neg": 0.0404,
        "conf_map_std_pos": 0.0443,
        "conf_map_std_neg": 0.0429,
        "support_proto_norm_mean": 7.5961,
        "support_proto_norm_std": 0.4365
      },
      "vizwiz_novel": {
        "n": 16,
        "n_pos": 9,
        "n_neg": 7,
        "iou_mean": 0.2791,
        "iou_median": 0.3098,
        "iou_p25": 0.0013,
        "iou_p75": 0.3098,
        "contain_mean": 0.3125,
        "contain_at_iou_50": 0.2222,
        "contain_at_iou_75": 0.2222,
        "map_50": 0.2836,
        "map_5095": 0.1254,
        "ap_per_iou": {
          "0.50": 0.2836,
          "0.55": 0.2836,
          "0.60": 0.1917,
          "0.65": 0.1917,
          "0.70": 0.1518,
          "0.75": 0.1518,
          "0.80": 0.0,
          "0.85": 0.0,
          "0.90": 0.0,
          "0.95": 0.0
        },
        "f1_50": 0.3333,
        "precision_50": 0.6667,
        "recall_50": 0.2222,
        "presence_acc": 0.75,
        "presence_acc_pos": 0.6667,
        "presence_acc_neg": 0.8571,
        "mean_score_pos": 0.5068,
        "mean_score_neg": 0.4412,
        "presence_auroc": 0.7937,
        "presence_pr_auc": 0.8242,
        "presence_brier": 0.2256,
        "frac_pred_near_corner": 0.0,
        "frac_pred_tiny_box": 0.375,
        "conf_map_mean_pos": 0.0241,
        "conf_map_mean_neg": 0.0271,
        "conf_map_std_pos": 0.0347,
        "conf_map_std_neg": 0.0296,
        "support_proto_norm_mean": 7.2579,
        "support_proto_norm_std": 0.3612
      }
    },
    "score_thr": 0.5,
    "iou_thr": 0.5,
    "img_size": 224,
    "tta_sizes": [
      224,
      288
    ]
  }
}