{
  "stage": 3,
  "epoch": 5,
  "fold": 1,
  "wall_clock_seconds": 214.0,
  "lr": {
    "group_0": 4.154408798165955e-06,
    "group_1": 4.154408798165955e-06,
    "group_2": 8.276029366056696e-05
  },
  "train": {
    "loss": 8.334883505298246,
    "qfl": 0.6640255066656298,
    "neg_qfl": 0.00019130741419494076,
    "centerness": 1.1543632274673832,
    "dfl": 0.8886578804062258,
    "giou": 1.9901076747525124,
    "pred_iou": 0.24698571884824383,
    "presence": 0.07975547748707956,
    "attn": 0.17066966141423873,
    "aux": 2.5359576978991107,
    "entropy_reg": 0.8334689063410605,
    "reg_l2_prior": 747.5871444209929,
    "proto_norm": 42.65534001012002,
    "contrastive_presence": 0.9141729555783733,
    "feature_spread": 0.0,
    "nt_xent": 1.3096733285534767,
    "vicreg": 0.5821495681039749,
    "barlow": 0.08484630887546847,
    "triplet": 0.0,
    "grad_norm": 37.964112189508256,
    "n_steps": 62
  },
  "val": {
    "overall": {
      "n": 240,
      "n_pos": 132,
      "n_neg": 108,
      "iou_mean": 0.1524,
      "iou_median": 0.0,
      "iou_p25": 0.0,
      "iou_p75": 0.1475,
      "contain_mean": 0.214,
      "contain_at_iou_50": 0.1591,
      "contain_at_iou_75": 0.0682,
      "map_50": 0.1473,
      "map_5095": 0.0505,
      "ap_per_iou": {
        "0.50": 0.1473,
        "0.55": 0.0831,
        "0.60": 0.0744,
        "0.65": 0.072,
        "0.70": 0.0492,
        "0.75": 0.0366,
        "0.80": 0.0355,
        "0.85": 0.0034,
        "0.90": 0.0033,
        "0.95": 0.0
      },
      "f1_50": 0.2234,
      "precision_50": 0.375,
      "recall_50": 0.1591,
      "presence_acc": 0.7583,
      "presence_acc_pos": 0.8258,
      "presence_acc_neg": 0.6759,
      "mean_score_pos": 0.5836,
      "mean_score_neg": 0.4118,
      "presence_auroc": 0.8428,
      "presence_pr_auc": 0.8192,
      "presence_brier": 0.1843,
      "frac_pred_near_corner": 0.0083,
      "frac_pred_tiny_box": 0.1333,
      "conf_map_mean_pos": 0.0272,
      "conf_map_mean_neg": 0.0294,
      "conf_map_std_pos": 0.0323,
      "conf_map_std_neg": 0.0289,
      "support_proto_norm_mean": 7.5625,
      "support_proto_norm_std": 0.418,
      "argmax_cell_entropy": 4.1465
    },
    "per_source": {
      "hots": {
        "n": 42,
        "n_pos": 24,
        "n_neg": 18,
        "iou_mean": 0.086,
        "iou_median": 0.0,
        "iou_p25": 0.0,
        "iou_p75": 0.0,
        "contain_mean": 0.0903,
        "contain_at_iou_50": 0.125,
        "contain_at_iou_75": 0.0,
        "map_50": 0.137,
        "map_5095": 0.0354,
        "ap_per_iou": {
          "0.50": 0.137,
          "0.55": 0.077,
          "0.60": 0.0616,
          "0.65": 0.059,
          "0.70": 0.0185,
          "0.75": 0.0006,
          "0.80": 0.0,
          "0.85": 0.0,
          "0.90": 0.0,
          "0.95": 0.0
        },
        "f1_50": 0.2069,
        "precision_50": 0.6,
        "recall_50": 0.125,
        "presence_acc": 0.9524,
        "presence_acc_pos": 1.0,
        "presence_acc_neg": 0.8889,
        "mean_score_pos": 0.6371,
        "mean_score_neg": 0.3222,
        "presence_auroc": 0.9491,
        "presence_pr_auc": 0.9383,
        "presence_brier": 0.1283,
        "frac_pred_near_corner": 0.0,
        "frac_pred_tiny_box": 0.5238,
        "conf_map_mean_pos": 0.0232,
        "conf_map_mean_neg": 0.0247,
        "conf_map_std_pos": 0.0289,
        "conf_map_std_neg": 0.0222,
        "support_proto_norm_mean": 7.6672,
        "support_proto_norm_std": 0.3098
      },
      "insdet": {
        "n": 96,
        "n_pos": 55,
        "n_neg": 41,
        "iou_mean": 0.0,
        "iou_median": 0.0,
        "iou_p25": 0.0,
        "iou_p75": 0.0,
        "contain_mean": 0.0,
        "contain_at_iou_50": 0.0,
        "contain_at_iou_75": 0.0,
        "map_50": 0.0,
        "map_5095": 0.0,
        "ap_per_iou": {
          "0.50": 0.0,
          "0.55": 0.0,
          "0.60": 0.0,
          "0.65": 0.0,
          "0.70": 0.0,
          "0.75": 0.0,
          "0.80": 0.0,
          "0.85": 0.0,
          "0.90": 0.0,
          "0.95": 0.0
        },
        "f1_50": 0.0,
        "precision_50": 0.0,
        "recall_50": 0.0,
        "presence_acc": 0.9062,
        "presence_acc_pos": 1.0,
        "presence_acc_neg": 0.7805,
        "mean_score_pos": 0.6241,
        "mean_score_neg": 0.3607,
        "presence_auroc": 0.8767,
        "presence_pr_auc": 0.8256,
        "presence_brier": 0.1486,
        "frac_pred_near_corner": 0.0,
        "frac_pred_tiny_box": 0.0521,
        "conf_map_mean_pos": 0.0147,
        "conf_map_mean_neg": 0.0206,
        "conf_map_std_pos": 0.018,
        "conf_map_std_neg": 0.0192,
        "support_proto_norm_mean": 7.7244,
        "support_proto_norm_std": 0.4202
      },
      "vizwiz_base": {
        "n": 90,
        "n_pos": 47,
        "n_neg": 43,
        "iou_mean": 0.3082,
        "iou_median": 0.2773,
        "iou_p25": 0.0103,
        "iou_p75": 0.5243,
        "contain_mean": 0.4707,
        "contain_at_iou_50": 0.2979,
        "contain_at_iou_75": 0.1277,
        "map_50": 0.1862,
        "map_5095": 0.0439,
        "ap_per_iou": {
          "0.50": 0.1862,
          "0.55": 0.0743,
          "0.60": 0.0564,
          "0.65": 0.0503,
          "0.70": 0.0447,
          "0.75": 0.0149,
          "0.80": 0.0123,
          "0.85": 0.0003,
          "0.90": 0.0,
          "0.95": 0.0
        },
        "f1_50": 0.3415,
        "precision_50": 0.4,
        "recall_50": 0.2979,
        "presence_acc": 0.5111,
        "presence_acc_pos": 0.5106,
        "presence_acc_neg": 0.5116,
        "mean_score_pos": 0.5066,
        "mean_score_neg": 0.4902,
        "presence_auroc": 0.5482,
        "presence_pr_auc": 0.6527,
        "presence_brier": 0.2468,
        "frac_pred_near_corner": 0.0,
        "frac_pred_tiny_box": 0.0333,
        "conf_map_mean_pos": 0.0432,
        "conf_map_mean_neg": 0.0399,
        "conf_map_std_pos": 0.0461,
        "conf_map_std_neg": 0.0411,
        "support_proto_norm_mean": 7.4117,
        "support_proto_norm_std": 0.361
      },
      "vizwiz_novel": {
        "n": 12,
        "n_pos": 6,
        "n_neg": 6,
        "iou_mean": 0.5951,
        "iou_median": 0.7598,
        "iou_p25": 0.2783,
        "iou_p75": 0.8488,
        "contain_mean": 0.6588,
        "contain_at_iou_50": 0.6667,
        "contain_at_iou_75": 0.5,
        "map_50": 1.0,
        "map_5095": 0.4617,
        "ap_per_iou": {
          "0.50": 1.0,
          "0.55": 0.6634,
          "0.60": 0.6634,
          "0.65": 0.6634,
          "0.70": 0.505,
          "0.75": 0.505,
          "0.80": 0.505,
          "0.85": 0.0561,
          "0.90": 0.0561,
          "0.95": 0.0
        },
        "f1_50": 0.6154,
        "precision_50": 0.5714,
        "recall_50": 0.6667,
        "presence_acc": 0.75,
        "presence_acc_pos": 1.0,
        "presence_acc_neg": 0.5,
        "mean_score_pos": 0.6017,
        "mean_score_neg": 0.4676,
        "presence_auroc": 0.8333,
        "presence_pr_auc": 0.8819,
        "presence_brier": 0.1971,
        "frac_pred_near_corner": 0.1667,
        "frac_pred_tiny_box": 0.1667,
        "conf_map_mean_pos": 0.0321,
        "conf_map_mean_neg": 0.0278,
        "conf_map_std_pos": 0.0692,
        "conf_map_std_neg": 0.0285,
        "support_proto_norm_mean": 7.0328,
        "support_proto_norm_std": 0.2644
      }
    },
    "score_thr": 0.5,
    "iou_thr": 0.5,
    "img_size": 224,
    "tta_sizes": [
      224,
      288
    ]
  }
}