{
  "stage": "2_3",
  "epoch": 6,
  "fold": 3,
  "wall_clock_seconds": 271.05,
  "lr": {
    "aggregator": 4.3143879015899565e-06,
    "existence_head": 8.537221470317322e-06,
    "class_head": 1.7806877603534802e-06,
    "box_head": 1.7806877603534802e-06,
    "lora": 8.537221470317322e-06
  },
  "train": {
    "loss": 1.2245850252509116,
    "focal": 0.06770145116746426,
    "l1": 0.028566038198769093,
    "giou": 0.42348435735702517,
    "box_loss": 0.9897989094853401,
    "box_area_penalty": 0.00013934622047469248,
    "existence_kl": 0.0,
    "margin": 0.3341414642333984,
    "nt_xent": 0.0,
    "grad_norm": 2.6596422271728515,
    "n_steps": 250,
    "aggregator_alpha": -0.02466575801372528
  },
  "val": {
    "overall": {
      "n": 100,
      "n_pos": 54,
      "n_neg": 46,
      "iou_mean": 0.2938826562905753,
      "iou_median": 0.0,
      "iou_p25": 0.0,
      "iou_p75": 0.8034029006958008,
      "contain_mean": 0.37978173626793754,
      "contain_at_iou_50": 0.3333333333333333,
      "contain_at_iou_75": 0.2777777777777778,
      "ap_per_iou": {
        "0.50": 0.16828629545294377,
        "0.55": 0.16393951931191503,
        "0.60": 0.16393951931191503,
        "0.65": 0.13419341555056497,
        "0.70": 0.13419341555056497,
        "0.75": 0.13419341555056497,
        "0.80": 0.13419341555056497,
        "0.85": 0.0823566236859991,
        "0.90": 0.020635747785304845,
        "0.95": 0.0
      },
      "map_50": 0.16828629545294377,
      "map_75": 0.13419341555056497,
      "map_5095": 0.11359313677503376,
      "map_50_existence_only": 0.16975752743982017,
      "map_5095_existence_only": 0.11460108562496718,
      "map_50_score_only": 0.1888078704614506,
      "map_5095_score_only": 0.13067444395854685,
      "precision_50": 0.3684210526315789,
      "recall_50": 0.25925925925925924,
      "f1_50": 0.30434782608695654,
      "existence_acc": 0.64,
      "existence_acc_pos": 0.5185185185185185,
      "existence_acc_neg": 0.782608695652174,
      "existence_auroc": 0.7604669887278583,
      "existence_pr_auc": 0.7446200677850202,
      "existence_brier": 0.21920064957115357,
      "existence_f1": 0.30434782608695654,
      "false_positive_rate": 0.21739130434782608,
      "false_negative_rate": 0.48148148148148145,
      "mean_score_pos": 0.5105122051857136,
      "mean_score_neg": 0.4185527012400005,
      "proto_score_pos": 0.9758541628166482,
      "proto_score_neg": 0.827007121042065,
      "proto_score_gap": 0.1488470417745832,
      "mean_pred_box_area": 0.01193478878820315,
      "frac_pred_box_too_big": 0.0,
      "mean_existence_prob": 0.4682108333706856,
      "frac_high_existence": 0.0,
      "prototype_norm_mean": 1.6298496878147126,
      "prototype_norm_std": 0.22734343019106243
    },
    "per_source": {
      "hots": {
        "n": 35,
        "n_pos": 20,
        "n_neg": 15,
        "iou_mean": 0.6870720237493515,
        "iou_median": 0.8525272607803345,
        "iou_p25": 0.7599626034498215,
        "iou_p75": 0.9009505361318588,
        "contain_mean": 0.7496063411235809,
        "contain_at_iou_50": 0.8,
        "contain_at_iou_75": 0.75,
        "ap_per_iou": {
          "0.50": 0.6767764897607771,
          "0.55": 0.6767764897607771,
          "0.60": 0.6767764897607771,
          "0.65": 0.6042189622688973,
          "0.70": 0.6042189622688973,
          "0.75": 0.6042189622688973,
          "0.80": 0.6042189622688973,
          "0.85": 0.36050673390320387,
          "0.90": 0.0919377652050919,
          "0.95": 0.0
        },
        "map_50": 0.6767764897607771,
        "map_75": 0.6042189622688973,
        "map_5095": 0.48996498174662156,
        "map_50_existence_only": 0.6841727651025978,
        "map_5095_existence_only": 0.49373973422186934,
        "map_50_score_only": 0.6670800620434709,
        "map_5095_score_only": 0.4839537991066183,
        "precision_50": 0.7222222222222222,
        "recall_50": 0.65,
        "f1_50": 0.6842105263157895,
        "existence_acc": 0.7714285714285715,
        "existence_acc_pos": 0.75,
        "existence_acc_neg": 0.8,
        "existence_auroc": 0.9066666666666666,
        "existence_pr_auc": 0.8964953491304617,
        "existence_brier": 0.1816547306652847,
        "existence_f1": 0.6842105263157895,
        "false_positive_rate": 0.2,
        "false_negative_rate": 0.25,
        "mean_score_pos": 0.5673815160989761,
        "mean_score_neg": 0.3970197876294454,
        "proto_score_pos": 0.9947567552328109,
        "proto_score_neg": 0.7488807400067647,
        "proto_score_gap": 0.24587601522604619,
        "mean_pred_box_area": 0.01636653535201081,
        "frac_pred_box_too_big": 0.0,
        "mean_existence_prob": 0.4943693467548915,
        "frac_high_existence": 0.0,
        "prototype_norm_mean": 1.8888270173754012,
        "prototype_norm_std": 0.13912206930051355
      },
      "insdet": {
        "n": 65,
        "n_pos": 34,
        "n_neg": 31,
        "iou_mean": 0.06259479307953049,
        "iou_median": 0.0,
        "iou_p25": 0.0,
        "iou_p75": 0.0,
        "contain_mean": 0.16223785105873556,
        "contain_at_iou_50": 0.058823529411764705,
        "contain_at_iou_75": 0.0,
        "ap_per_iou": {
          "0.50": 0.002684181029820956,
          "0.55": 0.001563314226159458,
          "0.60": 0.001563314226159458,
          "0.65": 0.0,
          "0.70": 0.0,
          "0.75": 0.0,
          "0.80": 0.0,
          "0.85": 0.0,
          "0.90": 0.0,
          "0.95": 0.0
        },
        "map_50": 0.002684181029820956,
        "map_75": 0.0,
        "map_5095": 0.0005810809482139871,
        "map_50_existence_only": 0.002684181029820956,
        "map_5095_existence_only": 0.0005810809482139871,
        "map_50_score_only": 0.002684181029820956,
        "map_5095_score_only": 0.0005810809482139871,
        "precision_50": 0.05,
        "recall_50": 0.029411764705882353,
        "f1_50": 0.03703703703703704,
        "existence_acc": 0.5692307692307692,
        "existence_acc_pos": 0.38235294117647056,
        "existence_acc_neg": 0.7741935483870968,
        "existence_auroc": 0.650853889943074,
        "existence_pr_auc": 0.6438260280585181,
        "existence_brier": 0.23941768282815987,
        "existence_f1": 0.03703703703703704,
        "false_positive_rate": 0.22580645161290322,
        "false_negative_rate": 0.6176470588235294,
        "mean_score_pos": 0.4770596693543827,
        "mean_score_neg": 0.4289718529870433,
        "proto_score_pos": 0.9647349908071405,
        "proto_score_neg": 0.864810208639791,
        "proto_score_gap": 0.09992478216734957,
        "mean_pred_box_area": 0.00954846371538364,
        "frac_pred_box_too_big": 0.0,
        "mean_existence_prob": 0.4541254800099593,
        "frac_high_existence": 0.0,
        "prototype_norm_mean": 1.4904003565128032,
        "prototype_norm_std": 0.11506306974560565
      }
    },
    "tile_cfg": {
      "mode": "off",
      "levels": [
        1,
        2
      ],
      "overlap": 0.3,
      "for_sources": [
        "insdet"
      ],
      "nms_iou": 0.5,
      "top_k": 100,
      "score_combo": "existence_x_score",
      "edge_score_penalty": 0.5,
      "edge_px": 4,
      "merge_partial_boxes": true,
      "merge_min_score": 0.2
    }
  }
}