{
  "stage": "2_3",
  "epoch": 6,
  "fold": 1,
  "wall_clock_seconds": 270.46,
  "lr": {
    "aggregator": 8.634633648137095e-07,
    "existence_head": 1.628456716330446e-06,
    "class_head": 4.0446735390365816e-07,
    "box_head": 4.0446735390365816e-07,
    "lora": 1.628456716330446e-06
  },
  "train": {
    "loss": 0.9801524163782597,
    "focal": 0.07811398361343891,
    "l1": 0.017001393668353557,
    "giou": 0.3069759237766266,
    "box_loss": 0.6989588186740875,
    "box_area_penalty": 0.0,
    "existence_kl": 0.0,
    "margin": 0.40615923309326174,
    "nt_xent": 0.0,
    "grad_norm": 2.4125037994384764,
    "n_steps": 250,
    "aggregator_alpha": -0.024702411144971848
  },
  "val": {
    "overall": {
      "n": 100,
      "n_pos": 48,
      "n_neg": 52,
      "iou_mean": 0.2541970860523482,
      "iou_median": 0.0,
      "iou_p25": 0.0,
      "iou_p75": 0.4698469862341881,
      "contain_mean": 0.352603151773413,
      "contain_at_iou_50": 0.22916666666666666,
      "contain_at_iou_75": 0.22916666666666666,
      "ap_per_iou": {
        "0.50": 0.08427384610382219,
        "0.55": 0.08427384610382219,
        "0.60": 0.08427384610382219,
        "0.65": 0.08427384610382219,
        "0.70": 0.08427384610382219,
        "0.75": 0.08427384610382219,
        "0.80": 0.05099009900990097,
        "0.85": 0.03168316831683168,
        "0.90": 0.021850460908159782,
        "0.95": 0.01485148514851485
      },
      "map_50": 0.08427384610382219,
      "map_75": 0.08427384610382219,
      "map_5095": 0.06250182900063403,
      "map_50_existence_only": 0.08338430368133337,
      "map_5095_existence_only": 0.061779119996941766,
      "map_50_score_only": 0.1526103189469526,
      "map_5095_score_only": 0.12004491337164605,
      "precision_50": 0.2558139534883721,
      "recall_50": 0.22916666666666666,
      "f1_50": 0.24175824175824176,
      "existence_acc": 0.67,
      "existence_acc_pos": 0.6041666666666666,
      "existence_acc_neg": 0.7307692307692307,
      "existence_auroc": 0.75,
      "existence_pr_auc": 0.6983278010831193,
      "existence_brier": 0.2129396311105792,
      "existence_f1": 0.24175824175824176,
      "false_positive_rate": 0.2692307692307692,
      "false_negative_rate": 0.3958333333333333,
      "mean_score_pos": 0.5332089321066936,
      "mean_score_neg": 0.4325370484819779,
      "proto_score_pos": 0.9733406702677408,
      "proto_score_neg": 0.8793790065325223,
      "proto_score_gap": 0.09396166373521853,
      "mean_pred_box_area": 0.021825686884112655,
      "frac_pred_box_too_big": 0.01,
      "mean_existence_prob": 0.48085955262184144,
      "frac_high_existence": 0.0,
      "prototype_norm_mean": 1.647999074459076,
      "prototype_norm_std": 0.2893556055018073
    },
    "per_source": {
      "hots": {
        "n": 36,
        "n_pos": 20,
        "n_neg": 16,
        "iou_mean": 0.45984202027320864,
        "iou_median": 0.635511726140976,
        "iou_p25": 0.0,
        "iou_p75": 0.8652866333723068,
        "contain_mean": 0.47293647229671476,
        "contain_at_iou_50": 0.5,
        "contain_at_iou_75": 0.5,
        "ap_per_iou": {
          "0.50": 0.3118811881188119,
          "0.55": 0.3118811881188119,
          "0.60": 0.3118811881188119,
          "0.65": 0.3118811881188119,
          "0.70": 0.3118811881188119,
          "0.75": 0.3118811881188119,
          "0.80": 0.2648514851485146,
          "0.85": 0.16831683168316847,
          "0.90": 0.11951909476661948,
          "0.95": 0.0594059405940594
        },
        "map_50": 0.3118811881188119,
        "map_75": 0.3118811881188119,
        "map_5095": 0.24833804809052334,
        "map_50_existence_only": 0.3118811881188119,
        "map_5095_existence_only": 0.24833804809052334,
        "map_50_score_only": 0.395151053566895,
        "map_5095_score_only": 0.31112592028433605,
        "precision_50": 0.47619047619047616,
        "recall_50": 0.5,
        "f1_50": 0.4878048780487805,
        "existence_acc": 0.75,
        "existence_acc_pos": 0.8,
        "existence_acc_neg": 0.6875,
        "existence_auroc": 0.815625,
        "existence_pr_auc": 0.8147458939531983,
        "existence_brier": 0.1991468761037478,
        "existence_f1": 0.4878048780487805,
        "false_positive_rate": 0.3125,
        "false_negative_rate": 0.2,
        "mean_score_pos": 0.5675232484936714,
        "mean_score_neg": 0.4450594577938318,
        "proto_score_pos": 0.9944516539573669,
        "proto_score_neg": 0.8844227250665426,
        "proto_score_gap": 0.11002892889082427,
        "mean_pred_box_area": 0.025407711593692914,
        "frac_pred_box_too_big": 0.0,
        "mean_existence_prob": 0.5130948970715205,
        "frac_high_existence": 0.0,
        "prototype_norm_mean": 1.9608707990911272,
        "prototype_norm_std": 0.23566040116897558
      },
      "insdet": {
        "n": 64,
        "n_pos": 28,
        "n_neg": 36,
        "iou_mean": 0.10730784732316222,
        "iou_median": 0.0,
        "iou_p25": 0.0,
        "iou_p75": 0.17282123491168022,
        "contain_mean": 0.26665077997105463,
        "contain_at_iou_50": 0.03571428571428571,
        "contain_at_iou_75": 0.03571428571428571,
        "ap_per_iou": {
          "0.50": 0.019801980198019802,
          "0.55": 0.019801980198019802,
          "0.60": 0.019801980198019802,
          "0.65": 0.019801980198019802,
          "0.70": 0.019801980198019802,
          "0.75": 0.019801980198019802,
          "0.80": 0.0,
          "0.85": 0.0,
          "0.90": 0.0,
          "0.95": 0.0
        },
        "map_50": 0.019801980198019802,
        "map_75": 0.019801980198019802,
        "map_5095": 0.011881188118811881,
        "map_50_existence_only": 0.019801980198019802,
        "map_5095_existence_only": 0.011881188118811881,
        "map_50_score_only": 0.009900990099009901,
        "map_5095_score_only": 0.005940594059405941,
        "precision_50": 0.045454545454545456,
        "recall_50": 0.03571428571428571,
        "f1_50": 0.04,
        "existence_acc": 0.625,
        "existence_acc_pos": 0.4642857142857143,
        "existence_acc_neg": 0.75,
        "existence_auroc": 0.7152777777777778,
        "existence_pr_auc": 0.6403405804898169,
        "existence_brier": 0.22069805580192187,
        "existence_f1": 0.04,
        "false_positive_rate": 0.25,
        "false_negative_rate": 0.5357142857142857,
        "mean_score_pos": 0.5086987061159951,
        "mean_score_neg": 0.42697153323226505,
        "proto_score_pos": 0.9582613962037223,
        "proto_score_neg": 0.8771373538507355,
        "proto_score_gap": 0.08112404235298676,
        "mean_pred_box_area": 0.01981079798497376,
        "frac_pred_box_too_big": 0.015625,
        "mean_existence_prob": 0.46272717136889696,
        "frac_high_existence": 0.0,
        "prototype_norm_mean": 1.472008729353547,
        "prototype_norm_std": 0.1153975759801174
      }
    },
    "tile_cfg": {
      "mode": "off",
      "levels": [
        1,
        2
      ],
      "overlap": 0.3,
      "for_sources": [
        "insdet"
      ],
      "nms_iou": 0.5,
      "top_k": 100,
      "score_combo": "existence_x_score",
      "edge_score_penalty": 0.5,
      "edge_px": 4,
      "merge_partial_boxes": true,
      "merge_min_score": 0.2
    }
  }
}