{
  "stage": "2_3",
  "epoch": 6,
  "fold": 0,
  "wall_clock_seconds": 269.76,
  "lr": {
    "aggregator": 1.7423883839363857e-07,
    "existence_head": 2.486264520145182e-07,
    "class_head": 1.2960627022110985e-07,
    "box_head": 1.2960627022110985e-07,
    "lora": 2.486264520145182e-07
  },
  "train": {
    "loss": 0.899527054939419,
    "focal": 0.07244566037598997,
    "l1": 0.016551417857408525,
    "giou": 0.2845514886379242,
    "box_loss": 0.6518600704669952,
    "box_area_penalty": 0.0,
    "existence_kl": 0.0,
    "margin": 0.35044264960289,
    "nt_xent": 0.0,
    "grad_norm": 2.480784233093262,
    "n_steps": 250,
    "aggregator_alpha": -0.024704132229089737
  },
  "val": {
    "overall": {
      "n": 100,
      "n_pos": 45,
      "n_neg": 55,
      "iou_mean": 0.2959425687789917,
      "iou_median": 0.0,
      "iou_p25": 0.0,
      "iou_p75": 0.7548559308052063,
      "contain_mean": 0.41621683637301127,
      "contain_at_iou_50": 0.28888888888888886,
      "contain_at_iou_75": 0.26666666666666666,
      "ap_per_iou": {
        "0.50": 0.06721100681496722,
        "0.55": 0.06721100681496722,
        "0.60": 0.06151566376149809,
        "0.65": 0.06151566376149809,
        "0.70": 0.06151566376149809,
        "0.75": 0.06151566376149809,
        "0.80": 0.04636733708214028,
        "0.85": 0.026589505640459518,
        "0.90": 0.007388520806967914,
        "0.95": 0.00495049504950495
      },
      "map_50": 0.06721100681496722,
      "map_75": 0.06151566376149809,
      "map_5095": 0.04657805272549995,
      "map_50_existence_only": 0.06616166413742076,
      "map_5095_existence_only": 0.045708393794576495,
      "map_50_score_only": 0.09901269061251532,
      "map_5095_score_only": 0.07096117678594524,
      "precision_50": 0.1951219512195122,
      "recall_50": 0.17777777777777778,
      "f1_50": 0.18604651162790697,
      "existence_acc": 0.62,
      "existence_acc_pos": 0.5333333333333333,
      "existence_acc_neg": 0.6909090909090909,
      "existence_auroc": 0.7612121212121212,
      "existence_pr_auc": 0.737823551585912,
      "existence_brier": 0.21104706237075932,
      "existence_f1": 0.18604651162790697,
      "false_positive_rate": 0.3090909090909091,
      "false_negative_rate": 0.4666666666666667,
      "mean_score_pos": 0.5338803437021044,
      "mean_score_neg": 0.4352925186807459,
      "proto_score_pos": 0.9855378614531622,
      "proto_score_neg": 0.8856573429974642,
      "proto_score_gap": 0.09988051845569801,
      "mean_pred_box_area": 0.02255414368410129,
      "frac_pred_box_too_big": 0.01,
      "mean_existence_prob": 0.4796570399403572,
      "frac_high_existence": 0.0,
      "prototype_norm_mean": 1.682228343486786,
      "prototype_norm_std": 0.3078990706548095
    },
    "per_source": {
      "hots": {
        "n": 36,
        "n_pos": 21,
        "n_neg": 15,
        "iou_mean": 0.5129220201855614,
        "iou_median": 0.7664690613746643,
        "iou_p25": 0.0,
        "iou_p75": 0.8598846793174744,
        "contain_mean": 0.5667084469681695,
        "contain_at_iou_50": 0.5714285714285714,
        "contain_at_iou_75": 0.5714285714285714,
        "ap_per_iou": {
          "0.50": 0.2536386972030537,
          "0.55": 0.2536386972030537,
          "0.60": 0.2536386972030537,
          "0.65": 0.2536386972030537,
          "0.70": 0.2536386972030537,
          "0.75": 0.2536386972030537,
          "0.80": 0.18544187752108549,
          "0.85": 0.10554388772210556,
          "0.90": 0.02687768776877688,
          "0.95": 0.016043270993766037
        },
        "map_50": 0.2536386972030537,
        "map_75": 0.2536386972030537,
        "map_5095": 0.18557389072240563,
        "map_50_existence_only": 0.24665383204987176,
        "map_5095_existence_only": 0.18063620464610572,
        "map_50_score_only": 0.28327448129428306,
        "map_5095_score_only": 0.20703250757546496,
        "precision_50": 0.36363636363636365,
        "recall_50": 0.38095238095238093,
        "f1_50": 0.37209302325581395,
        "existence_acc": 0.6388888888888888,
        "existence_acc_pos": 0.7142857142857143,
        "existence_acc_neg": 0.5333333333333333,
        "existence_auroc": 0.765079365079365,
        "existence_pr_auc": 0.8368038620186654,
        "existence_brier": 0.21194972712643964,
        "existence_f1": 0.37209302325581395,
        "false_positive_rate": 0.4666666666666667,
        "false_negative_rate": 0.2857142857142857,
        "mean_score_pos": 0.5629268189271291,
        "mean_score_neg": 0.47110769351323445,
        "proto_score_pos": 0.9886088371276855,
        "proto_score_neg": 0.8948018391927083,
        "proto_score_gap": 0.09380699793497727,
        "mean_pred_box_area": 0.022297033910743065,
        "frac_pred_box_too_big": 0.0,
        "mean_existence_prob": 0.524668850004673,
        "frac_high_existence": 0.0,
        "prototype_norm_mean": 1.9682866467369928,
        "prototype_norm_std": 0.2563718930029469
      },
      "insdet": {
        "n": 64,
        "n_pos": 24,
        "n_neg": 40,
        "iou_mean": 0.10608554879824321,
        "iou_median": 0.0,
        "iou_p25": 0.0,
        "iou_p75": 0.19022810459136963,
        "contain_mean": 0.2845366771022479,
        "contain_at_iou_50": 0.041666666666666664,
        "contain_at_iou_75": 0.0,
        "ap_per_iou": {
          "0.50": 0.002357378595002357,
          "0.55": 0.002357378595002357,
          "0.60": 0.0,
          "0.65": 0.0,
          "0.70": 0.0,
          "0.75": 0.0,
          "0.80": 0.0,
          "0.85": 0.0,
          "0.90": 0.0,
          "0.95": 0.0
        },
        "map_50": 0.002357378595002357,
        "map_75": 0.0,
        "map_5095": 0.0004714757190004714,
        "map_50_existence_only": 0.002357378595002357,
        "map_5095_existence_only": 0.0004714757190004714,
        "map_50_score_only": 0.0019801980198019802,
        "map_5095_score_only": 0.00039603960396039607,
        "precision_50": 0.0,
        "recall_50": 0.0,
        "f1_50": 0.0,
        "existence_acc": 0.609375,
        "existence_acc_pos": 0.375,
        "existence_acc_neg": 0.75,
        "existence_auroc": 0.7427083333333333,
        "existence_pr_auc": 0.6395745972005841,
        "existence_brier": 0.21053931344568913,
        "existence_f1": 0.0,
        "false_positive_rate": 0.25,
        "false_negative_rate": 0.625,
        "mean_score_pos": 0.5084646778802077,
        "mean_score_neg": 0.4218618281185627,
        "proto_score_pos": 0.9828507577379545,
        "proto_score_neg": 0.8822281569242477,
        "proto_score_gap": 0.10062260081370678,
        "mean_pred_box_area": 0.022698767931615293,
        "frac_pred_box_too_big": 0.015625,
        "mean_existence_prob": 0.4543378967791796,
        "frac_high_existence": 0.0,
        "prototype_norm_mean": 1.5213205479085445,
        "prototype_norm_std": 0.19848840163421133
      }
    },
    "tile_cfg": {
      "mode": "off",
      "levels": [
        1,
        2
      ],
      "overlap": 0.3,
      "for_sources": [
        "insdet"
      ],
      "nms_iou": 0.5,
      "top_k": 100,
      "score_combo": "existence_x_score",
      "edge_score_penalty": 0.5,
      "edge_px": 4,
      "merge_partial_boxes": true,
      "merge_min_score": 0.2
    }
  }
}