{
  "stage": "2_3",
  "epoch": 6,
  "fold": 4,
  "wall_clock_seconds": 271.7,
  "lr": {
    "aggregator": 6.975591140462392e-06,
    "existence_head": 1.3864961020685156e-05,
    "class_head": 2.8419692123286435e-06,
    "box_head": 2.8419692123286435e-06,
    "lora": 1.3864961020685156e-05
  },
  "train": {
    "loss": 1.0356750700771808,
    "focal": 0.07200990042928607,
    "l1": 0.023803231060504915,
    "giou": 0.3322200539112091,
    "box_loss": 0.7834562622904777,
    "box_area_penalty": 0.0,
    "existence_kl": 0.0,
    "margin": 0.3604178137779236,
    "nt_xent": 0.0,
    "grad_norm": 2.736149984359741,
    "n_steps": 250,
    "aggregator_alpha": -0.02463972382247448
  },
  "val": {
    "overall": {
      "n": 100,
      "n_pos": 59,
      "n_neg": 41,
      "iou_mean": 0.24544808079125519,
      "iou_median": 0.0,
      "iou_p25": 0.0,
      "iou_p75": 0.48570558428764343,
      "contain_mean": 0.3917561304771294,
      "contain_at_iou_50": 0.2542372881355932,
      "contain_at_iou_75": 0.1864406779661017,
      "ap_per_iou": {
        "0.50": 0.10038128812881295,
        "0.55": 0.09343059305930597,
        "0.60": 0.08350335033503349,
        "0.65": 0.07585508550855083,
        "0.70": 0.07043454345434542,
        "0.75": 0.07043454345434542,
        "0.80": 0.04924992499249925,
        "0.85": 0.045154515451545155,
        "0.90": 0.043894389438943894,
        "0.95": 0.00055005500550055
      },
      "map_50": 0.10038128812881295,
      "map_75": 0.07043454345434542,
      "map_5095": 0.0632888288828883,
      "map_50_existence_only": 0.10093617737732857,
      "map_5095_existence_only": 0.0634396386535948,
      "map_50_score_only": 0.14515105356689514,
      "map_5095_score_only": 0.08872048345418096,
      "precision_50": 0.275,
      "recall_50": 0.1864406779661017,
      "f1_50": 0.22222222222222224,
      "existence_acc": 0.69,
      "existence_acc_pos": 0.576271186440678,
      "existence_acc_neg": 0.8536585365853658,
      "existence_auroc": 0.8143861099627946,
      "existence_pr_auc": 0.8399688506988383,
      "existence_brier": 0.21453764978972922,
      "existence_f1": 0.22222222222222224,
      "false_positive_rate": 0.14634146341463414,
      "false_negative_rate": 0.423728813559322,
      "mean_score_pos": 0.5106906587794676,
      "mean_score_neg": 0.4023001651938369,
      "proto_score_pos": 0.9835321771896491,
      "proto_score_neg": 0.8314106813291224,
      "proto_score_gap": 0.1521214958605267,
      "mean_pred_box_area": 0.016779572310624644,
      "frac_pred_box_too_big": 0.0,
      "mean_existence_prob": 0.466250556409359,
      "frac_high_existence": 0.0,
      "prototype_norm_mean": 1.6072403633594512,
      "prototype_norm_std": 0.21811853224626135
    },
    "per_source": {
      "hots": {
        "n": 35,
        "n_pos": 15,
        "n_neg": 20,
        "iou_mean": 0.5269195755322774,
        "iou_median": 0.773339033126831,
        "iou_p25": 0.0,
        "iou_p75": 0.9086474478244781,
        "contain_mean": 0.5737243334452311,
        "contain_at_iou_50": 0.6,
        "contain_at_iou_75": 0.6,
        "ap_per_iou": {
          "0.50": 0.4300901243970552,
          "0.55": 0.4300901243970552,
          "0.60": 0.4300901243970552,
          "0.65": 0.4300901243970552,
          "0.70": 0.4300901243970552,
          "0.75": 0.4300901243970552,
          "0.80": 0.3313277481594312,
          "0.85": 0.2913429804518913,
          "0.90": 0.2682406702208682,
          "0.95": 0.005331302361005332
        },
        "map_50": 0.4300901243970552,
        "map_75": 0.4300901243970552,
        "map_5095": 0.3476783447575527,
        "map_50_existence_only": 0.4316831683168319,
        "map_5095_existence_only": 0.3479867986798681,
        "map_50_score_only": 0.44785478547854773,
        "map_5095_score_only": 0.3545599559955995,
        "precision_50": 0.5,
        "recall_50": 0.4666666666666667,
        "f1_50": 0.4827586206896552,
        "existence_acc": 0.8571428571428571,
        "existence_acc_pos": 0.8,
        "existence_acc_neg": 0.9,
        "existence_auroc": 0.9333333333333333,
        "existence_pr_auc": 0.8909821659821663,
        "existence_brier": 0.17500689817617335,
        "existence_f1": 0.4827586206896552,
        "false_positive_rate": 0.1,
        "false_negative_rate": 0.2,
        "mean_score_pos": 0.5389505326747894,
        "mean_score_neg": 0.37135845273733137,
        "proto_score_pos": 0.9880173603693644,
        "proto_score_neg": 0.73442123234272,
        "proto_score_gap": 0.25359612802664433,
        "mean_pred_box_area": 0.024313481225232993,
        "frac_pred_box_too_big": 0.0,
        "mean_existence_prob": 0.44318362985338483,
        "frac_high_existence": 0.0,
        "prototype_norm_mean": 1.8293151991707939,
        "prototype_norm_std": 0.14468959024880346
      },
      "insdet": {
        "n": 65,
        "n_pos": 44,
        "n_neg": 21,
        "iou_mean": 0.14949188940227032,
        "iou_median": 0.0,
        "iou_p25": 0.0,
        "iou_p75": 0.22446271404623985,
        "contain_mean": 0.3297215158289129,
        "contain_at_iou_50": 0.13636363636363635,
        "contain_at_iou_75": 0.045454545454545456,
        "ap_per_iou": {
          "0.50": 0.039771119969139776,
          "0.55": 0.035264462406831815,
          "0.60": 0.02757645222650343,
          "0.65": 0.022557674486660486,
          "0.70": 0.020509193776520506,
          "0.75": 0.020509193776520506,
          "0.80": 0.01485148514851485,
          "0.85": 0.01485148514851485,
          "0.90": 0.01485148514851485,
          "0.95": 0.0
        },
        "map_50": 0.039771119969139776,
        "map_75": 0.020509193776520506,
        "map_5095": 0.021074255208772107,
        "map_50_existence_only": 0.039771119969139776,
        "map_5095_existence_only": 0.02104238995328104,
        "map_50_score_only": 0.07760127661117759,
        "map_5095_score_only": 0.040614913139665615,
        "precision_50": 0.15384615384615385,
        "recall_50": 0.09090909090909091,
        "f1_50": 0.1142857142857143,
        "existence_acc": 0.6,
        "existence_acc_pos": 0.5,
        "existence_acc_neg": 0.8095238095238095,
        "existence_auroc": 0.7175324675324676,
        "existence_pr_auc": 0.8309003944681291,
        "existence_brier": 0.23582343912010548,
        "existence_f1": 0.1142857142857143,
        "false_positive_rate": 0.19047619047619047,
        "false_negative_rate": 0.5,
        "mean_score_pos": 0.5010566108606078,
        "mean_score_neg": 0.43176846277146114,
        "proto_score_pos": 0.9820031374692917,
        "proto_score_neg": 0.9237815851256961,
        "proto_score_gap": 0.058221552343595606,
        "mean_pred_box_area": 0.012722852125835533,
        "frac_pred_box_too_big": 0.0,
        "mean_existence_prob": 0.4786712091702681,
        "frac_high_existence": 0.0,
        "prototype_norm_mean": 1.4876616056148821,
        "prototype_norm_std": 0.1448413885544103
      }
    },
    "tile_cfg": {
      "mode": "off",
      "levels": [
        1,
        2
      ],
      "overlap": 0.3,
      "for_sources": [
        "insdet"
      ],
      "nms_iou": 0.5,
      "top_k": 100,
      "score_combo": "existence_x_score",
      "edge_score_penalty": 0.5,
      "edge_px": 4,
      "merge_partial_boxes": true,
      "merge_min_score": 0.2
    }
  }
}