{
  "stage": "1_1",
  "epoch": 4,
  "fold": 0,
  "wall_clock_seconds": 280.98,
  "lr": {
    "aggregator": 5.2804329676371466e-05,
    "existence_head": 0.00021094894762907626
  },
  "train": {
    "loss": 0.31008371591567996,
    "focal": 0.0723982361704111,
    "l1": 0.0,
    "giou": 0.0,
    "box_loss": 0.0,
    "box_area_penalty": 0.009514504605904221,
    "existence_kl": 0.0,
    "margin": 0.47274879455566404,
    "nt_xent": 0.003596322610974312,
    "grad_norm": 0.13664836019277574,
    "n_steps": 50,
    "aggregator_alpha": -0.019947737455368042
  },
  "val": {
    "overall": {
      "n": 100,
      "n_pos": 51,
      "n_neg": 49,
      "iou_mean": 0.137536128509251,
      "iou_median": 0.0,
      "iou_p25": 0.0,
      "iou_p75": 0.0016010149847716093,
      "contain_mean": 0.3373742921679628,
      "contain_at_iou_50": 0.17647058823529413,
      "contain_at_iou_75": 0.0784313725490196,
      "ap_per_iou": {
        "0.50": 0.11828827113480574,
        "0.55": 0.11828827113480574,
        "0.60": 0.11828827113480574,
        "0.65": 0.11828827113480574,
        "0.70": 0.09950148861039947,
        "0.75": 0.05400540054005399,
        "0.80": 0.020702070207020702,
        "0.85": 0.013501350135013503,
        "0.90": 0.0,
        "0.95": 0.0
      },
      "map_50": 0.11828827113480574,
      "map_75": 0.05400540054005399,
      "map_5095": 0.06608633940317106,
      "map_50_existence_only": 0.11782178217821784,
      "map_5095_existence_only": 0.06618228489515618,
      "map_50_score_only": 0.09541654264731338,
      "map_5095_score_only": 0.05521769009075683,
      "precision_50": 0.5,
      "recall_50": 0.0784313725490196,
      "f1_50": 0.13559322033898305,
      "existence_acc": 0.51,
      "existence_acc_pos": 0.09803921568627451,
      "existence_acc_neg": 0.9387755102040817,
      "existence_auroc": 0.6226490596238495,
      "existence_pr_auc": 0.6206048677696073,
      "existence_brier": 0.2490194014098455,
      "existence_f1": 0.13559322033898305,
      "false_positive_rate": 0.061224489795918366,
      "false_negative_rate": 0.9019607843137255,
      "mean_score_pos": 0.44503318094739724,
      "mean_score_neg": 0.43025980859386675,
      "proto_score_pos": 0.9550421366504595,
      "proto_score_neg": 0.8945950157180125,
      "proto_score_gap": 0.060447120932446974,
      "mean_pred_box_area": 0.12231675940915011,
      "frac_pred_box_too_big": 0.12,
      "mean_existence_prob": 0.4377942284941673,
      "frac_high_existence": 0.0,
      "prototype_norm_mean": 2.0798758208751678,
      "prototype_norm_std": 0.18982455042158497
    },
    "per_source": {
      "hots": {
        "n": 36,
        "n_pos": 19,
        "n_neg": 17,
        "iou_mean": 0.36803498021081876,
        "iou_median": 0.01833660900592804,
        "iou_p25": 0.0,
        "iou_p75": 0.746826171875,
        "contain_mean": 0.5565400562788311,
        "contain_at_iou_50": 0.47368421052631576,
        "contain_at_iou_75": 0.21052631578947367,
        "ap_per_iou": {
          "0.50": 0.3386963696369639,
          "0.55": 0.3386963696369639,
          "0.60": 0.3386963696369639,
          "0.65": 0.3386963696369639,
          "0.70": 0.2823432343234324,
          "0.75": 0.15247524752475253,
          "0.80": 0.05940594059405939,
          "0.85": 0.03960396039603961,
          "0.90": 0.0,
          "0.95": 0.0
        },
        "map_50": 0.3386963696369639,
        "map_75": 0.15247524752475253,
        "map_5095": 0.18886138613861397,
        "map_50_existence_only": 0.33167058941919053,
        "map_5095_existence_only": 0.1865772136219834,
        "map_50_score_only": 0.29865733826129887,
        "map_5095_score_only": 0.17094140045872727,
        "precision_50": 0.5,
        "recall_50": 0.21052631578947367,
        "f1_50": 0.2962962962962963,
        "existence_acc": 0.5277777777777778,
        "existence_acc_pos": 0.2631578947368421,
        "existence_acc_neg": 0.8235294117647058,
        "existence_auroc": 0.7461300309597523,
        "existence_pr_auc": 0.726261930937283,
        "existence_brier": 0.23528527491908166,
        "existence_f1": 0.2962962962962963,
        "false_positive_rate": 0.17647058823529413,
        "false_negative_rate": 0.7368421052631579,
        "mean_score_pos": 0.4806505394609351,
        "mean_score_neg": 0.43987521353889913,
        "proto_score_pos": 0.9764494895935059,
        "proto_score_neg": 0.8073864184758243,
        "proto_score_gap": 0.1690630711176816,
        "mean_pred_box_area": 0.06106126647985851,
        "frac_pred_box_too_big": 0.027777777777777776,
        "mean_existence_prob": 0.4613955244421959,
        "frac_high_existence": 0.0,
        "prototype_norm_mean": 1.903693722354041,
        "prototype_norm_std": 0.13811850056692693
      },
      "insdet": {
        "n": 64,
        "n_pos": 32,
        "n_neg": 32,
        "iou_mean": 0.0006774353114451515,
        "iou_median": 0.0,
        "iou_p25": 0.0,
        "iou_p75": 0.0,
        "contain_mean": 0.2072446197271347,
        "contain_at_iou_50": 0.0,
        "contain_at_iou_75": 0.0,
        "ap_per_iou": {
          "0.50": 0.0,
          "0.55": 0.0,
          "0.60": 0.0,
          "0.65": 0.0,
          "0.70": 0.0,
          "0.75": 0.0,
          "0.80": 0.0,
          "0.85": 0.0,
          "0.90": 0.0,
          "0.95": 0.0
        },
        "map_50": 0.0,
        "map_75": 0.0,
        "map_5095": 0.0,
        "map_50_existence_only": 0.0,
        "map_5095_existence_only": 0.0,
        "map_50_score_only": 0.0,
        "map_5095_score_only": 0.0,
        "precision_50": 0.0,
        "recall_50": 0.0,
        "f1_50": 0.0,
        "existence_acc": 0.5,
        "existence_acc_pos": 0.0,
        "existence_acc_neg": 1.0,
        "existence_auroc": 0.5068359375,
        "existence_pr_auc": 0.5002787849897588,
        "existence_brier": 0.2567448475609001,
        "existence_f1": 0.0,
        "false_positive_rate": 0.0,
        "false_negative_rate": 1.0,
        "mean_score_pos": 0.4238853743299842,
        "mean_score_neg": 0.42515162471681833,
        "proto_score_pos": 0.9423315208405256,
        "proto_score_neg": 0.9409245830029249,
        "proto_score_gap": 0.001406937837600708,
        "mean_pred_box_area": 0.15677297418187663,
        "frac_pred_box_too_big": 0.171875,
        "mean_existence_prob": 0.42451849952340126,
        "frac_high_existence": 0.0,
        "prototype_norm_mean": 2.1789782512933016,
        "prototype_norm_std": 0.13531914137479195
      }
    },
    "tile_cfg": {
      "mode": "off",
      "levels": [
        1,
        2
      ],
      "overlap": 0.3,
      "for_sources": [
        "insdet"
      ],
      "nms_iou": 0.5,
      "top_k": 100,
      "score_combo": "existence_x_score",
      "edge_score_penalty": 0.5,
      "edge_px": 4,
      "merge_partial_boxes": true,
      "merge_min_score": 0.2
    }
  }
}