{
  "stage": "1_1",
  "epoch": 4,
  "fold": 4,
  "wall_clock_seconds": 280.76,
  "lr": {
    "aggregator": 1e-07,
    "existence_head": 1e-07
  },
  "train": {
    "loss": 0.3393243491649628,
    "focal": 0.07349720418453216,
    "l1": 0.0,
    "giou": 0.0,
    "box_loss": 0.0,
    "box_area_penalty": 0.007550994590856135,
    "existence_kl": 0.0,
    "margin": 0.5264015197753906,
    "nt_xent": 0.01871285676956177,
    "grad_norm": 0.13152771592140197,
    "n_steps": 50,
    "aggregator_alpha": -0.02058863267302513
  },
  "val": {
    "overall": {
      "n": 100,
      "n_pos": 44,
      "n_neg": 56,
      "iou_mean": 0.15753607768039563,
      "iou_median": 0.00022812443785369396,
      "iou_p25": 0.0,
      "iou_p75": 0.0032067997963167727,
      "contain_mean": 0.514618366618048,
      "contain_at_iou_50": 0.20454545454545456,
      "contain_at_iou_75": 0.18181818181818182,
      "ap_per_iou": {
        "0.50": 0.1426791255975693,
        "0.55": 0.1426791255975693,
        "0.60": 0.1426791255975693,
        "0.65": 0.1426791255975693,
        "0.70": 0.1426791255975693,
        "0.75": 0.09520697800330315,
        "0.80": 0.007425742574257425,
        "0.85": 0.0,
        "0.90": 0.0,
        "0.95": 0.0
      },
      "map_50": 0.1426791255975693,
      "map_75": 0.09520697800330315,
      "map_5095": 0.08160283485654071,
      "map_50_existence_only": 0.1430756057350157,
      "map_5095_existence_only": 0.08185393894359011,
      "map_50_score_only": 0.1457004723028694,
      "map_5095_score_only": 0.08379793336476506,
      "precision_50": 0.6363636363636364,
      "recall_50": 0.1590909090909091,
      "f1_50": 0.2545454545454546,
      "existence_acc": 0.59,
      "existence_acc_pos": 0.1590909090909091,
      "existence_acc_neg": 0.9285714285714286,
      "existence_auroc": 0.6047077922077922,
      "existence_pr_auc": 0.5431661519660635,
      "existence_brier": 0.241084977779527,
      "existence_f1": 0.2545454545454546,
      "false_positive_rate": 0.07142857142857142,
      "false_negative_rate": 0.8409090909090909,
      "mean_score_pos": 0.4570911005139351,
      "mean_score_neg": 0.44305761105247904,
      "proto_score_pos": 0.9704575294798071,
      "proto_score_neg": 0.9506593719124794,
      "proto_score_gap": 0.019798157567327723,
      "mean_pred_box_area": 0.22800437806756235,
      "frac_pred_box_too_big": 0.23,
      "mean_existence_prob": 0.44923234641551973,
      "frac_high_existence": 0.0,
      "prototype_norm_mean": 1.9946981513500213,
      "prototype_norm_std": 0.1742975617861073
    },
    "per_source": {
      "hots": {
        "n": 35,
        "n_pos": 15,
        "n_neg": 20,
        "iou_mean": 0.4603699207305908,
        "iou_median": 0.7507957220077515,
        "iou_p25": 0.0,
        "iou_p75": 0.76906418800354,
        "contain_mean": 0.5888338327407837,
        "contain_at_iou_50": 0.6,
        "contain_at_iou_75": 0.5333333333333333,
        "ap_per_iou": {
          "0.50": 0.4103412603703808,
          "0.55": 0.4103412603703808,
          "0.60": 0.4103412603703808,
          "0.65": 0.4103412603703808,
          "0.70": 0.4103412603703808,
          "0.75": 0.2785497554280314,
          "0.80": 0.017326732673267328,
          "0.85": 0.0,
          "0.90": 0.0,
          "0.95": 0.0
        },
        "map_50": 0.4103412603703808,
        "map_75": 0.2785497554280314,
        "map_5095": 0.23475827899532029,
        "map_50_existence_only": 0.4103412603703808,
        "map_5095_existence_only": 0.23475827899532029,
        "map_50_score_only": 0.4494342291371993,
        "map_5095_score_only": 0.2577557755775577,
        "precision_50": 0.6363636363636364,
        "recall_50": 0.4666666666666667,
        "f1_50": 0.5384615384615385,
        "existence_acc": 0.6571428571428571,
        "existence_acc_pos": 0.4666666666666667,
        "existence_acc_neg": 0.8,
        "existence_auroc": 0.65,
        "existence_pr_auc": 0.6138789186808854,
        "existence_brier": 0.23804576129386562,
        "existence_f1": 0.5384615384615385,
        "false_positive_rate": 0.2,
        "false_negative_rate": 0.5333333333333333,
        "mean_score_pos": 0.49960905909538267,
        "mean_score_neg": 0.47554731965065,
        "proto_score_pos": 0.9841220219930013,
        "proto_score_neg": 0.9632958948612214,
        "proto_score_gap": 0.020826127131779892,
        "mean_pred_box_area": 0.03575982990275536,
        "frac_pred_box_too_big": 0.0,
        "mean_existence_prob": 0.4858594936983926,
        "frac_high_existence": 0.0,
        "prototype_norm_mean": 1.824139176096235,
        "prototype_norm_std": 0.10936705079898082
      },
      "insdet": {
        "n": 65,
        "n_pos": 29,
        "n_neg": 36,
        "iou_mean": 0.0008978829992601873,
        "iou_median": 8.685663487995043e-05,
        "iou_p25": 0.0,
        "iou_p75": 0.0019194306805729866,
        "contain_mean": 0.4762310565545641,
        "contain_at_iou_50": 0.0,
        "contain_at_iou_75": 0.0,
        "ap_per_iou": {
          "0.50": 0.0,
          "0.55": 0.0,
          "0.60": 0.0,
          "0.65": 0.0,
          "0.70": 0.0,
          "0.75": 0.0,
          "0.80": 0.0,
          "0.85": 0.0,
          "0.90": 0.0,
          "0.95": 0.0
        },
        "map_50": 0.0,
        "map_75": 0.0,
        "map_5095": 0.0,
        "map_50_existence_only": 0.0,
        "map_5095_existence_only": 0.0,
        "map_50_score_only": 0.0,
        "map_5095_score_only": 0.0,
        "precision_50": 0.0,
        "recall_50": 0.0,
        "f1_50": 0.0,
        "existence_acc": 0.5538461538461539,
        "existence_acc_pos": 0.0,
        "existence_acc_neg": 1.0,
        "existence_auroc": 0.6599616858237548,
        "existence_pr_auc": 0.5949459882840691,
        "existence_brier": 0.24272147896411383,
        "existence_f1": 0.0,
        "false_positive_rate": 0.0,
        "false_negative_rate": 1.0,
        "mean_score_pos": 0.435099052971807,
        "mean_score_neg": 0.42500777294238407,
        "proto_score_pos": 0.9633896885247066,
        "proto_score_neg": 0.9436390813854005,
        "proto_score_gap": 0.019750607139306098,
        "mean_pred_box_area": 0.33152067323322765,
        "frac_pred_box_too_big": 0.35384615384615387,
        "mean_existence_prob": 0.42951003634012663,
        "frac_high_existence": 0.0,
        "prototype_norm_mean": 2.0865375995635986,
        "prototype_norm_std": 0.12713802696771886
      }
    },
    "tile_cfg": {
      "mode": "off",
      "levels": [
        1,
        2
      ],
      "overlap": 0.3,
      "for_sources": [
        "insdet"
      ],
      "nms_iou": 0.5,
      "top_k": 100,
      "score_combo": "existence_x_score",
      "edge_score_penalty": 0.5,
      "edge_px": 4,
      "merge_partial_boxes": true,
      "merge_min_score": 0.2
    }
  }
}