{
  "stage": "1_1",
  "epoch": 4,
  "fold": 2,
  "wall_clock_seconds": 278.02,
  "lr": {
    "aggregator": 1.3642980436926374e-05,
    "existence_head": 5.428004916145035e-05
  },
  "train": {
    "loss": 0.3128674641251564,
    "focal": 0.07342389076948166,
    "l1": 0.0,
    "giou": 0.0,
    "box_loss": 0.0,
    "box_area_penalty": 0.009932604026980698,
    "existence_kl": 0.0,
    "margin": 0.47674232482910156,
    "nt_xent": 0.000791491623967886,
    "grad_norm": 0.12863270550966263,
    "n_steps": 50
  },
  "val": {
    "overall": {
      "n": 100,
      "n_pos": 59,
      "n_neg": 41,
      "iou_mean": 0.2443925850922084,
      "iou_median": 0.0022898991592228413,
      "iou_p25": 0.0,
      "iou_p75": 0.7384367883205414,
      "contain_mean": 0.5159202038736667,
      "contain_at_iou_50": 0.3050847457627119,
      "contain_at_iou_75": 0.2033898305084746,
      "ap_per_iou": {
        "0.50": 0.24796991079253194,
        "0.55": 0.24796991079253194,
        "0.60": 0.24796991079253194,
        "0.65": 0.24796991079253194,
        "0.70": 0.24796991079253194,
        "0.75": 0.15146095723373787,
        "0.80": 0.06481004032606648,
        "0.85": 0.043204320432043204,
        "0.90": 0.0,
        "0.95": 0.0
      },
      "map_50": 0.24796991079253194,
      "map_75": 0.15146095723373787,
      "map_5095": 0.14993248719545074,
      "map_50_existence_only": 0.24800264550014692,
      "map_5095_existence_only": 0.15006980654677143,
      "map_50_score_only": 0.24934333208280046,
      "map_5095_score_only": 0.1499401011113557,
      "precision_50": 0.5652173913043478,
      "recall_50": 0.22033898305084745,
      "f1_50": 0.3170731707317073,
      "existence_acc": 0.58,
      "existence_acc_pos": 0.3389830508474576,
      "existence_acc_neg": 0.926829268292683,
      "existence_auroc": 0.7213724679619677,
      "existence_pr_auc": 0.8084363962374486,
      "existence_brier": 0.24140157689320213,
      "existence_f1": 0.3170731707317073,
      "false_positive_rate": 0.07317073170731707,
      "false_negative_rate": 0.6610169491525424,
      "mean_score_pos": 0.47995412097138873,
      "mean_score_neg": 0.44068792971169074,
      "mean_pred_box_area": 0.24427738738741028,
      "frac_pred_box_too_big": 0.31,
      "mean_existence_prob": 0.4638549825549126,
      "frac_high_existence": 0.0,
      "prototype_norm_mean": 2.0500777161121366,
      "prototype_norm_std": 0.1610059931178067
    },
    "per_source": {
      "hots": {
        "n": 35,
        "n_pos": 25,
        "n_neg": 10,
        "iou_mean": 0.539544294513762,
        "iou_median": 0.7392606139183044,
        "iou_p25": 0.0,
        "iou_p75": 0.7914093732833862,
        "contain_mean": 0.7159050226211547,
        "contain_at_iou_50": 0.68,
        "contain_at_iou_75": 0.44,
        "ap_per_iou": {
          "0.50": 0.6264548801076109,
          "0.55": 0.6264548801076109,
          "0.60": 0.6264548801076109,
          "0.65": 0.6264548801076109,
          "0.70": 0.6264548801076109,
          "0.75": 0.3684789293408976,
          "0.80": 0.1558540469431558,
          "0.85": 0.1035103510351035,
          "0.90": 0.0,
          "0.95": 0.0
        },
        "map_50": 0.6264548801076109,
        "map_75": 0.3684789293408976,
        "map_5095": 0.3760117727857211,
        "map_50_existence_only": 0.6261594504353613,
        "map_5095_existence_only": 0.37616765754032466,
        "map_50_score_only": 0.6389721829325791,
        "map_5095_score_only": 0.38118140385467125,
        "precision_50": 0.8125,
        "recall_50": 0.52,
        "f1_50": 0.6341463414634146,
        "existence_acc": 0.6857142857142857,
        "existence_acc_pos": 0.6,
        "existence_acc_neg": 0.9,
        "existence_auroc": 0.88,
        "existence_pr_auc": 0.9472200706276506,
        "existence_brier": 0.2238125038439698,
        "existence_f1": 0.6341463414634146,
        "false_positive_rate": 0.1,
        "false_negative_rate": 0.4,
        "mean_score_pos": 0.519361971616745,
        "mean_score_neg": 0.44408422112464907,
        "mean_pred_box_area": 0.09833357967436314,
        "frac_pred_box_too_big": 0.05714285714285714,
        "mean_existence_prob": 0.4978540429047176,
        "frac_high_existence": 0.0,
        "prototype_norm_mean": 1.9507742711475917,
        "prototype_norm_std": 0.1226979914509591
      },
      "insdet": {
        "n": 65,
        "n_pos": 34,
        "n_neg": 31,
        "iou_mean": 0.02736926934106604,
        "iou_median": 0.0,
        "iou_p25": 0.0,
        "iou_p75": 0.0054928092285990715,
        "contain_mean": 0.3688725430299254,
        "contain_at_iou_50": 0.029411764705882353,
        "contain_at_iou_75": 0.029411764705882353,
        "ap_per_iou": {
          "0.50": 0.000690766751093714,
          "0.55": 0.000690766751093714,
          "0.60": 0.000690766751093714,
          "0.65": 0.000690766751093714,
          "0.70": 0.000690766751093714,
          "0.75": 0.000690766751093714,
          "0.80": 0.000690766751093714,
          "0.85": 0.0,
          "0.90": 0.0,
          "0.95": 0.0
        },
        "map_50": 0.000690766751093714,
        "map_75": 0.000690766751093714,
        "map_5095": 0.0004835367257655998,
        "map_50_existence_only": 0.0007244626901714563,
        "map_5095_existence_only": 0.0005071238831200194,
        "map_50_score_only": 0.0006188118811881188,
        "map_5095_score_only": 0.00043316831683168323,
        "precision_50": 0.0,
        "recall_50": 0.0,
        "f1_50": 0.0,
        "existence_acc": 0.5230769230769231,
        "existence_acc_pos": 0.14705882352941177,
        "existence_acc_neg": 0.9354838709677419,
        "existence_auroc": 0.6062618595825426,
        "existence_pr_auc": 0.6465297126784689,
        "existence_brier": 0.25087261622740414,
        "existence_f1": 0.0,
        "false_positive_rate": 0.06451612903225806,
        "false_negative_rate": 0.8529411764705882,
        "mean_score_pos": 0.45097776020274444,
        "mean_score_neg": 0.43959235183654294,
        "mean_pred_box_area": 0.3228625146175126,
        "frac_pred_box_too_big": 0.4461538461538462,
        "mean_existence_prob": 0.44554779621270985,
        "frac_high_existence": 0.0,
        "prototype_norm_mean": 2.1035488018622766,
        "prototype_norm_std": 0.15428872328261792
      }
    },
    "tile_cfg": {
      "mode": "off",
      "levels": [
        1,
        2
      ],
      "overlap": 0.3,
      "for_sources": [
        "insdet"
      ],
      "nms_iou": 0.5,
      "top_k": 100,
      "score_combo": "existence_x_score",
      "edge_score_penalty": 0.5,
      "edge_px": 4,
      "merge_partial_boxes": true,
      "merge_min_score": 0.2
    }
  }
}