{
  "stage": "1_1",
  "epoch": 4,
  "fold": 0,
  "wall_clock_seconds": 276.76,
  "lr": {
    "aggregator": 5.2804329676371466e-05,
    "existence_head": 0.00021094894762907626
  },
  "train": {
    "loss": 0.3094070115685463,
    "focal": 0.07217745549976826,
    "l1": 0.0,
    "giou": 0.0,
    "box_loss": 0.0,
    "box_area_penalty": 0.008217158252373338,
    "existence_kl": 0.0,
    "margin": 0.4721159362792969,
    "nt_xent": 0.0034987084567546845,
    "grad_norm": 0.1494453203678131,
    "n_steps": 50
  },
  "val": {
    "overall": {
      "n": 100,
      "n_pos": 51,
      "n_neg": 49,
      "iou_mean": 0.13750456412226947,
      "iou_median": 0.0,
      "iou_p25": 0.0,
      "iou_p75": 0.0016010149847716093,
      "contain_mean": 0.29823199791066785,
      "contain_at_iou_50": 0.17647058823529413,
      "contain_at_iou_75": 0.0784313725490196,
      "ap_per_iou": {
        "0.50": 0.11836612232651836,
        "0.55": 0.11836612232651836,
        "0.60": 0.11836612232651836,
        "0.65": 0.11836612232651836,
        "0.70": 0.10480048004800477,
        "0.75": 0.05544554455445546,
        "0.80": 0.021782178217821784,
        "0.85": 0.01386138613861386,
        "0.90": 0.0,
        "0.95": 0.0
      },
      "map_50": 0.11836612232651836,
      "map_75": 0.05544554455445546,
      "map_5095": 0.06693540782649693,
      "map_50_existence_only": 0.1179160773220179,
      "map_5095_existence_only": 0.06676135470689926,
      "map_50_score_only": 0.09634991805239788,
      "map_5095_score_only": 0.055767778237354904,
      "precision_50": 0.42857142857142855,
      "recall_50": 0.058823529411764705,
      "f1_50": 0.10344827586206895,
      "existence_acc": 0.5,
      "existence_acc_pos": 0.0784313725490196,
      "existence_acc_neg": 0.9387755102040817,
      "existence_auroc": 0.6250500200080032,
      "existence_pr_auc": 0.6215725276602434,
      "existence_brier": 0.24904359619591943,
      "existence_f1": 0.10344827586206895,
      "false_positive_rate": 0.061224489795918366,
      "false_negative_rate": 0.9215686274509803,
      "mean_score_pos": 0.44431792521009256,
      "mean_score_neg": 0.4293996089575242,
      "mean_pred_box_area": 0.09624518496217206,
      "frac_pred_box_too_big": 0.09,
      "mean_existence_prob": 0.4370079502463341,
      "frac_high_existence": 0.0,
      "prototype_norm_mean": 2.0763429915905,
      "prototype_norm_std": 0.18882743059681603
    },
    "per_source": {
      "hots": {
        "n": 36,
        "n_pos": 19,
        "n_neg": 17,
        "iou_mean": 0.36803498021081876,
        "iou_median": 0.01833660900592804,
        "iou_p25": 0.0,
        "iou_p75": 0.746826171875,
        "contain_mean": 0.5565400562788311,
        "contain_at_iou_50": 0.47368421052631576,
        "contain_at_iou_75": 0.21052631578947367,
        "ap_per_iou": {
          "0.50": 0.3334746936232086,
          "0.55": 0.3334746936232086,
          "0.60": 0.3334746936232086,
          "0.65": 0.3334746936232086,
          "0.70": 0.2875476009139378,
          "0.75": 0.15247524752475253,
          "0.80": 0.05940594059405939,
          "0.85": 0.03960396039603961,
          "0.90": 0.0,
          "0.95": 0.0
        },
        "map_50": 0.3334746936232086,
        "map_75": 0.15247524752475253,
        "map_5095": 0.18729315239216235,
        "map_50_existence_only": 0.32860036003600374,
        "map_5095_existence_only": 0.18509800980098018,
        "map_50_score_only": 0.3052551408987054,
        "map_5095_score_only": 0.17475206723969108,
        "precision_50": 0.42857142857142855,
        "recall_50": 0.15789473684210525,
        "f1_50": 0.23076923076923078,
        "existence_acc": 0.5,
        "existence_acc_pos": 0.21052631578947367,
        "existence_acc_neg": 0.8235294117647058,
        "existence_auroc": 0.7337461300309598,
        "existence_pr_auc": 0.71807016613469,
        "existence_brier": 0.23542069093079038,
        "existence_f1": 0.23076923076923078,
        "false_positive_rate": 0.17647058823529413,
        "false_negative_rate": 0.7894736842105263,
        "mean_score_pos": 0.47954906601654856,
        "mean_score_neg": 0.43867727938820333,
        "mean_pred_box_area": 0.06109885495647581,
        "frac_pred_box_too_big": 0.027777777777777776,
        "mean_existence_prob": 0.46024850010871887,
        "frac_high_existence": 0.0,
        "prototype_norm_mean": 1.8991030653317769,
        "prototype_norm_std": 0.13277687516264278
      },
      "insdet": {
        "n": 64,
        "n_pos": 32,
        "n_neg": 32,
        "iou_mean": 0.0006271295696933521,
        "iou_median": 0.0,
        "iou_p25": 0.0,
        "iou_p75": 0.0,
        "contain_mean": 0.14486158825457096,
        "contain_at_iou_50": 0.0,
        "contain_at_iou_75": 0.0,
        "ap_per_iou": {
          "0.50": 0.0,
          "0.55": 0.0,
          "0.60": 0.0,
          "0.65": 0.0,
          "0.70": 0.0,
          "0.75": 0.0,
          "0.80": 0.0,
          "0.85": 0.0,
          "0.90": 0.0,
          "0.95": 0.0
        },
        "map_50": 0.0,
        "map_75": 0.0,
        "map_5095": 0.0,
        "map_50_existence_only": 0.0,
        "map_5095_existence_only": 0.0,
        "map_50_score_only": 0.0,
        "map_5095_score_only": 0.0,
        "precision_50": 0.0,
        "recall_50": 0.0,
        "f1_50": 0.0,
        "existence_acc": 0.5,
        "existence_acc_pos": 0.0,
        "existence_acc_neg": 1.0,
        "existence_auroc": 0.51171875,
        "existence_pr_auc": 0.5011511439385568,
        "existence_brier": 0.2567064804075545,
        "existence_f1": 0.0,
        "false_positive_rate": 0.0,
        "false_negative_rate": 1.0,
        "mean_score_pos": 0.42339943535625935,
        "mean_score_neg": 0.4244708465412259,
        "mean_pred_box_area": 0.1160149955903762,
        "frac_pred_box_too_big": 0.125,
        "mean_existence_prob": 0.42393514094874263,
        "frac_high_existence": 0.0,
        "prototype_norm_mean": 2.1760404501110315,
        "prototype_norm_std": 0.13486310438114701
      }
    },
    "tile_cfg": {
      "mode": "off",
      "levels": [
        1,
        2
      ],
      "overlap": 0.3,
      "for_sources": [
        "insdet"
      ],
      "nms_iou": 0.5,
      "top_k": 100,
      "score_combo": "existence_x_score",
      "edge_score_penalty": 0.5,
      "edge_px": 4,
      "merge_partial_boxes": true,
      "merge_min_score": 0.2
    }
  }
}