{
  "stage": "1_1",
  "epoch": 4,
  "fold": 1,
  "wall_clock_seconds": 277.68,
  "lr": {
    "aggregator": 3.0225535885938092e-05,
    "existence_head": 0.00012062022248107129
  },
  "train": {
    "loss": 0.32659703195095063,
    "focal": 0.07153159260749817,
    "l1": 0.0,
    "giou": 0.0,
    "box_loss": 0.0,
    "box_area_penalty": 0.010364344136614818,
    "existence_kl": 0.0,
    "margin": 0.5040920639038086,
    "nt_xent": 0.019829729944467543,
    "grad_norm": 0.12284086287021637,
    "n_steps": 50
  },
  "val": {
    "overall": {
      "n": 100,
      "n_pos": 53,
      "n_neg": 47,
      "iou_mean": 0.1173772114034707,
      "iou_median": 0.0,
      "iou_p25": 0.0,
      "iou_p75": 0.008262363262474537,
      "contain_mean": 0.27377343213378963,
      "contain_at_iou_50": 0.1509433962264151,
      "contain_at_iou_75": 0.09433962264150944,
      "ap_per_iou": {
        "0.50": 0.022700126718121903,
        "0.55": 0.022700126718121903,
        "0.60": 0.022700126718121903,
        "0.65": 0.022700126718121903,
        "0.70": 0.017216731296084725,
        "0.75": 0.010672327839904976,
        "0.80": 0.006341348420556342,
        "0.85": 0.0,
        "0.90": 0.0,
        "0.95": 0.0
      },
      "map_50": 0.022700126718121903,
      "map_75": 0.010672327839904976,
      "map_5095": 0.012503091442903366,
      "map_50_existence_only": 0.024111811371163784,
      "map_5095_existence_only": 0.01321336334541098,
      "map_50_score_only": 0.018801427654077628,
      "map_5095_score_only": 0.010621812359849941,
      "precision_50": 0.07692307692307693,
      "recall_50": 0.018867924528301886,
      "f1_50": 0.030303030303030304,
      "existence_acc": 0.5,
      "existence_acc_pos": 0.1509433962264151,
      "existence_acc_neg": 0.8936170212765957,
      "existence_auroc": 0.6093938177438779,
      "existence_pr_auc": 0.6447374774386375,
      "existence_brier": 0.2512577019429802,
      "existence_f1": 0.030303030303030304,
      "false_positive_rate": 0.10638297872340426,
      "false_negative_rate": 0.8490566037735849,
      "mean_score_pos": 0.44793072905180586,
      "mean_score_neg": 0.4321364614557713,
      "mean_pred_box_area": 0.15281849616498222,
      "frac_pred_box_too_big": 0.12,
      "mean_existence_prob": 0.44050742328166964,
      "frac_high_existence": 0.0,
      "prototype_norm_mean": 2.0580553543567657,
      "prototype_norm_std": 0.1452053212409879
    },
    "per_source": {
      "hots": {
        "n": 36,
        "n_pos": 16,
        "n_neg": 20,
        "iou_mean": 0.380933043830737,
        "iou_median": 0.32667935866629705,
        "iou_p25": 0.0,
        "iou_p75": 0.7892899662256241,
        "contain_mean": 0.48239366921188775,
        "contain_at_iou_50": 0.5,
        "contain_at_iou_75": 0.3125,
        "ap_per_iou": {
          "0.50": 0.16831683168316838,
          "0.55": 0.16831683168316838,
          "0.60": 0.16831683168316838,
          "0.65": 0.16831683168316838,
          "0.70": 0.09405940594059406,
          "0.75": 0.06600660066006599,
          "0.80": 0.026874115983026865,
          "0.85": 0.0,
          "0.90": 0.0,
          "0.95": 0.0
        },
        "map_50": 0.16831683168316838,
        "map_75": 0.06600660066006599,
        "map_5095": 0.08602074493163604,
        "map_50_existence_only": 0.1392966882895187,
        "map_5095_existence_only": 0.07351325697177527,
        "map_50_score_only": 0.15993907083016004,
        "map_5095_score_only": 0.08539183952331889,
        "precision_50": 0.07692307692307693,
        "recall_50": 0.0625,
        "f1_50": 0.06896551724137931,
        "existence_acc": 0.6388888888888888,
        "existence_acc_pos": 0.5,
        "existence_acc_neg": 0.75,
        "existence_auroc": 0.78125,
        "existence_pr_auc": 0.7502675406278981,
        "existence_brier": 0.2236264142618006,
        "existence_f1": 0.06896551724137931,
        "false_positive_rate": 0.25,
        "false_negative_rate": 0.5,
        "mean_score_pos": 0.49478001333773136,
        "mean_score_neg": 0.43961340487003325,
        "mean_pred_box_area": 0.08037405060733566,
        "frac_pred_box_too_big": 0.05555555555555555,
        "mean_existence_prob": 0.4641318975223435,
        "frac_high_existence": 0.0,
        "prototype_norm_mean": 1.9764126771026187,
        "prototype_norm_std": 0.1743557855638113
      },
      "insdet": {
        "n": 64,
        "n_pos": 37,
        "n_neg": 27,
        "iou_mean": 0.0034071217051933745,
        "iou_median": 0.0,
        "iou_p25": 0.0,
        "iou_p75": 0.0,
        "contain_mean": 0.1835592755594769,
        "contain_at_iou_50": 0.0,
        "contain_at_iou_75": 0.0,
        "ap_per_iou": {
          "0.50": 0.0,
          "0.55": 0.0,
          "0.60": 0.0,
          "0.65": 0.0,
          "0.70": 0.0,
          "0.75": 0.0,
          "0.80": 0.0,
          "0.85": 0.0,
          "0.90": 0.0,
          "0.95": 0.0
        },
        "map_50": 0.0,
        "map_75": 0.0,
        "map_5095": 0.0,
        "map_50_existence_only": 0.0,
        "map_5095_existence_only": 0.0,
        "map_50_score_only": 0.0,
        "map_5095_score_only": 0.0,
        "precision_50": 0.0,
        "recall_50": 0.0,
        "f1_50": 0.0,
        "existence_acc": 0.421875,
        "existence_acc_pos": 0.0,
        "existence_acc_neg": 1.0,
        "existence_auroc": 0.5185185185185185,
        "existence_pr_auc": 0.6192264469034242,
        "existence_brier": 0.26680030126364374,
        "existence_f1": 0.0,
        "false_positive_rate": 0.0,
        "false_negative_rate": 1.0,
        "mean_score_pos": 0.4276715790903246,
        "mean_score_neg": 0.42659798485261424,
        "mean_pred_box_area": 0.1935684967911584,
        "frac_pred_box_too_big": 0.15625,
        "mean_existence_prob": 0.42721865652129054,
        "frac_high_existence": 0.0,
        "prototype_norm_mean": 2.1039793603122234,
        "prototype_norm_std": 0.10145295008690529
      }
    },
    "tile_cfg": {
      "mode": "off",
      "levels": [
        1,
        2
      ],
      "overlap": 0.3,
      "for_sources": [
        "insdet"
      ],
      "nms_iou": 0.5,
      "top_k": 100,
      "score_combo": "existence_x_score",
      "edge_score_penalty": 0.5,
      "edge_px": 4,
      "merge_partial_boxes": true,
      "merge_min_score": 0.2
    }
  }
}