{
  "stage": "1_1",
  "epoch": 4,
  "fold": 3,
  "wall_clock_seconds": 276.74,
  "lr": {
    "aggregator": 3.508992214489555e-06,
    "existence_head": 1.3738014662447803e-05
  },
  "train": {
    "loss": 0.2985924559831619,
    "focal": 0.07158571660518646,
    "l1": 0.0,
    "giou": 0.0,
    "box_loss": 0.0,
    "box_area_penalty": 0.009525247295387089,
    "existence_kl": 0.0,
    "margin": 0.44810726165771486,
    "nt_xent": 0.02000580064021051,
    "grad_norm": 0.1635671502351761,
    "n_steps": 50
  },
  "val": {
    "overall": {
      "n": 100,
      "n_pos": 48,
      "n_neg": 52,
      "iou_mean": 0.2718654756123821,
      "iou_median": 0.0,
      "iou_p25": 0.0,
      "iou_p75": 0.7795890122652054,
      "contain_mean": 0.3738623683651288,
      "contain_at_iou_50": 0.3333333333333333,
      "contain_at_iou_75": 0.3125,
      "ap_per_iou": {
        "0.50": 0.22707063317562307,
        "0.55": 0.22707063317562307,
        "0.60": 0.22707063317562307,
        "0.65": 0.22707063317562307,
        "0.70": 0.22707063317562307,
        "0.75": 0.20957646982859976,
        "0.80": 0.0683595934344265,
        "0.85": 0.0019801980198019802,
        "0.90": 0.0,
        "0.95": 0.0
      },
      "map_50": 0.22707063317562307,
      "map_75": 0.20957646982859976,
      "map_5095": 0.14152694271609437,
      "map_50_existence_only": 0.2328073908378459,
      "map_5095_existence_only": 0.14498071496536222,
      "map_50_score_only": 0.22241537833589947,
      "map_5095_score_only": 0.14081222286439288,
      "precision_50": 0.7,
      "recall_50": 0.14583333333333334,
      "f1_50": 0.2413793103448276,
      "existence_acc": 0.56,
      "existence_acc_pos": 0.14583333333333334,
      "existence_acc_neg": 0.9423076923076923,
      "existence_auroc": 0.6758814102564102,
      "existence_pr_auc": 0.6541828329880215,
      "existence_brier": 0.2408571326227634,
      "existence_f1": 0.2413793103448276,
      "false_positive_rate": 0.057692307692307696,
      "false_negative_rate": 0.8541666666666666,
      "mean_score_pos": 0.4501345536361138,
      "mean_score_neg": 0.4257247574054278,
      "mean_pred_box_area": 0.07300661851884797,
      "frac_pred_box_too_big": 0.05,
      "mean_existence_prob": 0.4374414595961571,
      "frac_high_existence": 0.0,
      "prototype_norm_mean": 2.061515908241272,
      "prototype_norm_std": 0.18947814448240466
    },
    "per_source": {
      "hots": {
        "n": 35,
        "n_pos": 18,
        "n_neg": 17,
        "iou_mean": 0.7165373629993863,
        "iou_median": 0.8001157939434052,
        "iou_p25": 0.7717859894037247,
        "iou_p75": 0.8235084414482117,
        "contain_mean": 0.8521572351455688,
        "contain_at_iou_50": 0.8888888888888888,
        "contain_at_iou_75": 0.8333333333333334,
        "ap_per_iou": {
          "0.50": 0.6686099516021125,
          "0.55": 0.6686099516021125,
          "0.60": 0.6686099516021125,
          "0.65": 0.6686099516021125,
          "0.70": 0.6686099516021125,
          "0.75": 0.6219059810525028,
          "0.80": 0.2063574778530484,
          "0.85": 0.009504950495049503,
          "0.90": 0.0,
          "0.95": 0.0
        },
        "map_50": 0.6686099516021125,
        "map_75": 0.6219059810525028,
        "map_5095": 0.4180818167411163,
        "map_50_existence_only": 0.6856229015035685,
        "map_5095_existence_only": 0.4281418273406289,
        "map_50_score_only": 0.6806981404509955,
        "map_5095_score_only": 0.42977387201260997,
        "precision_50": 0.7,
        "recall_50": 0.3888888888888889,
        "f1_50": 0.5,
        "existence_acc": 0.6,
        "existence_acc_pos": 0.3888888888888889,
        "existence_acc_neg": 0.8235294117647058,
        "existence_auroc": 0.7941176470588235,
        "existence_pr_auc": 0.7862045859471488,
        "existence_brier": 0.22792996977774796,
        "existence_f1": 0.5,
        "false_positive_rate": 0.17647058823529413,
        "false_negative_rate": 0.6111111111111112,
        "mean_score_pos": 0.48833466900719535,
        "mean_score_neg": 0.43278157535721273,
        "mean_pred_box_area": 0.043775746309464535,
        "frac_pred_box_too_big": 0.02857142857142857,
        "mean_existence_prob": 0.4613517378057752,
        "frac_high_existence": 0.0,
        "prototype_norm_mean": 1.8405111721583776,
        "prototype_norm_std": 0.12328220811719617
      },
      "insdet": {
        "n": 65,
        "n_pos": 30,
        "n_neg": 35,
        "iou_mean": 0.005062343180179596,
        "iou_median": 0.0,
        "iou_p25": 0.0,
        "iou_p75": 0.0,
        "contain_mean": 0.08688544829686483,
        "contain_at_iou_50": 0.0,
        "contain_at_iou_75": 0.0,
        "ap_per_iou": {
          "0.50": 0.0,
          "0.55": 0.0,
          "0.60": 0.0,
          "0.65": 0.0,
          "0.70": 0.0,
          "0.75": 0.0,
          "0.80": 0.0,
          "0.85": 0.0,
          "0.90": 0.0,
          "0.95": 0.0
        },
        "map_50": 0.0,
        "map_75": 0.0,
        "map_5095": 0.0,
        "map_50_existence_only": 0.0,
        "map_5095_existence_only": 0.0,
        "map_50_score_only": 0.0,
        "map_5095_score_only": 0.0,
        "precision_50": 0.0,
        "recall_50": 0.0,
        "f1_50": 0.0,
        "existence_acc": 0.5384615384615384,
        "existence_acc_pos": 0.0,
        "existence_acc_neg": 1.0,
        "existence_auroc": 0.5695238095238095,
        "existence_pr_auc": 0.5141766667501939,
        "existence_brier": 0.24781791261623323,
        "existence_f1": 0.0,
        "false_positive_rate": 0.0,
        "false_negative_rate": 1.0,
        "mean_score_pos": 0.4272144844134649,
        "mean_score_neg": 0.4222971601145608,
        "mean_pred_box_area": 0.08874631893928521,
        "frac_pred_box_too_big": 0.06153846153846154,
        "mean_existence_prob": 0.4245666944063627,
        "frac_high_existence": 0.0,
        "prototype_norm_mean": 2.1805184584397534,
        "prototype_norm_std": 0.0797978833455741
      }
    },
    "tile_cfg": {
      "mode": "off",
      "levels": [
        1,
        2
      ],
      "overlap": 0.3,
      "for_sources": [
        "insdet"
      ],
      "nms_iou": 0.5,
      "top_k": 100,
      "score_combo": "existence_x_score",
      "edge_score_penalty": 0.5,
      "edge_px": 4,
      "merge_partial_boxes": true,
      "merge_min_score": 0.2
    }
  }
}