{
  "stage": 3,
  "epoch": 2,
  "fold": 0,
  "wall_clock_seconds": 227.71,
  "lr": {
    "group_0": 4.981057619718884e-06,
    "group_1": 4.981057619718884e-06,
    "group_2": 9.961380738977881e-05
  },
  "train": {
    "loss": 8.343571585993613,
    "qfl": 0.45750081617264976,
    "neg_qfl": 8.240944856468911e-05,
    "centerness": 1.2169099382815822,
    "dfl": 1.1781202718134849,
    "giou": 2.98697813095585,
    "pred_iou": 0.46331757162847825,
    "presence": 0.09616168654493747,
    "attn": 0.40689848411467766,
    "aux": 3.181236490126579,
    "entropy_reg": 0.23806374303756223,
    "reg_l2_prior": 1038.0623946651335,
    "proto_norm": 25.634816569666707,
    "contrastive_presence": 1.412345439195633,
    "feature_spread": 0.0,
    "nt_xent": 1.2899612322930367,
    "vicreg": 0.6365440228293019,
    "barlow": 0.08690965043440942,
    "triplet": 0.0,
    "grad_norm": Infinity,
    "n_steps": 62
  },
  "val": {
    "overall": {
      "n": 240,
      "n_pos": 119,
      "n_neg": 121,
      "iou_mean": 0.0469,
      "iou_median": 0.0,
      "iou_p25": 0.0,
      "iou_p75": 0.0,
      "contain_mean": 0.0681,
      "contain_at_iou_50": 0.0168,
      "contain_at_iou_75": 0.0,
      "map_50": 0.0017,
      "map_5095": 0.0005,
      "ap_per_iou": {
        "0.50": 0.0017,
        "0.55": 0.0013,
        "0.60": 0.0013,
        "0.65": 0.0003,
        "0.70": 0.0003,
        "0.75": 0.0003,
        "0.80": 0.0,
        "0.85": 0.0,
        "0.90": 0.0,
        "0.95": 0.0
      },
      "f1_50": 0.025,
      "precision_50": 0.0488,
      "recall_50": 0.0168,
      "presence_acc": 0.6833,
      "presence_acc_pos": 0.6891,
      "presence_acc_neg": 0.6777,
      "mean_score_pos": 0.54,
      "mean_score_neg": 0.4329,
      "presence_auroc": 0.7726,
      "presence_pr_auc": 0.7619,
      "presence_brier": 0.2084,
      "frac_pred_near_corner": 0.0,
      "frac_pred_tiny_box": 0.0,
      "conf_map_mean_pos": 0.0194,
      "conf_map_mean_neg": 0.0238,
      "conf_map_std_pos": 0.0205,
      "conf_map_std_neg": 0.0259,
      "support_proto_norm_mean": 6.2962,
      "support_proto_norm_std": 0.3848,
      "argmax_cell_entropy": 4.1758
    },
    "per_source": {
      "hots": {
        "n": 39,
        "n_pos": 18,
        "n_neg": 21,
        "iou_mean": 0.0,
        "iou_median": 0.0,
        "iou_p25": 0.0,
        "iou_p75": 0.0,
        "contain_mean": 0.0,
        "contain_at_iou_50": 0.0,
        "contain_at_iou_75": 0.0,
        "map_50": 0.0,
        "map_5095": 0.0,
        "ap_per_iou": {
          "0.50": 0.0,
          "0.55": 0.0,
          "0.60": 0.0,
          "0.65": 0.0,
          "0.70": 0.0,
          "0.75": 0.0,
          "0.80": 0.0,
          "0.85": 0.0,
          "0.90": 0.0,
          "0.95": 0.0
        },
        "f1_50": 0.0,
        "precision_50": 0.0,
        "recall_50": 0.0,
        "presence_acc": 0.8974,
        "presence_acc_pos": 0.9444,
        "presence_acc_neg": 0.8571,
        "mean_score_pos": 0.6083,
        "mean_score_neg": 0.3582,
        "presence_auroc": 0.9683,
        "presence_pr_auc": 0.9633,
        "presence_brier": 0.1463,
        "frac_pred_near_corner": 0.0,
        "frac_pred_tiny_box": 0.0,
        "conf_map_mean_pos": 0.0145,
        "conf_map_mean_neg": 0.0222,
        "conf_map_std_pos": 0.0127,
        "conf_map_std_neg": 0.0218,
        "support_proto_norm_mean": 6.5825,
        "support_proto_norm_std": 0.1945
      },
      "insdet": {
        "n": 100,
        "n_pos": 51,
        "n_neg": 49,
        "iou_mean": 0.0,
        "iou_median": 0.0,
        "iou_p25": 0.0,
        "iou_p75": 0.0,
        "contain_mean": 0.0,
        "contain_at_iou_50": 0.0,
        "contain_at_iou_75": 0.0,
        "map_50": 0.0,
        "map_5095": 0.0,
        "ap_per_iou": {
          "0.50": 0.0,
          "0.55": 0.0,
          "0.60": 0.0,
          "0.65": 0.0,
          "0.70": 0.0,
          "0.75": 0.0,
          "0.80": 0.0,
          "0.85": 0.0,
          "0.90": 0.0,
          "0.95": 0.0
        },
        "f1_50": 0.0,
        "precision_50": 0.0,
        "recall_50": 0.0,
        "presence_acc": 0.83,
        "presence_acc_pos": 0.9804,
        "presence_acc_neg": 0.6735,
        "mean_score_pos": 0.5797,
        "mean_score_neg": 0.4065,
        "presence_auroc": 0.8659,
        "presence_pr_auc": 0.8287,
        "presence_brier": 0.1788,
        "frac_pred_near_corner": 0.0,
        "frac_pred_tiny_box": 0.0,
        "conf_map_mean_pos": 0.0134,
        "conf_map_mean_neg": 0.0207,
        "conf_map_std_pos": 0.0137,
        "conf_map_std_neg": 0.0212,
        "support_proto_norm_mean": 6.2455,
        "support_proto_norm_std": 0.3271
      },
      "vizwiz_base": {
        "n": 82,
        "n_pos": 41,
        "n_neg": 41,
        "iou_mean": 0.1006,
        "iou_median": 0.0,
        "iou_p25": 0.0,
        "iou_p75": 0.1528,
        "contain_mean": 0.1341,
        "contain_at_iou_50": 0.0488,
        "contain_at_iou_75": 0.0,
        "map_50": 0.005,
        "map_5095": 0.0015,
        "ap_per_iou": {
          "0.50": 0.005,
          "0.55": 0.0034,
          "0.60": 0.0034,
          "0.65": 0.001,
          "0.70": 0.001,
          "0.75": 0.001,
          "0.80": 0.0,
          "0.85": 0.0,
          "0.90": 0.0,
          "0.95": 0.0
        },
        "f1_50": 0.0667,
        "precision_50": 0.1053,
        "recall_50": 0.0488,
        "presence_acc": 0.4512,
        "presence_acc_pos": 0.3171,
        "presence_acc_neg": 0.5854,
        "mean_score_pos": 0.4776,
        "mean_score_neg": 0.498,
        "presence_auroc": 0.4253,
        "presence_pr_auc": 0.4584,
        "presence_brier": 0.264,
        "frac_pred_near_corner": 0.0,
        "frac_pred_tiny_box": 0.0,
        "conf_map_mean_pos": 0.027,
        "conf_map_mean_neg": 0.0277,
        "conf_map_std_pos": 0.0303,
        "conf_map_std_neg": 0.0329,
        "support_proto_norm_mean": 6.1867,
        "support_proto_norm_std": 0.4488
      },
      "vizwiz_novel": {
        "n": 19,
        "n_pos": 9,
        "n_neg": 10,
        "iou_mean": 0.1616,
        "iou_median": 0.0,
        "iou_p25": 0.0,
        "iou_p75": 0.4847,
        "contain_mean": 0.2891,
        "contain_at_iou_50": 0.0,
        "contain_at_iou_75": 0.0,
        "map_50": 0.0,
        "map_5095": 0.0,
        "ap_per_iou": {
          "0.50": 0.0,
          "0.55": 0.0,
          "0.60": 0.0,
          "0.65": 0.0,
          "0.70": 0.0,
          "0.75": 0.0,
          "0.80": 0.0,
          "0.85": 0.0,
          "0.90": 0.0,
          "0.95": 0.0
        },
        "f1_50": 0.0,
        "precision_50": 0.0,
        "recall_50": 0.0,
        "presence_acc": 0.4737,
        "presence_acc_pos": 0.2222,
        "presence_acc_neg": 0.7,
        "mean_score_pos": 0.4632,
        "mean_score_neg": 0.4521,
        "presence_auroc": 0.5333,
        "presence_pr_auc": 0.5998,
        "presence_brier": 0.2516,
        "frac_pred_near_corner": 0.0,
        "frac_pred_tiny_box": 0.0,
        "conf_map_mean_pos": 0.0294,
        "conf_map_mean_neg": 0.026,
        "conf_map_std_pos": 0.0303,
        "conf_map_std_neg": 0.0295,
        "support_proto_norm_mean": 6.4486,
        "support_proto_norm_std": 0.3218
      }
    },
    "score_thr": 0.5,
    "iou_thr": 0.5,
    "img_size": 224,
    "tta_sizes": [
      224,
      288
    ]
  }
}