{
  "stage": "L2",
  "phase": "mixed",
  "epoch": 3,
  "fold": 0,
  "wall_clock_seconds": 414.32,
  "lr": {
    "fusion": 0.00012120689145949167,
    "class_head": 4.0442042203411816e-05,
    "box_head": 4.0442042203411816e-05
  },
  "train": {
    "loss": 7.716831614772479,
    "patch_ce": 3.98340404967467,
    "l1": 0.04070311839381854,
    "giou": 0.849430365562439,
    "log_area": 0.8476661724956412,
    "grad_norm": 65.24721145629883,
    "n_steps": 300,
    "grad_steps": 37,
    "grad_nan_steps": 0,
    "alpha": 0.9544540047645569,
    "bg_bias": -0.014298724941909313
  },
  "val": {
    "overall": {
      "n": 100,
      "n_pos": 70,
      "n_neg": 30,
      "iou_mean": 0.14764691567314522,
      "iou_median": 0.0,
      "iou_p25": 0.0,
      "iou_p75": 0.26916610077023506,
      "iou_std": 0.24971899133958203,
      "frac_iou_25": 0.2571428571428571,
      "frac_iou_50": 0.15714285714285714,
      "frac_iou_75": 0.014285714285714285,
      "frac_iou_90": 0.0,
      "containment_mean": 0.2347231890474047,
      "containment_median": 0.0,
      "containment_p25": 0.0,
      "containment_p75": 0.6353346854448318,
      "containment_std": 0.36716553387327,
      "frac_containment_50": 0.2857142857142857,
      "frac_containment_75": 0.14285714285714285,
      "frac_containment_90": 0.08571428571428572,
      "frac_containment_full": 0.04285714285714286,
      "contain_at_iou_50": 0.15714285714285714,
      "contain_at_iou_75": 0.014285714285714285,
      "high_contain_high_iou": 0.014285714285714285,
      "ap_per_iou": {
        "0.50": 0.07061853885146385,
        "0.55": 0.0658032268117853,
        "0.60": 0.031856514017950505,
        "0.65": 0.031856514017950505,
        "0.70": 0.009407720433060254,
        "0.75": 0.0066006600660066,
        "0.80": 0.0,
        "0.85": 0.0,
        "0.90": 0.0,
        "0.95": 0.0
      },
      "map_50": 0.07061853885146385,
      "map_75": 0.0066006600660066,
      "map_5095": 0.021614317419821703,
      "map_50_containment": 0.13767130126451269,
      "map_90_containment": 0.017459810497178752,
      "mean_pred_box_area": 0.004008538019631999,
      "std_pred_box_area": 0.004456899896035614,
      "frac_pred_box_too_big": 0.0,
      "frac_pred_box_too_small": 0.7714285714285715,
      "mean_gt_box_area": 0.004782945149910769,
      "pred_to_gt_area_ratio_mean": 2.968906510272128,
      "pred_to_gt_area_ratio_median": 1.2168620260852627,
      "log_area_ratio_mean": 0.39867396518767667,
      "log_area_ratio_std": 1.0867826334824,
      "center_distance_mean": 0.22206108367382152,
      "center_distance_median": 0.19722074682783963,
      "score_mean": 0.07325041887483426,
      "score_std": 0.04215299555039424,
      "score_p25": 0.04434091504663229,
      "score_p75": 0.09193062037229538,
      "score_iou_correlation": 0.35243794405197126,
      "bg_prob_pos_mean": 0.2707189219338553,
      "bg_prob_pos_median": 0.2301822081208229,
      "abstain_rate_pos": 0.15714285714285714,
      "bg_prob_neg_mean": 0.3717579746308426,
      "bg_prob_neg_median": 0.3066347688436508,
      "abstain_rate_neg": 0.3,
      "score_neg_mean": 0.0732007529043282,
      "score_neg_p75": 0.11074498109519482,
      "tn_rate": 0.3,
      "fp_rate": 0.7,
      "abstain_gap": 0.10103905269698726
    },
    "per_source": {
      "hots": {
        "n": 39,
        "n_pos": 24,
        "n_neg": 15,
        "iou_mean": 0.2349253719051679,
        "iou_median": 0.0,
        "iou_p25": 0.0,
        "iou_p75": 0.5384904146194458,
        "iou_std": 0.2994874023081831,
        "frac_iou_25": 0.4166666666666667,
        "frac_iou_50": 0.2916666666666667,
        "frac_iou_75": 0.041666666666666664,
        "frac_iou_90": 0.0,
        "containment_mean": 0.28285682449738186,
        "containment_median": 0.0,
        "containment_p25": 0.0,
        "containment_p75": 0.6483226865530014,
        "containment_std": 0.36197767158377603,
        "frac_containment_50": 0.375,
        "frac_containment_75": 0.125,
        "frac_containment_90": 0.041666666666666664,
        "frac_containment_full": 0.041666666666666664,
        "contain_at_iou_50": 0.2916666666666667,
        "contain_at_iou_75": 0.041666666666666664,
        "high_contain_high_iou": 0.0,
        "ap_per_iou": {
          "0.50": 0.13608377644487138,
          "0.55": 0.11603219145443958,
          "0.60": 0.07623762376237626,
          "0.65": 0.07623762376237626,
          "0.70": 0.034653465346534656,
          "0.75": 0.024752475247524754,
          "0.80": 0.0,
          "0.85": 0.0,
          "0.90": 0.0,
          "0.95": 0.0
        },
        "map_50": 0.13608377644487138,
        "map_75": 0.024752475247524754,
        "map_5095": 0.04639971560181229,
        "map_50_containment": 0.1841251352025958,
        "map_90_containment": 0.002357378595002357,
        "mean_pred_box_area": 0.007540715393244958,
        "std_pred_box_area": 0.006025163149281369,
        "frac_pred_box_too_big": 0.0,
        "frac_pred_box_too_small": 0.4166666666666667,
        "mean_gt_box_area": 0.011615804142590301,
        "pred_to_gt_area_ratio_mean": 0.8303794196457343,
        "pred_to_gt_area_ratio_median": 0.7738139139282643,
        "log_area_ratio_mean": -0.3368672399326029,
        "log_area_ratio_std": 0.5765897418238893,
        "center_distance_mean": 0.22563610766850514,
        "center_distance_median": 0.253622518380038,
        "score_mean": 0.0971322796928386,
        "score_std": 0.04689186100860505,
        "score_p25": 0.05881798546761274,
        "score_p75": 0.12028652802109718,
        "score_iou_correlation": 0.2319757361783111,
        "bg_prob_pos_mean": 0.12761200203870735,
        "bg_prob_pos_median": 0.07085061632096767,
        "abstain_rate_pos": 0.0,
        "bg_prob_neg_mean": 0.2012344199543198,
        "bg_prob_neg_median": 0.15182936191558838,
        "abstain_rate_neg": 0.06666666666666667,
        "score_neg_mean": 0.11057105014721552,
        "score_neg_p75": 0.1500478759407997,
        "tn_rate": 0.06666666666666667,
        "fp_rate": 0.9333333333333333,
        "abstain_gap": 0.07362241791561244
      },
      "insdet": {
        "n": 61,
        "n_pos": 46,
        "n_neg": 15,
        "iou_mean": 0.10211032981295949,
        "iou_median": 0.0,
        "iou_p25": 0.0,
        "iou_p75": 0.04199962178245187,
        "iou_std": 0.20878873162940254,
        "frac_iou_25": 0.17391304347826086,
        "frac_iou_50": 0.08695652173913043,
        "frac_iou_75": 0.0,
        "frac_iou_90": 0.0,
        "containment_mean": 0.2096099879430688,
        "containment_median": 0.0,
        "containment_p25": 0.0,
        "containment_p75": 0.1624247431755066,
        "containment_std": 0.37129416441776997,
        "frac_containment_50": 0.2391304347826087,
        "frac_containment_75": 0.15217391304347827,
        "frac_containment_90": 0.10869565217391304,
        "frac_containment_full": 0.043478260869565216,
        "contain_at_iou_50": 0.08695652173913043,
        "contain_at_iou_75": 0.0,
        "high_contain_high_iou": 0.021739130434782608,
        "ap_per_iou": {
          "0.50": 0.04516737388024516,
          "0.55": 0.04516737388024516,
          "0.60": 0.012698412698412697,
          "0.65": 0.012698412698412697,
          "0.70": 0.0008486562942008486,
          "0.75": 0.0,
          "0.80": 0.0,
          "0.85": 0.0,
          "0.90": 0.0,
          "0.95": 0.0
        },
        "map_50": 0.04516737388024516,
        "map_75": 0.0,
        "map_5095": 0.011658022945151655,
        "map_50_containment": 0.11534612107827324,
        "map_90_containment": 0.0436239112633068,
        "mean_pred_box_area": 0.0021656628681817587,
        "std_pred_box_area": 0.0013333173736270773,
        "frac_pred_box_too_big": 0.0,
        "frac_pred_box_too_small": 0.9565217391304348,
        "mean_gt_box_area": 0.0012179752406866653,
        "pred_to_gt_area_ratio_mean": 4.084659774946768,
        "pred_to_gt_area_ratio_median": 2.0506693324601732,