{
  "stage": "L2",
  "epoch": 3,
  "fold": 0,
  "wall_clock_seconds": 395.54,
  "lr": {
    "fusion": 9.436282886922093e-05,
    "class_head": 4.7184235841582856e-05,
    "box_head": 4.7184235841582856e-05
  },
  "train": {
    "loss": 6.0642815284729,
    "patch_ce": 3.40301953125,
    "l1": 0.058965710097923875,
    "giou": 1.183216733455658,
    "grad_norm": 10.891380844116211,
    "n_steps": 250,
    "alpha": 0.039098646491765976
  },
  "val": {
    "overall": {
      "n": 100,
      "n_pos": 100,
      "iou_mean": 0.2974976040050387,
      "iou_median": 0.06432076543569565,
      "iou_p25": 0.0,
      "iou_p75": 0.6630530655384064,
      "iou_std": 0.35172925115107,
      "frac_iou_25": 0.4,
      "frac_iou_50": 0.34,
      "frac_iou_75": 0.19,
      "frac_iou_90": 0.04,
      "containment_mean": 0.37990664318203926,
      "containment_median": 0.10608634725213051,
      "containment_p25": 0.0,
      "containment_p75": 0.9066728949546814,
      "containment_std": 0.43135935444894935,
      "frac_containment_50": 0.38,
      "frac_containment_75": 0.35,
      "frac_containment_90": 0.27,
      "frac_containment_full": 0.03,
      "contain_at_iou_50": 0.34,
      "contain_at_iou_75": 0.19,
      "high_contain_high_iou": 0.25,
      "ap_per_iou": {
        "0.50": 0.22323140362989738,
        "0.55": 0.22323140362989738,
        "0.60": 0.2086005096108089,
        "0.65": 0.14819480772034235,
        "0.70": 0.13549207156441403,
        "0.75": 0.11247482946746469,
        "0.80": 0.08619586448440764,
        "0.85": 0.04337576614804338,
        "0.90": 0.014144271570014142,
        "0.95": 0.0014144271570014143
      },
      "map_50": 0.22323140362989738,
      "map_75": 0.11247482946746469,
      "map_5095": 0.11963553549822914,
      "map_50_containment": 0.2499784256013239,
      "map_90_containment": 0.14821889905029345,
      "mean_pred_box_area": 0.003237083607543609,
      "std_pred_box_area": 0.0050161685458687735,
      "frac_pred_box_too_big": 0.0,
      "frac_pred_box_too_small": 0.81,
      "mean_gt_box_area": 0.005555804317141882,
      "pred_to_gt_area_ratio_mean": 1.1873536882920002,
      "pred_to_gt_area_ratio_median": 1.0032421505436508,
      "log_area_ratio_mean": -0.2642210095515047,
      "log_area_ratio_std": 0.9793657035750958,
      "center_distance_mean": 0.13210173903305042,
      "center_distance_median": 0.02128246425760027,
      "score_mean": 0.6971723438426852,
      "score_std": 0.24132721122977116,
      "score_p25": 0.5253762304782867,
      "score_p75": 0.8990215361118317,
      "score_iou_correlation": 0.34293907804602547
    },
    "per_source": {
      "hots": {
        "n": 39,
        "n_pos": 39,
        "iou_mean": 0.354285821891748,
        "iou_median": 0.11116509139537811,
        "iou_p25": 0.0,
        "iou_p75": 0.8199068307876587,
        "iou_std": 0.4035443721777581,
        "frac_iou_25": 0.4358974358974359,
        "frac_iou_50": 0.38461538461538464,
        "frac_iou_75": 0.3333333333333333,
        "frac_iou_90": 0.10256410256410256,
        "containment_mean": 0.3799209728454932,
        "containment_median": 0.11116509884595871,
        "containment_p25": 0.0,
        "containment_p75": 0.8844391107559204,
        "containment_std": 0.4362620047157425,
        "frac_containment_50": 0.38461538461538464,
        "frac_containment_75": 0.358974358974359,
        "frac_containment_90": 0.23076923076923078,
        "frac_containment_full": 0.02564102564102564,
        "contain_at_iou_50": 0.38461538461538464,
        "contain_at_iou_75": 0.3333333333333333,
        "high_contain_high_iou": 0.23076923076923078,
        "ap_per_iou": {
          "0.50": 0.2945019929706176,
          "0.55": 0.2945019929706176,
          "0.60": 0.2945019929706176,
          "0.65": 0.2945019929706176,
          "0.70": 0.28112977289631813,
          "0.75": 0.25438596491228077,
          "0.80": 0.2198193503560883,
          "0.85": 0.11980198019801981,
          "0.90": 0.036303630363036306,
          "0.95": 0.0024752475247524753
        },
        "map_50": 0.2945019929706176,
        "map_75": 0.25438596491228077,
        "map_5095": 0.2091923918132966,
        "map_50_containment": 0.2945019929706176,
        "map_90_containment": 0.14950495049504953,
        "mean_pred_box_area": 0.006312005799203825,
        "std_pred_box_area": 0.006884240828177093,
        "frac_pred_box_too_big": 0.0,
        "frac_pred_box_too_small": 0.5641025641025641,
        "mean_gt_box_area": 0.011768141477906072,
        "pred_to_gt_area_ratio_mean": 0.7116899220174238,
        "pred_to_gt_area_ratio_median": 0.6212998500526156,
        "log_area_ratio_mean": -0.6717425955256532,
        "log_area_ratio_std": 0.9184576440056645,
        "center_distance_mean": 0.17226056939778409,
        "center_distance_median": 0.030994348513753805,
        "score_mean": 0.7557259878286948,
        "score_std": 0.26338202894524315,
        "score_p25": 0.6238304078578949,
        "score_p75": 0.9767688810825348,
        "score_iou_correlation": 0.3916822143359795
      },
      "insdet": {
        "n": 61,
        "n_pos": 61,
        "iou_mean": 0.2611903827332082,
        "iou_median": 0.055650897324085236,
        "iou_p25": 0.0,
        "iou_p75": 0.6047872304916382,
        "iou_std": 0.3123359466490217,
        "frac_iou_25": 0.3770491803278688,
        "frac_iou_50": 0.3114754098360656,
        "frac_iou_75": 0.09836065573770492,
        "frac_iou_90": 0.0,
        "containment_mean": 0.37989748159392933,
        "containment_median": 0.10549319535493851,
        "containment_p25": 0.0,
        "containment_p75": 0.9119724035263062,
        "containment_std": 0.43183110055583507,
        "frac_containment_50": 0.3770491803278688,
        "frac_containment_75": 0.3442622950819672,
        "frac_containment_90": 0.29508196721311475,
        "frac_containment_full": 0.03278688524590164,
        "contain_at_iou_50": 0.3114754098360656,
        "contain_at_iou_75": 0.09836065573770492,
        "high_contain_high_iou": 0.26229508196721313,
        "ap_per_iou": {
          "0.50": 0.1686401622296906,
          "0.55": 0.1686401622296906,
          "0.60": 0.14068160409828467,
          "0.65": 0.04883369692901494,
          "0.70": 0.031313978855512674,
          "0.75": 0.018942648981879317,
          "0.80": 0.0031683168316831685,
          "0.85": 0.0,
          "0.90": 0.0,
          "0.95": 0.0
        },
        "map_50": 0.1686401622296906,
        "map_75": 0.018942648981879317,
        "map_5095": 0.0580220570155756,
        "map_50_containment": 0.21870442127974293,
        "map_90_containment": 0.1598336883619649,
        "mean_pred_box_area": 0.0012711497473018322,
        "std_pred_box_area": 0.0011944179063701438,
        "frac_pred_box_too_big": 0.0,
        "frac_pred_box_too_small": 0.9672131147540983,
        "mean_gt_box_area": 0.0015839821979647777,
        "pred_to_gt_area_ratio_mean": 1.4914665880413196,
        "pred_to_gt_area_ratio_median": 1.2446106543772428,
        "log_area_ratio_mean": -0.003674421797540921,
        "log_area_ratio_std": 0.933481621143642,
        "center_distance_mean": 0.1064264212588764,
        "center_distance_median": 0.020072266539682995,
        "score_mean": 0.6597364075237611,
        "score_std": 0.22024149154408929,
        "score_p25": 0.5130417346954346,
        "score_p75": 0.8370718359947205,
        "score_iou_correlation": 0.26343010603240885
      }
    },
    "per_k": {
      "k1": {
        "n": 34,
        "n_pos": 34,
        "iou_mean": 0.3169979227378088,
        "iou_median": 0.17748301476240158,
        "iou_p25": 0.0,
        "iou_p75": 0.72160404920578,
        "iou_std": 0.3546783068975679,
        "frac_iou_25": 0.38235294117647056,
        "frac_iou_50": 0.35294117647058826,
        "frac_iou_75": 0.23529411764705882,
        "frac_iou_90": 0.029411764705882353,
        "containment_mean": 0.42550064732923226,
        "containment_median": 0.2193700149655342,