{
  "stage": "L2",
  "epoch": 3,
  "fold": 1,
  "wall_clock_seconds": 385.95,
  "lr": {
    "fusion": 9.206334325086214e-05,
    "class_head": 4.603564392610635e-05,
    "box_head": 4.603564392610635e-05
  },
  "train": {
    "loss": 5.880980363965034,
    "patch_ce": 3.26675537109375,
    "l1": 0.05701511980779469,
    "giou": 1.164574690103531,
    "grad_norm": 9.958588775634766,
    "n_steps": 250,
    "alpha": 0.03973773866891861
  },
  "val": {
    "overall": {
      "n": 100,
      "n_pos": 100,
      "iou_mean": 0.37297887578606603,
      "iou_median": 0.017416788265109062,
      "iou_p25": 0.0,
      "iou_p75": 0.8311032652854919,
      "iou_std": 0.4133940065440492,
      "frac_iou_25": 0.45,
      "frac_iou_50": 0.43,
      "frac_iou_75": 0.38,
      "frac_iou_90": 0.1,
      "containment_mean": 0.4305994116514921,
      "containment_median": 0.037129566073417664,
      "containment_p25": 0.0,
      "containment_p75": 0.9473149627447128,
      "containment_std": 0.4647384486972534,
      "frac_containment_50": 0.44,
      "frac_containment_75": 0.42,
      "frac_containment_90": 0.38,
      "frac_containment_full": 0.11,
      "contain_at_iou_50": 0.43,
      "contain_at_iou_75": 0.38,
      "high_contain_high_iou": 0.38,
      "ap_per_iou": {
        "0.50": 0.24407047071533283,
        "0.55": 0.24407047071533283,
        "0.60": 0.24407047071533283,
        "0.65": 0.24407047071533283,
        "0.70": 0.2248154272754959,
        "0.75": 0.20950872473479695,
        "0.80": 0.12478952136899199,
        "0.85": 0.07538030192054813,
        "0.90": 0.019517790288345604,
        "0.95": 0.0010693975576047308
      },
      "map_50": 0.24407047071533283,
      "map_75": 0.20950872473479695,
      "map_5095": 0.16313630460071146,
      "map_50_containment": 0.2595785941773882,
      "map_90_containment": 0.21056535619668693,
      "mean_pred_box_area": 0.012745931412909382,
      "std_pred_box_area": 0.07689731435107793,
      "frac_pred_box_too_big": 0.01,
      "frac_pred_box_too_small": 0.78,
      "mean_gt_box_area": 0.008438673561962788,
      "pred_to_gt_area_ratio_mean": 1.0949900607731273,
      "pred_to_gt_area_ratio_median": 1.0305537128863576,
      "log_area_ratio_mean": -0.174769590756894,
      "log_area_ratio_std": 0.8207129362984,
      "center_distance_mean": 0.14426977291027224,
      "center_distance_median": 0.03545022762563371,
      "score_mean": 0.7401405772566796,
      "score_std": 0.21005973231503555,
      "score_p25": 0.6102305352687836,
      "score_p75": 0.9320470690727234,
      "score_iou_correlation": 0.14599667573464756
    },
    "per_source": {
      "hots": {
        "n": 36,
        "n_pos": 36,
        "iou_mean": 0.44708583917882705,
        "iou_median": 0.5232924371957779,
        "iou_p25": 0.0,
        "iou_p75": 0.87533999979496,
        "iou_std": 0.42882472640228697,
        "frac_iou_25": 0.5277777777777778,
        "frac_iou_50": 0.5,
        "frac_iou_75": 0.4722222222222222,
        "frac_iou_90": 0.19444444444444445,
        "containment_mean": 0.5062162304917971,
        "containment_median": 0.6997371912002563,
        "containment_p25": 0.0,
        "containment_p75": 0.9719393998384476,
        "containment_std": 0.4682478261145512,
        "frac_containment_50": 0.5277777777777778,
        "frac_containment_75": 0.4722222222222222,
        "frac_containment_90": 0.4444444444444444,
        "frac_containment_full": 0.16666666666666666,
        "contain_at_iou_50": 0.5,
        "contain_at_iou_75": 0.4722222222222222,
        "high_contain_high_iou": 0.4444444444444444,
        "ap_per_iou": {
          "0.50": 0.30058114507102884,
          "0.55": 0.30058114507102884,
          "0.60": 0.30058114507102884,
          "0.65": 0.30058114507102884,
          "0.70": 0.27425981728607624,
          "0.75": 0.27425981728607624,
          "0.80": 0.14788314235150227,
          "0.85": 0.13495684972223942,
          "0.90": 0.046204620462046216,
          "0.95": 0.0033946251768033945
        },
        "map_50": 0.30058114507102884,
        "map_75": 0.27425981728607624,
        "map_5095": 0.2083283452568859,
        "map_50_containment": 0.3290165973119052,
        "map_90_containment": 0.2572081121155591,
        "mean_pred_box_area": 0.03307266576328844,
        "std_pred_box_area": 0.12672360423016982,
        "frac_pred_box_too_big": 0.027777777777777776,
        "frac_pred_box_too_small": 0.4166666666666667,
        "mean_gt_box_area": 0.020616319295853225,
        "pred_to_gt_area_ratio_mean": 1.0543990995436463,
        "pred_to_gt_area_ratio_median": 0.9472649253970837,
        "log_area_ratio_mean": -0.22882655352930226,
        "log_area_ratio_std": 0.8340415368562888,
        "center_distance_mean": 0.19035463978935036,
        "center_distance_median": 0.03482344056810562,
        "score_mean": 0.8549565035435889,
        "score_std": 0.20541383953639217,
        "score_p25": 0.8159500360488892,
        "score_p75": 0.9875730276107788,
        "score_iou_correlation": -0.12844733517662552
      },
      "insdet": {
        "n": 64,
        "n_pos": 64,
        "iou_mean": 0.331293708877638,
        "iou_median": 0.0,
        "iou_p25": 0.0,
        "iou_p75": 0.8051590323448181,
        "iou_std": 0.4018504250104367,
        "frac_iou_25": 0.40625,
        "frac_iou_50": 0.390625,
        "frac_iou_75": 0.328125,
        "frac_iou_90": 0.046875,
        "containment_mean": 0.38806495105382055,
        "containment_median": 0.0,
        "containment_p25": 0.0,
        "containment_p75": 0.9420659691095352,
        "containment_std": 0.46096186101871794,
        "frac_containment_50": 0.390625,
        "frac_containment_75": 0.390625,
        "frac_containment_90": 0.34375,
        "frac_containment_full": 0.078125,
        "contain_at_iou_50": 0.390625,
        "contain_at_iou_75": 0.328125,
        "high_contain_high_iou": 0.34375,
        "ap_per_iou": {
          "0.50": 0.22652876453490978,
          "0.55": 0.22652876453490978,
          "0.60": 0.22652876453490978,
          "0.65": 0.22652876453490978,
          "0.70": 0.21160365206860335,
          "0.75": 0.18737681398784248,
          "0.80": 0.14231767799111603,
          "0.85": 0.035438716285421654,
          "0.90": 0.003959131545338442,
          "0.95": 0.0
        },
        "map_50": 0.22652876453490978,
        "map_75": 0.18737681398784248,
        "map_5095": 0.1486811050017961,
        "map_50_containment": 0.22652876453490978,
        "map_90_containment": 0.19783103342742875,
        "mean_pred_box_area": 0.0013121433408211614,
        "std_pred_box_area": 0.0012899230473465897,
        "frac_pred_box_too_big": 0.0,
        "frac_pred_box_too_small": 0.984375,
        "mean_gt_box_area": 0.0015887478366494179,
        "pred_to_gt_area_ratio_mean": 1.1178224764647104,
        "pred_to_gt_area_ratio_median": 1.0622604586856352,
        "log_area_ratio_mean": -0.14436254919741437,
        "log_area_ratio_std": 0.818168167247609,
        "center_distance_mean": 0.1183470352907908,
        "center_distance_median": 0.03719097754465214,
        "score_mean": 0.675556618720293,
        "score_std": 0.18473652319191064,
        "score_p25": 0.573357030749321,
        "score_p75": 0.8106412589550018,
        "score_iou_correlation": 0.25070352573059423
      }
    },
    "per_k": {
      "k1": {
        "n": 34,
        "n_pos": 34,
        "iou_mean": 0.4764674674062168,
        "iou_median": 0.7501061260700226,
        "iou_p25": 0.0,
        "iou_p75": 0.8605829477310181,
        "iou_std": 0.4326540576644893,
        "frac_iou_25": 0.5588235294117647,
        "frac_iou_50": 0.5588235294117647,
        "frac_iou_75": 0.5,
        "frac_iou_90": 0.17647058823529413,
        "containment_mean": 0.5306537835037007,
        "containment_median": 0.906705915927887,
        "containment_p25": 0.0,
        "containment_p75": 0.9606775045394897,
        "containment_std": 0.479515909554432,