{
  "stage": "L2",
  "epoch": 3,
  "fold": 2,
  "wall_clock_seconds": 390.39,
  "lr": {
    "fusion": 8.941012538011899e-05,
    "class_head": 4.471036292760699e-05,
    "box_head": 4.471036292760699e-05
  },
  "train": {
    "loss": 5.284845034837723,
    "patch_ce": 3.01280615234375,
    "l1": 0.04880147072859108,
    "giou": 1.0140157606601714,
    "grad_norm": 10.59059619140625,
    "n_steps": 250,
    "alpha": 0.040395502001047134
  },
  "val": {
    "overall": {
      "n": 100,
      "n_pos": 100,
      "iou_mean": 0.4014505740534514,
      "iou_median": 0.27975109219551086,
      "iou_p25": 0.0,
      "iou_p75": 0.8209879845380783,
      "iou_std": 0.39153633918656117,
      "frac_iou_25": 0.52,
      "frac_iou_50": 0.46,
      "frac_iou_75": 0.35,
      "frac_iou_90": 0.08,
      "containment_mean": 0.45968660231679676,
      "containment_median": 0.3624340444803238,
      "containment_p25": 0.0,
      "containment_p75": 0.9214654564857483,
      "containment_std": 0.43607709296107444,
      "frac_containment_50": 0.49,
      "frac_containment_75": 0.43,
      "frac_containment_90": 0.28,
      "frac_containment_full": 0.06,
      "contain_at_iou_50": 0.46,
      "contain_at_iou_75": 0.35,
      "high_contain_high_iou": 0.27,
      "ap_per_iou": {
        "0.50": 0.31012066212616873,
        "0.55": 0.3052277884024811,
        "0.60": 0.29973517728569943,
        "0.65": 0.25749471771440957,
        "0.70": 0.24568279865214543,
        "0.75": 0.22200755521429275,
        "0.80": 0.19753549574833237,
        "0.85": 0.07341984426400715,
        "0.90": 0.016803500138204183,
        "0.95": 0.0
      },
      "map_50": 0.31012066212616873,
      "map_75": 0.22200755521429275,
      "map_5095": 0.19280275395457408,
      "map_50_containment": 0.34942212893447866,
      "map_90_containment": 0.11492839173444935,
      "mean_pred_box_area": 0.009828827606240905,
      "std_pred_box_area": 0.02427892073911683,
      "frac_pred_box_too_big": 0.0,
      "frac_pred_box_too_small": 0.73,
      "mean_gt_box_area": 0.010047687681583919,
      "pred_to_gt_area_ratio_mean": 1.0672182034843745,
      "pred_to_gt_area_ratio_median": 0.9729542912278335,
      "log_area_ratio_mean": -0.18277586308360788,
      "log_area_ratio_std": 0.7748993328163901,
      "center_distance_mean": 0.10013771621584555,
      "center_distance_median": 0.011710036340476864,
      "score_mean": 0.7872609353065491,
      "score_std": 0.16783330201584995,
      "score_p25": 0.7009676843881607,
      "score_p75": 0.9210179150104523,
      "score_iou_correlation": 0.27676075938595074
    },
    "per_source": {
      "hots": {
        "n": 36,
        "n_pos": 36,
        "iou_mean": 0.5321727975323383,
        "iou_median": 0.7745703458786011,
        "iou_p25": 0.0,
        "iou_p75": 0.8709561228752136,
        "iou_std": 0.40617737271961557,
        "frac_iou_25": 0.6388888888888888,
        "frac_iou_50": 0.6111111111111112,
        "frac_iou_75": 0.5277777777777778,
        "frac_iou_90": 0.1388888888888889,
        "containment_mean": 0.5905434175704917,
        "containment_median": 0.8722541034221649,
        "containment_p25": 0.0,
        "containment_p75": 0.9638887792825699,
        "containment_std": 0.44508592518128365,
        "frac_containment_50": 0.6388888888888888,
        "frac_containment_75": 0.5833333333333334,
        "frac_containment_90": 0.4166666666666667,
        "frac_containment_full": 0.1388888888888889,
        "contain_at_iou_50": 0.6111111111111112,
        "contain_at_iou_75": 0.5277777777777778,
        "high_contain_high_iou": 0.4166666666666667,
        "ap_per_iou": {
          "0.50": 0.4830483048304834,
          "0.55": 0.4830483048304834,
          "0.60": 0.4830483048304834,
          "0.65": 0.42615952771747745,
          "0.70": 0.42615952771747745,
          "0.75": 0.37321835124688973,
          "0.80": 0.33875208949466395,
          "0.85": 0.1533578612173469,
          "0.90": 0.028974956319161322,
          "0.95": 0.0
        },
        "map_50": 0.4830483048304834,
        "map_75": 0.37321835124688973,
        "map_5095": 0.3195767228204467,
        "map_50_containment": 0.5190837317171109,
        "map_90_containment": 0.20358447609466834,
        "mean_pred_box_area": 0.02488562371927185,
        "std_pred_box_area": 0.036068517538603295,
        "frac_pred_box_too_big": 0.0,
        "frac_pred_box_too_small": 0.2777777777777778,
        "mean_gt_box_area": 0.023662855481848558,
        "pred_to_gt_area_ratio_mean": 1.255295876410675,
        "pred_to_gt_area_ratio_median": 1.0349173669736695,
        "log_area_ratio_mean": 0.07520124597768177,
        "log_area_ratio_std": 0.5850875833432876,
        "center_distance_mean": 0.1261876640227201,
        "center_distance_median": 0.006794845686638781,
        "score_mean": 0.8632204011082649,
        "score_std": 0.15921370906421364,
        "score_p25": 0.8238366991281509,
        "score_p75": 0.973240077495575,
        "score_iou_correlation": 0.14898351678032046
      },
      "insdet": {
        "n": 64,
        "n_pos": 64,
        "iou_mean": 0.3279193233465776,
        "iou_median": 0.12050702422857285,
        "iou_p25": 0.0,
        "iou_p75": 0.7256061732769012,
        "iou_std": 0.36604386268674466,
        "frac_iou_25": 0.453125,
        "frac_iou_50": 0.375,
        "frac_iou_75": 0.25,
        "frac_iou_90": 0.046875,
        "containment_mean": 0.3860796437365934,
        "containment_median": 0.14604664593935013,
        "containment_p25": 0.0,
        "containment_p75": 0.8551683276891708,
        "containment_std": 0.41651255861884007,
        "frac_containment_50": 0.40625,
        "frac_containment_75": 0.34375,
        "frac_containment_90": 0.203125,
        "frac_containment_full": 0.015625,
        "contain_at_iou_50": 0.375,
        "contain_at_iou_75": 0.25,
        "high_contain_high_iou": 0.1875,
        "ap_per_iou": {
          "0.50": 0.2209174180390985,
          "0.55": 0.21275048045379502,
          "0.60": 0.2078492584814807,
          "0.65": 0.1842917469355013,
          "0.70": 0.16926509125421638,
          "0.75": 0.16287195509318542,
          "0.80": 0.14018738520165147,
          "0.85": 0.029529268716345314,
          "0.90": 0.015083087256094033,
          "0.95": 0.0
        },
        "map_50": 0.2209174180390985,
        "map_75": 0.16287195509318542,
        "map_5095": 0.13427456914313682,
        "map_50_containment": 0.24771960975908877,
        "map_90_containment": 0.0640926047233606,
        "mean_pred_box_area": 0.0013593797926609984,
        "std_pred_box_area": 0.001069266410252202,
        "frac_pred_box_too_big": 0.0,
        "frac_pred_box_too_small": 0.984375,
        "mean_gt_box_area": 0.0023891557939350605,
        "pred_to_gt_area_ratio_mean": 0.9614245124633304,
        "pred_to_gt_area_ratio_median": 0.9274257754872668,
        "log_area_ratio_mean": -0.3278879869305833,
        "log_area_ratio_std": 0.8330609668952819,
        "center_distance_mean": 0.0854846205744786,
        "center_distance_median": 0.014333327746608514,
        "score_mean": 0.7445337357930839,
        "score_std": 0.15820746896435436,
        "score_p25": 0.6466716378927231,
        "score_p75": 0.8666334897279739,
        "score_iou_correlation": 0.2479825216144211
      }
    },
    "per_k": {
      "k1": {
        "n": 34,
        "n_pos": 34,
        "iou_mean": 0.31983207119628787,
        "iou_median": 0.1062217615544796,
        "iou_p25": 0.0,
        "iou_p75": 0.7070891857147217,
        "iou_std": 0.3783658772210538,
        "frac_iou_25": 0.4117647058823529,
        "frac_iou_50": 0.35294117647058826,
        "frac_iou_75": 0.23529411764705882,
        "frac_iou_90": 0.11764705882352941,
        "containment_mean": 0.3669459917308653,
        "containment_median": 0.13205298781394958,
        "containment_p25": 0.0,
        "containment_p75": 0.8166730999946594,
        "containment_std": 0.41606461022442653,