{
  "stage": "L2",
  "phase": "mixed",
  "epoch": 3,
  "fold": 2,
  "wall_clock_seconds": 414.44,
  "lr": {
    "fusion": 4.8448410120309384e-05,
    "class_head": 1.620538903307403e-05,
    "box_head": 1.620538903307403e-05
  },
  "train": {
    "loss": 7.296739600300789,
    "patch_ce": 3.697139390905698,
    "l1": 0.039946914912822346,
    "giou": 0.8427828470865886,
    "log_area": 0.4952499488962773,
    "grad_norm": 67.1969017853608,
    "n_steps": 300,
    "grad_steps": 37,
    "grad_nan_steps": 0,
    "alpha": 0.9523570537567139,
    "bg_bias": -0.014271901920437813
  },
  "val": {
    "overall": {
      "n": 100,
      "n_pos": 69,
      "n_neg": 31,
      "iou_mean": 0.24341448498940418,
      "iou_median": 0.0,
      "iou_p25": 0.0,
      "iou_p75": 0.5480464696884155,
      "iou_std": 0.32184085756057096,
      "frac_iou_25": 0.391304347826087,
      "frac_iou_50": 0.2753623188405797,
      "frac_iou_75": 0.11594202898550725,
      "frac_iou_90": 0.028985507246376812,
      "containment_mean": 0.29539289830785675,
      "containment_median": 0.0,
      "containment_p25": 0.0,
      "containment_p75": 0.7136257290840149,
      "containment_std": 0.3742135788663745,
      "frac_containment_50": 0.3333333333333333,
      "frac_containment_75": 0.2318840579710145,
      "frac_containment_90": 0.08695652173913043,
      "frac_containment_full": 0.014492753623188406,
      "contain_at_iou_50": 0.2753623188405797,
      "contain_at_iou_75": 0.11594202898550725,
      "high_contain_high_iou": 0.07246376811594203,
      "ap_per_iou": {
        "0.50": 0.18074804575762607,
        "0.55": 0.1261152040918743,
        "0.60": 0.12084993001965304,
        "0.65": 0.10936708270513078,
        "0.70": 0.07003279605825576,
        "0.75": 0.047126302318738864,
        "0.80": 0.004338994586891557,
        "0.85": 0.0018185492018589612,
        "0.90": 0.0018185492018589612,
        "0.95": 0.0
      },
      "map_50": 0.18074804575762607,
      "map_75": 0.047126302318738864,
      "map_5095": 0.06622154539418883,
      "map_50_containment": 0.230710751084053,
      "map_90_containment": 0.045688242293617114,
      "mean_pred_box_area": 0.004112418811073768,
      "std_pred_box_area": 0.005738550923558759,
      "frac_pred_box_too_big": 0.0,
      "frac_pred_box_too_small": 0.782608695652174,
      "mean_gt_box_area": 0.007667452956691546,
      "pred_to_gt_area_ratio_mean": 1.169288910735152,
      "pred_to_gt_area_ratio_median": 0.8592710258726903,
      "log_area_ratio_mean": -0.13626547324405908,
      "log_area_ratio_std": 0.7640890892947363,
      "center_distance_mean": 0.14378278757596621,
      "center_distance_median": 0.05735117942660211,
      "score_mean": 0.12867083764918472,
      "score_std": 0.08394900722899419,
      "score_p25": 0.07382155954837799,
      "score_p75": 0.1677541881799698,
      "score_iou_correlation": 0.43821159066367515,
      "bg_prob_pos_mean": 0.16319769928636757,
      "bg_prob_pos_median": 0.1314457505941391,
      "abstain_rate_pos": 0.0,
      "bg_prob_neg_mean": 0.3580492773363667,
      "bg_prob_neg_median": 0.2747264504432678,
      "abstain_rate_neg": 0.22580645161290322,
      "score_neg_mean": 0.08692309110155029,
      "score_neg_p75": 0.11632213369011879,
      "tn_rate": 0.22580645161290322,
      "fp_rate": 0.7741935483870968,
      "abstain_gap": 0.19485157804999914
    },
    "per_source": {
      "hots": {
        "n": 36,
        "n_pos": 24,
        "n_neg": 12,
        "iou_mean": 0.20714043856666345,
        "iou_median": 0.0,
        "iou_p25": 0.0,
        "iou_p75": 0.34163664281368256,
        "iou_std": 0.3036401946990588,
        "frac_iou_25": 0.375,
        "frac_iou_50": 0.20833333333333334,
        "frac_iou_75": 0.125,
        "frac_iou_90": 0.0,
        "containment_mean": 0.22149180063570384,
        "containment_median": 0.0,
        "containment_p25": 0.0,
        "containment_p75": 0.38766680657863617,
        "containment_std": 0.32255532848566704,
        "frac_containment_50": 0.20833333333333334,
        "frac_containment_75": 0.16666666666666666,
        "frac_containment_90": 0.0,
        "frac_containment_full": 0.0,
        "contain_at_iou_50": 0.20833333333333334,
        "contain_at_iou_75": 0.125,
        "high_contain_high_iou": 0.0,
        "ap_per_iou": {
          "0.50": 0.14380009429514376,
          "0.55": 0.14380009429514376,
          "0.60": 0.14380009429514376,
          "0.65": 0.14380009429514376,
          "0.70": 0.1136256482791136,
          "0.75": 0.1060820367751061,
          "0.80": 0.0,
          "0.85": 0.0,
          "0.90": 0.0,
          "0.95": 0.0
        },
        "map_50": 0.14380009429514376,
        "map_75": 0.1060820367751061,
        "map_5095": 0.07949080622347947,
        "map_50_containment": 0.14380009429514376,
        "map_90_containment": 0.0,
        "mean_pred_box_area": 0.008056542624424462,
        "std_pred_box_area": 0.008062468592440149,
        "frac_pred_box_too_big": 0.0,
        "frac_pred_box_too_small": 0.5,
        "mean_gt_box_area": 0.018720601363165768,
        "pred_to_gt_area_ratio_mean": 0.6174466522524746,
        "pred_to_gt_area_ratio_median": 0.6376458110272081,
        "log_area_ratio_mean": -0.6396800227867984,
        "log_area_ratio_std": 0.6110003839065588,
        "center_distance_mean": 0.20919107880609722,
        "center_distance_median": 0.1622474293633343,
        "score_mean": 0.1178188849395762,
        "score_std": 0.09581571591260674,
        "score_p25": 0.04736496042460203,
        "score_p75": 0.1486176662147045,
        "score_iou_correlation": 0.45227514012294284,
        "bg_prob_pos_mean": 0.15790821239352226,
        "bg_prob_pos_median": 0.10558414086699486,
        "abstain_rate_pos": 0.0,
        "bg_prob_neg_mean": 0.44353124499320984,
        "bg_prob_neg_median": 0.4094831496477127,
        "abstain_rate_neg": 0.3333333333333333,
        "score_neg_mean": 0.06600232139074554,
        "score_neg_p75": 0.10030556283891201,
        "tn_rate": 0.3333333333333333,
        "fp_rate": 0.6666666666666667,
        "abstain_gap": 0.2856230325996876
      },
      "insdet": {
        "n": 64,
        "n_pos": 45,
        "n_neg": 19,
        "iou_mean": 0.2627606430815326,
        "iou_median": 0.01611785590648651,
        "iou_p25": 0.0,
        "iou_p75": 0.5917317271232605,
        "iou_std": 0.3328452895831693,
        "frac_iou_25": 0.4,
        "frac_iou_50": 0.3111111111111111,
        "frac_iou_75": 0.1111111111111111,
        "frac_iou_90": 0.044444444444444446,
        "containment_mean": 0.3348068170663383,
        "containment_median": 0.026239221915602684,
        "containment_p25": 0.0,
        "containment_p75": 0.754340648651123,
        "containment_std": 0.3968194992838269,
        "frac_containment_50": 0.4,
        "frac_containment_75": 0.26666666666666666,
        "frac_containment_90": 0.13333333333333333,
        "frac_containment_full": 0.022222222222222223,
        "contain_at_iou_50": 0.3111111111111111,
        "contain_at_iou_75": 0.1111111111111111,
        "high_contain_high_iou": 0.1111111111111111,
        "ap_per_iou": {
          "0.50": 0.20497007374550308,
          "0.55": 0.1302267587341116,
          "0.60": 0.12168814757652886,
          "0.65": 0.10509193776520505,
          "0.70": 0.05717821782178218,
          "0.75": 0.029702970297029695,
          "0.80": 0.008769448373408768,
          "0.85": 0.004101838755304102,
          "0.90": 0.004101838755304102,
          "0.95": 0.0
        },
        "map_50": 0.20497007374550308,
        "map_75": 0.029702970297029695,
        "map_5095": 0.06658312318241774,
        "map_50_containment": 0.29185127288525275,
        "map_90_containment": 0.08755304101838754,
        "mean_pred_box_area": 0.0020088861106200644,
        "std_pred_box_area": 0.001975777146037848,
        "frac_pred_box_too_big": 0.0,
        "frac_pred_box_too_small": 0.9333333333333333,