{
  "checkpoint": "checkpoints/localizer/L2/stage_complete.pt",
  "stage": "L2",
  "model_kind": "localizer",
  "n_support": 4,
  "k_max": 10,
  "img_size": 768,
  "best_box_cxcywh_norm": [
    0.8886414170265198,
    0.4907347559928894,
    0.04742356389760971,
    0.05537227541208267
  ],
  "best_box_xyxy_native": [
    7085.503570556641,
    2769.2942810058594,
    7473.997406005859,
    3222.9039611816406
  ],
  "best_score": 0.9186860918998718,
  "native_size": [
    8192,
    6144
  ]
}