{
  "stage": "S1",
  "epoch": 3,
  "fold": 2,
  "wall_clock_seconds": 252.87,
  "lr": {
    "head": 0.000838656921734287
  },
  "train": {
    "loss": 0.08942961934953927,
    "focal": 0.05658293452113867,
    "variance": 0.0061903858184814455,
    "decorrelation": 0.6445530134439469,
    "grad_norm": 0.31204828977584836,
    "n_steps": 100,
    "grad_steps": 50,
    "grad_nan_steps": 0
  },
  "val": {
    "overall": {
      "n": 200,
      "n_pos": 52,
      "n_neg": 148,
      "threshold": 0.5,
      "tp": 0,
      "fp": 0,
      "fn": 52,
      "tn": 148,
      "accuracy": 0.74,
      "acc_pos": 0.0,
      "acc_neg": 1.0,
      "precision": 0.0,
      "recall": 0.0,
      "f1": 0.0,
      "fpr": 0.0,
      "fnr": 1.0,
      "tpr": 0.0,
      "tnr": 1.0,
      "youden_j": 0.0,
      "mcc": 0.0,
      "auroc": 0.6055093555093555,
      "pr_auc": 0.3312438627083031,
      "avg_precision": 0.35664345539507575,
      "brier": 0.19061941183516395,
      "best_f1": 0.4580152671755725,
      "best_f1_threshold": 0.3172747790813446,
      "fpr_at_recall_95": 0.8648648648648649,
      "recall_at_fpr_05": 0.019230769230769232,
      "recall_at_fpr_10": 0.17307692307692307,
      "mean_score_pos": 0.3190537808606258,
      "mean_score_neg": 0.30241365841514356,
      "std_score_pos": 0.04688381249035031,
      "std_score_neg": 0.04981745104000945,
      "score_gap": 0.01664012244548224,
      "median_score_pos": 0.32146120071411133,
      "median_score_neg": 0.30185388028621674,
      "frac_high_score": 0.0,
      "frac_low_score": 0.0,
      "frac_uncertain": 0.04
    },
    "per_source": {
      "hots": {
        "n": 70,
        "n_pos": 17,
        "n_neg": 53,
        "threshold": 0.5,
        "tp": 0,
        "fp": 0,
        "fn": 17,
        "tn": 53,
        "accuracy": 0.7571428571428571,
        "acc_pos": 0.0,
        "acc_neg": 1.0,
        "precision": 0.0,
        "recall": 0.0,
        "f1": 0.0,
        "fpr": 0.0,
        "fnr": 1.0,
        "tpr": 0.0,
        "tnr": 1.0,
        "youden_j": 0.0,
        "mcc": 0.0,
        "auroc": 0.4894561598224195,
        "pr_auc": 0.3286729311401856,
        "avg_precision": 0.3602349748481183,
        "brier": 0.18629762044645834,
        "best_f1": 0.41025641025641024,
        "best_f1_threshold": 0.24081838130950928,
        "fpr_at_recall_95": 0.9245283018867925,
        "recall_at_fpr_05": 0.11764705882352941,
        "recall_at_fpr_10": 0.11764705882352941,
        "mean_score_pos": 0.2773367490838556,
        "mean_score_neg": 0.27713886493781825,
        "std_score_pos": 0.03949434294963994,
        "std_score_neg": 0.035906996614059265,
        "score_gap": 0.0001978841460373304,
        "median_score_pos": 0.27031025290489197,
        "median_score_neg": 0.27265095710754395,
        "frac_high_score": 0.0,
        "frac_low_score": 0.0,
        "frac_uncertain": 0.0
      },
      "insdet": {
        "n": 130,
        "n_pos": 35,
        "n_neg": 95,
        "threshold": 0.5,
        "tp": 0,
        "fp": 0,
        "fn": 35,
        "tn": 95,
        "accuracy": 0.7307692307692307,
        "acc_pos": 0.0,
        "acc_neg": 1.0,
        "precision": 0.0,
        "recall": 0.0,
        "f1": 0.0,
        "fpr": 0.0,
        "fnr": 1.0,
        "tpr": 0.0,
        "tnr": 1.0,
        "youden_j": 0.0,
        "mcc": 0.0,
        "auroc": 0.6565413533834586,
        "pr_auc": 0.3526621944093794,
        "avg_precision": 0.3993352192362091,
        "brier": 0.19294653027523623,
        "best_f1": 0.5436893203883495,
        "best_f1_threshold": 0.3172747790813446,
        "fpr_at_recall_95": 0.8210526315789474,
        "recall_at_fpr_05": 0.02857142857142857,
        "recall_at_fpr_10": 0.05714285714285714,
        "mean_score_pos": 0.3393163391521999,
        "mean_score_neg": 0.3165143326709145,
        "std_score_pos": 0.03564141616487971,
        "std_score_neg": 0.051055999984369105,
        "score_gap": 0.022802006481285386,
        "median_score_pos": 0.3330269157886505,
        "median_score_neg": 0.31106024980545044,
        "frac_high_score": 0.0,
        "frac_low_score": 0.0,
        "frac_uncertain": 0.06153846153846154
      }
    },
    "per_k": {
      "k1": {
        "n": 67,
        "n_pos": 19,
        "n_neg": 48,
        "threshold": 0.5,
        "tp": 0,
        "fp": 0,
        "fn": 19,
        "tn": 48,
        "accuracy": 0.7164179104477612,
        "acc_pos": 0.0,
        "acc_neg": 1.0,
        "precision": 0.0,
        "recall": 0.0,
        "f1": 0.0,
        "fpr": 0.0,
        "fnr": 1.0,
        "tpr": 0.0,
        "tnr": 1.0,
        "youden_j": 0.0,
        "mcc": 0.0,
        "auroc": 0.643640350877193,
        "pr_auc": 0.42236018483322735,
        "avg_precision": 0.4480310923914528,
        "brier": 0.19551799995950347,
        "best_f1": 0.5,
        "best_f1_threshold": 0.24898815155029297,
        "fpr_at_recall_95": 0.7916666666666666,
        "recall_at_fpr_05": 0.05263157894736842,
        "recall_at_fpr_10": 0.15789473684210525,
        "mean_score_pos": 0.32867767936305,
        "mean_score_neg": 0.30201957902560633,
        "std_score_pos": 0.046908166486560626,
        "std_score_neg": 0.05030546452224457,
        "score_gap": 0.026658100337443646,
        "median_score_pos": 0.3322519361972809,
        "median_score_neg": 0.3077206611633301,
        "frac_high_score": 0.0,
        "frac_low_score": 0.0,
        "frac_uncertain": 0.04477611940298507
      },
      "k4": {
        "n": 67,
        "n_pos": 19,
        "n_neg": 48,
        "threshold": 0.5,
        "tp": 0,
        "fp": 0,
        "fn": 19,
        "tn": 48,
        "accuracy": 0.7164179104477612,
        "acc_pos": 0.0,
        "acc_neg": 1.0,
        "precision": 0.0,
        "recall": 0.0,
        "f1": 0.0,
        "fpr": 0.0,
        "fnr": 1.0,
        "tpr": 0.0,
        "tnr": 1.0,
        "youden_j": 0.0,
        "mcc": 0.0,
        "auroc": 0.6129385964912281,
        "pr_auc": 0.4172194772403221,
        "avg_precision": 0.47128254041221607,
        "brier": 0.19884908186273634,
        "best_f1": 0.5405405405405405,
        "best_f1_threshold": 0.3320269286632538,
        "fpr_at_recall_95": 0.9583333333333334,
        "recall_at_fpr_05": 0.0,
        "recall_at_fpr_10": 0.21052631578947367,
        "mean_score_pos": 0.316282699766912,
        "mean_score_neg": 0.2986013926565647,
        "std_score_pos": 0.05177168883019303,
        "std_score_neg": 0.04901397054289312,
        "score_gap": 0.017681307110347266,
        "median_score_pos": 0.3320269286632538,
        "median_score_neg": 0.29741206765174866,
        "frac_high_score": 0.0,
        "frac_low_score": 0.0,
        "frac_uncertain": 0.04477611940298507
      },
      "k10": {
        "n": 66,
        "n_pos": 14,
        "n_neg": 52,
        "threshold": 0.5,
        "tp": 0,
        "fp": 0,
        "fn": 14,
        "tn": 52,
        "accuracy": 0.7878787878787878,
        "acc_pos": 0.0,
        "acc_neg": 1.0,
        "precision": 0.0,
        "recall": 0.0,
        "f1": 0.0,
        "fpr": 0.0,
        "fnr": 1.0,
        "tpr": 0.0,
        "tnr": 1.0,
        "youden_j": 0.0,
        "mcc": 0.0,
        "auroc": 0.5439560439560439,
        "pr_auc": 0.2379723547349407,
        "avg_precision": 0.27227352384454023,
        "brier": 0.1772922406809504,
        "best_f1": 0.4,
        "best_f1_threshold": 0.3071957230567932,
        "fpr_at_recall_95": 0.9038461538461539,
        "recall_at_fpr_05": 0.0,
        "recall_at_fpr_10": 0.14285714285714285,
        "mean_score_pos": 0.3097535286630903,
        "mean_score_neg": 0.3062964385518661,
        "std_score_pos": 0.04031966754696473,
        "std_score_neg": 0.050774587502540866,
        "score_gap": 0.0034570901112241925,
        "median_score_pos": 0.3114841878414154,
        "median_score_neg": 0.3012867271900177,
        "frac_high_score": 0.0,
        "frac_low_score": 0.0,
        "frac_uncertain": 0.030303030303030304
      }
    }
  }
}