{
  "stage": "S1",
  "epoch": 3,
  "fold": 0,
  "wall_clock_seconds": 256.18,
  "lr": {
    "head": 0.0009108978187218593
  },
  "train": {
    "loss": 0.08781881552189588,
    "focal": 0.05486198265105486,
    "variance": 0.007701549530029297,
    "decorrelation": 0.6437330621480942,
    "grad_norm": 0.3404016789793968,
    "n_steps": 100,
    "grad_steps": 50,
    "grad_nan_steps": 0
  },
  "val": {
    "overall": {
      "n": 200,
      "n_pos": 43,
      "n_neg": 157,
      "threshold": 0.5,
      "tp": 0,
      "fp": 0,
      "fn": 43,
      "tn": 157,
      "accuracy": 0.785,
      "acc_pos": 0.0,
      "acc_neg": 1.0,
      "precision": 0.0,
      "recall": 0.0,
      "f1": 0.0,
      "fpr": 0.0,
      "fnr": 1.0,
      "tpr": 0.0,
      "tnr": 1.0,
      "youden_j": 0.0,
      "mcc": 0.0,
      "auroc": 0.49459339357132276,
      "pr_auc": 0.2686771942574205,
      "avg_precision": 0.2971809994266229,
      "brier": 0.1854275112282014,
      "best_f1": 0.3867924528301887,
      "best_f1_threshold": 0.3011206388473511,
      "fpr_at_recall_95": 0.8152866242038217,
      "recall_at_fpr_05": 0.11627906976744186,
      "recall_at_fpr_10": 0.13953488372093023,
      "mean_score_pos": 0.3411096296338148,
      "mean_score_neg": 0.34028062803350434,
      "std_score_pos": 0.034661598067384475,
      "std_score_neg": 0.034714934141753626,
      "score_gap": 0.0008290016003104639,
      "median_score_pos": 0.34204626083374023,
      "median_score_neg": 0.3494585454463959,
      "frac_high_score": 0.0,
      "frac_low_score": 0.0,
      "frac_uncertain": 0.005
    },
    "per_source": {
      "hots": {
        "n": 65,
        "n_pos": 16,
        "n_neg": 49,
        "threshold": 0.5,
        "tp": 0,
        "fp": 0,
        "fn": 16,
        "tn": 49,
        "accuracy": 0.7538461538461538,
        "acc_pos": 0.0,
        "acc_neg": 1.0,
        "precision": 0.0,
        "recall": 0.0,
        "f1": 0.0,
        "fpr": 0.0,
        "fnr": 1.0,
        "tpr": 0.0,
        "tnr": 1.0,
        "youden_j": 0.0,
        "mcc": 0.0,
        "auroc": 0.3635204081632653,
        "pr_auc": 0.19612106783418237,
        "avg_precision": 0.2983270740867194,
        "brier": 0.19713489042738677,
        "best_f1": 0.45454545454545453,
        "best_f1_threshold": 0.3011206388473511,
        "fpr_at_recall_95": 0.8571428571428571,
        "recall_at_fpr_05": 0.0,
        "recall_at_fpr_10": 0.0,
        "mean_score_pos": 0.315056124702096,
        "mean_score_neg": 0.3275300209619561,
        "std_score_pos": 0.015762438622890045,
        "std_score_neg": 0.031342013484509726,
        "score_gap": -0.012473896259860118,
        "median_score_pos": 0.311427965760231,
        "median_score_neg": 0.32814615964889526,
        "frac_high_score": 0.0,
        "frac_low_score": 0.0,
        "frac_uncertain": 0.0
      },
      "insdet": {
        "n": 135,
        "n_pos": 27,
        "n_neg": 108,
        "threshold": 0.5,
        "tp": 0,
        "fp": 0,
        "fn": 27,
        "tn": 108,
        "accuracy": 0.8,
        "acc_pos": 0.0,
        "acc_neg": 1.0,
        "precision": 0.0,
        "recall": 0.0,
        "f1": 0.0,
        "fpr": 0.0,
        "fnr": 1.0,
        "tpr": 0.0,
        "tnr": 1.0,
        "youden_j": 0.0,
        "mcc": 0.0,
        "auroc": 0.5833333333333334,
        "pr_auc": 0.32567476514188,
        "avg_precision": 0.3358317362459023,
        "brier": 0.17979062494711212,
        "best_f1": 0.375,
        "best_f1_threshold": 0.332544207572937,
        "fpr_at_recall_95": 0.8611111111111112,
        "recall_at_fpr_05": 0.18518518518518517,
        "recall_at_fpr_10": 0.2222222222222222,
        "mean_score_pos": 0.35654874366742595,
        "mean_score_neg": 0.3460656256863364,
        "std_score_pos": 0.033647859955363825,
        "std_score_neg": 0.03475785939752213,
        "score_gap": 0.01048311798108953,
        "median_score_pos": 0.35801205039024353,
        "median_score_neg": 0.35498517751693726,
        "frac_high_score": 0.0,
        "frac_low_score": 0.0,
        "frac_uncertain": 0.007407407407407408
      }
    },
    "per_k": {
      "k1": {
        "n": 67,
        "n_pos": 10,
        "n_neg": 57,
        "threshold": 0.5,
        "tp": 0,
        "fp": 0,
        "fn": 10,
        "tn": 57,
        "accuracy": 0.8507462686567164,
        "acc_pos": 0.0,
        "acc_neg": 1.0,
        "precision": 0.0,
        "recall": 0.0,
        "f1": 0.0,
        "fpr": 0.0,
        "fnr": 1.0,
        "tpr": 0.0,
        "tnr": 1.0,
        "youden_j": 0.0,
        "mcc": 0.0,
        "auroc": 0.4964912280701754,
        "pr_auc": 0.1728425772075816,
        "avg_precision": 0.19831983198319858,
        "brier": 0.16279511159884408,
        "best_f1": 0.3076923076923077,
        "best_f1_threshold": 0.3048310875892639,
        "fpr_at_recall_95": 0.7894736842105263,
        "recall_at_fpr_05": 0.1,
        "recall_at_fpr_10": 0.1,
        "mean_score_pos": 0.33976128697395325,
        "mean_score_neg": 0.3369464696499339,
        "std_score_pos": 0.027098375604380505,
        "std_score_neg": 0.035389506957650814,
        "score_gap": 0.0028148173240193364,
        "median_score_pos": 0.3373152166604996,
        "median_score_neg": 0.3435303568840027,
        "frac_high_score": 0.0,
        "frac_low_score": 0.0,
        "frac_uncertain": 0.0
      },
      "k4": {
        "n": 67,
        "n_pos": 15,
        "n_neg": 52,
        "threshold": 0.5,
        "tp": 0,
        "fp": 0,
        "fn": 15,
        "tn": 52,
        "accuracy": 0.7761194029850746,
        "acc_pos": 0.0,
        "acc_neg": 1.0,
        "precision": 0.0,
        "recall": 0.0,
        "f1": 0.0,
        "fpr": 0.0,
        "fnr": 1.0,
        "tpr": 0.0,
        "tnr": 1.0,
        "youden_j": 0.0,
        "mcc": 0.0,
        "auroc": 0.5205128205128206,
        "pr_auc": 0.289780607999158,
        "avg_precision": 0.3169200848656291,
        "brier": 0.1882535685405362,
        "best_f1": 0.4225352112676056,
        "best_f1_threshold": 0.3018336892127991,
        "fpr_at_recall_95": 0.7884615384615384,
        "recall_at_fpr_05": 0.13333333333333333,
        "recall_at_fpr_10": 0.2,
        "mean_score_pos": 0.3452870984872182,
        "mean_score_neg": 0.3427437102565399,
        "std_score_pos": 0.0323675324282155,
        "std_score_neg": 0.03429345477709353,
        "score_gap": 0.002543388230678345,
        "median_score_pos": 0.3543233573436737,
        "median_score_neg": 0.3532625734806061,
        "frac_high_score": 0.0,
        "frac_low_score": 0.0,
        "frac_uncertain": 0.0
      },
      "k10": {
        "n": 66,
        "n_pos": 18,
        "n_neg": 48,
        "threshold": 0.5,
        "tp": 0,
        "fp": 0,
        "fn": 18,
        "tn": 48,
        "accuracy": 0.7272727272727273,
        "acc_pos": 0.0,
        "acc_neg": 1.0,
        "precision": 0.0,
        "recall": 0.0,
        "f1": 0.0,
        "fpr": 0.0,
        "fnr": 1.0,
        "tpr": 0.0,
        "tnr": 1.0,
        "youden_j": 0.0,
        "mcc": 0.0,
        "auroc": 0.46412037037037035,
        "pr_auc": 0.3577657260146873,
        "avg_precision": 0.3800715785864304,
        "brier": 0.20553394964093635,
        "best_f1": 0.4358974358974359,
        "best_f1_threshold": 0.2875954210758209,
        "fpr_at_recall_95": 1.0,
        "recall_at_fpr_05": 0.1111111111111111,
        "recall_at_fpr_10": 0.16666666666666666,
        "mean_score_pos": 0.3383774848447906,
        "mean_score_neg": 0.34157160203903913,
        "std_score_pos": 0.04113785870621349,
        "std_score_neg": 0.03478113476110528,
        "score_gap": -0.003194117194248558,
        "median_score_pos": 0.34057947993278503,
        "median_score_neg": 0.35040049254894257,
        "frac_high_score": 0.0,
        "frac_low_score": 0.0,
        "frac_uncertain": 0.015151515151515152
      }
    }
  }
}