{
  "stage": "S1",
  "epoch": 3,
  "fold": 1,
  "wall_clock_seconds": 245.67,
  "lr": {
    "head": 0.0008770655995579572
  },
  "train": {
    "loss": 0.08767613861709833,
    "focal": 0.053916479269973935,
    "variance": 0.007330393791198731,
    "decorrelation": 0.6605329900979996,
    "grad_norm": 0.32546117037534716,
    "n_steps": 100,
    "grad_steps": 50,
    "grad_nan_steps": 0
  },
  "val": {
    "overall": {
      "n": 200,
      "n_pos": 47,
      "n_neg": 153,
      "threshold": 0.5,
      "tp": 0,
      "fp": 0,
      "fn": 47,
      "tn": 153,
      "accuracy": 0.765,
      "acc_pos": 0.0,
      "acc_neg": 1.0,
      "precision": 0.0,
      "recall": 0.0,
      "f1": 0.0,
      "fpr": 0.0,
      "fnr": 1.0,
      "tpr": 0.0,
      "tnr": 1.0,
      "youden_j": 0.0,
      "mcc": 0.0,
      "auroc": 0.6114587679043249,
      "pr_auc": 0.3492527991242208,
      "avg_precision": 0.3609654602687986,
      "brier": 0.18147388466634823,
      "best_f1": 0.42774566473988446,
      "best_f1_threshold": 0.3016866445541382,
      "fpr_at_recall_95": 0.8954248366013072,
      "recall_at_fpr_05": 0.10638297872340426,
      "recall_at_fpr_10": 0.14893617021276595,
      "mean_score_pos": 0.31658424341932256,
      "mean_score_neg": 0.30412903876086467,
      "std_score_pos": 0.029232707713707718,
      "std_score_neg": 0.03163627588185482,
      "score_gap": 0.012455204658457897,
      "median_score_pos": 0.3202119767665863,
      "median_score_neg": 0.3077392876148224,
      "frac_high_score": 0.0,
      "frac_low_score": 0.0,
      "frac_uncertain": 0.0
    },
    "per_source": {
      "hots": {
        "n": 65,
        "n_pos": 15,
        "n_neg": 50,
        "threshold": 0.5,
        "tp": 0,
        "fp": 0,
        "fn": 15,
        "tn": 50,
        "accuracy": 0.7692307692307693,
        "acc_pos": 0.0,
        "acc_neg": 1.0,
        "precision": 0.0,
        "recall": 0.0,
        "f1": 0.0,
        "fpr": 0.0,
        "fnr": 1.0,
        "tpr": 0.0,
        "tnr": 1.0,
        "youden_j": 0.0,
        "mcc": 0.0,
        "auroc": 0.5466666666666666,
        "pr_auc": 0.3231869370210144,
        "avg_precision": 0.34327757120508373,
        "brier": 0.18410327320397812,
        "best_f1": 0.41860465116279066,
        "best_f1_threshold": 0.318304181098938,
        "fpr_at_recall_95": 0.96,
        "recall_at_fpr_05": 0.06666666666666667,
        "recall_at_fpr_10": 0.13333333333333333,
        "mean_score_pos": 0.30941811998685204,
        "mean_score_neg": 0.30892365068197253,
        "std_score_pos": 0.03166428798831409,
        "std_score_neg": 0.023662113786753026,
        "score_gap": 0.0004944693048795079,
        "median_score_pos": 0.3209417164325714,
        "median_score_neg": 0.311353400349617,
        "frac_high_score": 0.0,
        "frac_low_score": 0.0,
        "frac_uncertain": 0.0
      },
      "insdet": {
        "n": 135,
        "n_pos": 32,
        "n_neg": 103,
        "threshold": 0.5,
        "tp": 0,
        "fp": 0,
        "fn": 32,
        "tn": 103,
        "accuracy": 0.762962962962963,
        "acc_pos": 0.0,
        "acc_neg": 1.0,
        "precision": 0.0,
        "recall": 0.0,
        "f1": 0.0,
        "fpr": 0.0,
        "fnr": 1.0,
        "tpr": 0.0,
        "tnr": 1.0,
        "youden_j": 0.0,
        "mcc": 0.0,
        "auroc": 0.6441140776699029,
        "pr_auc": 0.3820592791611535,
        "avg_precision": 0.39573621365953116,
        "brier": 0.1802078827778597,
        "best_f1": 0.45614035087719296,
        "best_f1_threshold": 0.3016866445541382,
        "fpr_at_recall_95": 0.8058252427184466,
        "recall_at_fpr_05": 0.125,
        "recall_at_fpr_10": 0.15625,
        "mean_score_pos": 0.31994336377829313,
        "mean_score_neg": 0.30180155724576374,
        "std_score_pos": 0.027906062121420456,
        "std_score_neg": 0.03472405663474452,
        "score_gap": 0.018141806532529392,
        "median_score_pos": 0.31998661160469055,
        "median_score_neg": 0.305141806602478,
        "frac_high_score": 0.0,
        "frac_low_score": 0.0,
        "frac_uncertain": 0.0
      }
    },
    "per_k": {
      "k1": {
        "n": 67,
        "n_pos": 13,
        "n_neg": 54,
        "threshold": 0.5,
        "tp": 0,
        "fp": 0,
        "fn": 13,
        "tn": 54,
        "accuracy": 0.8059701492537313,
        "acc_pos": 0.0,
        "acc_neg": 1.0,
        "precision": 0.0,
        "recall": 0.0,
        "f1": 0.0,
        "fpr": 0.0,
        "fnr": 1.0,
        "tpr": 0.0,
        "tnr": 1.0,
        "youden_j": 0.0,
        "mcc": 0.0,
        "auroc": 0.6381766381766382,
        "pr_auc": 0.3730269492182632,
        "avg_precision": 0.38855200014868363,
        "brier": 0.1656013490115922,
        "best_f1": 0.41176470588235287,
        "best_f1_threshold": 0.324267715215683,
        "fpr_at_recall_95": 0.8888888888888888,
        "recall_at_fpr_05": 0.15384615384615385,
        "recall_at_fpr_10": 0.23076923076923078,
        "mean_score_pos": 0.32177767616051894,
        "mean_score_neg": 0.30586114360226524,
        "std_score_pos": 0.030708257038042856,
        "std_score_neg": 0.03144523151927697,
        "score_gap": 0.015916532558253704,
        "median_score_pos": 0.324267715215683,
        "median_score_neg": 0.3086572289466858,
        "frac_high_score": 0.0,
        "frac_low_score": 0.0,
        "frac_uncertain": 0.0
      },
      "k4": {
        "n": 67,
        "n_pos": 16,
        "n_neg": 51,
        "threshold": 0.5,
        "tp": 0,
        "fp": 0,
        "fn": 16,
        "tn": 51,
        "accuracy": 0.7611940298507462,
        "acc_pos": 0.0,
        "acc_neg": 1.0,
        "precision": 0.0,
        "recall": 0.0,
        "f1": 0.0,
        "fpr": 0.0,
        "fnr": 1.0,
        "tpr": 0.0,
        "tnr": 1.0,
        "youden_j": 0.0,
        "mcc": 0.0,
        "auroc": 0.6421568627450981,
        "pr_auc": 0.30756015167726164,
        "avg_precision": 0.34275634459997695,
        "brier": 0.1804595624669243,
        "best_f1": 0.5,
        "best_f1_threshold": 0.29695022106170654,
        "fpr_at_recall_95": 0.6274509803921569,
        "recall_at_fpr_05": 0.0,
        "recall_at_fpr_10": 0.0625,
        "mean_score_pos": 0.32015910372138023,
        "mean_score_neg": 0.30124106360416786,
        "std_score_pos": 0.013739089822782666,
        "std_score_neg": 0.036046037210764624,
        "score_gap": 0.018918040117212376,
        "median_score_pos": 0.3203479051589966,
        "median_score_neg": 0.31364181637763977,
        "frac_high_score": 0.0,
        "frac_low_score": 0.0,
        "frac_uncertain": 0.0
      },
      "k10": {
        "n": 66,
        "n_pos": 18,
        "n_neg": 48,
        "threshold": 0.5,
        "tp": 0,
        "fp": 0,
        "fn": 18,
        "tn": 48,
        "accuracy": 0.7272727272727273,
        "acc_pos": 0.0,
        "acc_neg": 1.0,
        "precision": 0.0,
        "recall": 0.0,
        "f1": 0.0,
        "fpr": 0.0,
        "fnr": 1.0,
        "tpr": 0.0,
        "tnr": 1.0,
        "youden_j": 0.0,
        "mcc": 0.0,
        "auroc": 0.5416666666666666,
        "pr_auc": 0.3915357117547881,
        "avg_precision": 0.4042343316726704,
        "brier": 0.19861660400316722,
        "best_f1": 0.45,
        "best_f1_threshold": 0.3197612464427948,
        "fpr_at_recall_95": 0.9791666666666666,
        "recall_at_fpr_05": 0.1111111111111111,
        "recall_at_fpr_10": 0.2222222222222222,
        "mean_score_pos": 0.309655777282185,
        "mean_score_neg": 0.30524889441827935,
        "std_score_pos": 0.037371567921196586,
        "std_score_neg": 0.026939592585827246,
        "score_gap": 0.00440688286390567,
        "median_score_pos": 0.3143620043992996,
        "median_score_neg": 0.30298924446105957,
        "frac_high_score": 0.0,
        "frac_low_score": 0.0,
        "frac_uncertain": 0.0
      }
    }
  }
}