{
  "stage": "L1",
  "phase": "hots",
  "epoch": 2,
  "fold": 2,
  "wall_clock_seconds": 468.18,
  "lr": {
    "fusion": 0.00010830380557995976
  },
  "train": {
    "loss": 4.716710672974586,
    "patch_ce": 4.716710672974586,
    "l1": 0.0,
    "giou": 0.0,
    "log_area": 0.0,
    "grad_norm": 4.639646968841553,
    "n_steps": 400,
    "grad_steps": 50,
    "grad_nan_steps": 0,
    "alpha": 0.972993791103363,
    "bg_bias": -0.015477774664759636
  },
  "val": {
    "overall": {
      "n": 100,
      "n_pos": 100,
      "n_neg": 0,
      "iou_mean": 0.1854955769702792,
      "iou_median": 0.0,
      "iou_p25": 0.0,
      "iou_p75": 0.14222263917326927,
      "iou_std": 0.3201106599800027,
      "frac_iou_25": 0.24,
      "frac_iou_50": 0.21,
      "frac_iou_75": 0.17,
      "frac_iou_90": 0.0,
      "containment_mean": 0.22427534382790326,
      "containment_median": 0.0,
      "containment_p25": 0.0,
      "containment_p75": 0.14254046604037285,
      "containment_std": 0.39428692996379233,
      "frac_containment_50": 0.21,
      "frac_containment_75": 0.21,
      "frac_containment_90": 0.2,
      "frac_containment_full": 0.13,
      "contain_at_iou_50": 0.21,
      "contain_at_iou_75": 0.17,
      "high_contain_high_iou": 0.2,
      "ap_per_iou": {
        "0.50": 0.12567987339787612,
        "0.55": 0.12567987339787612,
        "0.60": 0.12567987339787612,
        "0.65": 0.12567987339787612,
        "0.70": 0.12567987339787612,
        "0.75": 0.07126998176799168,
        "0.80": 0.01606755913686607,
        "0.85": 0.0028288543140028285,
        "0.90": 0.0,
        "0.95": 0.0
      },
      "map_50": 0.12567987339787612,
      "map_75": 0.07126998176799168,
      "map_5095": 0.07185657622082411,
      "map_50_containment": 0.12567987339787612,
      "map_90_containment": 0.1093091938524655,
      "mean_pred_box_area": 0.005775342881887372,
      "std_pred_box_area": 0.006295790338943228,
      "frac_pred_box_too_big": 0.0,
      "frac_pred_box_too_small": 0.65,
      "mean_gt_box_area": 0.024162866260920422,
      "pred_to_gt_area_ratio_mean": 0.6252348172297442,
      "pred_to_gt_area_ratio_median": 0.33160957511627964,
      "log_area_ratio_mean": -1.2971850807136647,
      "log_area_ratio_std": 1.497912072903025,
      "center_distance_mean": 0.26138185941429837,
      "center_distance_median": 0.27128292486276895,
      "score_mean": 0.07666058840230107,
      "score_std": 0.05290625420426073,
      "score_p25": 0.04165897238999605,
      "score_p75": 0.0896140094846487,
      "score_iou_correlation": 0.4164360193190976,
      "bg_prob_pos_mean": 0.00016497054791216213,
      "bg_prob_pos_median": 0.00012428503396222368,
      "abstain_rate_pos": 0.0
    },
    "per_source": {
      "hots": {
        "n": 100,
        "n_pos": 100,
        "n_neg": 0,
        "iou_mean": 0.1854955769702792,
        "iou_median": 0.0,
        "iou_p25": 0.0,
        "iou_p75": 0.14222263917326927,
        "iou_std": 0.3201106599800027,
        "frac_iou_25": 0.24,
        "frac_iou_50": 0.21,
        "frac_iou_75": 0.17,
        "frac_iou_90": 0.0,
        "containment_mean": 0.22427534382790326,
        "containment_median": 0.0,
        "containment_p25": 0.0,
        "containment_p75": 0.14254046604037285,
        "containment_std": 0.39428692996379233,
        "frac_containment_50": 0.21,
        "frac_containment_75": 0.21,
        "frac_containment_90": 0.2,
        "frac_containment_full": 0.13,
        "contain_at_iou_50": 0.21,
        "contain_at_iou_75": 0.17,
        "high_contain_high_iou": 0.2,
        "ap_per_iou": {
          "0.50": 0.12567987339787612,
          "0.55": 0.12567987339787612,
          "0.60": 0.12567987339787612,
          "0.65": 0.12567987339787612,
          "0.70": 0.12567987339787612,
          "0.75": 0.07126998176799168,
          "0.80": 0.01606755913686607,
          "0.85": 0.0028288543140028285,
          "0.90": 0.0,
          "0.95": 0.0
        },
        "map_50": 0.12567987339787612,
        "map_75": 0.07126998176799168,
        "map_5095": 0.07185657622082411,
        "map_50_containment": 0.12567987339787612,
        "map_90_containment": 0.1093091938524655,
        "mean_pred_box_area": 0.005775342881887372,
        "std_pred_box_area": 0.006295790338943228,
        "frac_pred_box_too_big": 0.0,
        "frac_pred_box_too_small": 0.65,
        "mean_gt_box_area": 0.024162866260920422,
        "pred_to_gt_area_ratio_mean": 0.6252348172297442,
        "pred_to_gt_area_ratio_median": 0.33160957511627964,
        "log_area_ratio_mean": -1.2971850807136647,
        "log_area_ratio_std": 1.497912072903025,
        "center_distance_mean": 0.26138185941429837,
        "center_distance_median": 0.27128292486276895,
        "score_mean": 0.07666058840230107,
        "score_std": 0.05290625420426073,
        "score_p25": 0.04165897238999605,
        "score_p75": 0.0896140094846487,
        "score_iou_correlation": 0.4164360193190976,
        "bg_prob_pos_mean": 0.00016497054791216213,
        "bg_prob_pos_median": 0.00012428503396222368,
        "abstain_rate_pos": 0.0
      }
    },
    "per_k": {
      "k1": {
        "n": 34,
        "n_pos": 34,
        "n_neg": 0,
        "iou_mean": 0.02516497386729016,
        "iou_median": 0.0,
        "iou_p25": 0.0,
        "iou_p75": 0.0,
        "iou_std": 0.13241562506879925,
        "frac_iou_25": 0.029411764705882353,
        "frac_iou_50": 0.029411764705882353,
        "frac_iou_75": 0.029411764705882353,
        "frac_iou_90": 0.0,
        "containment_mean": 0.03160158829653964,
        "containment_median": 0.0,
        "containment_p25": 0.0,
        "containment_p75": 0.0,
        "containment_std": 0.1697667326469687,
        "frac_containment_50": 0.029411764705882353,
        "frac_containment_75": 0.029411764705882353,
        "frac_containment_90": 0.029411764705882353,
        "frac_containment_full": 0.0,
        "contain_at_iou_50": 0.029411764705882353,
        "contain_at_iou_75": 0.029411764705882353,
        "high_contain_high_iou": 0.029411764705882353,
        "ap_per_iou": {
          "0.50": 0.01485148514851485,
          "0.55": 0.01485148514851485,
          "0.60": 0.01485148514851485,
          "0.65": 0.01485148514851485,
          "0.70": 0.01485148514851485,
          "0.75": 0.01485148514851485,
          "0.80": 0.0,
          "0.85": 0.0,
          "0.90": 0.0,
          "0.95": 0.0
        },
        "map_50": 0.01485148514851485,
        "map_75": 0.01485148514851485,
        "map_5095": 0.00891089108910891,
        "map_50_containment": 0.01485148514851485,
        "map_90_containment": 0.01485148514851485,
        "mean_pred_box_area": 0.006209928447014627,
        "std_pred_box_area": 0.007568643189904287,
        "frac_pred_box_too_big": 0.0,
        "frac_pred_box_too_small": 0.6764705882352942,
        "mean_gt_box_area": 0.03762709698169014,
        "pred_to_gt_area_ratio_mean": 0.479161468067223,
        "pred_to_gt_area_ratio_median": 0.14878029545542582,
        "log_area_ratio_mean": -1.897664070206376,
        "log_area_ratio_std": 1.5856318986113667,
        "center_distance_mean": 0.3817725696801901,
        "center_distance_median": 0.35840555022776066,
        "score_mean": 0.04718170709469739,
        "score_std": 0.02525545066064165,
        "score_p25": 0.028171957936137915,
        "score_p75": 0.0605501476675272,
        "score_iou_correlation": 0.37653738917533697,
        "bg_prob_pos_mean": 0.00024091987399836346,
        "bg_prob_pos_median": 0.00021119444136274979,
        "abstain_rate_pos": 0.0
      },
      "k4": {
        "n": 33,
        "n_pos": 33,
        "n_neg": 0,
        "iou_mean": 0.21935988195014722,
        "iou_median": 0.02486914023756981,
        "iou_p25": 0.0,
        "iou_p75": 0.2912451922893524,
        "iou_std": 0.3272646732662919,
        "frac_iou_25": 0.30303030303030304,
        "frac_iou_50": 0.21212121212121213,
        "frac_iou_75": 0.18181818181818182,