{
  "stage": "L1",
  "epoch": 2,
  "fold": 2,
  "wall_clock_seconds": 486.04,
  "lr": {
    "fusion": 2.7438534940199068e-05
  },
  "train": {
    "loss": 5.2151708984375,
    "patch_ce": 5.2151708984375,
    "l1": 0.0,
    "giou": 0.0,
    "grad_norm": 6.52547224521637,
    "n_steps": 400,
    "alpha": 0.031183598563075066
  },
  "val": {
    "overall": {
      "n": 100,
      "n_pos": 100,
      "iou_mean": 0.1836213712078461,
      "iou_median": 0.001989207579754293,
      "iou_p25": 0.0,
      "iou_p75": 0.2617352157831192,
      "iou_std": 0.31274055183381344,
      "frac_iou_25": 0.26,
      "frac_iou_50": 0.21,
      "frac_iou_75": 0.16,
      "frac_iou_90": 0.0,
      "containment_mean": 0.49933417118620127,
      "containment_median": 0.5478293895721436,
      "containment_p25": 0.0,
      "containment_p75": 0.9993813037872314,
      "containment_std": 0.4806899216118887,
      "frac_containment_50": 0.51,
      "frac_containment_75": 0.48,
      "frac_containment_90": 0.44,
      "frac_containment_full": 0.38,
      "contain_at_iou_50": 0.21,
      "contain_at_iou_75": 0.16,
      "high_contain_high_iou": 0.18,
      "ap_per_iou": {
        "0.50": 0.1042452741514753,
        "0.55": 0.1042452741514753,
        "0.60": 0.1042452741514753,
        "0.65": 0.10134434496081186,
        "0.70": 0.0850200057599745,
        "0.75": 0.07228709713076571,
        "0.80": 0.011433286185761431,
        "0.85": 0.0007334066740007334,
        "0.90": 0.0,
        "0.95": 0.0
      },
      "map_50": 0.1042452741514753,
      "map_75": 0.07228709713076571,
      "map_5095": 0.058355396316574014,
      "map_50_containment": 0.4035404391929765,
      "map_90_containment": 0.32709385225002996,
      "mean_pred_box_area": 0.1894575614550834,
      "std_pred_box_area": 0.2886754110912604,
      "frac_pred_box_too_big": 0.25,
      "frac_pred_box_too_small": 0.39,
      "mean_gt_box_area": 0.009614114037668332,
      "pred_to_gt_area_ratio_mean": 261.4183855640438,
      "pred_to_gt_area_ratio_median": 3.3969311121409937,
      "log_area_ratio_mean": 2.1006525333399964,
      "log_area_ratio_std": 2.3900178859420236,
      "center_distance_mean": 0.1866626535092071,
      "center_distance_median": 0.14323757482320335,
      "score_mean": 0.9488991269469261,
      "score_std": 0.06631469695812864,
      "score_p25": 0.9338424652814865,
      "score_p75": 0.9936049580574036,
      "score_iou_correlation": 0.25423395729628284
    },
    "per_source": {
      "hots": {
        "n": 36,
        "n_pos": 36,
        "iou_mean": 0.4005836566341006,
        "iou_median": 0.34930504858493805,
        "iou_p25": 0.004766310914419591,
        "iou_p75": 0.7685715407133102,
        "iou_std": 0.37033169893888973,
        "frac_iou_25": 0.5555555555555556,
        "frac_iou_50": 0.4722222222222222,
        "frac_iou_75": 0.3888888888888889,
        "frac_iou_90": 0.0,
        "containment_mean": 0.6835502081861099,
        "containment_median": 0.9774562418460846,
        "containment_p25": 0.034593282267451286,
        "containment_p75": 0.9999654442071915,
        "containment_std": 0.44021237497528376,
        "frac_containment_50": 0.7222222222222222,
        "frac_containment_75": 0.6666666666666666,
        "frac_containment_90": 0.6111111111111112,
        "frac_containment_full": 0.4722222222222222,
        "contain_at_iou_50": 0.4722222222222222,
        "contain_at_iou_75": 0.3888888888888889,
        "high_contain_high_iou": 0.4444444444444444,
        "ap_per_iou": {
          "0.50": 0.2735719725818735,
          "0.55": 0.2735719725818735,
          "0.60": 0.2735719725818735,
          "0.65": 0.2735719725818735,
          "0.70": 0.2232843974052579,
          "0.75": 0.19272789347900307,
          "0.80": 0.026656511805026664,
          "0.85": 0.001188118811881188,
          "0.90": 0.0,
          "0.95": 0.0
        },
        "map_50": 0.2735719725818735,
        "map_75": 0.19272789347900307,
        "map_5095": 0.15381448118286628,
        "map_50_containment": 0.6166869240253047,
        "map_90_containment": 0.48725184426362256,
        "mean_pred_box_area": 0.1262444676467763,
        "std_pred_box_area": 0.2084392355254916,
        "frac_pred_box_too_big": 0.1111111111111111,
        "frac_pred_box_too_small": 0.1388888888888889,
        "mean_gt_box_area": 0.023399319145181733,
        "pred_to_gt_area_ratio_mean": 11.986764805059266,
        "pred_to_gt_area_ratio_median": 1.4463347648974811,
        "log_area_ratio_mean": 1.143628939283767,
        "log_area_ratio_std": 1.3391124529078293,
        "center_distance_mean": 0.15360643844556937,
        "center_distance_median": 0.04491344200993356,
        "score_mean": 0.9856506470176909,
        "score_std": 0.03153266595304436,
        "score_p25": 0.9912680834531784,
        "score_p75": 0.9979260712862015,
        "score_iou_correlation": 0.33301147766145217
      },
      "insdet": {
        "n": 64,
        "n_pos": 64,
        "iou_mean": 0.06158008565557793,
        "iou_median": 0.0,
        "iou_p25": 0.0,
        "iou_p75": 0.005411864258348942,
        "iou_std": 0.18834821462610127,
        "frac_iou_25": 0.09375,
        "frac_iou_50": 0.0625,
        "frac_iou_75": 0.03125,
        "frac_iou_90": 0.0,
        "containment_mean": 0.3957126503737527,
        "containment_median": 0.0,
        "containment_p25": 0.0,
        "containment_p75": 0.998288631439209,
        "containment_std": 0.47448886373837995,
        "frac_containment_50": 0.390625,
        "frac_containment_75": 0.375,
        "frac_containment_90": 0.34375,
        "frac_containment_full": 0.328125,
        "contain_at_iou_50": 0.0625,
        "contain_at_iou_75": 0.03125,
        "high_contain_high_iou": 0.03125,
        "ap_per_iou": {
          "0.50": 0.004796340887537709,
          "0.55": 0.004796340887537709,
          "0.60": 0.004796340887537709,
          "0.65": 0.002517200872629636,
          "0.70": 0.002517200872629636,
          "0.75": 0.0013425071320691392,
          "0.80": 0.0005211047420531526,
          "0.85": 0.0,
          "0.90": 0.0,
          "0.95": 0.0
        },
        "map_50": 0.004796340887537709,
        "map_75": 0.0013425071320691392,
        "map_5095": 0.002128703628199469,
        "map_50_containment": 0.2646313708426403,
        "map_90_containment": 0.24004272897327458,
        "mean_pred_box_area": 0.22501492672225615,
        "std_pred_box_area": 0.3213217908309094,
        "frac_pred_box_too_big": 0.328125,
        "frac_pred_box_too_small": 0.53125,
        "mean_gt_box_area": 0.0018599361646920443,
        "pred_to_gt_area_ratio_mean": 401.7236722409725,
        "pred_to_gt_area_ratio_median": 4.955779402635352,
        "log_area_ratio_mean": 2.638978304996625,
        "log_area_ratio_std": 2.676246310724871,
        "center_distance_mean": 0.20525677448250335,
        "center_distance_median": 0.16174560789213338,
        "score_mean": 0.9282263969071209,
        "score_std": 0.07177898431892243,
        "score_p25": 0.9094844162464142,
        "score_p75": 0.9656864255666733,
        "score_iou_correlation": -0.07354028312524324
      }
    },
    "per_k": {
      "k1": {
        "n": 34,
        "n_pos": 34,
        "iou_mean": 0.15014762256674552,
        "iou_median": 0.0,
        "iou_p25": 0.0,
        "iou_p75": 0.06967445835471153,
        "iou_std": 0.28579463541375794,
        "frac_iou_25": 0.23529411764705882,
        "frac_iou_50": 0.17647058823529413,
        "frac_iou_75": 0.11764705882352941,
        "frac_iou_90": 0.0,
        "containment_mean": 0.3406344744075528,
        "containment_median": 0.0,
        "containment_p25": 0.0,
        "containment_p75": 0.9142160266637802,
        "containment_std": 0.4622958711780328,
        "frac_containment_50": 0.35294117647058826,
        "frac_containment_75": 0.35294117647058826,
        "frac_containment_90": 0.2647058823529412,
        "frac_containment_full": 0.23529411764705882,