{
  "stage": "L1",
  "epoch": 2,
  "fold": 0,
  "wall_clock_seconds": 485.02,
  "lr": {
    "fusion": 6.309602197984167e-05
  },
  "train": {
    "loss": 6.18909912109375,
    "patch_ce": 6.18909912109375,
    "l1": 0.0,
    "giou": 0.0,
    "grad_norm": 7.5870287990570064,
    "n_steps": 400,
    "alpha": 0.02665773220360279
  },
  "val": {
    "overall": {
      "n": 100,
      "n_pos": 100,
      "iou_mean": 0.13069027352175908,
      "iou_median": 0.0,
      "iou_p25": 0.0,
      "iou_p75": 0.04355532210320234,
      "iou_std": 0.26859050035924875,
      "frac_iou_25": 0.17,
      "frac_iou_50": 0.14,
      "frac_iou_75": 0.09,
      "frac_iou_90": 0.0,
      "containment_mean": 0.40770250909030437,
      "containment_median": 0.0,
      "containment_p25": 0.0,
      "containment_p75": 0.9931380599737167,
      "containment_std": 0.4660378297440047,
      "frac_containment_50": 0.42,
      "frac_containment_75": 0.4,
      "frac_containment_90": 0.32,
      "frac_containment_full": 0.26,
      "contain_at_iou_50": 0.14,
      "contain_at_iou_75": 0.09,
      "high_contain_high_iou": 0.1,
      "ap_per_iou": {
        "0.50": 0.02356435643564357,
        "0.55": 0.02356435643564357,
        "0.60": 0.021584158415841583,
        "0.65": 0.021584158415841583,
        "0.70": 0.01647807637906648,
        "0.75": 0.01283054621251599,
        "0.80": 0.008275143303804066,
        "0.85": 0.00020206102242877348,
        "0.90": 0.0,
        "0.95": 0.0
      },
      "map_50": 0.02356435643564357,
      "map_75": 0.01283054621251599,
      "map_5095": 0.012808285662078561,
      "map_50_containment": 0.2584048879720046,
      "map_90_containment": 0.15030656158024253,
      "mean_pred_box_area": 0.15787894926078885,
      "std_pred_box_area": 0.28091275922174225,
      "frac_pred_box_too_big": 0.17,
      "frac_pred_box_too_small": 0.41,
      "mean_gt_box_area": 0.004852599266846665,
      "pred_to_gt_area_ratio_mean": 174.72809498607842,
      "pred_to_gt_area_ratio_median": 4.112664030686972,
      "log_area_ratio_mean": 2.0404233160827507,
      "log_area_ratio_std": 2.2208310755342007,
      "center_distance_mean": 0.23082978765615866,
      "center_distance_median": 0.20475747872275907,
      "score_mean": 0.9598846036195755,
      "score_std": 0.047959873415222426,
      "score_p25": 0.9415617436170578,
      "score_p75": 0.993598684668541,
      "score_iou_correlation": -0.18301304330783313
    },
    "per_source": {
      "hots": {
        "n": 39,
        "n_pos": 39,
        "iou_mean": 0.24624737699587756,
        "iou_median": 0.023090755566954613,
        "iou_p25": 0.0,
        "iou_p75": 0.5811188966035843,
        "iou_std": 0.3396158474622492,
        "frac_iou_25": 0.3076923076923077,
        "frac_iou_50": 0.2564102564102564,
        "frac_iou_75": 0.20512820512820512,
        "frac_iou_90": 0.0,
        "containment_mean": 0.6022508738514705,
        "containment_median": 0.8564096093177795,
        "containment_p25": 0.0,
        "containment_p75": 0.999716728925705,
        "containment_std": 0.4563133222729775,
        "frac_containment_50": 0.6410256410256411,
        "frac_containment_75": 0.5897435897435898,
        "frac_containment_90": 0.46153846153846156,
        "frac_containment_full": 0.3333333333333333,
        "contain_at_iou_50": 0.2564102564102564,
        "contain_at_iou_75": 0.20512820512820512,
        "high_contain_high_iou": 0.20512820512820512,
        "ap_per_iou": {
          "0.50": 0.066006600660066,
          "0.55": 0.066006600660066,
          "0.60": 0.066006600660066,
          "0.65": 0.066006600660066,
          "0.70": 0.066006600660066,
          "0.75": 0.04265041888804266,
          "0.80": 0.018634171109418635,
          "0.85": 0.000781657113079729,
          "0.90": 0.0,
          "0.95": 0.0
        },
        "map_50": 0.066006600660066,
        "map_75": 0.04265041888804266,
        "map_5095": 0.0392099250410871,
        "map_50_containment": 0.45728034341895746,
        "map_90_containment": 0.2516443952087513,
        "mean_pred_box_area": 0.15241969038079908,
        "std_pred_box_area": 0.24175821096703107,
        "frac_pred_box_too_big": 0.1282051282051282,
        "frac_pred_box_too_small": 0.23076923076923078,
        "mean_gt_box_area": 0.009801807856151406,
        "pred_to_gt_area_ratio_mean": 21.177963501291174,
        "pred_to_gt_area_ratio_median": 4.054767215074053,
        "log_area_ratio_mean": 1.6620946676881094,
        "log_area_ratio_std": 1.7055365557916335,
        "center_distance_mean": 0.1999898472710934,
        "center_distance_median": 0.15131336648418292,
        "score_mean": 0.9748861514605008,
        "score_std": 0.06133670724326776,
        "score_p25": 0.9830953776836395,
        "score_p75": 0.9985623955726624,
        "score_iou_correlation": -0.47974581534041494
      },
      "insdet": {
        "n": 61,
        "n_pos": 61,
        "iou_mean": 0.05680950244814234,
        "iou_median": 0.0,
        "iou_p25": 0.0,
        "iou_p75": 0.0011451189639046788,
        "iou_std": 0.17820030557702507,
        "frac_iou_25": 0.08196721311475409,
        "frac_iou_50": 0.06557377049180328,
        "frac_iou_75": 0.01639344262295082,
        "frac_iou_90": 0.0,
        "containment_mean": 0.28331912834136214,
        "containment_median": 0.0,
        "containment_p25": 0.0,
        "containment_p75": 0.8015679121017456,
        "containment_std": 0.4314635182819822,
        "frac_containment_50": 0.2786885245901639,
        "frac_containment_75": 0.2786885245901639,
        "frac_containment_90": 0.22950819672131148,
        "frac_containment_full": 0.21311475409836064,
        "contain_at_iou_50": 0.06557377049180328,
        "contain_at_iou_75": 0.01639344262295082,
        "high_contain_high_iou": 0.03278688524590164,
        "ap_per_iou": {
          "0.50": 0.01144114411441144,
          "0.55": 0.01144114411441144,
          "0.60": 0.00958253720108853,
          "0.65": 0.00958253720108853,
          "0.70": 0.0022002200220022,
          "0.75": 0.0022002200220022,
          "0.80": 0.0022002200220022,
          "0.85": 0.0,
          "0.90": 0.0,
          "0.95": 0.0
        },
        "map_50": 0.01144114411441144,
        "map_75": 0.0022002200220022,
        "map_5095": 0.004864802269700654,
        "map_50_containment": 0.1367028753602239,
        "map_90_containment": 0.10006175996504693,
        "mean_pred_box_area": 0.16136929510209377,
        "std_pred_box_area": 0.30521558346114475,
        "frac_pred_box_too_big": 0.19672131147540983,
        "frac_pred_box_too_small": 0.5245901639344263,
        "mean_gt_box_area": 0.001688351152373142,
        "pred_to_gt_area_ratio_mean": 272.8994905255326,
        "pred_to_gt_area_ratio_median": 4.131048736041889,
        "log_area_ratio_mean": 2.2823055666957184,
        "log_area_ratio_std": 2.4785391853734287,
        "center_distance_mean": 0.2505471265908725,
        "center_distance_median": 0.21970516983934327,
        "score_mean": 0.9502934500819347,
        "score_std": 0.03424502362168677,
        "score_p25": 0.9321011304855347,
        "score_p75": 0.9724180698394775,
        "score_iou_correlation": 0.09703761722452806
      }
    },
    "per_k": {
      "k1": {
        "n": 34,
        "n_pos": 34,
        "iou_mean": 0.1916635303205112,
        "iou_median": 0.0,
        "iou_p25": 0.0,
        "iou_p75": 0.30384750850498676,
        "iou_std": 0.32357067321751,
        "frac_iou_25": 0.2647058823529412,
        "frac_iou_50": 0.20588235294117646,
        "frac_iou_75": 0.14705882352941177,
        "frac_iou_90": 0.0,
        "containment_mean": 0.39565815798500004,
        "containment_median": 0.0,
        "containment_p25": 0.0,
        "containment_p75": 0.9450831711292267,
        "containment_std": 0.47483567854793257,
        "frac_containment_50": 0.4117647058823529,
        "frac_containment_75": 0.4117647058823529,
        "frac_containment_90": 0.3235294117647059,