{
  "stage": "L1",
  "phase": "hots",
  "epoch": 2,
  "fold": 1,
  "wall_clock_seconds": 468.96,
  "lr": {
    "fusion": 0.000135096223641516
  },
  "train": {
    "loss": 4.833106660246849,
    "patch_ce": 4.833106660246849,
    "l1": 0.0,
    "giou": 0.0,
    "log_area": 0.0,
    "grad_norm": 4.76075252532959,
    "n_steps": 400,
    "grad_steps": 50,
    "grad_nan_steps": 0,
    "alpha": 0.9756297469139099,
    "bg_bias": -0.014383867383003235
  },
  "val": {
    "overall": {
      "n": 100,
      "n_pos": 100,
      "n_neg": 0,
      "iou_mean": 0.22099375851452352,
      "iou_median": 0.0,
      "iou_p25": 0.0,
      "iou_p75": 0.5682673901319504,
      "iou_std": 0.3271865948264664,
      "frac_iou_25": 0.29,
      "frac_iou_50": 0.26,
      "frac_iou_75": 0.15,
      "frac_iou_90": 0.01,
      "containment_mean": 0.2865297406166792,
      "containment_median": 0.0,
      "containment_p25": 0.0,
      "containment_p75": 0.8919528126716614,
      "containment_std": 0.42999459053208033,
      "frac_containment_50": 0.27,
      "frac_containment_75": 0.26,
      "frac_containment_90": 0.25,
      "frac_containment_full": 0.23,
      "contain_at_iou_50": 0.26,
      "contain_at_iou_75": 0.15,
      "high_contain_high_iou": 0.24,
      "ap_per_iou": {
        "0.50": 0.09634129078349712,
        "0.55": 0.08939850175912782,
        "0.60": 0.08939850175912782,
        "0.65": 0.08939850175912782,
        "0.70": 0.06854203195368216,
        "0.75": 0.036811827124633545,
        "0.80": 0.0009738678785911378,
        "0.85": 0.0009738678785911378,
        "0.90": 0.0005824111822947001,
        "0.95": 0.0
      },
      "map_50": 0.09634129078349712,
      "map_75": 0.036811827124633545,
      "map_5095": 0.047242080207867326,
      "map_50_containment": 0.09909723648115969,
      "map_90_containment": 0.07743851564856073,
      "mean_pred_box_area": 0.00629441754320984,
      "std_pred_box_area": 0.007071754088699446,
      "frac_pred_box_too_big": 0.0,
      "frac_pred_box_too_small": 0.55,
      "mean_gt_box_area": 0.018456494114291854,
      "pred_to_gt_area_ratio_mean": 0.8454147882045373,
      "pred_to_gt_area_ratio_median": 0.5143764733161116,
      "log_area_ratio_mean": -1.0132380510149432,
      "log_area_ratio_std": 1.501741985011179,
      "center_distance_mean": 0.23403419560650052,
      "center_distance_median": 0.24380781611778862,
      "score_mean": 0.0628435241151601,
      "score_std": 0.031349749897122345,
      "score_p25": 0.04283414501696825,
      "score_p75": 0.07355595007538795,
      "score_iou_correlation": 0.08769110283949504,
      "bg_prob_pos_mean": 0.00022591485509110498,
      "bg_prob_pos_median": 0.00015628994879079983,
      "abstain_rate_pos": 0.0
    },
    "per_source": {
      "hots": {
        "n": 100,
        "n_pos": 100,
        "n_neg": 0,
        "iou_mean": 0.22099375851452352,
        "iou_median": 0.0,
        "iou_p25": 0.0,
        "iou_p75": 0.5682673901319504,
        "iou_std": 0.3271865948264664,
        "frac_iou_25": 0.29,
        "frac_iou_50": 0.26,
        "frac_iou_75": 0.15,
        "frac_iou_90": 0.01,
        "containment_mean": 0.2865297406166792,
        "containment_median": 0.0,
        "containment_p25": 0.0,
        "containment_p75": 0.8919528126716614,
        "containment_std": 0.42999459053208033,
        "frac_containment_50": 0.27,
        "frac_containment_75": 0.26,
        "frac_containment_90": 0.25,
        "frac_containment_full": 0.23,
        "contain_at_iou_50": 0.26,
        "contain_at_iou_75": 0.15,
        "high_contain_high_iou": 0.24,
        "ap_per_iou": {
          "0.50": 0.09634129078349712,
          "0.55": 0.08939850175912782,
          "0.60": 0.08939850175912782,
          "0.65": 0.08939850175912782,
          "0.70": 0.06854203195368216,
          "0.75": 0.036811827124633545,
          "0.80": 0.0009738678785911378,
          "0.85": 0.0009738678785911378,
          "0.90": 0.0005824111822947001,
          "0.95": 0.0
        },
        "map_50": 0.09634129078349712,
        "map_75": 0.036811827124633545,
        "map_5095": 0.047242080207867326,
        "map_50_containment": 0.09909723648115969,
        "map_90_containment": 0.07743851564856073,
        "mean_pred_box_area": 0.00629441754320984,
        "std_pred_box_area": 0.007071754088699446,
        "frac_pred_box_too_big": 0.0,
        "frac_pred_box_too_small": 0.55,
        "mean_gt_box_area": 0.018456494114291854,
        "pred_to_gt_area_ratio_mean": 0.8454147882045373,
        "pred_to_gt_area_ratio_median": 0.5143764733161116,
        "log_area_ratio_mean": -1.0132380510149432,
        "log_area_ratio_std": 1.501741985011179,
        "center_distance_mean": 0.23403419560650052,
        "center_distance_median": 0.24380781611778862,
        "score_mean": 0.0628435241151601,
        "score_std": 0.031349749897122345,
        "score_p25": 0.04283414501696825,
        "score_p75": 0.07355595007538795,
        "score_iou_correlation": 0.08769110283949504,
        "bg_prob_pos_mean": 0.00022591485509110498,
        "bg_prob_pos_median": 0.00015628994879079983,
        "abstain_rate_pos": 0.0
      }
    },
    "per_k": {
      "k1": {
        "n": 34,
        "n_pos": 34,
        "n_neg": 0,
        "iou_mean": 0.2538658459396923,
        "iou_median": 0.0,
        "iou_p25": 0.0,
        "iou_p75": 0.6778693795204163,
        "iou_std": 0.3433437599959292,
        "frac_iou_25": 0.38235294117647056,
        "frac_iou_50": 0.29411764705882354,
        "frac_iou_75": 0.17647058823529413,
        "frac_iou_90": 0.0,
        "containment_mean": 0.33225832441273856,
        "containment_median": 0.0,
        "containment_p25": 0.0,
        "containment_p75": 0.942170113325119,
        "containment_std": 0.4474733045983692,
        "frac_containment_50": 0.3235294117647059,
        "frac_containment_75": 0.29411764705882354,
        "frac_containment_90": 0.2647058823529412,
        "frac_containment_full": 0.23529411764705882,
        "contain_at_iou_50": 0.29411764705882354,
        "contain_at_iou_75": 0.17647058823529413,
        "high_contain_high_iou": 0.23529411764705882,
        "ap_per_iou": {
          "0.50": 0.15541018387553043,
          "0.55": 0.12439886845827443,
          "0.60": 0.12439886845827443,
          "0.65": 0.12439886845827443,
          "0.70": 0.12439886845827443,
          "0.75": 0.06683168316831684,
          "0.80": 0.0021216407355021216,
          "0.85": 0.0021216407355021216,
          "0.90": 0.0,
          "0.95": 0.0
        },
        "map_50": 0.15541018387553043,
        "map_75": 0.06683168316831684,
        "map_5095": 0.07240806223479493,
        "map_50_containment": 0.16562057991513437,
        "map_90_containment": 0.0839197312588402,
        "mean_pred_box_area": 0.008259587084691898,
        "std_pred_box_area": 0.009200051835177511,
        "frac_pred_box_too_big": 0.0,
        "frac_pred_box_too_small": 0.5294117647058824,
        "mean_gt_box_area": 0.009932358862065213,
        "pred_to_gt_area_ratio_mean": 1.2114537714618132,
        "pred_to_gt_area_ratio_median": 0.9000114433854127,
        "log_area_ratio_mean": -0.4930832531233526,
        "log_area_ratio_std": 1.2069951611874978,
        "center_distance_mean": 0.22894387810401728,
        "center_distance_median": 0.24943843715824082,
        "score_mean": 0.054298239294439554,
        "score_std": 0.02964794506457852,
        "score_p25": 0.03714986890554428,
        "score_p75": 0.05959050450474024,
        "score_iou_correlation": 0.16584890296492785,
        "bg_prob_pos_mean": 0.0002769937289699823,
        "bg_prob_pos_median": 0.0002505618176655844,
        "abstain_rate_pos": 0.0
      },
      "k4": {
        "n": 33,
        "n_pos": 33,
        "n_neg": 0,
        "iou_mean": 0.04253757112857067,
        "iou_median": 0.0,
        "iou_p25": 0.0,
        "iou_p75": 0.03189573064446449,
        "iou_std": 0.07641066881104039,
        "frac_iou_25": 0.0,