{
  "stage": "L1",
  "phase": "hots",
  "epoch": 2,
  "fold": 0,
  "wall_clock_seconds": 468.26,
  "lr": {
    "fusion": 0.00015924391350386502
  },
  "train": {
    "loss": 5.47229994237423,
    "patch_ce": 5.47229994237423,
    "l1": 0.0,
    "giou": 0.0,
    "log_area": 0.0,
    "grad_norm": 6.087881798744202,
    "n_steps": 400,
    "grad_steps": 50,
    "grad_nan_steps": 0,
    "alpha": 0.97844398021698,
    "bg_bias": -0.01308759581297636
  },
  "val": {
    "overall": {
      "n": 100,
      "n_pos": 100,
      "n_neg": 0,
      "iou_mean": 0.05492559522390365,
      "iou_median": 0.0,
      "iou_p25": 0.0,
      "iou_p75": 0.0,
      "iou_std": 0.17678802167345653,
      "frac_iou_25": 0.08,
      "frac_iou_50": 0.07,
      "frac_iou_75": 0.01,
      "frac_iou_90": 0.0,
      "containment_mean": 0.06291420221328735,
      "containment_median": 0.0,
      "containment_p25": 0.0,
      "containment_p75": 0.0,
      "containment_std": 0.20982897422201524,
      "frac_containment_50": 0.07,
      "frac_containment_75": 0.04,
      "frac_containment_90": 0.03,
      "frac_containment_full": 0.02,
      "contain_at_iou_50": 0.07,
      "contain_at_iou_75": 0.01,
      "high_contain_high_iou": 0.03,
      "ap_per_iou": {
        "0.50": 0.0058923724265592305,
        "0.55": 0.004851011416931166,
        "0.60": 0.0032024255057084656,
        "0.65": 0.0032024255057084656,
        "0.70": 0.0020844189682126106,
        "0.75": 0.0004125412541254125,
        "0.80": 0.0004125412541254125,
        "0.85": 0.0,
        "0.90": 0.0,
        "0.95": 0.0
      },
      "map_50": 0.0058923724265592305,
      "map_75": 0.0004125412541254125,
      "map_5095": 0.0020057736331370764,
      "map_50_containment": 0.0058923724265592305,
      "map_90_containment": 0.0012506513809275664,
      "mean_pred_box_area": 0.00415367096343505,
      "std_pred_box_area": 0.003233284796625291,
      "frac_pred_box_too_big": 0.0,
      "frac_pred_box_too_small": 0.7,
      "mean_gt_box_area": 0.009784277339110848,
      "pred_to_gt_area_ratio_mean": 0.9637939785673798,
      "pred_to_gt_area_ratio_median": 0.576988173999139,
      "log_area_ratio_mean": -0.7483587594527319,
      "log_area_ratio_std": 1.3552656641814167,
      "center_distance_mean": 0.31551478809952505,
      "center_distance_median": 0.33404993304685987,
      "score_mean": 0.08260915514081717,
      "score_std": 0.05581554299142592,
      "score_p25": 0.04063193965703249,
      "score_p75": 0.11340420320630074,
      "score_iou_correlation": -0.13861914752222534,
      "bg_prob_pos_mean": 0.00020916397594191949,
      "bg_prob_pos_median": 0.00014112931239651516,
      "abstain_rate_pos": 0.0
    },
    "per_source": {
      "hots": {
        "n": 100,
        "n_pos": 100,
        "n_neg": 0,
        "iou_mean": 0.05492559522390365,
        "iou_median": 0.0,
        "iou_p25": 0.0,
        "iou_p75": 0.0,
        "iou_std": 0.17678802167345653,
        "frac_iou_25": 0.08,
        "frac_iou_50": 0.07,
        "frac_iou_75": 0.01,
        "frac_iou_90": 0.0,
        "containment_mean": 0.06291420221328735,
        "containment_median": 0.0,
        "containment_p25": 0.0,
        "containment_p75": 0.0,
        "containment_std": 0.20982897422201524,
        "frac_containment_50": 0.07,
        "frac_containment_75": 0.04,
        "frac_containment_90": 0.03,
        "frac_containment_full": 0.02,
        "contain_at_iou_50": 0.07,
        "contain_at_iou_75": 0.01,
        "high_contain_high_iou": 0.03,
        "ap_per_iou": {
          "0.50": 0.0058923724265592305,
          "0.55": 0.004851011416931166,
          "0.60": 0.0032024255057084656,
          "0.65": 0.0032024255057084656,
          "0.70": 0.0020844189682126106,
          "0.75": 0.0004125412541254125,
          "0.80": 0.0004125412541254125,
          "0.85": 0.0,
          "0.90": 0.0,
          "0.95": 0.0
        },
        "map_50": 0.0058923724265592305,
        "map_75": 0.0004125412541254125,
        "map_5095": 0.0020057736331370764,
        "map_50_containment": 0.0058923724265592305,
        "map_90_containment": 0.0012506513809275664,
        "mean_pred_box_area": 0.00415367096343505,
        "std_pred_box_area": 0.003233284796625291,
        "frac_pred_box_too_big": 0.0,
        "frac_pred_box_too_small": 0.7,
        "mean_gt_box_area": 0.009784277339110848,
        "pred_to_gt_area_ratio_mean": 0.9637939785673798,
        "pred_to_gt_area_ratio_median": 0.576988173999139,
        "log_area_ratio_mean": -0.7483587594527319,
        "log_area_ratio_std": 1.3552656641814167,
        "center_distance_mean": 0.31551478809952505,
        "center_distance_median": 0.33404993304685987,
        "score_mean": 0.08260915514081717,
        "score_std": 0.05581554299142592,
        "score_p25": 0.04063193965703249,
        "score_p75": 0.11340420320630074,
        "score_iou_correlation": -0.13861914752222534,
        "bg_prob_pos_mean": 0.00020916397594191949,
        "bg_prob_pos_median": 0.00014112931239651516,
        "abstain_rate_pos": 0.0
      }
    },
    "per_k": {
      "k1": {
        "n": 34,
        "n_pos": 34,
        "n_neg": 0,
        "iou_mean": 0.11631334660684362,
        "iou_median": 0.0,
        "iou_p25": 0.0,
        "iou_p75": 0.0,
        "iou_std": 0.261131861541446,
        "frac_iou_25": 0.14705882352941177,
        "frac_iou_50": 0.14705882352941177,
        "frac_iou_75": 0.029411764705882353,
        "frac_iou_90": 0.0,
        "containment_mean": 0.13980335654581294,
        "containment_median": 0.0,
        "containment_p25": 0.0,
        "containment_p75": 0.0,
        "containment_std": 0.3211923085804632,
        "frac_containment_50": 0.14705882352941177,
        "frac_containment_75": 0.11764705882352941,
        "frac_containment_90": 0.08823529411764706,
        "frac_containment_full": 0.058823529411764705,
        "contain_at_iou_50": 0.14705882352941177,
        "contain_at_iou_75": 0.029411764705882353,
        "high_contain_high_iou": 0.08823529411764706,
        "ap_per_iou": {
          "0.50": 0.02335200625325691,
          "0.55": 0.02335200625325691,
          "0.60": 0.02335200625325691,
          "0.65": 0.02335200625325691,
          "0.70": 0.01485148514851485,
          "0.75": 0.0021216407355021216,
          "0.80": 0.0021216407355021216,
          "0.85": 0.0,
          "0.90": 0.0,
          "0.95": 0.0
        },
        "map_50": 0.02335200625325691,
        "map_75": 0.0021216407355021216,
        "map_5095": 0.011250279163254672,
        "map_50_containment": 0.02335200625325691,
        "map_90_containment": 0.008353960396039604,
        "mean_pred_box_area": 0.004148472917235036,
        "std_pred_box_area": 0.0025883499714851213,
        "frac_pred_box_too_big": 0.0,
        "frac_pred_box_too_small": 0.6470588235294118,
        "mean_gt_box_area": 0.009179687398992586,
        "pred_to_gt_area_ratio_mean": 1.006660689686699,
        "pred_to_gt_area_ratio_median": 0.7077668918145932,
        "log_area_ratio_mean": -0.6467770487184737,
        "log_area_ratio_std": 1.2982283458313757,
        "center_distance_mean": 0.28862268336087477,
        "center_distance_median": 0.3476238707536148,
        "score_mean": 0.07094676337917061,
        "score_std": 0.0438029512526194,
        "score_p25": 0.03662834595888853,
        "score_p75": 0.0836978405714035,
        "score_iou_correlation": -0.19807613319194947,
        "bg_prob_pos_mean": 0.0002714691257043502,
        "bg_prob_pos_median": 0.00015222167712636292,
        "abstain_rate_pos": 0.0
      },
      "k4": {
        "n": 33,
        "n_pos": 33,
        "n_neg": 0,
        "iou_mean": 0.046603204174475235,
        "iou_median": 0.0,
        "iou_p25": 0.0,
        "iou_p75": 0.0,
        "iou_std": 0.13850915865758823,
        "frac_iou_25": 0.09090909090909091,
        "frac_iou_50": 0.06060606060606061,
        "frac_iou_75": 0.0,
        "frac_iou_90": 0.0,
        "containment_mean": 0.04660927572033622,