{
  "stage": "L1",
  "epoch": 2,
  "fold": 1,
  "wall_clock_seconds": 483.24,
  "lr": {
    "fusion": 4.492604866073954e-05
  },
  "train": {
    "loss": 5.428031005859375,
    "patch_ce": 5.428031005859375,
    "l1": 0.0,
    "giou": 0.0,
    "grad_norm": 6.922991943359375,
    "n_steps": 400,
    "alpha": 0.02937278524041176
  },
  "val": {
    "overall": {
      "n": 100,
      "n_pos": 100,
      "iou_mean": 0.12050129074777942,
      "iou_median": 0.0,
      "iou_p25": 0.0,
      "iou_p75": 0.01687020086683333,
      "iou_std": 0.2602330671821693,
      "frac_iou_25": 0.17,
      "frac_iou_50": 0.15,
      "frac_iou_75": 0.04,
      "frac_iou_90": 0.0,
      "containment_mean": 0.28669260229915383,
      "containment_median": 0.0,
      "containment_p25": 0.0,
      "containment_p75": 0.9219901114702225,
      "containment_std": 0.43842112086295504,
      "frac_containment_50": 0.28,
      "frac_containment_75": 0.28,
      "frac_containment_90": 0.26,
      "frac_containment_full": 0.21,
      "contain_at_iou_50": 0.15,
      "contain_at_iou_75": 0.04,
      "high_contain_high_iou": 0.13,
      "ap_per_iou": {
        "0.50": 0.040089626416180586,
        "0.55": 0.03532466271460214,
        "0.60": 0.03532466271460214,
        "0.65": 0.03360141346660042,
        "0.70": 0.020799078031630554,
        "0.75": 0.0036111719280036113,
        "0.80": 0.0005824111822947001,
        "0.85": 0.0,
        "0.90": 0.0,
        "0.95": 0.0
      },
      "map_50": 0.040089626416180586,
      "map_75": 0.0036111719280036113,
      "map_5095": 0.016933302645391415,
      "map_50_containment": 0.17637396556476953,
      "map_90_containment": 0.16732352062057212,
      "mean_pred_box_area": 0.10155289634292348,
      "std_pred_box_area": 0.21621790894155268,
      "frac_pred_box_too_big": 0.11,
      "frac_pred_box_too_small": 0.41,
      "mean_gt_box_area": 0.008267109710141085,
      "pred_to_gt_area_ratio_mean": 72.18558266738948,
      "pred_to_gt_area_ratio_median": 3.909730164393835,
      "log_area_ratio_mean": 1.7320286251508543,
      "log_area_ratio_std": 1.650792046430259,
      "center_distance_mean": 0.224073069252937,
      "center_distance_median": 0.2017170062795252,
      "score_mean": 0.9469865691661835,
      "score_std": 0.06640724307777868,
      "score_p25": 0.9361262768507004,
      "score_p75": 0.9888556003570557,
      "score_iou_correlation": 0.04830263996836197
    },
    "per_source": {
      "hots": {
        "n": 36,
        "n_pos": 36,
        "iou_mean": 0.23101138859055936,
        "iou_median": 0.008028264157474041,
        "iou_p25": 0.0,
        "iou_p75": 0.5686071217060089,
        "iou_std": 0.3267638126577486,
        "frac_iou_25": 0.3333333333333333,
        "frac_iou_50": 0.2777777777777778,
        "frac_iou_75": 0.1111111111111111,
        "frac_iou_90": 0.0,
        "containment_mean": 0.5034161855777105,
        "containment_median": 0.6260097324848175,
        "containment_p25": 0.0,
        "containment_p75": 0.9999210983514786,
        "containment_std": 0.4955473522163111,
        "frac_containment_50": 0.5,
        "frac_containment_75": 0.5,
        "frac_containment_90": 0.5,
        "frac_containment_full": 0.3888888888888889,
        "contain_at_iou_50": 0.2777777777777778,
        "contain_at_iou_75": 0.1111111111111111,
        "high_contain_high_iou": 0.2777777777777778,
        "ap_per_iou": {
          "0.50": 0.08288543140028287,
          "0.55": 0.07062706270627062,
          "0.60": 0.07062706270627062,
          "0.65": 0.07062706270627062,
          "0.70": 0.04234577303884236,
          "0.75": 0.013578500707213581,
          "0.80": 0.0010242403550699897,
          "0.85": 0.0,
          "0.90": 0.0,
          "0.95": 0.0
        },
        "map_50": 0.08288543140028287,
        "map_75": 0.013578500707213581,
        "map_5095": 0.03517151336202207,
        "map_50_containment": 0.34148022940286055,
        "map_90_containment": 0.34148022940286055,
        "mean_pred_box_area": 0.17722810846050785,
        "std_pred_box_area": 0.24215343403675868,
        "frac_pred_box_too_big": 0.19444444444444445,
        "frac_pred_box_too_small": 0.05555555555555555,
        "mean_gt_box_area": 0.020278252711351443,
        "pred_to_gt_area_ratio_mean": 20.456589775600044,
        "pred_to_gt_area_ratio_median": 5.351174428641697,
        "log_area_ratio_mean": 1.960113862226758,
        "log_area_ratio_std": 1.492765764130966,
        "center_distance_mean": 0.26661876765016795,
        "center_distance_median": 0.26601775193100097,
        "score_mean": 0.9690330906046761,
        "score_std": 0.08475995073821278,
        "score_p25": 0.9826474338769913,
        "score_p75": 0.9991536140441895,
        "score_iou_correlation": -0.0655283238030271
      },
      "insdet": {
        "n": 64,
        "n_pos": 64,
        "iou_mean": 0.058339360711215704,
        "iou_median": 0.0,
        "iou_p25": 0.0,
        "iou_p75": 0.0,
        "iou_std": 0.19025216996085334,
        "frac_iou_25": 0.078125,
        "frac_iou_50": 0.078125,
        "frac_iou_75": 0.0,
        "frac_iou_90": 0.0,
        "containment_mean": 0.16478558670496568,
        "containment_median": 0.0,
        "containment_p25": 0.0,
        "containment_p75": 0.0,
        "containment_std": 0.35169049970958616,
        "frac_containment_50": 0.15625,
        "frac_containment_75": 0.15625,
        "frac_containment_90": 0.125,
        "frac_containment_full": 0.109375,
        "contain_at_iou_50": 0.078125,
        "contain_at_iou_75": 0.0,
        "high_contain_high_iou": 0.046875,
        "ap_per_iou": {
          "0.50": 0.013900675781863898,
          "0.55": 0.013900675781863898,
          "0.60": 0.013900675781863898,
          "0.65": 0.012635549269212634,
          "0.70": 0.009045904590459047,
          "0.75": 0.0,
          "0.80": 0.0,
          "0.85": 0.0,
          "0.90": 0.0,
          "0.95": 0.0
        },
        "map_50": 0.013900675781863898,
        "map_75": 0.0,
        "map_5095": 0.006338348120526338,
        "map_50_containment": 0.08894389438943893,
        "map_90_containment": 0.07540619446560043,
        "mean_pred_box_area": 0.05898558952678229,
        "std_pred_box_area": 0.18914172215426447,
        "frac_pred_box_too_big": 0.0625,
        "frac_pred_box_too_small": 0.609375,
        "mean_gt_box_area": 0.0015108417719602585,
        "pred_to_gt_area_ratio_mean": 101.28314116902104,
        "pred_to_gt_area_ratio_median": 3.400674283326838,
        "log_area_ratio_mean": 1.6037306792956583,
        "log_area_ratio_std": 1.7314449420627125,
        "center_distance_mean": 0.20014111390449454,
        "center_distance_median": 0.1608713132243534,
        "score_mean": 0.9345854008570313,
        "score_std": 0.0500465315809563,
        "score_p25": 0.9243854433298111,
        "score_p75": 0.9654304683208466,
        "score_iou_correlation": 0.015195436004279016
      }
    },
    "per_k": {
      "k1": {
        "n": 34,
        "n_pos": 34,
        "iou_mean": 0.13173350847928839,
        "iou_median": 0.0,
        "iou_p25": 0.0,
        "iou_p75": 0.009577975142747164,
        "iou_std": 0.28534026990234107,
        "frac_iou_25": 0.17647058823529413,
        "frac_iou_50": 0.17647058823529413,
        "frac_iou_75": 0.058823529411764705,
        "frac_iou_90": 0.0,
        "containment_mean": 0.26879172991303835,
        "containment_median": 0.0,
        "containment_p25": 0.0,
        "containment_p75": 0.7689365148544312,
        "containment_std": 0.43675125235106677,
        "frac_containment_50": 0.2647058823529412,
        "frac_containment_75": 0.2647058823529412,
        "frac_containment_90": 0.2647058823529412,
        "frac_containment_full": 0.17647058823529413,
        "contain_at_iou_50": 0.17647058823529413,
        "contain_at_iou_75": 0.058823529411764705,
        "high_contain_high_iou": 0.17647058823529413,
        "ap_per_iou": {
          "0.50": 0.05832583258325832,