{
  "stage": "1_2",
  "epoch": 1,
  "fold": 0,
  "wall_clock_seconds": 299.8,
  "lr": {
    "aggregator": 2.8749999999999997e-05,
    "existence_head": 2.8749999999999997e-05,
    "class_head": 1.4374999999999999e-05,
    "box_head": 1.4374999999999999e-05
  },
  "train": {
    "loss": 0.5129572258841607,
    "focal": 0.07134132189375739,
    "l1": 0.007249614764605799,
    "giou": 0.07641306038825743,
    "box_loss": 0.1890741923163014,
    "box_area_penalty": 0.0061697111232206225,
    "existence_kl": 0.0,
    "margin": 0.4993330740159558,
    "nt_xent": 0.022581958437278386,
    "grad_norm": Infinity,
    "n_steps": 62
  },
  "val": {
    "overall": {
      "n": 100,
      "n_pos": 51,
      "n_neg": 49,
      "iou_mean": 0.22159687682127982,
      "iou_median": 0.0,
      "iou_p25": 0.0,
      "iou_p75": 0.7070164680480957,
      "contain_mean": 0.34508786189789864,
      "contain_at_iou_50": 0.27450980392156865,
      "contain_at_iou_75": 0.1568627450980392,
      "ap_per_iou": {
        "0.50": 0.15815755488592342,
        "0.55": 0.15815755488592342,
        "0.60": 0.15815755488592342,
        "0.65": 0.15815755488592342,
        "0.70": 0.13164456197172505,
        "0.75": 0.06078607860786079,
        "0.80": 0.026462646264626462,
        "0.85": 0.0,
        "0.90": 0.0,
        "0.95": 0.0
      },
      "map_50": 0.15815755488592342,
      "map_75": 0.06078607860786079,
      "map_5095": 0.08515235063879059,
      "map_50_existence_only": 0.15974383152600977,
      "map_5095_existence_only": 0.08601723908654603,
      "map_50_score_only": 0.14684093441646687,
      "map_5095_score_only": 0.08143602976888265,
      "precision_50": 0.5,
      "recall_50": 0.058823529411764705,
      "f1_50": 0.10526315789473684,
      "existence_acc": 0.51,
      "existence_acc_pos": 0.0784313725490196,
      "existence_acc_neg": 0.9591836734693877,
      "existence_auroc": 0.5758303321328532,
      "existence_pr_auc": 0.5906991974071677,
      "existence_brier": 0.25092049883848583,
      "existence_f1": 0.10526315789473684,
      "false_positive_rate": 0.04081632653061224,
      "false_negative_rate": 0.9215686274509803,
      "mean_score_pos": 0.44451775211913913,
      "mean_score_neg": 0.43398391531438246,
      "mean_pred_box_area": 0.07076379066100344,
      "frac_pred_box_too_big": 0.07,
      "mean_existence_prob": 0.43935617208480837,
      "frac_high_existence": 0.0,
      "prototype_norm_mean": 2.0690596330165865,
      "prototype_norm_std": 0.19647721361448597
    },
    "per_source": {
      "hots": {
        "n": 36,
        "n_pos": 21,
        "n_neg": 15,
        "iou_mean": 0.5144029202915373,
        "iou_median": 0.7385604381561279,
        "iou_p25": 0.0,
        "iou_p75": 0.8041263818740845,
        "contain_mean": 0.6598418440137591,
        "contain_at_iou_50": 0.6666666666666666,
        "contain_at_iou_75": 0.38095238095238093,
        "ap_per_iou": {
          "0.50": 0.4357805821067934,
          "0.55": 0.4357805821067934,
          "0.60": 0.4357805821067934,
          "0.65": 0.4357805821067934,
          "0.70": 0.3632542201588577,
          "0.75": 0.16266626662666275,
          "0.80": 0.07950795079507948,
          "0.85": 0.0,
          "0.90": 0.0,
          "0.95": 0.0
        },
        "map_50": 0.4357805821067934,
        "map_75": 0.16266626662666275,
        "map_5095": 0.23485507660077737,
        "map_50_existence_only": 0.4311083489301313,
        "map_5095_existence_only": 0.23205018670365213,
        "map_50_score_only": 0.4642823723366126,
        "map_5095_score_only": 0.25526047511583455,
        "precision_50": 0.5,
        "recall_50": 0.14285714285714285,
        "f1_50": 0.22222222222222224,
        "existence_acc": 0.4722222222222222,
        "existence_acc_pos": 0.19047619047619047,
        "existence_acc_neg": 0.8666666666666667,
        "existence_auroc": 0.6349206349206349,
        "existence_pr_auc": 0.6781499940657024,
        "existence_brier": 0.25166333015308057,
        "existence_f1": 0.22222222222222224,
        "false_positive_rate": 0.13333333333333333,
        "false_negative_rate": 0.8095238095238095,
        "mean_score_pos": 0.47005994405065266,
        "mean_score_neg": 0.45444897611935936,
        "mean_pred_box_area": 0.02841107229404669,
        "frac_pred_box_too_big": 0.0,
        "mean_existence_prob": 0.46355537407928044,
        "frac_high_existence": 0.0,
        "prototype_norm_mean": 1.9068322281042736,
        "prototype_norm_std": 0.17971616240341526
      },
      "insdet": {
        "n": 64,
        "n_pos": 30,
        "n_neg": 34,
        "iou_mean": 0.01663264639209956,
        "iou_median": 0.0,
        "iou_p25": 0.0,
        "iou_p75": 0.0,
        "contain_mean": 0.12476007441679636,
        "contain_at_iou_50": 0.0,
        "contain_at_iou_75": 0.0,
        "ap_per_iou": {
          "0.50": 0.0,
          "0.55": 0.0,
          "0.60": 0.0,
          "0.65": 0.0,
          "0.70": 0.0,
          "0.75": 0.0,
          "0.80": 0.0,
          "0.85": 0.0,
          "0.90": 0.0,
          "0.95": 0.0
        },
        "map_50": 0.0,
        "map_75": 0.0,
        "map_5095": 0.0,
        "map_50_existence_only": 0.0,
        "map_5095_existence_only": 0.0,
        "map_50_score_only": 0.0,
        "map_5095_score_only": 0.0,
        "precision_50": 0.0,
        "recall_50": 0.0,
        "f1_50": 0.0,
        "existence_acc": 0.53125,
        "existence_acc_pos": 0.0,
        "existence_acc_neg": 1.0,
        "existence_auroc": 0.5411764705882353,
        "existence_pr_auc": 0.49648526423434686,
        "existence_brier": 0.25050265622402623,
        "existence_f1": 0.0,
        "false_positive_rate": 0.0,
        "false_negative_rate": 1.0,
        "mean_score_pos": 0.42663821776707966,
        "mean_score_neg": 0.4249552120180691,
        "mean_pred_box_area": 0.09458719474241661,
        "frac_pred_box_too_big": 0.109375,
        "mean_existence_prob": 0.4257441209629178,
        "frac_high_existence": 0.0,
        "prototype_norm_mean": 2.1603125482797623,
        "prototype_norm_std": 0.138640074264681
      }
    },
    "tile_cfg": {
      "mode": "off",
      "levels": [
        1,
        2
      ],
      "overlap": 0.3,
      "for_sources": [
        "insdet"
      ],
      "nms_iou": 0.5,
      "top_k": 100,
      "score_combo": "existence_x_score",
      "edge_score_penalty": 0.5,
      "edge_px": 4,
      "merge_partial_boxes": true,
      "merge_min_score": 0.2
    }
  }
}