{
  "stage": "1_2",
  "epoch": 1,
  "fold": 1,
  "wall_clock_seconds": 744.75,
  "lr": {
    "aggregator": 9.995733063144569e-05,
    "existence_head": 9.995733063144569e-05,
    "class_head": 4.997868667176315e-05,
    "box_head": 4.997868667176315e-05
  },
  "train": {
    "loss": 0.5915185573600954,
    "focal": 0.07251160790122324,
    "l1": 0.01102105332838912,
    "giou": 0.11524240624520087,
    "box_loss": 0.2855900824069977,
    "box_area_penalty": 0.004800348886478347,
    "existence_kl": 0.0,
    "margin": 0.45881895865163497,
    "nt_xent": 0.035273516806022774,
    "grad_norm": NaN,
    "n_steps": 62
  },
  "val": {
    "overall": {
      "n": 100,
      "n_pos": 47,
      "n_neg": 53,
      "iou_mean": 0.18289700938058037,
      "iou_median": 0.0,
      "iou_p25": 0.0,
      "iou_p75": 0.013824481517076492,
      "contain_mean": 0.311439338160005,
      "contain_at_iou_50": 0.23404255319148937,
      "contain_at_iou_75": 0.1702127659574468,
      "ap_per_iou": {
        "0.50": 0.13974016449263968,
        "0.55": 0.13974016449263968,
        "0.60": 0.13974016449263968,
        "0.65": 0.13974016449263968,
        "0.70": 0.10344963067735347,
        "0.75": 0.09188014039499186,
        "0.80": 0.01395306197286395,
        "0.85": 0.011001100110011002,
        "0.90": 0.0,
        "0.95": 0.0
      },
      "map_50": 0.13974016449263968,
      "map_75": 0.09188014039499186,
      "map_5095": 0.0779244591125779,
      "map_50_existence_only": 0.14105993522176513,
      "map_5095_existence_only": 0.07855630883285371,
      "map_50_score_only": 0.1442725522552255,
      "map_5095_score_only": 0.08425846895034331,
      "precision_50": 0.5,
      "recall_50": 0.14893617021276595,
      "f1_50": 0.22950819672131148,
      "existence_acc": 0.57,
      "existence_acc_pos": 0.19148936170212766,
      "existence_acc_neg": 0.9056603773584906,
      "existence_auroc": 0.602167804094741,
      "existence_pr_auc": 0.5909908157858149,
      "existence_brier": 0.24374792936824952,
      "existence_f1": 0.22950819672131148,
      "false_positive_rate": 0.09433962264150944,
      "false_negative_rate": 0.8085106382978723,
      "mean_score_pos": 0.44559453396086995,
      "mean_score_neg": 0.427088773475503,
      "mean_pred_box_area": 0.09071252905530855,
      "frac_pred_box_too_big": 0.08,
      "mean_existence_prob": 0.4357864809036255,
      "frac_high_existence": 0.0,
      "prototype_norm_mean": 2.0580092990398406,
      "prototype_norm_std": 0.14585957736801466
    },
    "per_source": {
      "hots": {
        "n": 36,
        "n_pos": 16,
        "n_neg": 20,
        "iou_mean": 0.5351841561496258,
        "iou_median": 0.7381695806980133,
        "iou_p25": 0.0,
        "iou_p75": 0.7981890738010406,
        "contain_mean": 0.6642923131585121,
        "contain_at_iou_50": 0.6875,
        "contain_at_iou_75": 0.5,
        "ap_per_iou": {
          "0.50": 0.4536875133809026,
          "0.55": 0.4536875133809026,
          "0.60": 0.4536875133809026,
          "0.65": 0.4536875133809026,
          "0.70": 0.32351751304162674,
          "0.75": 0.2868371700693645,
          "0.80": 0.048404840484048424,
          "0.85": 0.02860286028602861,
          "0.90": 0.0,
          "0.95": 0.0
        },
        "map_50": 0.4536875133809026,
        "map_75": 0.2868371700693645,
        "map_5095": 0.2502112437404679,
        "map_50_existence_only": 0.45034902299753876,
        "map_5095_existence_only": 0.24848496003844733,
        "map_50_score_only": 0.4778452038752258,
        "map_5095_score_only": 0.27415628659640146,
        "precision_50": 0.5,
        "recall_50": 0.4375,
        "f1_50": 0.4666666666666667,
        "existence_acc": 0.6666666666666666,
        "existence_acc_pos": 0.5625,
        "existence_acc_neg": 0.75,
        "existence_auroc": 0.715625,
        "existence_pr_auc": 0.6950406907007308,
        "existence_brier": 0.22745684628231247,
        "existence_f1": 0.4666666666666667,
        "false_positive_rate": 0.25,
        "false_negative_rate": 0.4375,
        "mean_score_pos": 0.49938926473259926,
        "mean_score_neg": 0.4494081065058708,
        "mean_pred_box_area": 0.053321014792244464,
        "frac_pred_box_too_big": 0.027777777777777776,
        "mean_existence_prob": 0.471621954606639,
        "frac_high_existence": 0.0,
        "prototype_norm_mean": 1.9723197155528598,
        "prototype_norm_std": 0.17737614920898526
      },
      "insdet": {
        "n": 64,
        "n_pos": 31,
        "n_neg": 33,
        "iou_mean": 0.0010713852417182116,
        "iou_median": 0.0,
        "iou_p25": 0.0,
        "iou_p75": 0.0,
        "contain_mean": 0.12932167364464653,
        "contain_at_iou_50": 0.0,
        "contain_at_iou_75": 0.0,
        "ap_per_iou": {
          "0.50": 0.0,
          "0.55": 0.0,
          "0.60": 0.0,
          "0.65": 0.0,
          "0.70": 0.0,
          "0.75": 0.0,
          "0.80": 0.0,
          "0.85": 0.0,
          "0.90": 0.0,
          "0.95": 0.0
        },
        "map_50": 0.0,
        "map_75": 0.0,
        "map_5095": 0.0,
        "map_50_existence_only": 0.0,
        "map_5095_existence_only": 0.0,
        "map_50_score_only": 0.0,
        "map_5095_score_only": 0.0,
        "precision_50": 0.0,
        "recall_50": 0.0,
        "f1_50": 0.0,
        "existence_acc": 0.515625,
        "existence_acc_pos": 0.0,
        "existence_acc_neg": 1.0,
        "existence_auroc": 0.555229716520039,
        "existence_pr_auc": 0.5542391261116617,
        "existence_brier": 0.2529116636040891,
        "existence_f1": 0.0,
        "false_positive_rate": 0.0,
        "false_negative_rate": 1.0,
        "mean_score_pos": 0.4178295116270742,
        "mean_score_neg": 0.4135619049722498,
        "mean_pred_box_area": 0.1117452558282821,
        "frac_pred_box_too_big": 0.109375,
        "mean_existence_prob": 0.4156290269456804,
        "frac_high_existence": 0.0,
        "prototype_norm_mean": 2.1062096897512674,
        "prototype_norm_std": 0.09693878231091385
      }
    },
    "tile_cfg": {
      "mode": "off",
      "levels": [
        1,
        2
      ],
      "overlap": 0.3,
      "for_sources": [
        "insdet"
      ],
      "nms_iou": 0.5,
      "top_k": 100,
      "score_combo": "existence_x_score",
      "edge_score_penalty": 0.5,
      "edge_px": 4,
      "merge_partial_boxes": true,
      "merge_min_score": 0.2
    }
  }
}