{
  "stage": "1_2",
  "epoch": 1,
  "fold": 3,
  "wall_clock_seconds": 333.66,
  "lr": {
    "aggregator": 9.961641295786542e-05,
    "existence_head": 9.961641295786542e-05,
    "class_head": 4.980839846443923e-05,
    "box_head": 4.980839846443923e-05
  },
  "train": {
    "loss": 0.6464762118074202,
    "focal": 0.07652151692778833,
    "l1": 0.017320046276454965,
    "giou": 0.12194341997946462,
    "box_loss": 0.33048706525756466,
    "box_area_penalty": 0.00794308137179659,
    "existence_kl": 0.0,
    "margin": 0.47313894764069586,
    "nt_xent": 0.021038398161650665,
    "grad_norm": 1.5895703723353725,
    "n_steps": 62
  },
  "val": {
    "overall": {
      "n": 100,
      "n_pos": 55,
      "n_neg": 45,
      "iou_mean": 0.187063933911056,
      "iou_median": 0.0,
      "iou_p25": 0.0,
      "iou_p75": 0.0098272655159235,
      "contain_mean": 0.2793951793150468,
      "contain_at_iou_50": 0.23636363636363636,
      "contain_at_iou_75": 0.2,
      "ap_per_iou": {
        "0.50": 0.15551155115511545,
        "0.55": 0.15551155115511545,
        "0.60": 0.15551155115511545,
        "0.65": 0.15551155115511545,
        "0.70": 0.13181518151815177,
        "0.75": 0.12706270627062702,
        "0.80": 0.03343040186371578,
        "0.85": 0.01909476661951909,
        "0.90": 0.0,
        "0.95": 0.0
      },
      "map_50": 0.15551155115511545,
      "map_75": 0.12706270627062702,
      "map_5095": 0.09334492608924755,
      "map_50_existence_only": 0.15511551155115505,
      "map_5095_existence_only": 0.09316823149671136,
      "map_50_score_only": 0.16134946828016128,
      "map_5095_score_only": 0.09954597054189362,
      "precision_50": 0.6470588235294118,
      "recall_50": 0.2,
      "f1_50": 0.3055555555555555,
      "existence_acc": 0.56,
      "existence_acc_pos": 0.2545454545454545,
      "existence_acc_neg": 0.9333333333333333,
      "existence_auroc": 0.6848484848484848,
      "existence_pr_auc": 0.7209715590492225,
      "existence_brier": 0.24676878488909068,
      "existence_f1": 0.3055555555555555,
      "false_positive_rate": 0.06666666666666667,
      "false_negative_rate": 0.7454545454545455,
      "mean_score_pos": 0.456113201379776,
      "mean_score_neg": 0.4267337653372023,
      "mean_pred_box_area": 0.06711463860701769,
      "frac_pred_box_too_big": 0.03,
      "mean_existence_prob": 0.4428924551606178,
      "frac_high_existence": 0.0,
      "prototype_norm_mean": 2.1539332914352416,
      "prototype_norm_std": 0.15076712445196858
    },
    "per_source": {
      "hots": {
        "n": 35,
        "n_pos": 19,
        "n_neg": 16,
        "iou_mean": 0.5403827617042943,
        "iou_median": 0.7604858875274658,
        "iou_p25": 0.0,
        "iou_p75": 0.808230996131897,
        "contain_mean": 0.6509896140349539,
        "contain_at_iou_50": 0.6842105263157895,
        "contain_at_iou_75": 0.5789473684210527,
        "ap_per_iou": {
          "0.50": 0.449257425742574,
          "0.55": 0.449257425742574,
          "0.60": 0.449257425742574,
          "0.65": 0.449257425742574,
          "0.70": 0.3806380638063806,
          "0.75": 0.3509350935093509,
          "0.80": 0.09143855562026793,
          "0.85": 0.052687411598302696,
          "0.90": 0.0,
          "0.95": 0.0
        },
        "map_50": 0.449257425742574,
        "map_75": 0.3509350935093509,
        "map_5095": 0.2672728827504598,
        "map_50_existence_only": 0.44818481848184816,
        "map_5095_existence_only": 0.2667250279649813,
        "map_50_score_only": 0.47442244224422414,
        "map_5095_score_only": 0.2894592678401647,
        "precision_50": 0.6470588235294118,
        "recall_50": 0.5789473684210527,
        "f1_50": 0.6111111111111113,
        "existence_acc": 0.7714285714285715,
        "existence_acc_pos": 0.7368421052631579,
        "existence_acc_neg": 0.8125,
        "existence_auroc": 0.8322368421052632,
        "existence_pr_auc": 0.8128567063718601,
        "existence_brier": 0.22056919844914805,
        "existence_f1": 0.6111111111111113,
        "false_positive_rate": 0.1875,
        "false_negative_rate": 0.2631578947368421,
        "mean_score_pos": 0.5193763736047243,
        "mean_score_neg": 0.4515627324581146,
        "mean_pred_box_area": 0.043821897730231284,
        "frac_pred_box_too_big": 0.02857142857142857,
        "mean_existence_prob": 0.4883758519377027,
        "frac_high_existence": 0.0,
        "prototype_norm_mean": 2.0007375172206334,
        "prototype_norm_std": 0.10974644147640596
      },
      "insdet": {
        "n": 65,
        "n_pos": 36,
        "n_neg": 29,
        "iou_mean": 0.0005901081312913448,
        "iou_median": 0.0,
        "iou_p25": 0.0,
        "iou_p75": 0.0,
        "contain_mean": 0.08327589432398479,
        "contain_at_iou_50": 0.0,
        "contain_at_iou_75": 0.0,
        "ap_per_iou": {
          "0.50": 0.0,
          "0.55": 0.0,
          "0.60": 0.0,
          "0.65": 0.0,
          "0.70": 0.0,
          "0.75": 0.0,
          "0.80": 0.0,
          "0.85": 0.0,
          "0.90": 0.0,
          "0.95": 0.0
        },
        "map_50": 0.0,
        "map_75": 0.0,
        "map_5095": 0.0,
        "map_50_existence_only": 0.0,
        "map_5095_existence_only": 0.0,
        "map_50_score_only": 0.0,
        "map_5095_score_only": 0.0,
        "precision_50": 0.0,
        "recall_50": 0.0,
        "f1_50": 0.0,
        "existence_acc": 0.4461538461538462,
        "existence_acc_pos": 0.0,
        "existence_acc_neg": 1.0,
        "existence_auroc": 0.6752873563218391,
        "existence_pr_auc": 0.7692221719747534,
        "existence_brier": 0.26087625451059826,
        "existence_f1": 0.0,
        "false_positive_rate": 0.0,
        "false_negative_rate": 1.0,
        "mean_score_pos": 0.42272430492771995,
        "mean_score_neg": 0.4130350248566989,
        "mean_pred_box_area": 0.07965688369451807,
        "frac_pred_box_too_big": 0.03076923076923077,
        "mean_existence_prob": 0.4184013953575721,
        "frac_high_existence": 0.0,
        "prototype_norm_mean": 2.236423323704646,
        "prototype_norm_std": 0.09496083499569666
      }
    },
    "tile_cfg": {
      "mode": "off",
      "levels": [
        1,
        2
      ],
      "overlap": 0.3,
      "for_sources": [
        "insdet"
      ],
      "nms_iou": 0.5,
      "top_k": 100,
      "score_combo": "existence_x_score",
      "edge_score_penalty": 0.5,
      "edge_px": 4,
      "merge_partial_boxes": true,
      "merge_min_score": 0.2
    }
  }
}