{
  "stage": "1_2",
  "epoch": 1,
  "fold": 4,
  "wall_clock_seconds": 789.04,
  "lr": {
    "aggregator": 9.931874710496599e-05,
    "existence_head": 9.931874710496599e-05,
    "class_head": 4.965971451989788e-05,
    "box_head": 4.965971451989788e-05
  },
  "train": {
    "loss": 0.4699195017737727,
    "focal": 0.07008374908999089,
    "l1": 0.00839456519292247,
    "giou": 0.0633764680354826,
    "box_loss": 0.16872576359779604,
    "box_area_penalty": 0.00700258914261095,
    "existence_kl": 0.0,
    "margin": 0.4561181222238848,
    "nt_xent": 0.023506707121287624,
    "grad_norm": 1.1033141613006592,
    "n_steps": 62
  },
  "val": {
    "overall": {
      "n": 100,
      "n_pos": 51,
      "n_neg": 49,
      "iou_mean": 0.15448417236621026,
      "iou_median": 0.0,
      "iou_p25": 0.0,
      "iou_p75": 0.012199966702610254,
      "contain_mean": 0.37342688879546,
      "contain_at_iou_50": 0.19607843137254902,
      "contain_at_iou_75": 0.17647058823529413,
      "ap_per_iou": {
        "0.50": 0.10998468267879419,
        "0.55": 0.10651065106510652,
        "0.60": 0.10651065106510652,
        "0.65": 0.10651065106510652,
        "0.70": 0.10651065106510652,
        "0.75": 0.10651065106510652,
        "0.80": 0.04327099376604327,
        "0.85": 0.0049504950495049506,
        "0.90": 0.0,
        "0.95": 0.0
      },
      "map_50": 0.10998468267879419,
      "map_75": 0.10651065106510652,
      "map_5095": 0.0690759426819875,
      "map_50_existence_only": 0.1060297162721198,
      "map_5095_existence_only": 0.06661450874151453,
      "map_50_score_only": 0.10894409953815895,
      "map_5095_score_only": 0.06916196747879917,
      "precision_50": 0.5454545454545454,
      "recall_50": 0.11764705882352941,
      "f1_50": 0.1935483870967742,
      "existence_acc": 0.58,
      "existence_acc_pos": 0.19607843137254902,
      "existence_acc_neg": 0.9795918367346939,
      "existence_auroc": 0.6238495398159264,
      "existence_pr_auc": 0.6914998078733772,
      "existence_brier": 0.24542458502673867,
      "existence_f1": 0.1935483870967742,
      "false_positive_rate": 0.02040816326530612,
      "false_negative_rate": 0.803921568627451,
      "mean_score_pos": 0.45095497369766235,
      "mean_score_neg": 0.42906847839452783,
      "mean_pred_box_area": 0.18570922867860645,
      "frac_pred_box_too_big": 0.18,
      "mean_existence_prob": 0.4402305909991264,
      "frac_high_existence": 0.0,
      "prototype_norm_mean": 1.9870365166664123,
      "prototype_norm_std": 0.1634104080745227
    },
    "per_source": {
      "hots": {
        "n": 35,
        "n_pos": 18,
        "n_neg": 17,
        "iou_mean": 0.4036110968898154,
        "iou_median": 0.3799850328359753,
        "iou_p25": 0.0,
        "iou_p75": 0.8076264709234238,
        "contain_mean": 0.48457269453340107,
        "contain_at_iou_50": 0.5,
        "contain_at_iou_75": 0.5,
        "ap_per_iou": {
          "0.50": 0.30670567056705683,
          "0.55": 0.30670567056705683,
          "0.60": 0.30670567056705683,
          "0.65": 0.30670567056705683,
          "0.70": 0.30670567056705683,
          "0.75": 0.30670567056705683,
          "0.80": 0.12758775877587755,
          "0.85": 0.01485148514851485,
          "0.90": 0.0,
          "0.95": 0.0
        },
        "map_50": 0.30670567056705683,
        "map_75": 0.30670567056705683,
        "map_5095": 0.19826732673267333,
        "map_50_existence_only": 0.29483734087694496,
        "map_5095_existence_only": 0.19105256954266864,
        "map_50_score_only": 0.318820566267153,
        "map_5095_score_only": 0.2082599188711441,
        "precision_50": 0.5454545454545454,
        "recall_50": 0.3333333333333333,
        "f1_50": 0.41379310344827586,
        "existence_acc": 0.7428571428571429,
        "existence_acc_pos": 0.5555555555555556,
        "existence_acc_neg": 0.9411764705882353,
        "existence_auroc": 0.8954248366013072,
        "existence_pr_auc": 0.8899835869134114,
        "existence_brier": 0.22151586196222348,
        "existence_f1": 0.41379310344827586,
        "false_positive_rate": 0.058823529411764705,
        "false_negative_rate": 0.4444444444444444,
        "mean_score_pos": 0.5045112388001548,
        "mean_score_neg": 0.4403482868390925,
        "mean_pred_box_area": 0.03588766343891621,
        "frac_pred_box_too_big": 0.0,
        "mean_existence_prob": 0.4733463764190674,
        "frac_high_existence": 0.0,
        "prototype_norm_mean": 1.827666221346174,
        "prototype_norm_std": 0.08568756053502821
      },
      "insdet": {
        "n": 65,
        "n_pos": 33,
        "n_neg": 32,
        "iou_mean": 0.018596758989698366,
        "iou_median": 0.0,
        "iou_p25": 0.0,
        "iou_p75": 0.0005310960696078837,
        "contain_mean": 0.3128019038474921,
        "contain_at_iou_50": 0.030303030303030304,
        "contain_at_iou_75": 0.0,
        "ap_per_iou": {
          "0.50": 0.0012775471095496647,
          "0.55": 0.0,
          "0.60": 0.0,
          "0.65": 0.0,
          "0.70": 0.0,
          "0.75": 0.0,
          "0.80": 0.0,
          "0.85": 0.0,
          "0.90": 0.0,
          "0.95": 0.0
        },
        "map_50": 0.0012775471095496647,
        "map_75": 0.0,
        "map_5095": 0.00012775471095496647,
        "map_50_existence_only": 0.0013656538067599864,
        "map_5095_existence_only": 0.00013656538067599865,
        "map_50_score_only": 0.0012376237623762376,
        "map_5095_score_only": 0.00012376237623762376,
        "precision_50": 0.0,
        "recall_50": 0.0,
        "f1_50": 0.0,
        "existence_acc": 0.49230769230769234,
        "existence_acc_pos": 0.0,
        "existence_acc_neg": 1.0,
        "existence_auroc": 0.45265151515151514,
        "existence_pr_auc": 0.5321386325520222,
        "existence_brier": 0.25829851283070837,
        "existence_f1": 0.0,
        "false_positive_rate": 0.0,
        "false_negative_rate": 1.0,
        "mean_score_pos": 0.4217424654599392,
        "mean_score_neg": 0.42307608015835285,
        "mean_pred_box_area": 0.2663823791922858,
        "frac_pred_box_too_big": 0.27692307692307694,
        "mean_existence_prob": 0.42239901423454285,
        "frac_high_existence": 0.0,
        "prototype_norm_mean": 2.0728512910696177,
        "prototype_norm_std": 0.12663434184803102
      }
    },
    "tile_cfg": {
      "mode": "off",
      "levels": [
        1,
        2
      ],
      "overlap": 0.3,
      "for_sources": [
        "insdet"
      ],
      "nms_iou": 0.5,
      "top_k": 100,
      "score_combo": "existence_x_score",
      "edge_score_penalty": 0.5,
      "edge_px": 4,
      "merge_partial_boxes": true,
      "merge_min_score": 0.2
    }
  }
}