{
  "stage": "1_2",
  "epoch": 1,
  "fold": 0,
  "wall_clock_seconds": 725.2,
  "lr": {
    "aggregator": 0.0001,
    "existence_head": 0.0001,
    "class_head": 5e-05,
    "box_head": 5e-05
  },
  "train": {
    "loss": 0.6729546605098632,
    "focal": 0.07281520265725351,
    "l1": 0.018576345015918056,
    "giou": 0.1289978248457755,
    "box_loss": 0.35087737392994667,
    "box_area_penalty": 0.002747913341849081,
    "existence_kl": 0.0,
    "margin": 0.4978013192453692,
    "nt_xent": 0.0008662823106973402,
    "grad_norm": 1.024033413779351,
    "n_steps": 62
  },
  "val": {
    "overall": {
      "n": 100,
      "n_pos": 51,
      "n_neg": 49,
      "iou_mean": 0.21474960765472667,
      "iou_median": 0.0,
      "iou_p25": 0.0,
      "iou_p75": 0.7089927792549133,
      "contain_mean": 0.3251689713375241,
      "contain_at_iou_50": 0.27450980392156865,
      "contain_at_iou_75": 0.17647058823529413,
      "ap_per_iou": {
        "0.50": 0.17008853140953192,
        "0.55": 0.17008853140953192,
        "0.60": 0.17008853140953192,
        "0.65": 0.17008853140953192,
        "0.70": 0.14010769498002432,
        "0.75": 0.09178846456074179,
        "0.80": 0.0297029702970297,
        "0.85": 0.0,
        "0.90": 0.0,
        "0.95": 0.0
      },
      "map_50": 0.17008853140953192,
      "map_75": 0.09178846456074179,
      "map_5095": 0.09419532554759234,
      "map_50_existence_only": 0.16469120596270154,
      "map_5095_existence_only": 0.0914459077486696,
      "map_50_score_only": 0.16339866189198954,
      "map_5095_score_only": 0.09355364179513988,
      "precision_50": 0.6666666666666666,
      "recall_50": 0.11764705882352941,
      "f1_50": 0.2,
      "existence_acc": 0.54,
      "existence_acc_pos": 0.13725490196078433,
      "existence_acc_neg": 0.9591836734693877,
      "existence_auroc": 0.5794317727090836,
      "existence_pr_auc": 0.5956846980849588,
      "existence_brier": 0.24953991325720096,
      "existence_f1": 0.2,
      "false_positive_rate": 0.04081632653061224,
      "false_negative_rate": 0.8627450980392157,
      "mean_score_pos": 0.45169487887737797,
      "mean_score_neg": 0.43945932874874194,
      "mean_pred_box_area": 0.06328123261337168,
      "frac_pred_box_too_big": 0.06,
      "mean_existence_prob": 0.4456994593143463,
      "frac_high_existence": 0.0,
      "prototype_norm_mean": 2.0808584082126615,
      "prototype_norm_std": 0.20126607411298186
    },
    "per_source": {
      "hots": {
        "n": 36,
        "n_pos": 21,
        "n_neg": 15,
        "iou_mean": 0.5182941186995733,
        "iou_median": 0.7448293566703796,
        "iou_p25": 0.0,
        "iou_p75": 0.8106411695480347,
        "contain_mean": 0.659598932379768,
        "contain_at_iou_50": 0.6666666666666666,
        "contain_at_iou_75": 0.42857142857142855,
        "ap_per_iou": {
          "0.50": 0.43292995966263315,
          "0.55": 0.43292995966263315,
          "0.60": 0.43292995966263315,
          "0.65": 0.43292995966263315,
          "0.70": 0.36202001152496227,
          "0.75": 0.22841185217422816,
          "0.80": 0.08203677510608201,
          "0.85": 0.0,
          "0.90": 0.0,
          "0.95": 0.0
        },
        "map_50": 0.43292995966263315,
        "map_75": 0.22841185217422816,
        "map_5095": 0.2404188477455805,
        "map_50_existence_only": 0.41456812347901506,
        "map_5095_existence_only": 0.23035586892022558,
        "map_50_score_only": 0.47602795993885094,
        "map_5095_score_only": 0.2700520052005201,
        "precision_50": 0.6666666666666666,
        "recall_50": 0.2857142857142857,
        "f1_50": 0.4,
        "existence_acc": 0.5555555555555556,
        "existence_acc_pos": 0.3333333333333333,
        "existence_acc_neg": 0.8666666666666667,
        "existence_auroc": 0.6222222222222222,
        "existence_pr_auc": 0.6691427698511049,
        "existence_brier": 0.24870255697902882,
        "existence_f1": 0.4,
        "false_positive_rate": 0.13333333333333333,
        "false_negative_rate": 0.6666666666666666,
        "mean_score_pos": 0.4834042035398029,
        "mean_score_neg": 0.4672473212083181,
        "mean_pred_box_area": 0.028194087838831667,
        "frac_pred_box_too_big": 0.0,
        "mean_existence_prob": 0.47667216923501754,
        "frac_high_existence": 0.0,
        "prototype_norm_mean": 1.9110197259320154,
        "prototype_norm_std": 0.17839940899017362
      },
      "insdet": {
        "n": 64,
        "n_pos": 30,
        "n_neg": 34,
        "iou_mean": 0.002268449923334022,
        "iou_median": 0.0,
        "iou_p25": 0.0,
        "iou_p75": 0.0,
        "contain_mean": 0.0910679986079534,
        "contain_at_iou_50": 0.0,
        "contain_at_iou_75": 0.0,
        "ap_per_iou": {
          "0.50": 0.0,
          "0.55": 0.0,
          "0.60": 0.0,
          "0.65": 0.0,
          "0.70": 0.0,
          "0.75": 0.0,
          "0.80": 0.0,
          "0.85": 0.0,
          "0.90": 0.0,
          "0.95": 0.0
        },
        "map_50": 0.0,
        "map_75": 0.0,
        "map_5095": 0.0,
        "map_50_existence_only": 0.0,
        "map_5095_existence_only": 0.0,
        "map_50_score_only": 0.0,
        "map_5095_score_only": 0.0,
        "precision_50": 0.0,
        "recall_50": 0.0,
        "f1_50": 0.0,
        "existence_acc": 0.53125,
        "existence_acc_pos": 0.0,
        "existence_acc_neg": 1.0,
        "existence_auroc": 0.5509803921568628,
        "existence_pr_auc": 0.5123210999106543,
        "existence_brier": 0.25001092616367276,
        "existence_f1": 0.0,
        "false_positive_rate": 0.0,
        "false_negative_rate": 1.0,
        "mean_score_pos": 0.4294983516136805,
        "mean_score_neg": 0.42719992031069365,
        "mean_pred_box_area": 0.08301775154905044,
        "frac_pred_box_too_big": 0.09375,
        "mean_existence_prob": 0.42827730998396873,
        "frac_high_existence": 0.0,
        "prototype_norm_mean": 2.1763926669955254,
        "prototype_norm_std": 0.14219546933045804
      }
    },
    "tile_cfg": {
      "mode": "off",
      "levels": [
        1,
        2
      ],
      "overlap": 0.3,
      "for_sources": [
        "insdet"
      ],
      "nms_iou": 0.5,
      "top_k": 100,
      "score_combo": "existence_x_score",
      "edge_score_penalty": 0.5,
      "edge_px": 4,
      "merge_partial_boxes": true,
      "merge_min_score": 0.2
    }
  }
}