{
  "stage": 2,
  "epoch": 15,
  "fold": null,
  "wall_clock_seconds": 428.93,
  "lr": {
    "group_0": 1.151539283580679e-05,
    "group_1": 3.2745737165633534e-05
  },
  "train": {
    "loss": 3.678722579956055,
    "qfl": 0.07440214586257934,
    "neg_qfl": 0.00011071267060469837,
    "centerness": 1.0505918879508973,
    "dfl": 0.4527844877243042,
    "giou": 0.44324908328056334,
    "pred_iou": 0.06276910665631294,
    "presence": 4.148361780789855e-05,
    "attn": 0.12441183841228486,
    "aux": 1.127365240573883,
    "entropy_reg": 2.9423606052398683,
    "reg_l2_prior": 1177.4608056640625,
    "proto_norm": 49.330141845703125,
    "contrastive_presence": 0.09837147568166256,
    "feature_spread": 0.0,
    "nt_xent": 1.17795317363739,
    "vicreg": 0.5017584438323974,
    "barlow": 0.07389479964971542,
    "triplet": 0.0,
    "grad_norm": 16.290798400878906,
    "n_steps": 125
  },
  "val": {
    "overall": {
      "n": 400,
      "n_pos": 214,
      "n_neg": 186,
      "iou_mean": 0.0812,
      "iou_median": 0.0,
      "iou_p25": 0.0,
      "iou_p75": 0.0306,
      "contain_mean": 0.1461,
      "contain_at_iou_50": 0.0607,
      "contain_at_iou_75": 0.0234,
      "map_50": 0.0137,
      "map_5095": 0.0033,
      "ap_per_iou": {
        "0.50": 0.0137,
        "0.55": 0.0079,
        "0.60": 0.0043,
        "0.65": 0.0029,
        "0.70": 0.0016,
        "0.75": 0.0012,
        "0.80": 0.001,
        "0.85": 0.0004,
        "0.90": 0.0,
        "0.95": 0.0
      },
      "f1_50": 0.0823,
      "precision_50": 0.1275,
      "recall_50": 0.0607,
      "presence_acc": 0.6675,
      "presence_acc_pos": 0.7944,
      "presence_acc_neg": 0.5215,
      "mean_score_pos": 0.7409,
      "mean_score_neg": 0.4746,
      "presence_auroc": 0.72,
      "presence_pr_auc": 0.7195,
      "presence_brier": 0.2482,
      "frac_pred_near_corner": 0.0275,
      "frac_pred_tiny_box": 0.4225,
      "conf_map_mean_pos": 0.0156,
      "conf_map_mean_neg": 0.0155,
      "conf_map_std_pos": 0.0358,
      "conf_map_std_neg": 0.0307,
      "support_proto_norm_mean": 7.7475,
      "support_proto_norm_std": 0.6026,
      "argmax_cell_entropy": 4.3881
    },
    "per_source": {
      "hots": {
        "n": 75,
        "n_pos": 40,
        "n_neg": 35,
        "iou_mean": 0.0638,
        "iou_median": 0.0,
        "iou_p25": 0.0,
        "iou_p75": 0.0,
        "contain_mean": 0.0697,
        "contain_at_iou_50": 0.075,
        "contain_at_iou_75": 0.075,
        "map_50": 0.0166,
        "map_5095": 0.0061,
        "ap_per_iou": {
          "0.50": 0.0166,
          "0.55": 0.0123,
          "0.60": 0.0083,
          "0.65": 0.0074,
          "0.70": 0.0054,
          "0.75": 0.0054,
          "0.80": 0.0041,
          "0.85": 0.0013,
          "0.90": 0.0,
          "0.95": 0.0
        },
        "f1_50": 0.1017,
        "precision_50": 0.1579,
        "recall_50": 0.075,
        "presence_acc": 0.76,
        "presence_acc_pos": 0.95,
        "presence_acc_neg": 0.5429,
        "mean_score_pos": 0.8896,
        "mean_score_neg": 0.4878,
        "presence_auroc": 0.7857,
        "presence_pr_auc": 0.7723,
        "presence_brier": 0.1971,
        "frac_pred_near_corner": 0.0667,
        "frac_pred_tiny_box": 0.6267,
        "conf_map_mean_pos": 0.0157,
        "conf_map_mean_neg": 0.0156,
        "conf_map_std_pos": 0.0393,
        "conf_map_std_neg": 0.0312,
        "support_proto_norm_mean": 7.2174,
        "support_proto_norm_std": 0.5299
      },
      "insdet": {
        "n": 160,
        "n_pos": 89,
        "n_neg": 71,
        "iou_mean": 0.0174,
        "iou_median": 0.0,
        "iou_p25": 0.0,
        "iou_p75": 0.0,
        "contain_mean": 0.0356,
        "contain_at_iou_50": 0.0225,
        "contain_at_iou_75": 0.0,
        "map_50": 0.0098,
        "map_5095": 0.002,
        "ap_per_iou": {
          "0.50": 0.0098,
          "0.55": 0.0084,
          "0.60": 0.001,
          "0.65": 0.0004,
          "0.70": 0.0004,
          "0.75": 0.0,
          "0.80": 0.0,
          "0.85": 0.0,
          "0.90": 0.0,
          "0.95": 0.0
        },
        "f1_50": 0.0323,
        "precision_50": 0.0571,
        "recall_50": 0.0225,
        "presence_acc": 0.7,
        "presence_acc_pos": 0.8315,
        "presence_acc_neg": 0.5352,
        "mean_score_pos": 0.7735,
        "mean_score_neg": 0.449,
        "presence_auroc": 0.762,
        "presence_pr_auc": 0.7594,
        "presence_brier": 0.2246,
        "frac_pred_near_corner": 0.025,
        "frac_pred_tiny_box": 0.6188,
        "conf_map_mean_pos": 0.0114,
        "conf_map_mean_neg": 0.0129,
        "conf_map_std_pos": 0.0257,
        "conf_map_std_neg": 0.0243,
        "support_proto_norm_mean": 7.775,
        "support_proto_norm_std": 0.5637
      },
      "vizwiz_base": {
        "n": 140,
        "n_pos": 74,
        "n_neg": 66,
        "iou_mean": 0.1783,
        "iou_median": 0.058,
        "iou_p25": 0.0,
        "iou_p75": 0.3409,
        "contain_mean": 0.3399,
        "contain_at_iou_50": 0.1081,
        "contain_at_iou_75": 0.027,
        "map_50": 0.0334,
        "map_5095": 0.0071,
        "ap_per_iou": {
          "0.50": 0.0334,
          "0.55": 0.0148,
          "0.60": 0.0104,
          "0.65": 0.0053,
          "0.70": 0.0022,
          "0.75": 0.0017,
          "0.80": 0.0017,
          "0.85": 0.0014,
          "0.90": 0.0,
          "0.95": 0.0
        },
        "f1_50": 0.1416,
        "precision_50": 0.2051,
        "recall_50": 0.1081,
        "presence_acc": 0.6357,
        "presence_acc_pos": 0.7297,
        "presence_acc_neg": 0.5303,
        "mean_score_pos": 0.6779,
        "mean_score_neg": 0.4821,
        "presence_auroc": 0.6587,
        "presence_pr_auc": 0.6579,
        "presence_brier": 0.2722,
        "frac_pred_near_corner": 0.0071,
        "frac_pred_tiny_box": 0.0929,
        "conf_map_mean_pos": 0.0203,
        "conf_map_mean_neg": 0.0183,
        "conf_map_std_pos": 0.0455,
        "conf_map_std_neg": 0.0364,
        "support_proto_norm_mean": 8.0134,
        "support_proto_norm_std": 0.5433
      },
      "vizwiz_novel": {
        "n": 25,
        "n_pos": 11,
        "n_neg": 14,
        "iou_mean": 0.0079,
        "iou_median": 0.0,
        "iou_p25": 0.0,
        "iou_p75": 0.0217,
        "contain_mean": 0.0139,
        "contain_at_iou_50": 0.0,
        "contain_at_iou_75": 0.0,
        "map_50": 0.0,
        "map_5095": 0.0,
        "ap_per_iou": {
          "0.50": 0.0,
          "0.55": 0.0,
          "0.60": 0.0,
          "0.65": 0.0,
          "0.70": 0.0,
          "0.75": 0.0,
          "0.80": 0.0,
          "0.85": 0.0,
          "0.90": 0.0,
          "0.95": 0.0
        },
        "f1_50": 0.0,
        "precision_50": 0.0,
        "recall_50": 0.0,
        "presence_acc": 0.36,
        "presence_acc_pos": 0.3636,
        "presence_acc_neg": 0.3571,
        "mean_score_pos": 0.3599,
        "mean_score_neg": 0.5364,
        "presence_auroc": 0.4156,
        "presence_pr_auc": 0.394,
        "presence_brier": 0.4185,
        "frac_pred_near_corner": 0.04,
        "frac_pred_tiny_box": 0.4,
        "conf_map_mean_pos": 0.0169,
        "conf_map_mean_neg": 0.0159,
        "conf_map_std_pos": 0.0401,
        "conf_map_std_neg": 0.0346,
        "support_proto_norm_mean": 7.6731,
        "support_proto_norm_std": 0.18
      }
    },
    "score_thr": 0.5,
    "iou_thr": 0.5,
    "img_size": 224,
    "tta_sizes": [
      224,
      288
    ]
  }
}