{
  "stage": 2,
  "epoch": 2,
  "fold": null,
  "wall_clock_seconds": 441.51,
  "lr": {
    "group_0": 6.95532823598782e-05,
    "group_1": 0.00019872247702059596
  },
  "train": {
    "loss": 6.6370472221374515,
    "qfl": 0.4233970800042152,
    "neg_qfl": 0.00018913249869365246,
    "centerness": 1.1285030407905579,
    "dfl": 1.0089663786888123,
    "giou": 2.280732204437256,
    "pred_iou": 0.4479384980201721,
    "presence": 0.06278635853901506,
    "attn": 0.24837296044826507,
    "aux": 2.7402484073638917,
    "entropy_reg": 0.6165992202758789,
    "reg_l2_prior": 1056.4473310546875,
    "proto_norm": 30.840092864990233,
    "contrastive_presence": 0.7795396866798401,
    "feature_spread": 0.0,
    "nt_xent": 1.265075436592102,
    "vicreg": 0.610119128704071,
    "barlow": 0.08597041451930999,
    "triplet": 0.0,
    "grad_norm": Infinity,
    "n_steps": 125
  },
  "val": {
    "overall": {
      "n": 400,
      "n_pos": 214,
      "n_neg": 186,
      "iou_mean": 0.0656,
      "iou_median": 0.0,
      "iou_p25": 0.0,
      "iou_p75": 0.0063,
      "contain_mean": 0.1317,
      "contain_at_iou_50": 0.0187,
      "contain_at_iou_75": 0.0047,
      "map_50": 0.0043,
      "map_5095": 0.0008,
      "ap_per_iou": {
        "0.50": 0.0043,
        "0.55": 0.0014,
        "0.60": 0.0009,
        "0.65": 0.0005,
        "0.70": 0.0001,
        "0.75": 0.0001,
        "0.80": 0.0001,
        "0.85": 0.0001,
        "0.90": 0.0001,
        "0.95": 0.0
      },
      "f1_50": 0.0274,
      "precision_50": 0.0513,
      "recall_50": 0.0187,
      "presence_acc": 0.71,
      "presence_acc_pos": 0.8037,
      "presence_acc_neg": 0.6022,
      "mean_score_pos": 0.6167,
      "mean_score_neg": 0.4489,
      "presence_auroc": 0.7718,
      "presence_pr_auc": 0.7533,
      "presence_brier": 0.1961,
      "frac_pred_near_corner": 0.0025,
      "frac_pred_tiny_box": 0.08,
      "conf_map_mean_pos": 0.0172,
      "conf_map_mean_neg": 0.0217,
      "conf_map_std_pos": 0.0233,
      "conf_map_std_neg": 0.0268,
      "support_proto_norm_mean": 6.8378,
      "support_proto_norm_std": 0.4,
      "argmax_cell_entropy": 4.3275
    },
    "per_source": {
      "hots": {
        "n": 75,
        "n_pos": 40,
        "n_neg": 35,
        "iou_mean": 0.0201,
        "iou_median": 0.0,
        "iou_p25": 0.0,
        "iou_p75": 0.0,
        "contain_mean": 0.0676,
        "contain_at_iou_50": 0.025,
        "contain_at_iou_75": 0.0,
        "map_50": 0.0019,
        "map_5095": 0.0005,
        "ap_per_iou": {
          "0.50": 0.0019,
          "0.55": 0.0009,
          "0.60": 0.0009,
          "0.65": 0.0009,
          "0.70": 0.0005,
          "0.75": 0.0,
          "0.80": 0.0,
          "0.85": 0.0,
          "0.90": 0.0,
          "0.95": 0.0
        },
        "f1_50": 0.0377,
        "precision_50": 0.0769,
        "recall_50": 0.025,
        "presence_acc": 0.8267,
        "presence_acc_pos": 0.975,
        "presence_acc_neg": 0.6571,
        "mean_score_pos": 0.7314,
        "mean_score_neg": 0.4448,
        "presence_auroc": 0.8593,
        "presence_pr_auc": 0.8053,
        "presence_brier": 0.1529,
        "frac_pred_near_corner": 0.0133,
        "frac_pred_tiny_box": 0.36,
        "conf_map_mean_pos": 0.0151,
        "conf_map_mean_neg": 0.0215,
        "conf_map_std_pos": 0.0215,
        "conf_map_std_neg": 0.0252,
        "support_proto_norm_mean": 6.6729,
        "support_proto_norm_std": 0.3623
      },
      "insdet": {
        "n": 160,
        "n_pos": 89,
        "n_neg": 71,
        "iou_mean": 0.0,
        "iou_median": 0.0,
        "iou_p25": 0.0,
        "iou_p75": 0.0,
        "contain_mean": 0.0,
        "contain_at_iou_50": 0.0,
        "contain_at_iou_75": 0.0,
        "map_50": 0.0,
        "map_5095": 0.0,
        "ap_per_iou": {
          "0.50": 0.0,
          "0.55": 0.0,
          "0.60": 0.0,
          "0.65": 0.0,
          "0.70": 0.0,
          "0.75": 0.0,
          "0.80": 0.0,
          "0.85": 0.0,
          "0.90": 0.0,
          "0.95": 0.0
        },
        "f1_50": 0.0,
        "precision_50": 0.0,
        "recall_50": 0.0,
        "presence_acc": 0.8187,
        "presence_acc_pos": 0.8764,
        "presence_acc_neg": 0.7465,
        "mean_score_pos": 0.6456,
        "mean_score_neg": 0.3862,
        "presence_auroc": 0.865,
        "presence_pr_auc": 0.8353,
        "presence_brier": 0.1586,
        "frac_pred_near_corner": 0.0,
        "frac_pred_tiny_box": 0.0,
        "conf_map_mean_pos": 0.0102,
        "conf_map_mean_neg": 0.0183,
        "conf_map_std_pos": 0.014,
        "conf_map_std_neg": 0.0223,
        "support_proto_norm_mean": 6.9333,
        "support_proto_norm_std": 0.321
      },
      "vizwiz_base": {
        "n": 140,
        "n_pos": 74,
        "n_neg": 66,
        "iou_mean": 0.1786,
        "iou_median": 0.1184,
        "iou_p25": 0.0,
        "iou_p75": 0.3104,
        "contain_mean": 0.3437,
        "contain_at_iou_50": 0.0405,
        "contain_at_iou_75": 0.0135,
        "map_50": 0.0155,
        "map_5095": 0.0025,
        "ap_per_iou": {
          "0.50": 0.0155,
          "0.55": 0.0045,
          "0.60": 0.0028,
          "0.65": 0.0014,
          "0.70": 0.0002,
          "0.75": 0.0002,
          "0.80": 0.0002,
          "0.85": 0.0002,
          "0.90": 0.0002,
          "0.95": 0.0
        },
        "f1_50": 0.0541,
        "precision_50": 0.0811,
        "recall_50": 0.0405,
        "presence_acc": 0.5429,
        "presence_acc_pos": 0.5946,
        "presence_acc_neg": 0.4848,
        "mean_score_pos": 0.5267,
        "mean_score_neg": 0.4858,
        "presence_auroc": 0.6009,
        "presence_pr_auc": 0.6294,
        "presence_brier": 0.2452,
        "frac_pred_near_corner": 0.0,
        "frac_pred_tiny_box": 0.0286,
        "conf_map_mean_pos": 0.0255,
        "conf_map_mean_neg": 0.0246,
        "conf_map_std_pos": 0.0333,
        "conf_map_std_neg": 0.0311,
        "support_proto_norm_mean": 6.9083,
        "support_proto_norm_std": 0.4356
      },
      "vizwiz_novel": {
        "n": 25,
        "n_pos": 11,
        "n_neg": 14,
        "iou_mean": 0.0023,
        "iou_median": 0.0,
        "iou_p25": 0.0,
        "iou_p75": 0.0063,
        "contain_mean": 0.004,
        "contain_at_iou_50": 0.0,
        "contain_at_iou_75": 0.0,
        "map_50": 0.0,
        "map_5095": 0.0,
        "ap_per_iou": {
          "0.50": 0.0,
          "0.55": 0.0,
          "0.60": 0.0,
          "0.65": 0.0,
          "0.70": 0.0,
          "0.75": 0.0,
          "0.80": 0.0,
          "0.85": 0.0,
          "0.90": 0.0,
          "0.95": 0.0
        },
        "f1_50": 0.0,
        "precision_50": 0.0,
        "recall_50": 0.0,
        "presence_acc": 0.6,
        "presence_acc_pos": 1.0,
        "presence_acc_neg": 0.2857,
        "mean_score_pos": 0.5714,
        "mean_score_neg": 0.6034,
        "presence_auroc": 0.3636,
        "presence_pr_auc": 0.3703,
        "presence_brier": 0.2909,
        "frac_pred_near_corner": 0.0,
        "frac_pred_tiny_box": 0.04,
        "conf_map_mean_pos": 0.0254,
        "conf_map_mean_neg": 0.0262,
        "conf_map_std_pos": 0.0381,
        "conf_map_std_neg": 0.0335,
        "support_proto_norm_mean": 6.3275,
        "support_proto_norm_std": 0.1282
      }
    },
    "score_thr": 0.5,
    "iou_thr": 0.5,
    "img_size": 224,
    "tta_sizes": [
      224,
      288
    ]
  }
}