{
  "stage": 2,
  "epoch": 18,
  "fold": null,
  "wall_clock_seconds": 420.47,
  "lr": {
    "group_0": 2.0541945854249385e-06,
    "group_1": 5.688605116258165e-06
  },
  "train": {
    "loss": 3.5380806579589845,
    "qfl": 0.06754271811246872,
    "neg_qfl": 0.00010353604939882644,
    "centerness": 1.0503818778991698,
    "dfl": 0.4449727699756622,
    "giou": 0.3808662965297699,
    "pred_iou": 0.05356789766252041,
    "presence": 4.568763312909141e-05,
    "attn": 0.12206703513860702,
    "aux": 1.0871850352287293,
    "entropy_reg": 3.001718446731567,
    "reg_l2_prior": 1188.25347265625,
    "proto_norm": 50.06298712158203,
    "contrastive_presence": 0.09533396224677562,
    "feature_spread": 0.0,
    "nt_xent": 1.17325736618042,
    "vicreg": 0.4990344443321228,
    "barlow": 0.07325193941593171,
    "triplet": 0.0,
    "grad_norm": 15.737834800720215,
    "n_steps": 125
  },
  "val": {
    "overall": {
      "n": 400,
      "n_pos": 214,
      "n_neg": 186,
      "iou_mean": 0.0714,
      "iou_median": 0.0,
      "iou_p25": 0.0,
      "iou_p75": 0.0259,
      "contain_mean": 0.1534,
      "contain_at_iou_50": 0.0514,
      "contain_at_iou_75": 0.0093,
      "map_50": 0.0139,
      "map_5095": 0.0034,
      "ap_per_iou": {
        "0.50": 0.0139,
        "0.55": 0.0084,
        "0.60": 0.0044,
        "0.65": 0.0029,
        "0.70": 0.0015,
        "0.75": 0.0013,
        "0.80": 0.0012,
        "0.85": 0.0004,
        "0.90": 0.0,
        "0.95": 0.0
      },
      "f1_50": 0.0701,
      "precision_50": 0.11,
      "recall_50": 0.0514,
      "presence_acc": 0.6725,
      "presence_acc_pos": 0.8037,
      "presence_acc_neg": 0.5215,
      "mean_score_pos": 0.7447,
      "mean_score_neg": 0.4759,
      "presence_auroc": 0.723,
      "presence_pr_auc": 0.724,
      "presence_brier": 0.2462,
      "frac_pred_near_corner": 0.03,
      "frac_pred_tiny_box": 0.4175,
      "conf_map_mean_pos": 0.0156,
      "conf_map_mean_neg": 0.0154,
      "conf_map_std_pos": 0.0373,
      "conf_map_std_neg": 0.0316,
      "support_proto_norm_mean": 7.7928,
      "support_proto_norm_std": 0.615,
      "argmax_cell_entropy": 4.3511
    },
    "per_source": {
      "hots": {
        "n": 75,
        "n_pos": 40,
        "n_neg": 35,
        "iou_mean": 0.0215,
        "iou_median": 0.0,
        "iou_p25": 0.0,
        "iou_p75": 0.0,
        "contain_mean": 0.0263,
        "contain_at_iou_50": 0.025,
        "contain_at_iou_75": 0.025,
        "map_50": 0.0163,
        "map_5095": 0.006,
        "ap_per_iou": {
          "0.50": 0.0163,
          "0.55": 0.0114,
          "0.60": 0.0085,
          "0.65": 0.007,
          "0.70": 0.005,
          "0.75": 0.005,
          "0.80": 0.005,
          "0.85": 0.0014,
          "0.90": 0.0,
          "0.95": 0.0
        },
        "f1_50": 0.0357,
        "precision_50": 0.0625,
        "recall_50": 0.025,
        "presence_acc": 0.76,
        "presence_acc_pos": 0.925,
        "presence_acc_neg": 0.5714,
        "mean_score_pos": 0.8773,
        "mean_score_neg": 0.4764,
        "presence_auroc": 0.7821,
        "presence_pr_auc": 0.7737,
        "presence_brier": 0.1959,
        "frac_pred_near_corner": 0.08,
        "frac_pred_tiny_box": 0.6267,
        "conf_map_mean_pos": 0.0157,
        "conf_map_mean_neg": 0.0155,
        "conf_map_std_pos": 0.0409,
        "conf_map_std_neg": 0.0323,
        "support_proto_norm_mean": 7.2395,
        "support_proto_norm_std": 0.5425
      },
      "insdet": {
        "n": 160,
        "n_pos": 89,
        "n_neg": 71,
        "iou_mean": 0.0181,
        "iou_median": 0.0,
        "iou_p25": 0.0,
        "iou_p75": 0.0,
        "contain_mean": 0.0365,
        "contain_at_iou_50": 0.0225,
        "contain_at_iou_75": 0.0,
        "map_50": 0.0092,
        "map_5095": 0.0019,
        "ap_per_iou": {
          "0.50": 0.0092,
          "0.55": 0.0082,
          "0.60": 0.0009,
          "0.65": 0.0004,
          "0.70": 0.0004,
          "0.75": 0.0,
          "0.80": 0.0,
          "0.85": 0.0,
          "0.90": 0.0,
          "0.95": 0.0
        },
        "f1_50": 0.032,
        "precision_50": 0.0556,
        "recall_50": 0.0225,
        "presence_acc": 0.7,
        "presence_acc_pos": 0.8427,
        "presence_acc_neg": 0.5211,
        "mean_score_pos": 0.7823,
        "mean_score_neg": 0.458,
        "presence_auroc": 0.7666,
        "presence_pr_auc": 0.7678,
        "presence_brier": 0.2231,
        "frac_pred_near_corner": 0.0312,
        "frac_pred_tiny_box": 0.6312,
        "conf_map_mean_pos": 0.0113,
        "conf_map_mean_neg": 0.0127,
        "conf_map_std_pos": 0.0264,
        "conf_map_std_neg": 0.025,
        "support_proto_norm_mean": 7.8049,
        "support_proto_norm_std": 0.5592
      },
      "vizwiz_base": {
        "n": 140,
        "n_pos": 74,
        "n_neg": 66,
        "iou_mean": 0.1698,
        "iou_median": 0.0482,
        "iou_p25": 0.0,
        "iou_p75": 0.3552,
        "contain_mean": 0.3427,
        "contain_at_iou_50": 0.1081,
        "contain_at_iou_75": 0.0135,
        "map_50": 0.0367,
        "map_5095": 0.008,
        "ap_per_iou": {
          "0.50": 0.0367,
          "0.55": 0.0198,
          "0.60": 0.0103,
          "0.65": 0.0056,
          "0.70": 0.0024,
          "0.75": 0.0021,
          "0.80": 0.0016,
          "0.85": 0.0013,
          "0.90": 0.0,
          "0.95": 0.0
        },
        "f1_50": 0.1416,
        "precision_50": 0.2051,
        "recall_50": 0.1081,
        "presence_acc": 0.65,
        "presence_acc_pos": 0.7568,
        "presence_acc_neg": 0.5303,
        "mean_score_pos": 0.6844,
        "mean_score_neg": 0.4801,
        "presence_auroc": 0.6679,
        "presence_pr_auc": 0.6696,
        "presence_brier": 0.2691,
        "frac_pred_near_corner": 0.0071,
        "frac_pred_tiny_box": 0.0929,
        "conf_map_mean_pos": 0.0204,
        "conf_map_mean_neg": 0.0182,
        "conf_map_std_pos": 0.0479,
        "conf_map_std_neg": 0.0375,
        "support_proto_norm_mean": 8.0938,
        "support_proto_norm_std": 0.5515
      },
      "vizwiz_novel": {
        "n": 25,
        "n_pos": 11,
        "n_neg": 14,
        "iou_mean": 0.022,
        "iou_median": 0.0207,
        "iou_p25": 0.0104,
        "iou_p75": 0.0396,
        "contain_mean": 0.2876,
        "contain_at_iou_50": 0.0,
        "contain_at_iou_75": 0.0,
        "map_50": 0.0,
        "map_5095": 0.0,
        "ap_per_iou": {
          "0.50": 0.0,
          "0.55": 0.0,
          "0.60": 0.0,
          "0.65": 0.0,
          "0.70": 0.0,
          "0.75": 0.0,
          "0.80": 0.0,
          "0.85": 0.0,
          "0.90": 0.0,
          "0.95": 0.0
        },
        "f1_50": 0.0,
        "precision_50": 0.0,
        "recall_50": 0.0,
        "presence_acc": 0.36,
        "presence_acc_pos": 0.3636,
        "presence_acc_neg": 0.3571,
        "mean_score_pos": 0.3633,
        "mean_score_neg": 0.5451,
        "presence_auroc": 0.3442,
        "presence_pr_auc": 0.3638,
        "presence_brier": 0.4168,
        "frac_pred_near_corner": 0.0,
        "frac_pred_tiny_box": 0.24,
        "conf_map_mean_pos": 0.0169,
        "conf_map_mean_neg": 0.0158,
        "conf_map_std_pos": 0.042,
        "conf_map_std_neg": 0.0361,
        "support_proto_norm_mean": 7.6891,
        "support_proto_norm_std": 0.1599
      }
    },
    "score_thr": 0.5,
    "iou_thr": 0.5,
    "img_size": 224,
    "tta_sizes": [
      224,
      288
    ]
  }
}