{
  "stage": 2,
  "epoch": 4,
  "fold": null,
  "wall_clock_seconds": 417.27,
  "lr": {
    "group_0": 6.587519105978697e-05,
    "group_1": 0.00018820387257298174
  },
  "train": {
    "loss": 5.282640289306641,
    "qfl": 0.31581370401382447,
    "neg_qfl": 0.00026535233968752437,
    "centerness": 1.0822492032051085,
    "dfl": 0.7545422897338867,
    "giou": 1.3579734902381897,
    "pred_iou": 0.17762556678056718,
    "presence": 0.012098065508529545,
    "attn": 0.15739843064546585,
    "aux": 1.9318963928222657,
    "entropy_reg": 1.6129784317016602,
    "reg_l2_prior": 1075.8400419921875,
    "proto_norm": 38.78681695556641,
    "contrastive_presence": 0.3152736644744873,
    "feature_spread": 0.0,
    "nt_xent": 1.230334698677063,
    "vicreg": 0.564996322631836,
    "barlow": 0.08119625627994537,
    "triplet": 0.0,
    "grad_norm": 21.658285919189453,
    "n_steps": 125
  },
  "val": {
    "overall": {
      "n": 400,
      "n_pos": 214,
      "n_neg": 186,
      "iou_mean": 0.0808,
      "iou_median": 0.0,
      "iou_p25": 0.0,
      "iou_p75": 0.0231,
      "contain_mean": 0.1601,
      "contain_at_iou_50": 0.0561,
      "contain_at_iou_75": 0.0093,
      "map_50": 0.0211,
      "map_5095": 0.0037,
      "ap_per_iou": {
        "0.50": 0.0211,
        "0.55": 0.0088,
        "0.60": 0.0034,
        "0.65": 0.0017,
        "0.70": 0.0014,
        "0.75": 0.0003,
        "0.80": 0.0002,
        "0.85": 0.0001,
        "0.90": 0.0,
        "0.95": 0.0
      },
      "f1_50": 0.0782,
      "precision_50": 0.129,
      "recall_50": 0.0561,
      "presence_acc": 0.6725,
      "presence_acc_pos": 0.7664,
      "presence_acc_neg": 0.5645,
      "mean_score_pos": 0.6803,
      "mean_score_neg": 0.448,
      "presence_auroc": 0.7509,
      "presence_pr_auc": 0.7359,
      "presence_brier": 0.2056,
      "frac_pred_near_corner": 0.005,
      "frac_pred_tiny_box": 0.3225,
      "conf_map_mean_pos": 0.0182,
      "conf_map_mean_neg": 0.0214,
      "conf_map_std_pos": 0.03,
      "conf_map_std_neg": 0.03,
      "support_proto_norm_mean": 7.2992,
      "support_proto_norm_std": 0.5336,
      "argmax_cell_entropy": 4.2581
    },
    "per_source": {
      "hots": {
        "n": 75,
        "n_pos": 40,
        "n_neg": 35,
        "iou_mean": 0.0183,
        "iou_median": 0.0,
        "iou_p25": 0.0,
        "iou_p75": 0.0,
        "contain_mean": 0.023,
        "contain_at_iou_50": 0.025,
        "contain_at_iou_75": 0.0,
        "map_50": 0.0275,
        "map_5095": 0.0056,
        "ap_per_iou": {
          "0.50": 0.0275,
          "0.55": 0.0127,
          "0.60": 0.0084,
          "0.65": 0.0034,
          "0.70": 0.0031,
          "0.75": 0.0003,
          "0.80": 0.0003,
          "0.85": 0.0,
          "0.90": 0.0,
          "0.95": 0.0
        },
        "f1_50": 0.0345,
        "precision_50": 0.0556,
        "recall_50": 0.025,
        "presence_acc": 0.7467,
        "presence_acc_pos": 0.95,
        "presence_acc_neg": 0.5143,
        "mean_score_pos": 0.7872,
        "mean_score_neg": 0.4691,
        "presence_auroc": 0.8157,
        "presence_pr_auc": 0.7734,
        "presence_brier": 0.1724,
        "frac_pred_near_corner": 0.0133,
        "frac_pred_tiny_box": 0.6533,
        "conf_map_mean_pos": 0.0159,
        "conf_map_mean_neg": 0.0207,
        "conf_map_std_pos": 0.031,
        "conf_map_std_neg": 0.0281,
        "support_proto_norm_mean": 6.865,
        "support_proto_norm_std": 0.4457
      },
      "insdet": {
        "n": 160,
        "n_pos": 89,
        "n_neg": 71,
        "iou_mean": 0.0313,
        "iou_median": 0.0,
        "iou_p25": 0.0,
        "iou_p75": 0.0,
        "contain_mean": 0.0512,
        "contain_at_iou_50": 0.0112,
        "contain_at_iou_75": 0.0,
        "map_50": 0.0019,
        "map_5095": 0.0005,
        "ap_per_iou": {
          "0.50": 0.0019,
          "0.55": 0.0014,
          "0.60": 0.0009,
          "0.65": 0.0002,
          "0.70": 0.0002,
          "0.75": 0.0001,
          "0.80": 0.0001,
          "0.85": 0.0,
          "0.90": 0.0,
          "0.95": 0.0
        },
        "f1_50": 0.0175,
        "precision_50": 0.04,
        "recall_50": 0.0112,
        "presence_acc": 0.75,
        "presence_acc_pos": 0.8202,
        "presence_acc_neg": 0.662,
        "mean_score_pos": 0.7243,
        "mean_score_neg": 0.3832,
        "presence_auroc": 0.8169,
        "presence_pr_auc": 0.7958,
        "presence_brier": 0.1661,
        "frac_pred_near_corner": 0.0,
        "frac_pred_tiny_box": 0.3937,
        "conf_map_mean_pos": 0.0116,
        "conf_map_mean_neg": 0.0178,
        "conf_map_std_pos": 0.0195,
        "conf_map_std_neg": 0.0252,
        "support_proto_norm_mean": 7.4909,
        "support_proto_norm_std": 0.4541
      },
      "vizwiz_base": {
        "n": 140,
        "n_pos": 74,
        "n_neg": 66,
        "iou_mean": 0.1852,
        "iou_median": 0.0966,
        "iou_p25": 0.0,
        "iou_p75": 0.2888,
        "contain_mean": 0.3876,
        "contain_at_iou_50": 0.1351,
        "contain_at_iou_75": 0.027,
        "map_50": 0.0635,
        "map_5095": 0.0102,
        "ap_per_iou": {
          "0.50": 0.0635,
          "0.55": 0.0237,
          "0.60": 0.006,
          "0.65": 0.004,
          "0.70": 0.0031,
          "0.75": 0.001,
          "0.80": 0.0006,
          "0.85": 0.0005,
          "0.90": 0.0,
          "0.95": 0.0
        },
        "f1_50": 0.1724,
        "precision_50": 0.2381,
        "recall_50": 0.1351,
        "presence_acc": 0.6214,
        "presence_acc_pos": 0.7162,
        "presence_acc_neg": 0.5152,
        "mean_score_pos": 0.6108,
        "mean_score_neg": 0.4838,
        "presence_auroc": 0.6636,
        "presence_pr_auc": 0.6705,
        "presence_brier": 0.2418,
        "frac_pred_near_corner": 0.0071,
        "frac_pred_tiny_box": 0.0857,
        "conf_map_mean_pos": 0.0272,
        "conf_map_mean_neg": 0.026,
        "conf_map_std_pos": 0.0422,
        "conf_map_std_neg": 0.0372,
        "support_proto_norm_mean": 7.376,
        "support_proto_norm_std": 0.5378
      },
      "vizwiz_novel": {
        "n": 25,
        "n_pos": 11,
        "n_neg": 14,
        "iou_mean": 0.0065,
        "iou_median": 0.0,
        "iou_p25": 0.0,
        "iou_p75": 0.0178,
        "contain_mean": 0.0102,
        "contain_at_iou_50": 0.0,
        "contain_at_iou_75": 0.0,
        "map_50": 0.0,
        "map_5095": 0.0,
        "ap_per_iou": {
          "0.50": 0.0,
          "0.55": 0.0,
          "0.60": 0.0,
          "0.65": 0.0,
          "0.70": 0.0,
          "0.75": 0.0,
          "0.80": 0.0,
          "0.85": 0.0,
          "0.90": 0.0,
          "0.95": 0.0
        },
        "f1_50": 0.0,
        "precision_50": 0.0,
        "recall_50": 0.0,
        "presence_acc": 0.24,
        "presence_acc_pos": 0.0,
        "presence_acc_neg": 0.4286,
        "mean_score_pos": 0.4024,
        "mean_score_neg": 0.5556,
        "presence_auroc": 0.2922,
        "presence_pr_auc": 0.3472,
        "presence_brier": 0.355,
        "frac_pred_near_corner": 0.0,
        "frac_pred_tiny_box": 0.2,
        "conf_map_mean_pos": 0.02,
        "conf_map_mean_neg": 0.0199,
        "conf_map_std_pos": 0.0294,
        "conf_map_std_neg": 0.0246,
        "support_proto_norm_mean": 6.9441,
        "support_proto_norm_std": 0.2461
      }
    },
    "score_thr": 0.5,
    "iou_thr": 0.5,
    "img_size": 224,
    "tta_sizes": [
      224,
      288
    ]
  }
}