{
  "stage": 2,
  "epoch": 9,
  "fold": null,
  "wall_clock_seconds": 434.35,
  "lr": {
    "group_0": 4.38088622786975e-05,
    "group_1": 0.00012509859183850713
  },
  "train": {
    "loss": 4.452660369873047,
    "qfl": 0.1486750122010708,
    "neg_qfl": 0.00018999244950828142,
    "centerness": 1.0592590188980102,
    "dfl": 0.5277183256149292,
    "giou": 0.7169793672561645,
    "pred_iou": 0.10258403831720352,
    "presence": 0.0004036103220514633,
    "attn": 0.13533327120542527,
    "aux": 1.3413404188156128,
    "entropy_reg": 2.5585190868377685,
    "reg_l2_prior": 1132.967837890625,
    "proto_norm": 47.009106506347656,
    "contrastive_presence": 0.12688849931955337,
    "feature_spread": 0.0,
    "nt_xent": 1.2062916831970214,
    "vicreg": 0.5220057067871093,
    "barlow": 0.07773556208610535,
    "triplet": 0.0,
    "grad_norm": 19.279442565917968,
    "n_steps": 125
  },
  "val": {
    "overall": {
      "n": 400,
      "n_pos": 214,
      "n_neg": 186,
      "iou_mean": 0.085,
      "iou_median": 0.0,
      "iou_p25": 0.0,
      "iou_p75": 0.0311,
      "contain_mean": 0.1558,
      "contain_at_iou_50": 0.0654,
      "contain_at_iou_75": 0.0187,
      "map_50": 0.0174,
      "map_5095": 0.0044,
      "ap_per_iou": {
        "0.50": 0.0174,
        "0.55": 0.0128,
        "0.60": 0.0063,
        "0.65": 0.003,
        "0.70": 0.0017,
        "0.75": 0.0014,
        "0.80": 0.0009,
        "0.85": 0.0002,
        "0.90": 0.0,
        "0.95": 0.0
      },
      "f1_50": 0.0878,
      "precision_50": 0.1333,
      "recall_50": 0.0654,
      "presence_acc": 0.6675,
      "presence_acc_pos": 0.8037,
      "presence_acc_neg": 0.5108,
      "mean_score_pos": 0.7354,
      "mean_score_neg": 0.4778,
      "presence_auroc": 0.7227,
      "presence_pr_auc": 0.7148,
      "presence_brier": 0.2425,
      "frac_pred_near_corner": 0.025,
      "frac_pred_tiny_box": 0.385,
      "conf_map_mean_pos": 0.0165,
      "conf_map_mean_neg": 0.0171,
      "conf_map_std_pos": 0.0333,
      "conf_map_std_neg": 0.0296,
      "support_proto_norm_mean": 7.5873,
      "support_proto_norm_std": 0.5846,
      "argmax_cell_entropy": 4.3786
    },
    "per_source": {
      "hots": {
        "n": 75,
        "n_pos": 40,
        "n_neg": 35,
        "iou_mean": 0.0432,
        "iou_median": 0.0,
        "iou_p25": 0.0,
        "iou_p75": 0.0,
        "contain_mean": 0.0464,
        "contain_at_iou_50": 0.05,
        "contain_at_iou_75": 0.05,
        "map_50": 0.0268,
        "map_5095": 0.0076,
        "ap_per_iou": {
          "0.50": 0.0268,
          "0.55": 0.02,
          "0.60": 0.0096,
          "0.65": 0.0056,
          "0.70": 0.0056,
          "0.75": 0.0056,
          "0.80": 0.0024,
          "0.85": 0.0002,
          "0.90": 0.0,
          "0.95": 0.0
        },
        "f1_50": 0.0678,
        "precision_50": 0.1053,
        "recall_50": 0.05,
        "presence_acc": 0.76,
        "presence_acc_pos": 0.975,
        "presence_acc_neg": 0.5143,
        "mean_score_pos": 0.8857,
        "mean_score_neg": 0.5003,
        "presence_auroc": 0.8007,
        "presence_pr_auc": 0.7634,
        "presence_brier": 0.1956,
        "frac_pred_near_corner": 0.0667,
        "frac_pred_tiny_box": 0.6133,
        "conf_map_mean_pos": 0.0157,
        "conf_map_mean_neg": 0.0168,
        "conf_map_std_pos": 0.0352,
        "conf_map_std_neg": 0.029,
        "support_proto_norm_mean": 7.0984,
        "support_proto_norm_std": 0.4722
      },
      "insdet": {
        "n": 160,
        "n_pos": 89,
        "n_neg": 71,
        "iou_mean": 0.031,
        "iou_median": 0.0,
        "iou_p25": 0.0,
        "iou_p75": 0.0,
        "contain_mean": 0.0548,
        "contain_at_iou_50": 0.0337,
        "contain_at_iou_75": 0.0,
        "map_50": 0.0117,
        "map_5095": 0.0033,
        "ap_per_iou": {
          "0.50": 0.0117,
          "0.55": 0.0104,
          "0.60": 0.009,
          "0.65": 0.0014,
          "0.70": 0.0002,
          "0.75": 0.0,
          "0.80": 0.0,
          "0.85": 0.0,
          "0.90": 0.0,
          "0.95": 0.0
        },
        "f1_50": 0.048,
        "precision_50": 0.0833,
        "recall_50": 0.0337,
        "presence_acc": 0.7125,
        "presence_acc_pos": 0.8539,
        "presence_acc_neg": 0.5352,
        "mean_score_pos": 0.7828,
        "mean_score_neg": 0.4409,
        "presence_auroc": 0.7765,
        "presence_pr_auc": 0.7711,
        "presence_brier": 0.2098,
        "frac_pred_near_corner": 0.0187,
        "frac_pred_tiny_box": 0.6,
        "conf_map_mean_pos": 0.0117,
        "conf_map_mean_neg": 0.0142,
        "conf_map_std_pos": 0.023,
        "conf_map_std_neg": 0.0234,
        "support_proto_norm_mean": 7.6613,
        "support_proto_norm_std": 0.5663
      },
      "vizwiz_base": {
        "n": 140,
        "n_pos": 74,
        "n_neg": 66,
        "iou_mean": 0.1841,
        "iou_median": 0.0593,
        "iou_p25": 0.0,
        "iou_p75": 0.3371,
        "contain_mean": 0.3578,
        "contain_at_iou_50": 0.1216,
        "contain_at_iou_75": 0.027,
        "map_50": 0.041,
        "map_5095": 0.0096,
        "ap_per_iou": {
          "0.50": 0.041,
          "0.55": 0.0303,
          "0.60": 0.0109,
          "0.65": 0.0065,
          "0.70": 0.0028,
          "0.75": 0.0019,
          "0.80": 0.0019,
          "0.85": 0.001,
          "0.90": 0.0,
          "0.95": 0.0
        },
        "f1_50": 0.1565,
        "precision_50": 0.2195,
        "recall_50": 0.1216,
        "presence_acc": 0.6214,
        "presence_acc_pos": 0.7162,
        "presence_acc_neg": 0.5152,
        "mean_score_pos": 0.6541,
        "mean_score_neg": 0.4897,
        "presence_auroc": 0.6505,
        "presence_pr_auc": 0.6471,
        "presence_brier": 0.2717,
        "frac_pred_near_corner": 0.0071,
        "frac_pred_tiny_box": 0.0429,
        "conf_map_mean_pos": 0.0226,
        "conf_map_mean_neg": 0.0206,
        "conf_map_std_pos": 0.0446,
        "conf_map_std_neg": 0.0368,
        "support_proto_norm_mean": 7.7563,
        "support_proto_norm_std": 0.5505
      },
      "vizwiz_novel": {
        "n": 25,
        "n_pos": 11,
        "n_neg": 14,
        "iou_mean": 0.0069,
        "iou_median": 0.0,
        "iou_p25": 0.0,
        "iou_p75": 0.0189,
        "contain_mean": 0.0118,
        "contain_at_iou_50": 0.0,
        "contain_at_iou_75": 0.0,
        "map_50": 0.0,
        "map_5095": 0.0,
        "ap_per_iou": {
          "0.50": 0.0,
          "0.55": 0.0,
          "0.60": 0.0,
          "0.65": 0.0,
          "0.70": 0.0,
          "0.75": 0.0,
          "0.80": 0.0,
          "0.85": 0.0,
          "0.90": 0.0,
          "0.95": 0.0
        },
        "f1_50": 0.0,
        "precision_50": 0.0,
        "recall_50": 0.0,
        "presence_acc": 0.36,
        "presence_acc_pos": 0.3636,
        "presence_acc_neg": 0.3571,
        "mean_score_pos": 0.3519,
        "mean_score_neg": 0.5525,
        "presence_auroc": 0.3117,
        "presence_pr_auc": 0.3531,
        "presence_brier": 0.4297,
        "frac_pred_near_corner": 0.04,
        "frac_pred_tiny_box": 0.24,
        "conf_map_mean_pos": 0.0172,
        "conf_map_mean_neg": 0.0164,
        "conf_map_std_pos": 0.0339,
        "conf_map_std_neg": 0.0286,
        "support_proto_norm_mean": 7.6346,
        "support_proto_norm_std": 0.3686
      }
    },
    "score_thr": 0.5,
    "iou_thr": 0.5,
    "img_size": 224,
    "tta_sizes": [
      224,
      288
    ]
  }
}