{
  "stage": 2,
  "epoch": 2,
  "fold": null,
  "wall_clock_seconds": 316.17,
  "lr": {
    "group_0": 4.697507651259654e-05,
    "group_1": 0.00018788212013763614
  },
  "train": {
    "loss": 8.652932208071473,
    "qfl": 0.4412883749251725,
    "neg_qfl": 0.0001596201908532455,
    "centerness": 1.1403369627973086,
    "dfl": 1.0406639620821962,
    "giou": 2.218782183944538,
    "presence": 0.10055818144352205,
    "attn": 0.13768190546061404,
    "aux": 2.4475716621645036,
    "entropy_reg": 0.5209620844933295,
    "reg_l2_prior": 215.13768054592995,
    "proto_norm": 4.019155289537164,
    "nt_xent": 1.4622078352077033,
    "vicreg": 0.5791389506350282,
    "barlow": 0.12047161402240876,
    "triplet": 0.0,
    "grad_norm": 18.04073034307008,
    "n_steps": 93
  },
  "val": {
    "overall": {
      "n": 400,
      "n_pos": 193,
      "n_neg": 207,
      "iou_mean": 0.0589,
      "iou_median": 0.0,
      "iou_p25": 0.0,
      "iou_p75": 0.0,
      "contain_mean": 0.1131,
      "contain_at_iou_50": 0.0259,
      "contain_at_iou_75": 0.0,
      "map_50": 0.0122,
      "map_5095": 0.0024,
      "ap_per_iou": {
        "0.50": 0.0122,
        "0.55": 0.0059,
        "0.60": 0.0044,
        "0.65": 0.0011,
        "0.70": 0.0005,
        "0.75": 0.0002,
        "0.80": 0.0001,
        "0.85": 0.0,
        "0.90": 0.0,
        "0.95": 0.0
      },
      "f1_50": 0.0311,
      "precision_50": 0.0388,
      "recall_50": 0.0259,
      "presence_acc": 0.64,
      "presence_acc_pos": 0.8964,
      "presence_acc_neg": 0.401,
      "mean_score_pos": 0.5519,
      "mean_score_neg": 0.5014,
      "presence_auroc": 0.692,
      "presence_pr_auc": 0.6168,
      "presence_brier": 0.2334,
      "frac_pred_near_corner": 0.0,
      "frac_pred_tiny_box": 0.205,
      "conf_map_mean_pos": 0.0233,
      "conf_map_mean_neg": 0.0254,
      "conf_map_std_pos": 0.0229,
      "conf_map_std_neg": 0.0234,
      "support_proto_norm_mean": 2.4973,
      "support_proto_norm_std": 0.6919,
      "argmax_cell_entropy": 4.1481
    },
    "per_source": {
      "hots": {
        "n": 67,
        "n_pos": 38,
        "n_neg": 29,
        "iou_mean": 0.0,
        "iou_median": 0.0,
        "iou_p25": 0.0,
        "iou_p75": 0.0,
        "contain_mean": 0.0,
        "contain_at_iou_50": 0.0,
        "contain_at_iou_75": 0.0,
        "map_50": 0.0074,
        "map_5095": 0.0021,
        "ap_per_iou": {
          "0.50": 0.0074,
          "0.55": 0.0055,
          "0.60": 0.0055,
          "0.65": 0.0016,
          "0.70": 0.0008,
          "0.75": 0.0,
          "0.80": 0.0,
          "0.85": 0.0,
          "0.90": 0.0,
          "0.95": 0.0
        },
        "f1_50": 0.0,
        "precision_50": 0.0,
        "recall_50": 0.0,
        "presence_acc": 0.806,
        "presence_acc_pos": 1.0,
        "presence_acc_neg": 0.5517,
        "mean_score_pos": 0.5455,
        "mean_score_neg": 0.4284,
        "presence_auroc": 0.8212,
        "presence_pr_auc": 0.8137,
        "presence_brier": 0.2041,
        "frac_pred_near_corner": 0.0,
        "frac_pred_tiny_box": 0.6716,
        "conf_map_mean_pos": 0.0191,
        "conf_map_mean_neg": 0.0219,
        "conf_map_std_pos": 0.0184,
        "conf_map_std_neg": 0.0187,
        "support_proto_norm_mean": 1.8998,
        "support_proto_norm_std": 0.3917
      },
      "insdet": {
        "n": 162,
        "n_pos": 78,
        "n_neg": 84,
        "iou_mean": 0.0077,
        "iou_median": 0.0,
        "iou_p25": 0.0,
        "iou_p75": 0.0,
        "contain_mean": 0.0094,
        "contain_at_iou_50": 0.0128,
        "contain_at_iou_75": 0.0,
        "map_50": 0.0004,
        "map_5095": 0.0001,
        "ap_per_iou": {
          "0.50": 0.0004,
          "0.55": 0.0004,
          "0.60": 0.0004,
          "0.65": 0.0,
          "0.70": 0.0,
          "0.75": 0.0,
          "0.80": 0.0,
          "0.85": 0.0,
          "0.90": 0.0,
          "0.95": 0.0
        },
        "f1_50": 0.0164,
        "precision_50": 0.0227,
        "recall_50": 0.0128,
        "presence_acc": 0.7346,
        "presence_acc_pos": 1.0,
        "presence_acc_neg": 0.4881,
        "mean_score_pos": 0.5818,
        "mean_score_neg": 0.4959,
        "presence_auroc": 0.8654,
        "presence_pr_auc": 0.8052,
        "presence_brier": 0.2149,
        "frac_pred_near_corner": 0.0,
        "frac_pred_tiny_box": 0.0802,
        "conf_map_mean_pos": 0.0142,
        "conf_map_mean_neg": 0.0206,
        "conf_map_std_pos": 0.014,
        "conf_map_std_neg": 0.0186,
        "support_proto_norm_mean": 2.2857,
        "support_proto_norm_std": 0.6472
      },
      "vizwiz_base": {
        "n": 140,
        "n_pos": 58,
        "n_neg": 82,
        "iou_mean": 0.1857,
        "iou_median": 0.1271,
        "iou_p25": 0.0,
        "iou_p75": 0.3654,
        "contain_mean": 0.3636,
        "contain_at_iou_50": 0.069,
        "contain_at_iou_75": 0.0,
        "map_50": 0.0395,
        "map_5095": 0.0078,
        "ap_per_iou": {
          "0.50": 0.0395,
          "0.55": 0.0192,
          "0.60": 0.0132,
          "0.65": 0.003,
          "0.70": 0.0015,
          "0.75": 0.0009,
          "0.80": 0.0002,
          "0.85": 0.0001,
          "0.90": 0.0001,
          "0.95": 0.0
        },
        "f1_50": 0.0667,
        "precision_50": 0.0645,
        "recall_50": 0.069,
        "presence_acc": 0.5,
        "presence_acc_pos": 0.7931,
        "presence_acc_neg": 0.2927,
        "mean_score_pos": 0.5468,
        "mean_score_neg": 0.5258,
        "presence_auroc": 0.5759,
        "presence_pr_auc": 0.5269,
        "presence_brier": 0.2522,
        "frac_pred_near_corner": 0.0,
        "frac_pred_tiny_box": 0.15,
        "conf_map_mean_pos": 0.0364,
        "conf_map_mean_neg": 0.0311,
        "conf_map_std_pos": 0.0367,
        "conf_map_std_neg": 0.0299,
        "support_proto_norm_mean": 2.9357,
        "support_proto_norm_std": 0.5712
      },
      "vizwiz_novel": {
        "n": 31,
        "n_pos": 19,
        "n_neg": 12,
        "iou_mean": 0.0,
        "iou_median": 0.0,
        "iou_p25": 0.0,
        "iou_p75": 0.0,
        "contain_mean": 0.0,
        "contain_at_iou_50": 0.0,
        "contain_at_iou_75": 0.0,
        "map_50": 0.0,
        "map_5095": 0.0,
        "ap_per_iou": {
          "0.50": 0.0,
          "0.55": 0.0,
          "0.60": 0.0,
          "0.65": 0.0,
          "0.70": 0.0,
          "0.75": 0.0,
          "0.80": 0.0,
          "0.85": 0.0,
          "0.90": 0.0,
          "0.95": 0.0
        },
        "f1_50": 0.0,
        "precision_50": 0.0,
        "recall_50": 0.0,
        "presence_acc": 0.4194,
        "presence_acc_pos": 0.5789,
        "presence_acc_neg": 0.1667,
        "mean_score_pos": 0.4573,
        "mean_score_neg": 0.5498,
        "presence_auroc": 0.25,
        "presence_pr_auc": 0.5031,
        "presence_brier": 0.3084,
        "frac_pred_near_corner": 0.0,
        "frac_pred_tiny_box": 0.0968,
        "conf_map_mean_pos": 0.0284,
        "conf_map_mean_neg": 0.0278,
        "conf_map_std_pos": 0.0269,
        "conf_map_std_neg": 0.0232,
        "support_proto_norm_mean": 2.9137,
        "support_proto_norm_std": 0.3686
      }
    },
    "score_thr": 0.5,
    "iou_thr": 0.5,
    "img_size": 224,
    "tta_sizes": [
      224,
      288
    ]
  }
}