{
  "stage": 2,
  "epoch": 19,
  "fold": null,
  "wall_clock_seconds": 431.2,
  "lr": {
    "group_0": 6.075923573106489e-07,
    "group_1": 1.5516124782031264e-06
  },
  "train": {
    "loss": 3.5227504596710206,
    "qfl": 0.06825187377631664,
    "neg_qfl": 0.00010198023452539929,
    "centerness": 1.051272696018219,
    "dfl": 0.443476674079895,
    "giou": 0.3710771142244339,
    "pred_iou": 0.053648666858673096,
    "presence": 2.973282885250228e-05,
    "attn": 0.12210869252681732,
    "aux": 1.0835605363845826,
    "entropy_reg": 3.0101567363739012,
    "reg_l2_prior": 1191.0176806640625,
    "proto_norm": 49.69374838256836,
    "contrastive_presence": 0.09521079707145691,
    "feature_spread": 0.0,
    "nt_xent": 1.1706227254867554,
    "vicreg": 0.49843725776672365,
    "barlow": 0.07297666746377945,
    "triplet": 0.0,
    "grad_norm": 15.603028205871581,
    "n_steps": 125
  },
  "val": {
    "overall": {
      "n": 400,
      "n_pos": 214,
      "n_neg": 186,
      "iou_mean": 0.0726,
      "iou_median": 0.0,
      "iou_p25": 0.0,
      "iou_p75": 0.0254,
      "contain_mean": 0.1542,
      "contain_at_iou_50": 0.0561,
      "contain_at_iou_75": 0.0093,
      "map_50": 0.0145,
      "map_5095": 0.0034,
      "ap_per_iou": {
        "0.50": 0.0145,
        "0.55": 0.0082,
        "0.60": 0.0043,
        "0.65": 0.0029,
        "0.70": 0.0016,
        "0.75": 0.0009,
        "0.80": 0.0008,
        "0.85": 0.0004,
        "0.90": 0.0,
        "0.95": 0.0
      },
      "f1_50": 0.0762,
      "precision_50": 0.1188,
      "recall_50": 0.0561,
      "presence_acc": 0.6725,
      "presence_acc_pos": 0.8037,
      "presence_acc_neg": 0.5215,
      "mean_score_pos": 0.745,
      "mean_score_neg": 0.4765,
      "presence_auroc": 0.7234,
      "presence_pr_auc": 0.7249,
      "presence_brier": 0.2465,
      "frac_pred_near_corner": 0.03,
      "frac_pred_tiny_box": 0.4075,
      "conf_map_mean_pos": 0.0155,
      "conf_map_mean_neg": 0.0153,
      "conf_map_std_pos": 0.0374,
      "conf_map_std_neg": 0.0317,
      "support_proto_norm_mean": 7.7974,
      "support_proto_norm_std": 0.6175,
      "argmax_cell_entropy": 4.3677
    },
    "per_source": {
      "hots": {
        "n": 75,
        "n_pos": 40,
        "n_neg": 35,
        "iou_mean": 0.0216,
        "iou_median": 0.0,
        "iou_p25": 0.0,
        "iou_p75": 0.0,
        "contain_mean": 0.0264,
        "contain_at_iou_50": 0.025,
        "contain_at_iou_75": 0.025,
        "map_50": 0.016,
        "map_5095": 0.0058,
        "ap_per_iou": {
          "0.50": 0.016,
          "0.55": 0.0104,
          "0.60": 0.0079,
          "0.65": 0.007,
          "0.70": 0.0051,
          "0.75": 0.0051,
          "0.80": 0.0051,
          "0.85": 0.0015,
          "0.90": 0.0,
          "0.95": 0.0
        },
        "f1_50": 0.0357,
        "precision_50": 0.0625,
        "recall_50": 0.025,
        "presence_acc": 0.76,
        "presence_acc_pos": 0.925,
        "presence_acc_neg": 0.5714,
        "mean_score_pos": 0.877,
        "mean_score_neg": 0.4774,
        "presence_auroc": 0.7843,
        "presence_pr_auc": 0.7761,
        "presence_brier": 0.1963,
        "frac_pred_near_corner": 0.08,
        "frac_pred_tiny_box": 0.6267,
        "conf_map_mean_pos": 0.0157,
        "conf_map_mean_neg": 0.0155,
        "conf_map_std_pos": 0.0412,
        "conf_map_std_neg": 0.0325,
        "support_proto_norm_mean": 7.2429,
        "support_proto_norm_std": 0.5479
      },
      "insdet": {
        "n": 160,
        "n_pos": 89,
        "n_neg": 71,
        "iou_mean": 0.018,
        "iou_median": 0.0,
        "iou_p25": 0.0,
        "iou_p75": 0.0,
        "contain_mean": 0.0363,
        "contain_at_iou_50": 0.0225,
        "contain_at_iou_75": 0.0,
        "map_50": 0.0089,
        "map_5095": 0.0019,
        "ap_per_iou": {
          "0.50": 0.0089,
          "0.55": 0.0081,
          "0.60": 0.0009,
          "0.65": 0.0004,
          "0.70": 0.0004,
          "0.75": 0.0,
          "0.80": 0.0,
          "0.85": 0.0,
          "0.90": 0.0,
          "0.95": 0.0
        },
        "f1_50": 0.032,
        "precision_50": 0.0556,
        "recall_50": 0.0225,
        "presence_acc": 0.7,
        "presence_acc_pos": 0.8427,
        "presence_acc_neg": 0.5211,
        "mean_score_pos": 0.785,
        "mean_score_neg": 0.4621,
        "presence_auroc": 0.7663,
        "presence_pr_auc": 0.7699,
        "presence_brier": 0.2237,
        "frac_pred_near_corner": 0.0312,
        "frac_pred_tiny_box": 0.6312,
        "conf_map_mean_pos": 0.0112,
        "conf_map_mean_neg": 0.0126,
        "conf_map_std_pos": 0.0264,
        "conf_map_std_neg": 0.025,
        "support_proto_norm_mean": 7.8019,
        "support_proto_norm_std": 0.5556
      },
      "vizwiz_base": {
        "n": 140,
        "n_pos": 74,
        "n_neg": 66,
        "iou_mean": 0.1735,
        "iou_median": 0.0479,
        "iou_p25": 0.0,
        "iou_p75": 0.3554,
        "contain_mean": 0.346,
        "contain_at_iou_50": 0.1216,
        "contain_at_iou_75": 0.0135,
        "map_50": 0.0389,
        "map_5095": 0.0079,
        "ap_per_iou": {
          "0.50": 0.0389,
          "0.55": 0.0196,
          "0.60": 0.0103,
          "0.65": 0.0058,
          "0.70": 0.0024,
          "0.75": 0.0009,
          "0.80": 0.0005,
          "0.85": 0.0004,
          "0.90": 0.0,
          "0.95": 0.0
        },
        "f1_50": 0.1565,
        "precision_50": 0.2195,
        "recall_50": 0.1216,
        "presence_acc": 0.6429,
        "presence_acc_pos": 0.7568,
        "presence_acc_neg": 0.5152,
        "mean_score_pos": 0.6839,
        "mean_score_neg": 0.4784,
        "presence_auroc": 0.6695,
        "presence_pr_auc": 0.6713,
        "presence_brier": 0.2686,
        "frac_pred_near_corner": 0.0071,
        "frac_pred_tiny_box": 0.0643,
        "conf_map_mean_pos": 0.0204,
        "conf_map_mean_neg": 0.018,
        "conf_map_std_pos": 0.0481,
        "conf_map_std_neg": 0.0374,
        "support_proto_norm_mean": 8.1051,
        "support_proto_norm_std": 0.5561
      },
      "vizwiz_novel": {
        "n": 25,
        "n_pos": 11,
        "n_neg": 14,
        "iou_mean": 0.0217,
        "iou_median": 0.0206,
        "iou_p25": 0.0103,
        "iou_p75": 0.039,
        "contain_mean": 0.2831,
        "contain_at_iou_50": 0.0,
        "contain_at_iou_75": 0.0,
        "map_50": 0.0,
        "map_5095": 0.0,
        "ap_per_iou": {
          "0.50": 0.0,
          "0.55": 0.0,
          "0.60": 0.0,
          "0.65": 0.0,
          "0.70": 0.0,
          "0.75": 0.0,
          "0.80": 0.0,
          "0.85": 0.0,
          "0.90": 0.0,
          "0.95": 0.0
        },
        "f1_50": 0.0,
        "precision_50": 0.0,
        "recall_50": 0.0,
        "presence_acc": 0.4,
        "presence_acc_pos": 0.3636,
        "presence_acc_neg": 0.4286,
        "mean_score_pos": 0.3518,
        "mean_score_neg": 0.5379,
        "presence_auroc": 0.3636,
        "presence_pr_auc": 0.3703,
        "presence_brier": 0.4195,
        "frac_pred_near_corner": 0.0,
        "frac_pred_tiny_box": 0.24,
        "conf_map_mean_pos": 0.0168,
        "conf_map_mean_neg": 0.0158,
        "conf_map_std_pos": 0.0418,
        "conf_map_std_neg": 0.0363,
        "support_proto_norm_mean": 7.7096,
        "support_proto_norm_std": 0.1825
      }
    },
    "score_thr": 0.5,
    "iou_thr": 0.5,
    "img_size": 224,
    "tta_sizes": [
      224,
      288
    ]
  }
}