{
  "stage": 2,
  "epoch": 7,
  "fold": null,
  "wall_clock_seconds": 320.18,
  "lr": {
    "group_0": 1.1391925063329218e-05,
    "group_1": 4.5335587578347074e-05
  },
  "train": {
    "loss": 5.710173811963809,
    "qfl": 0.23350329665086603,
    "neg_qfl": 0.0002045635201577698,
    "centerness": 1.1048671776248562,
    "dfl": 0.7864882343558854,
    "giou": 1.1086598583447036,
    "presence": 0.03015944186437835,
    "attn": 0.11129439253640432,
    "aux": 1.5696538520115677,
    "entropy_reg": 1.5589700847543695,
    "reg_l2_prior": 108.67591078563403,
    "proto_norm": 2.885314535069209,
    "nt_xent": 1.3110195513694518,
    "vicreg": 0.4942908264616484,
    "barlow": 0.10071326615989849,
    "triplet": 0.0,
    "grad_norm": 18.78895903146395,
    "n_steps": 93
  },
  "val": {
    "overall": {
      "n": 400,
      "n_pos": 193,
      "n_neg": 207,
      "iou_mean": 0.065,
      "iou_median": 0.0,
      "iou_p25": 0.0,
      "iou_p75": 0.0,
      "contain_mean": 0.1185,
      "contain_at_iou_50": 0.0363,
      "contain_at_iou_75": 0.0,
      "map_50": 0.0084,
      "map_5095": 0.0022,
      "ap_per_iou": {
        "0.50": 0.0084,
        "0.55": 0.0066,
        "0.60": 0.0034,
        "0.65": 0.0019,
        "0.70": 0.0014,
        "0.75": 0.0003,
        "0.80": 0.0,
        "0.85": 0.0,
        "0.90": 0.0,
        "0.95": 0.0
      },
      "f1_50": 0.0496,
      "precision_50": 0.0787,
      "recall_50": 0.0363,
      "presence_acc": 0.665,
      "presence_acc_pos": 0.7306,
      "presence_acc_neg": 0.6039,
      "mean_score_pos": 0.6066,
      "mean_score_neg": 0.4022,
      "presence_auroc": 0.7096,
      "presence_pr_auc": 0.6494,
      "presence_brier": 0.2251,
      "frac_pred_near_corner": 0.0125,
      "frac_pred_tiny_box": 0.395,
      "conf_map_mean_pos": 0.0217,
      "conf_map_mean_neg": 0.0206,
      "conf_map_std_pos": 0.0311,
      "conf_map_std_neg": 0.0239,
      "support_proto_norm_mean": 2.4716,
      "support_proto_norm_std": 0.9323,
      "argmax_cell_entropy": 4.3068
    },
    "per_source": {
      "hots": {
        "n": 67,
        "n_pos": 38,
        "n_neg": 29,
        "iou_mean": 0.0192,
        "iou_median": 0.0,
        "iou_p25": 0.0,
        "iou_p75": 0.0,
        "contain_mean": 0.0245,
        "contain_at_iou_50": 0.0263,
        "contain_at_iou_75": 0.0,
        "map_50": 0.0285,
        "map_5095": 0.009,
        "ap_per_iou": {
          "0.50": 0.0285,
          "0.55": 0.0228,
          "0.60": 0.0163,
          "0.65": 0.013,
          "0.70": 0.0079,
          "0.75": 0.0015,
          "0.80": 0.0001,
          "0.85": 0.0001,
          "0.90": 0.0,
          "0.95": 0.0
        },
        "f1_50": 0.0408,
        "precision_50": 0.0909,
        "recall_50": 0.0263,
        "presence_acc": 0.7761,
        "presence_acc_pos": 0.8684,
        "presence_acc_neg": 0.6552,
        "mean_score_pos": 0.7143,
        "mean_score_neg": 0.3713,
        "presence_auroc": 0.8267,
        "presence_pr_auc": 0.844,
        "presence_brier": 0.154,
        "frac_pred_near_corner": 0.0299,
        "frac_pred_tiny_box": 0.7313,
        "conf_map_mean_pos": 0.0217,
        "conf_map_mean_neg": 0.0192,
        "conf_map_std_pos": 0.039,
        "conf_map_std_neg": 0.0216,
        "support_proto_norm_mean": 2.1034,
        "support_proto_norm_std": 0.8611
      },
      "insdet": {
        "n": 162,
        "n_pos": 78,
        "n_neg": 84,
        "iou_mean": 0.0201,
        "iou_median": 0.0,
        "iou_p25": 0.0,
        "iou_p75": 0.0,
        "contain_mean": 0.046,
        "contain_at_iou_50": 0.0,
        "contain_at_iou_75": 0.0,
        "map_50": 0.0002,
        "map_5095": 0.0,
        "ap_per_iou": {
          "0.50": 0.0002,
          "0.55": 0.0001,
          "0.60": 0.0,
          "0.65": 0.0,
          "0.70": 0.0,
          "0.75": 0.0,
          "0.80": 0.0,
          "0.85": 0.0,
          "0.90": 0.0,
          "0.95": 0.0
        },
        "f1_50": 0.0,
        "precision_50": 0.0,
        "recall_50": 0.0,
        "presence_acc": 0.7963,
        "presence_acc_pos": 0.9615,
        "presence_acc_neg": 0.6429,
        "mean_score_pos": 0.7036,
        "mean_score_neg": 0.3674,
        "presence_auroc": 0.8387,
        "presence_pr_auc": 0.7754,
        "presence_brier": 0.1556,
        "frac_pred_near_corner": 0.0123,
        "frac_pred_tiny_box": 0.4938,
        "conf_map_mean_pos": 0.0178,
        "conf_map_mean_neg": 0.0182,
        "conf_map_std_pos": 0.0245,
        "conf_map_std_neg": 0.0194,
        "support_proto_norm_mean": 2.2398,
        "support_proto_norm_std": 0.9857
      },
      "vizwiz_base": {
        "n": 140,
        "n_pos": 58,
        "n_neg": 82,
        "iou_mean": 0.1767,
        "iou_median": 0.0524,
        "iou_p25": 0.0,
        "iou_p75": 0.3571,
        "contain_mean": 0.3164,
        "contain_at_iou_50": 0.1034,
        "contain_at_iou_75": 0.0,
        "map_50": 0.0179,
        "map_5095": 0.0042,
        "ap_per_iou": {
          "0.50": 0.0179,
          "0.55": 0.0143,
          "0.60": 0.0055,
          "0.65": 0.002,
          "0.70": 0.002,
          "0.75": 0.0006,
          "0.80": 0.0002,
          "0.85": 0.0,
          "0.90": 0.0,
          "0.95": 0.0
        },
        "f1_50": 0.1224,
        "precision_50": 0.15,
        "recall_50": 0.1034,
        "presence_acc": 0.5429,
        "presence_acc_pos": 0.4828,
        "presence_acc_neg": 0.5854,
        "mean_score_pos": 0.4802,
        "mean_score_neg": 0.4232,
        "presence_auroc": 0.562,
        "presence_pr_auc": 0.4788,
        "presence_brier": 0.2843,
        "frac_pred_near_corner": 0.0071,
        "frac_pred_tiny_box": 0.1357,
        "conf_map_mean_pos": 0.0274,
        "conf_map_mean_neg": 0.0238,
        "conf_map_std_pos": 0.0361,
        "conf_map_std_neg": 0.0298,
        "support_proto_norm_mean": 2.7486,
        "support_proto_norm_std": 0.7841
      },
      "vizwiz_novel": {
        "n": 31,
        "n_pos": 19,
        "n_neg": 12,
        "iou_mean": 0.0,
        "iou_median": 0.0,
        "iou_p25": 0.0,
        "iou_p75": 0.0,
        "contain_mean": 0.0,
        "contain_at_iou_50": 0.0,
        "contain_at_iou_75": 0.0,
        "map_50": 0.0,
        "map_5095": 0.0,
        "ap_per_iou": {
          "0.50": 0.0,
          "0.55": 0.0,
          "0.60": 0.0,
          "0.65": 0.0,
          "0.70": 0.0,
          "0.75": 0.0,
          "0.80": 0.0,
          "0.85": 0.0,
          "0.90": 0.0,
          "0.95": 0.0
        },
        "f1_50": 0.0,
        "precision_50": 0.0,
        "recall_50": 0.0,
        "presence_acc": 0.2903,
        "presence_acc_pos": 0.2632,
        "presence_acc_neg": 0.3333,
        "mean_score_pos": 0.3791,
        "mean_score_neg": 0.5765,
        "presence_auroc": 0.3246,
        "presence_pr_auc": 0.5452,
        "presence_brier": 0.4753,
        "frac_pred_near_corner": 0.0,
        "frac_pred_tiny_box": 0.3226,
        "conf_map_mean_pos": 0.0209,
        "conf_map_mean_neg": 0.0195,
        "conf_map_std_pos": 0.0271,
        "conf_map_std_neg": 0.0209,
        "support_proto_norm_mean": 3.2281,
        "support_proto_norm_std": 0.5153
      }
    },
    "score_thr": 0.5,
    "iou_thr": 0.5,
    "img_size": 224,
    "tta_sizes": [
      224,
      288
    ]
  }
}