{
  "stage": 2,
  "epoch": 4,
  "fold": null,
  "wall_clock_seconds": 324.38,
  "lr": {
    "group_0": 3.504665242679641e-05,
    "group_1": 0.00014009670982197627
  },
  "train": {
    "loss": 6.96294593298307,
    "qfl": 0.3457874541962019,
    "neg_qfl": 0.00022058668533860837,
    "centerness": 1.1147812515176752,
    "dfl": 0.8848956137575129,
    "giou": 1.5828531813877884,
    "presence": 0.07017240269730489,
    "attn": 0.11860976720689445,
    "aux": 1.9323611541460919,
    "entropy_reg": 0.973178748161562,
    "reg_l2_prior": 144.48143587830245,
    "proto_norm": 2.9379775972776514,
    "nt_xent": 1.3569818876122917,
    "vicreg": 0.5238761401945545,
    "barlow": 0.1071812198046715,
    "triplet": 0.0,
    "grad_norm": 20.803145993140436,
    "n_steps": 93
  },
  "val": {
    "overall": {
      "n": 400,
      "n_pos": 193,
      "n_neg": 207,
      "iou_mean": 0.062,
      "iou_median": 0.0,
      "iou_p25": 0.0,
      "iou_p75": 0.0,
      "contain_mean": 0.1328,
      "contain_at_iou_50": 0.0155,
      "contain_at_iou_75": 0.0052,
      "map_50": 0.0088,
      "map_5095": 0.0022,
      "ap_per_iou": {
        "0.50": 0.0088,
        "0.55": 0.0057,
        "0.60": 0.0038,
        "0.65": 0.0017,
        "0.70": 0.0009,
        "0.75": 0.0007,
        "0.80": 0.0001,
        "0.85": 0.0001,
        "0.90": 0.0,
        "0.95": 0.0
      },
      "f1_50": 0.0219,
      "precision_50": 0.037,
      "recall_50": 0.0155,
      "presence_acc": 0.705,
      "presence_acc_pos": 0.7927,
      "presence_acc_neg": 0.6232,
      "mean_score_pos": 0.5653,
      "mean_score_neg": 0.4287,
      "presence_auroc": 0.7316,
      "presence_pr_auc": 0.6609,
      "presence_brier": 0.2127,
      "frac_pred_near_corner": 0.0175,
      "frac_pred_tiny_box": 0.41,
      "conf_map_mean_pos": 0.0227,
      "conf_map_mean_neg": 0.0222,
      "conf_map_std_pos": 0.0273,
      "conf_map_std_neg": 0.0227,
      "support_proto_norm_mean": 2.4125,
      "support_proto_norm_std": 0.8112,
      "argmax_cell_entropy": 4.2888
    },
    "per_source": {
      "hots": {
        "n": 67,
        "n_pos": 38,
        "n_neg": 29,
        "iou_mean": 0.0206,
        "iou_median": 0.0,
        "iou_p25": 0.0,
        "iou_p75": 0.0,
        "contain_mean": 0.0255,
        "contain_at_iou_50": 0.0263,
        "contain_at_iou_75": 0.0263,
        "map_50": 0.025,
        "map_5095": 0.0076,
        "ap_per_iou": {
          "0.50": 0.025,
          "0.55": 0.0205,
          "0.60": 0.0184,
          "0.65": 0.0065,
          "0.70": 0.0029,
          "0.75": 0.0029,
          "0.80": 0.0001,
          "0.85": 0.0001,
          "0.90": 0.0,
          "0.95": 0.0
        },
        "f1_50": 0.0435,
        "precision_50": 0.125,
        "recall_50": 0.0263,
        "presence_acc": 0.8657,
        "presence_acc_pos": 0.9474,
        "presence_acc_neg": 0.7586,
        "mean_score_pos": 0.6112,
        "mean_score_neg": 0.35,
        "presence_auroc": 0.8829,
        "presence_pr_auc": 0.879,
        "presence_brier": 0.1567,
        "frac_pred_near_corner": 0.0149,
        "frac_pred_tiny_box": 0.7463,
        "conf_map_mean_pos": 0.0231,
        "conf_map_mean_neg": 0.0206,
        "conf_map_std_pos": 0.0337,
        "conf_map_std_neg": 0.0209,
        "support_proto_norm_mean": 1.8003,
        "support_proto_norm_std": 0.6008
      },
      "insdet": {
        "n": 162,
        "n_pos": 78,
        "n_neg": 84,
        "iou_mean": 0.0286,
        "iou_median": 0.0,
        "iou_p25": 0.0,
        "iou_p75": 0.0,
        "contain_mean": 0.0575,
        "contain_at_iou_50": 0.0128,
        "contain_at_iou_75": 0.0,
        "map_50": 0.005,
        "map_5095": 0.0005,
        "ap_per_iou": {
          "0.50": 0.005,
          "0.55": 0.0,
          "0.60": 0.0,
          "0.65": 0.0,
          "0.70": 0.0,
          "0.75": 0.0,
          "0.80": 0.0,
          "0.85": 0.0,
          "0.90": 0.0,
          "0.95": 0.0
        },
        "f1_50": 0.0187,
        "precision_50": 0.0345,
        "recall_50": 0.0128,
        "presence_acc": 0.8272,
        "presence_acc_pos": 1.0,
        "presence_acc_neg": 0.6667,
        "mean_score_pos": 0.6288,
        "mean_score_neg": 0.3977,
        "presence_auroc": 0.8727,
        "presence_pr_auc": 0.7976,
        "presence_brier": 0.1652,
        "frac_pred_near_corner": 0.0185,
        "frac_pred_tiny_box": 0.4444,
        "conf_map_mean_pos": 0.0173,
        "conf_map_mean_neg": 0.019,
        "conf_map_std_pos": 0.02,
        "conf_map_std_neg": 0.0184,
        "support_proto_norm_mean": 2.1658,
        "support_proto_norm_std": 0.7276
      },
      "vizwiz_base": {
        "n": 140,
        "n_pos": 58,
        "n_neg": 82,
        "iou_mean": 0.1542,
        "iou_median": 0.1071,
        "iou_p25": 0.0,
        "iou_p75": 0.3087,
        "contain_mean": 0.3478,
        "contain_at_iou_50": 0.0172,
        "contain_at_iou_75": 0.0,
        "map_50": 0.0205,
        "map_5095": 0.0044,
        "ap_per_iou": {
          "0.50": 0.0205,
          "0.55": 0.0121,
          "0.60": 0.0043,
          "0.65": 0.0028,
          "0.70": 0.0019,
          "0.75": 0.0008,
          "0.80": 0.0006,
          "0.85": 0.0006,
          "0.90": 0.0,
          "0.95": 0.0
        },
        "f1_50": 0.0213,
        "precision_50": 0.0278,
        "recall_50": 0.0172,
        "presence_acc": 0.5786,
        "presence_acc_pos": 0.5862,
        "presence_acc_neg": 0.5732,
        "mean_score_pos": 0.502,
        "mean_score_neg": 0.4653,
        "presence_auroc": 0.5738,
        "presence_pr_auc": 0.4948,
        "presence_brier": 0.2524,
        "frac_pred_near_corner": 0.0143,
        "frac_pred_tiny_box": 0.2286,
        "conf_map_mean_pos": 0.0297,
        "conf_map_mean_neg": 0.0261,
        "conf_map_std_pos": 0.0337,
        "conf_map_std_neg": 0.0282,
        "support_proto_norm_mean": 2.7656,
        "support_proto_norm_std": 0.6077
      },
      "vizwiz_novel": {
        "n": 31,
        "n_pos": 19,
        "n_neg": 12,
        "iou_mean": 0.0,
        "iou_median": 0.0,
        "iou_p25": 0.0,
        "iou_p75": 0.0,
        "contain_mean": 0.0,
        "contain_at_iou_50": 0.0,
        "contain_at_iou_75": 0.0,
        "map_50": 0.0,
        "map_5095": 0.0,
        "ap_per_iou": {
          "0.50": 0.0,
          "0.55": 0.0,
          "0.60": 0.0,
          "0.65": 0.0,
          "0.70": 0.0,
          "0.75": 0.0,
          "0.80": 0.0,
          "0.85": 0.0,
          "0.90": 0.0,
          "0.95": 0.0
        },
        "f1_50": 0.0,
        "precision_50": 0.0,
        "recall_50": 0.0,
        "presence_acc": 0.2903,
        "presence_acc_pos": 0.2632,
        "presence_acc_neg": 0.3333,
        "mean_score_pos": 0.4057,
        "mean_score_neg": 0.586,
        "presence_auroc": 0.2982,
        "presence_pr_auc": 0.536,
        "presence_brier": 0.4022,
        "frac_pred_near_corner": 0.0323,
        "frac_pred_tiny_box": 0.3226,
        "conf_map_mean_pos": 0.0223,
        "conf_map_mean_neg": 0.0211,
        "conf_map_std_pos": 0.0253,
        "conf_map_std_neg": 0.0192,
        "support_proto_norm_mean": 3.4306,
        "support_proto_norm_std": 0.7407
      }
    },
    "score_thr": 0.5,
    "iou_thr": 0.5,
    "img_size": 224,
    "tta_sizes": [
      224,
      288
    ]
  }
}