{
  "stage": 2,
  "epoch": 20,
  "fold": null,
  "wall_clock_seconds": 429.98,
  "lr": {
    "group_0": 1.0048922503314644e-07,
    "group_1": 1.0139908560981364e-07
  },
  "train": {
    "loss": 3.511686834335327,
    "qfl": 0.0671450636535883,
    "neg_qfl": 0.0001031282710027881,
    "centerness": 1.0504966464042664,
    "dfl": 0.4422312617301941,
    "giou": 0.36665256440639493,
    "pred_iou": 0.05395779401063919,
    "presence": 3.220333633271366e-05,
    "attn": 0.12197777843475342,
    "aux": 1.0815120406150818,
    "entropy_reg": 3.015652370452881,
    "reg_l2_prior": 1190.935955078125,
    "proto_norm": 50.02413861083984,
    "contrastive_presence": 0.09495241787284613,
    "feature_spread": 0.0,
    "nt_xent": 1.174506633758545,
    "vicreg": 0.4987964265346527,
    "barlow": 0.07332997369766235,
    "triplet": 0.0,
    "grad_norm": 15.743776290893555,
    "n_steps": 125
  },
  "val": {
    "overall": {
      "n": 400,
      "n_pos": 214,
      "n_neg": 186,
      "iou_mean": 0.0726,
      "iou_median": 0.0,
      "iou_p25": 0.0,
      "iou_p75": 0.0251,
      "contain_mean": 0.1541,
      "contain_at_iou_50": 0.0561,
      "contain_at_iou_75": 0.0093,
      "map_50": 0.0145,
      "map_5095": 0.0034,
      "ap_per_iou": {
        "0.50": 0.0145,
        "0.55": 0.0084,
        "0.60": 0.0043,
        "0.65": 0.0029,
        "0.70": 0.0016,
        "0.75": 0.0009,
        "0.80": 0.0008,
        "0.85": 0.0004,
        "0.90": 0.0,
        "0.95": 0.0
      },
      "f1_50": 0.0762,
      "precision_50": 0.1188,
      "recall_50": 0.0561,
      "presence_acc": 0.6725,
      "presence_acc_pos": 0.8037,
      "presence_acc_neg": 0.5215,
      "mean_score_pos": 0.7429,
      "mean_score_neg": 0.4746,
      "presence_auroc": 0.7229,
      "presence_pr_auc": 0.7246,
      "presence_brier": 0.2466,
      "frac_pred_near_corner": 0.0325,
      "frac_pred_tiny_box": 0.405,
      "conf_map_mean_pos": 0.0155,
      "conf_map_mean_neg": 0.0153,
      "conf_map_std_pos": 0.0376,
      "conf_map_std_neg": 0.0317,
      "support_proto_norm_mean": 7.8037,
      "support_proto_norm_std": 0.6193,
      "argmax_cell_entropy": 4.3809
    },
    "per_source": {
      "hots": {
        "n": 75,
        "n_pos": 40,
        "n_neg": 35,
        "iou_mean": 0.0215,
        "iou_median": 0.0,
        "iou_p25": 0.0,
        "iou_p75": 0.0,
        "contain_mean": 0.0264,
        "contain_at_iou_50": 0.025,
        "contain_at_iou_75": 0.025,
        "map_50": 0.0159,
        "map_5095": 0.0058,
        "ap_per_iou": {
          "0.50": 0.0159,
          "0.55": 0.0104,
          "0.60": 0.0079,
          "0.65": 0.007,
          "0.70": 0.0051,
          "0.75": 0.0051,
          "0.80": 0.0051,
          "0.85": 0.0015,
          "0.90": 0.0,
          "0.95": 0.0
        },
        "f1_50": 0.0357,
        "precision_50": 0.0625,
        "recall_50": 0.025,
        "presence_acc": 0.76,
        "presence_acc_pos": 0.925,
        "presence_acc_neg": 0.5714,
        "mean_score_pos": 0.8759,
        "mean_score_neg": 0.4768,
        "presence_auroc": 0.7843,
        "presence_pr_auc": 0.7761,
        "presence_brier": 0.1964,
        "frac_pred_near_corner": 0.08,
        "frac_pred_tiny_box": 0.6267,
        "conf_map_mean_pos": 0.0157,
        "conf_map_mean_neg": 0.0155,
        "conf_map_std_pos": 0.0414,
        "conf_map_std_neg": 0.0326,
        "support_proto_norm_mean": 7.2481,
        "support_proto_norm_std": 0.5499
      },
      "insdet": {
        "n": 160,
        "n_pos": 89,
        "n_neg": 71,
        "iou_mean": 0.018,
        "iou_median": 0.0,
        "iou_p25": 0.0,
        "iou_p75": 0.0,
        "contain_mean": 0.0363,
        "contain_at_iou_50": 0.0225,
        "contain_at_iou_75": 0.0,
        "map_50": 0.0089,
        "map_5095": 0.0019,
        "ap_per_iou": {
          "0.50": 0.0089,
          "0.55": 0.0081,
          "0.60": 0.0009,
          "0.65": 0.0004,
          "0.70": 0.0004,
          "0.75": 0.0,
          "0.80": 0.0,
          "0.85": 0.0,
          "0.90": 0.0,
          "0.95": 0.0
        },
        "f1_50": 0.032,
        "precision_50": 0.0556,
        "recall_50": 0.0225,
        "presence_acc": 0.7,
        "presence_acc_pos": 0.8427,
        "presence_acc_neg": 0.5211,
        "mean_score_pos": 0.7827,
        "mean_score_neg": 0.4609,
        "presence_auroc": 0.7655,
        "presence_pr_auc": 0.7697,
        "presence_brier": 0.224,
        "frac_pred_near_corner": 0.0312,
        "frac_pred_tiny_box": 0.6312,
        "conf_map_mean_pos": 0.0112,
        "conf_map_mean_neg": 0.0126,
        "conf_map_std_pos": 0.0265,
        "conf_map_std_neg": 0.0251,
        "support_proto_norm_mean": 7.8052,
        "support_proto_norm_std": 0.5549
      },
      "vizwiz_base": {
        "n": 140,
        "n_pos": 74,
        "n_neg": 66,
        "iou_mean": 0.1735,
        "iou_median": 0.0477,
        "iou_p25": 0.0,
        "iou_p75": 0.3556,
        "contain_mean": 0.3462,
        "contain_at_iou_50": 0.1216,
        "contain_at_iou_75": 0.0135,
        "map_50": 0.0394,
        "map_5095": 0.0079,
        "ap_per_iou": {
          "0.50": 0.0394,
          "0.55": 0.0198,
          "0.60": 0.0103,
          "0.65": 0.0057,
          "0.70": 0.0024,
          "0.75": 0.0009,
          "0.80": 0.0004,
          "0.85": 0.0003,
          "0.90": 0.0,
          "0.95": 0.0
        },
        "f1_50": 0.1565,
        "precision_50": 0.2195,
        "recall_50": 0.1216,
        "presence_acc": 0.6429,
        "presence_acc_pos": 0.7568,
        "presence_acc_neg": 0.5152,
        "mean_score_pos": 0.6826,
        "mean_score_neg": 0.476,
        "presence_auroc": 0.6699,
        "presence_pr_auc": 0.6716,
        "presence_brier": 0.2682,
        "frac_pred_near_corner": 0.0143,
        "frac_pred_tiny_box": 0.0571,
        "conf_map_mean_pos": 0.0203,
        "conf_map_mean_neg": 0.018,
        "conf_map_std_pos": 0.0482,
        "conf_map_std_neg": 0.0374,
        "support_proto_norm_mean": 8.1132,
        "support_proto_norm_std": 0.5595
      },
      "vizwiz_novel": {
        "n": 25,
        "n_pos": 11,
        "n_neg": 14,
        "iou_mean": 0.0215,
        "iou_median": 0.0205,
        "iou_p25": 0.0103,
        "iou_p75": 0.0387,
        "contain_mean": 0.28,
        "contain_at_iou_50": 0.0,
        "contain_at_iou_75": 0.0,
        "map_50": 0.0,
        "map_5095": 0.0,
        "ap_per_iou": {
          "0.50": 0.0,
          "0.55": 0.0,
          "0.60": 0.0,
          "0.65": 0.0,
          "0.70": 0.0,
          "0.75": 0.0,
          "0.80": 0.0,
          "0.85": 0.0,
          "0.90": 0.0,
          "0.95": 0.0
        },
        "f1_50": 0.0,
        "precision_50": 0.0,
        "recall_50": 0.0,
        "presence_acc": 0.4,
        "presence_acc_pos": 0.3636,
        "presence_acc_neg": 0.4286,
        "mean_score_pos": 0.3434,
        "mean_score_neg": 0.5316,
        "presence_auroc": 0.3636,
        "presence_pr_auc": 0.3703,
        "presence_brier": 0.4203,
        "frac_pred_near_corner": 0.0,
        "frac_pred_tiny_box": 0.24,
        "conf_map_mean_pos": 0.0168,
        "conf_map_mean_neg": 0.0158,
        "conf_map_std_pos": 0.0417,
        "conf_map_std_neg": 0.0364,
        "support_proto_norm_mean": 7.7276,
        "support_proto_norm_std": 0.1954
      }
    },
    "score_thr": 0.5,
    "iou_thr": 0.5,
    "img_size": 224,
    "tta_sizes": [
      224,
      288
    ]
  }
}