{
  "stage": 2,
  "epoch": 13,
  "fold": null,
  "wall_clock_seconds": 439.05,
  "lr": {
    "group_0": 2.1180289163305954e-05,
    "group_1": 6.038540491766614e-05
  },
  "train": {
    "loss": 3.874166379928589,
    "qfl": 0.08854445254802704,
    "neg_qfl": 0.00012664719668100587,
    "centerness": 1.0528695092201232,
    "dfl": 0.4663224158287048,
    "giou": 0.5214033303260803,
    "pred_iou": 0.07445654806494713,
    "presence": 8.311689368929365e-05,
    "attn": 0.12631655550003051,
    "aux": 1.1787861261367798,
    "entropy_reg": 2.863473253250122,
    "reg_l2_prior": 1163.7352802734374,
    "proto_norm": 49.13275637817383,
    "contrastive_presence": 0.10447223588079214,
    "feature_spread": 0.0,
    "nt_xent": 1.1895819692611693,
    "vicreg": 0.5087768485546112,
    "barlow": 0.07544080251455307,
    "triplet": 0.0,
    "grad_norm": 17.55554605102539,
    "n_steps": 125
  },
  "val": {
    "overall": {
      "n": 400,
      "n_pos": 214,
      "n_neg": 186,
      "iou_mean": 0.0793,
      "iou_median": 0.0,
      "iou_p25": 0.0,
      "iou_p75": 0.0356,
      "contain_mean": 0.1461,
      "contain_at_iou_50": 0.0514,
      "contain_at_iou_75": 0.0187,
      "map_50": 0.0133,
      "map_5095": 0.0033,
      "ap_per_iou": {
        "0.50": 0.0133,
        "0.55": 0.0084,
        "0.60": 0.0044,
        "0.65": 0.0028,
        "0.70": 0.0013,
        "0.75": 0.0011,
        "0.80": 0.0011,
        "0.85": 0.0004,
        "0.90": 0.0,
        "0.95": 0.0
      },
      "f1_50": 0.0714,
      "precision_50": 0.117,
      "recall_50": 0.0514,
      "presence_acc": 0.6825,
      "presence_acc_pos": 0.7944,
      "presence_acc_neg": 0.5538,
      "mean_score_pos": 0.7318,
      "mean_score_neg": 0.4575,
      "presence_auroc": 0.7265,
      "presence_pr_auc": 0.7225,
      "presence_brier": 0.2424,
      "frac_pred_near_corner": 0.02,
      "frac_pred_tiny_box": 0.4125,
      "conf_map_mean_pos": 0.0158,
      "conf_map_mean_neg": 0.0158,
      "conf_map_std_pos": 0.035,
      "conf_map_std_neg": 0.0301,
      "support_proto_norm_mean": 7.7086,
      "support_proto_norm_std": 0.6149,
      "argmax_cell_entropy": 4.3428
    },
    "per_source": {
      "hots": {
        "n": 75,
        "n_pos": 40,
        "n_neg": 35,
        "iou_mean": 0.0416,
        "iou_median": 0.0,
        "iou_p25": 0.0,
        "iou_p75": 0.0,
        "contain_mean": 0.0464,
        "contain_at_iou_50": 0.05,
        "contain_at_iou_75": 0.05,
        "map_50": 0.0165,
        "map_5095": 0.006,
        "ap_per_iou": {
          "0.50": 0.0165,
          "0.55": 0.0151,
          "0.60": 0.0073,
          "0.65": 0.0062,
          "0.70": 0.0052,
          "0.75": 0.0052,
          "0.80": 0.0043,
          "0.85": 0.0003,
          "0.90": 0.0,
          "0.95": 0.0
        },
        "f1_50": 0.0702,
        "precision_50": 0.1176,
        "recall_50": 0.05,
        "presence_acc": 0.7733,
        "presence_acc_pos": 0.95,
        "presence_acc_neg": 0.5714,
        "mean_score_pos": 0.8734,
        "mean_score_neg": 0.4714,
        "presence_auroc": 0.7957,
        "presence_pr_auc": 0.7862,
        "presence_brier": 0.1923,
        "frac_pred_near_corner": 0.0533,
        "frac_pred_tiny_box": 0.6133,
        "conf_map_mean_pos": 0.0157,
        "conf_map_mean_neg": 0.0158,
        "conf_map_std_pos": 0.0381,
        "conf_map_std_neg": 0.0302,
        "support_proto_norm_mean": 7.1621,
        "support_proto_norm_std": 0.5391
      },
      "insdet": {
        "n": 160,
        "n_pos": 89,
        "n_neg": 71,
        "iou_mean": 0.0201,
        "iou_median": 0.0,
        "iou_p25": 0.0,
        "iou_p75": 0.0,
        "contain_mean": 0.0385,
        "contain_at_iou_50": 0.0225,
        "contain_at_iou_75": 0.0,
        "map_50": 0.0112,
        "map_5095": 0.0024,
        "ap_per_iou": {
          "0.50": 0.0112,
          "0.55": 0.0096,
          "0.60": 0.002,
          "0.65": 0.0006,
          "0.70": 0.0001,
          "0.75": 0.0,
          "0.80": 0.0,
          "0.85": 0.0,
          "0.90": 0.0,
          "0.95": 0.0
        },
        "f1_50": 0.0325,
        "precision_50": 0.0588,
        "recall_50": 0.0225,
        "presence_acc": 0.7063,
        "presence_acc_pos": 0.8315,
        "presence_acc_neg": 0.5493,
        "mean_score_pos": 0.7694,
        "mean_score_neg": 0.4276,
        "presence_auroc": 0.7731,
        "presence_pr_auc": 0.7692,
        "presence_brier": 0.2159,
        "frac_pred_near_corner": 0.0125,
        "frac_pred_tiny_box": 0.6125,
        "conf_map_mean_pos": 0.0115,
        "conf_map_mean_neg": 0.0131,
        "conf_map_std_pos": 0.0248,
        "conf_map_std_neg": 0.0238,
        "support_proto_norm_mean": 7.7672,
        "support_proto_norm_std": 0.5873
      },
      "vizwiz_base": {
        "n": 140,
        "n_pos": 74,
        "n_neg": 66,
        "iou_mean": 0.1816,
        "iou_median": 0.0688,
        "iou_p25": 0.0,
        "iou_p75": 0.34,
        "contain_mean": 0.349,
        "contain_at_iou_50": 0.0946,
        "contain_at_iou_75": 0.027,
        "map_50": 0.0275,
        "map_5095": 0.0062,
        "ap_per_iou": {
          "0.50": 0.0275,
          "0.55": 0.0137,
          "0.60": 0.0101,
          "0.65": 0.0051,
          "0.70": 0.0016,
          "0.75": 0.0015,
          "0.80": 0.0013,
          "0.85": 0.0013,
          "0.90": 0.0,
          "0.95": 0.0
        },
        "f1_50": 0.1284,
        "precision_50": 0.2,
        "recall_50": 0.0946,
        "presence_acc": 0.6571,
        "presence_acc_pos": 0.7297,
        "presence_acc_neg": 0.5758,
        "mean_score_pos": 0.6718,
        "mean_score_neg": 0.4725,
        "presence_auroc": 0.6558,
        "presence_pr_auc": 0.654,
        "presence_brier": 0.2695,
        "frac_pred_near_corner": 0.0071,
        "frac_pred_tiny_box": 0.0786,
        "conf_map_mean_pos": 0.0208,
        "conf_map_mean_neg": 0.0188,
        "conf_map_std_pos": 0.0452,
        "conf_map_std_neg": 0.0363,
        "support_proto_norm_mean": 7.9472,
        "support_proto_norm_std": 0.5495
      },
      "vizwiz_novel": {
        "n": 25,
        "n_pos": 11,
        "n_neg": 14,
        "iou_mean": 0.0076,
        "iou_median": 0.0,
        "iou_p25": 0.0,
        "iou_p75": 0.021,
        "contain_mean": 0.0134,
        "contain_at_iou_50": 0.0,
        "contain_at_iou_75": 0.0,
        "map_50": 0.0,
        "map_5095": 0.0,
        "ap_per_iou": {
          "0.50": 0.0,
          "0.55": 0.0,
          "0.60": 0.0,
          "0.65": 0.0,
          "0.70": 0.0,
          "0.75": 0.0,
          "0.80": 0.0,
          "0.85": 0.0,
          "0.90": 0.0,
          "0.95": 0.0
        },
        "f1_50": 0.0,
        "precision_50": 0.0,
        "recall_50": 0.0,
        "presence_acc": 0.4,
        "presence_acc_pos": 0.3636,
        "presence_acc_neg": 0.4286,
        "mean_score_pos": 0.316,
        "mean_score_neg": 0.5029,
        "presence_auroc": 0.3442,
        "presence_pr_auc": 0.3638,
        "presence_brier": 0.4103,
        "frac_pred_near_corner": 0.04,
        "frac_pred_tiny_box": 0.4,
        "conf_map_mean_pos": 0.017,
        "conf_map_mean_neg": 0.0159,
        "conf_map_std_pos": 0.038,
        "conf_map_std_neg": 0.0325,
        "support_proto_norm_mean": 7.6375,
        "support_proto_norm_std": 0.195
      }
    },
    "score_thr": 0.5,
    "iou_thr": 0.5,
    "img_size": 224,
    "tta_sizes": [
      224,
      288
    ]
  }
}