{
  "stage": 2,
  "epoch": 8,
  "fold": null,
  "wall_clock_seconds": 315.65,
  "lr": {
    "group_0": 5.355212913731342e-06,
    "group_1": 2.1152446121340658e-05
  },
  "train": {
    "loss": 5.509241934745543,
    "qfl": 0.22206385730094808,
    "neg_qfl": 0.00020149878784200497,
    "centerness": 1.1022218106895365,
    "dfl": 0.7747511780390175,
    "giou": 1.0184677948233902,
    "presence": 0.023790593624555614,
    "attn": 0.11004310341611985,
    "aux": 1.5158498466655772,
    "entropy_reg": 1.6617970517886582,
    "reg_l2_prior": 105.26666407431325,
    "proto_norm": 2.6502313024254254,
    "nt_xent": 1.3056262103460168,
    "vicreg": 0.4904765611694705,
    "barlow": 0.09934074639953593,
    "triplet": 0.0,
    "grad_norm": 17.82542610168457,
    "n_steps": 93
  },
  "val": {
    "overall": {
      "n": 400,
      "n_pos": 193,
      "n_neg": 207,
      "iou_mean": 0.0608,
      "iou_median": 0.0,
      "iou_p25": 0.0,
      "iou_p75": 0.0,
      "contain_mean": 0.0982,
      "contain_at_iou_50": 0.0466,
      "contain_at_iou_75": 0.0,
      "map_50": 0.0098,
      "map_5095": 0.0022,
      "ap_per_iou": {
        "0.50": 0.0098,
        "0.55": 0.0061,
        "0.60": 0.0027,
        "0.65": 0.0016,
        "0.70": 0.0013,
        "0.75": 0.0004,
        "0.80": 0.0001,
        "0.85": 0.0,
        "0.90": 0.0,
        "0.95": 0.0
      },
      "f1_50": 0.0647,
      "precision_50": 0.1059,
      "recall_50": 0.0466,
      "presence_acc": 0.655,
      "presence_acc_pos": 0.6788,
      "presence_acc_neg": 0.6329,
      "mean_score_pos": 0.5782,
      "mean_score_neg": 0.3669,
      "presence_auroc": 0.7068,
      "presence_pr_auc": 0.6535,
      "presence_brier": 0.2286,
      "frac_pred_near_corner": 0.01,
      "frac_pred_tiny_box": 0.3675,
      "conf_map_mean_pos": 0.0213,
      "conf_map_mean_neg": 0.02,
      "conf_map_std_pos": 0.0313,
      "conf_map_std_neg": 0.0234,
      "support_proto_norm_mean": 2.5038,
      "support_proto_norm_std": 0.9134,
      "argmax_cell_entropy": 4.3326
    },
    "per_source": {
      "hots": {
        "n": 67,
        "n_pos": 38,
        "n_neg": 29,
        "iou_mean": 0.0196,
        "iou_median": 0.0,
        "iou_p25": 0.0,
        "iou_p75": 0.0,
        "contain_mean": 0.0244,
        "contain_at_iou_50": 0.0263,
        "contain_at_iou_75": 0.0,
        "map_50": 0.0269,
        "map_5095": 0.0086,
        "ap_per_iou": {
          "0.50": 0.0269,
          "0.55": 0.0201,
          "0.60": 0.0168,
          "0.65": 0.0113,
          "0.70": 0.0082,
          "0.75": 0.0022,
          "0.80": 0.0004,
          "0.85": 0.0001,
          "0.90": 0.0001,
          "0.95": 0.0
        },
        "f1_50": 0.0408,
        "precision_50": 0.0909,
        "recall_50": 0.0263,
        "presence_acc": 0.7761,
        "presence_acc_pos": 0.8684,
        "presence_acc_neg": 0.6552,
        "mean_score_pos": 0.7331,
        "mean_score_neg": 0.3707,
        "presence_auroc": 0.8267,
        "presence_pr_auc": 0.8426,
        "presence_brier": 0.1536,
        "frac_pred_near_corner": 0.0299,
        "frac_pred_tiny_box": 0.7313,
        "conf_map_mean_pos": 0.0217,
        "conf_map_mean_neg": 0.0188,
        "conf_map_std_pos": 0.0397,
        "conf_map_std_neg": 0.0212,
        "support_proto_norm_mean": 2.23,
        "support_proto_norm_std": 0.8587
      },
      "insdet": {
        "n": 162,
        "n_pos": 78,
        "n_neg": 84,
        "iou_mean": 0.0177,
        "iou_median": 0.0,
        "iou_p25": 0.0,
        "iou_p75": 0.0,
        "contain_mean": 0.0294,
        "contain_at_iou_50": 0.0128,
        "contain_at_iou_75": 0.0,
        "map_50": 0.002,
        "map_5095": 0.0002,
        "ap_per_iou": {
          "0.50": 0.002,
          "0.55": 0.0002,
          "0.60": 0.0,
          "0.65": 0.0,
          "0.70": 0.0,
          "0.75": 0.0,
          "0.80": 0.0,
          "0.85": 0.0,
          "0.90": 0.0,
          "0.95": 0.0
        },
        "f1_50": 0.0185,
        "precision_50": 0.0333,
        "recall_50": 0.0128,
        "presence_acc": 0.7778,
        "presence_acc_pos": 0.9103,
        "presence_acc_neg": 0.6548,
        "mean_score_pos": 0.6718,
        "mean_score_neg": 0.3313,
        "presence_auroc": 0.8303,
        "presence_pr_auc": 0.7635,
        "presence_brier": 0.1553,
        "frac_pred_near_corner": 0.0062,
        "frac_pred_tiny_box": 0.4444,
        "conf_map_mean_pos": 0.0178,
        "conf_map_mean_neg": 0.0178,
        "conf_map_std_pos": 0.0254,
        "conf_map_std_neg": 0.0192,
        "support_proto_norm_mean": 2.2968,
        "support_proto_norm_std": 0.988
      },
      "vizwiz_base": {
        "n": 140,
        "n_pos": 58,
        "n_neg": 82,
        "iou_mean": 0.1658,
        "iou_median": 0.0064,
        "iou_p25": 0.0,
        "iou_p75": 0.3485,
        "contain_mean": 0.2712,
        "contain_at_iou_50": 0.1207,
        "contain_at_iou_75": 0.0,
        "map_50": 0.0232,
        "map_5095": 0.0044,
        "ap_per_iou": {
          "0.50": 0.0232,
          "0.55": 0.0153,
          "0.60": 0.0032,
          "0.65": 0.0008,
          "0.70": 0.0008,
          "0.75": 0.0003,
          "0.80": 0.0003,
          "0.85": 0.0,
          "0.90": 0.0,
          "0.95": 0.0
        },
        "f1_50": 0.1489,
        "precision_50": 0.1944,
        "recall_50": 0.1207,
        "presence_acc": 0.5357,
        "presence_acc_pos": 0.3793,
        "presence_acc_neg": 0.6463,
        "mean_score_pos": 0.4288,
        "mean_score_neg": 0.3755,
        "presence_auroc": 0.5601,
        "presence_pr_auc": 0.4807,
        "presence_brier": 0.2894,
        "frac_pred_near_corner": 0.0071,
        "frac_pred_tiny_box": 0.1214,
        "conf_map_mean_pos": 0.0261,
        "conf_map_mean_neg": 0.0229,
        "conf_map_std_pos": 0.0348,
        "conf_map_std_neg": 0.0289,
        "support_proto_norm_mean": 2.7568,
        "support_proto_norm_std": 0.8037
      },
      "vizwiz_novel": {
        "n": 31,
        "n_pos": 19,
        "n_neg": 12,
        "iou_mean": 0.0,
        "iou_median": 0.0,
        "iou_p25": 0.0,
        "iou_p75": 0.0,
        "contain_mean": 0.0,
        "contain_at_iou_50": 0.0,
        "contain_at_iou_75": 0.0,
        "map_50": 0.0,
        "map_5095": 0.0,
        "ap_per_iou": {
          "0.50": 0.0,
          "0.55": 0.0,
          "0.60": 0.0,
          "0.65": 0.0,
          "0.70": 0.0,
          "0.75": 0.0,
          "0.80": 0.0,
          "0.85": 0.0,
          "0.90": 0.0,
          "0.95": 0.0
        },
        "f1_50": 0.0,
        "precision_50": 0.0,
        "recall_50": 0.0,
        "presence_acc": 0.2903,
        "presence_acc_pos": 0.2632,
        "presence_acc_neg": 0.3333,
        "mean_score_pos": 0.3406,
        "mean_score_neg": 0.5477,
        "presence_auroc": 0.3246,
        "presence_pr_auc": 0.5452,
        "presence_brier": 0.4989,
        "frac_pred_near_corner": 0.0,
        "frac_pred_tiny_box": 0.2903,
        "conf_map_mean_pos": 0.0202,
        "conf_map_mean_neg": 0.0188,
        "conf_map_std_pos": 0.0281,
        "conf_map_std_neg": 0.021,
        "support_proto_norm_mean": 3.0354,
        "support_proto_norm_std": 0.4431
      }
    },
    "score_thr": 0.5,
    "iou_thr": 0.5,
    "img_size": 224,
    "tta_sizes": [
      224,
      288
    ]
  }
}