{
  "stage": 2,
  "epoch": 17,
  "fold": null,
  "wall_clock_seconds": 433.33,
  "lr": {
    "group_0": 4.4008363716036314e-06,
    "group_1": 1.2399530624943738e-05
  },
  "train": {
    "loss": 3.575732666015625,
    "qfl": 0.07338794496655464,
    "neg_qfl": 0.00010765672136039939,
    "centerness": 1.0509416751861573,
    "dfl": 0.4466086759567261,
    "giou": 0.39361743891239165,
    "pred_iou": 0.05615240722894668,
    "presence": 3.6133875312771125e-05,
    "attn": 0.12257936191558838,
    "aux": 1.0997547202110292,
    "entropy_reg": 2.97927329826355,
    "reg_l2_prior": 1185.819453125,
    "proto_norm": 49.71204602050781,
    "contrastive_presence": 0.09550833351537585,
    "feature_spread": 0.0,
    "nt_xent": 1.1750783576965331,
    "vicreg": 0.4998098952770233,
    "barlow": 0.07349355912208558,
    "triplet": 0.0,
    "grad_norm": 16.378099365234377,
    "n_steps": 125
  },
  "val": {
    "overall": {
      "n": 400,
      "n_pos": 214,
      "n_neg": 186,
      "iou_mean": 0.0767,
      "iou_median": 0.0,
      "iou_p25": 0.0,
      "iou_p75": 0.0399,
      "contain_mean": 0.1607,
      "contain_at_iou_50": 0.0561,
      "contain_at_iou_75": 0.014,
      "map_50": 0.0142,
      "map_5095": 0.0034,
      "ap_per_iou": {
        "0.50": 0.0142,
        "0.55": 0.0088,
        "0.60": 0.0042,
        "0.65": 0.0029,
        "0.70": 0.0015,
        "0.75": 0.0013,
        "0.80": 0.001,
        "0.85": 0.0004,
        "0.90": 0.0,
        "0.95": 0.0
      },
      "f1_50": 0.0762,
      "precision_50": 0.1188,
      "recall_50": 0.0561,
      "presence_acc": 0.6725,
      "presence_acc_pos": 0.8037,
      "presence_acc_neg": 0.5215,
      "mean_score_pos": 0.7476,
      "mean_score_neg": 0.4803,
      "presence_auroc": 0.7222,
      "presence_pr_auc": 0.7239,
      "presence_brier": 0.247,
      "frac_pred_near_corner": 0.0275,
      "frac_pred_tiny_box": 0.415,
      "conf_map_mean_pos": 0.0156,
      "conf_map_mean_neg": 0.0154,
      "conf_map_std_pos": 0.037,
      "conf_map_std_neg": 0.0313,
      "support_proto_norm_mean": 7.7749,
      "support_proto_norm_std": 0.6079,
      "argmax_cell_entropy": 4.3561
    },
    "per_source": {
      "hots": {
        "n": 75,
        "n_pos": 40,
        "n_neg": 35,
        "iou_mean": 0.0426,
        "iou_median": 0.0,
        "iou_p25": 0.0,
        "iou_p75": 0.0,
        "contain_mean": 0.0503,
        "contain_at_iou_50": 0.05,
        "contain_at_iou_75": 0.05,
        "map_50": 0.0163,
        "map_5095": 0.0058,
        "ap_per_iou": {
          "0.50": 0.0163,
          "0.55": 0.0122,
          "0.60": 0.0079,
          "0.65": 0.007,
          "0.70": 0.0049,
          "0.75": 0.0049,
          "0.80": 0.0037,
          "0.85": 0.0013,
          "0.90": 0.0,
          "0.95": 0.0
        },
        "f1_50": 0.0702,
        "precision_50": 0.1176,
        "recall_50": 0.05,
        "presence_acc": 0.7733,
        "presence_acc_pos": 0.95,
        "presence_acc_neg": 0.5714,
        "mean_score_pos": 0.8831,
        "mean_score_neg": 0.4839,
        "presence_auroc": 0.7829,
        "presence_pr_auc": 0.7748,
        "presence_brier": 0.1975,
        "frac_pred_near_corner": 0.0667,
        "frac_pred_tiny_box": 0.6133,
        "conf_map_mean_pos": 0.0157,
        "conf_map_mean_neg": 0.0155,
        "conf_map_std_pos": 0.0404,
        "conf_map_std_neg": 0.032,
        "support_proto_norm_mean": 7.2318,
        "support_proto_norm_std": 0.5378
      },
      "insdet": {
        "n": 160,
        "n_pos": 89,
        "n_neg": 71,
        "iou_mean": 0.019,
        "iou_median": 0.0,
        "iou_p25": 0.0,
        "iou_p75": 0.0,
        "contain_mean": 0.039,
        "contain_at_iou_50": 0.0225,
        "contain_at_iou_75": 0.0,
        "map_50": 0.0092,
        "map_5095": 0.0019,
        "ap_per_iou": {
          "0.50": 0.0092,
          "0.55": 0.0082,
          "0.60": 0.0009,
          "0.65": 0.0004,
          "0.70": 0.0003,
          "0.75": 0.0,
          "0.80": 0.0,
          "0.85": 0.0,
          "0.90": 0.0,
          "0.95": 0.0
        },
        "f1_50": 0.032,
        "precision_50": 0.0556,
        "recall_50": 0.0225,
        "presence_acc": 0.7,
        "presence_acc_pos": 0.8427,
        "presence_acc_neg": 0.5211,
        "mean_score_pos": 0.7832,
        "mean_score_neg": 0.4598,
        "presence_auroc": 0.7656,
        "presence_pr_auc": 0.7663,
        "presence_brier": 0.2239,
        "frac_pred_near_corner": 0.0312,
        "frac_pred_tiny_box": 0.6312,
        "conf_map_mean_pos": 0.0114,
        "conf_map_mean_neg": 0.0127,
        "conf_map_std_pos": 0.0263,
        "conf_map_std_neg": 0.0247,
        "support_proto_norm_mean": 7.7951,
        "support_proto_norm_std": 0.5605
      },
      "vizwiz_base": {
        "n": 140,
        "n_pos": 74,
        "n_neg": 66,
        "iou_mean": 0.1725,
        "iou_median": 0.0538,
        "iou_p25": 0.0,
        "iou_p75": 0.341,
        "contain_mean": 0.3473,
        "contain_at_iou_50": 0.1081,
        "contain_at_iou_75": 0.0135,
        "map_50": 0.0379,
        "map_5095": 0.0082,
        "ap_per_iou": {
          "0.50": 0.0379,
          "0.55": 0.0207,
          "0.60": 0.0104,
          "0.65": 0.0056,
          "0.70": 0.0024,
          "0.75": 0.0021,
          "0.80": 0.0016,
          "0.85": 0.0013,
          "0.90": 0.0,
          "0.95": 0.0
        },
        "f1_50": 0.1416,
        "precision_50": 0.2051,
        "recall_50": 0.1081,
        "presence_acc": 0.6429,
        "presence_acc_pos": 0.7432,
        "presence_acc_neg": 0.5303,
        "mean_score_pos": 0.6866,
        "mean_score_neg": 0.4846,
        "presence_auroc": 0.6667,
        "presence_pr_auc": 0.6681,
        "presence_brier": 0.27,
        "frac_pred_near_corner": 0.0071,
        "frac_pred_tiny_box": 0.0929,
        "conf_map_mean_pos": 0.0203,
        "conf_map_mean_neg": 0.0181,
        "conf_map_std_pos": 0.0472,
        "conf_map_std_neg": 0.0371,
        "support_proto_norm_mean": 8.0617,
        "support_proto_norm_std": 0.5443
      },
      "vizwiz_novel": {
        "n": 25,
        "n_pos": 11,
        "n_neg": 14,
        "iou_mean": 0.0223,
        "iou_median": 0.0211,
        "iou_p25": 0.0105,
        "iou_p75": 0.0402,
        "contain_mean": 0.2926,
        "contain_at_iou_50": 0.0,
        "contain_at_iou_75": 0.0,
        "map_50": 0.0,
        "map_5095": 0.0,
        "ap_per_iou": {
          "0.50": 0.0,
          "0.55": 0.0,
          "0.60": 0.0,
          "0.65": 0.0,
          "0.70": 0.0,
          "0.75": 0.0,
          "0.80": 0.0,
          "0.85": 0.0,
          "0.90": 0.0,
          "0.95": 0.0
        },
        "f1_50": 0.0,
        "precision_50": 0.0,
        "recall_50": 0.0,
        "presence_acc": 0.36,
        "presence_acc_pos": 0.3636,
        "presence_acc_neg": 0.3571,
        "mean_score_pos": 0.3771,
        "mean_score_neg": 0.5555,
        "presence_auroc": 0.3442,
        "presence_pr_auc": 0.3638,
        "presence_brier": 0.4145,
        "frac_pred_near_corner": 0.0,
        "frac_pred_tiny_box": 0.24,
        "conf_map_mean_pos": 0.017,
        "conf_map_mean_neg": 0.0159,
        "conf_map_std_pos": 0.042,
        "conf_map_std_neg": 0.0359,
        "support_proto_norm_mean": 7.6694,
        "support_proto_norm_std": 0.1239
      }
    },
    "score_thr": 0.5,
    "iou_thr": 0.5,
    "img_size": 224,
    "tta_sizes": [
      224,
      288
    ]
  }
}