{
  "stage": 2,
  "epoch": 1,
  "fold": null,
  "wall_clock_seconds": 420.93,
  "lr": {
    "group_0": 6.840399999999998e-05,
    "group_1": 0.0001954400000000004
  },
  "train": {
    "loss": 8.473061874389648,
    "qfl": 0.2053632773089048,
    "neg_qfl": 2.999203218186608e-05,
    "centerness": 1.281873164176941,
    "dfl": 1.5326773066520691,
    "giou": 3.5585847759246825,
    "pred_iou": 0.43252416414022443,
    "presence": 0.10768231588602066,
    "attn": 0.4298018116950989,
    "aux": 3.540131519317627,
    "entropy_reg": -0.009223758697509766,
    "reg_l2_prior": 1595.6167548828125,
    "proto_norm": 22.2751796875,
    "contrastive_presence": 1.892772901535034,
    "feature_spread": 0.0,
    "nt_xent": 1.2970683031082153,
    "vicreg": 0.6548272743225098,
    "barlow": 0.0887018119096756,
    "triplet": 0.0,
    "grad_norm": Infinity,
    "n_steps": 125
  },
  "val": {
    "overall": {
      "n": 400,
      "n_pos": 214,
      "n_neg": 186,
      "iou_mean": 0.027,
      "iou_median": 0.0,
      "iou_p25": 0.0,
      "iou_p75": 0.0,
      "contain_mean": 0.0495,
      "contain_at_iou_50": 0.0187,
      "contain_at_iou_75": 0.0,
      "map_50": 0.0043,
      "map_5095": 0.0011,
      "ap_per_iou": {
        "0.50": 0.0043,
        "0.55": 0.0043,
        "0.60": 0.0021,
        "0.65": 0.0002,
        "0.70": 0.0,
        "0.75": 0.0,
        "0.80": 0.0,
        "0.85": 0.0,
        "0.90": 0.0,
        "0.95": 0.0
      },
      "f1_50": 0.0279,
      "precision_50": 0.0548,
      "recall_50": 0.0187,
      "presence_acc": 0.7025,
      "presence_acc_pos": 0.7664,
      "presence_acc_neg": 0.629,
      "mean_score_pos": 0.5574,
      "mean_score_neg": 0.471,
      "presence_auroc": 0.7646,
      "presence_pr_auc": 0.755,
      "presence_brier": 0.2146,
      "frac_pred_near_corner": 0.0,
      "frac_pred_tiny_box": 0.0,
      "conf_map_mean_pos": 0.0161,
      "conf_map_mean_neg": 0.0194,
      "conf_map_std_pos": 0.0201,
      "conf_map_std_neg": 0.0251,
      "support_proto_norm_mean": 6.4292,
      "support_proto_norm_std": 0.4773,
      "argmax_cell_entropy": 4.2576
    },
    "per_source": {
      "hots": {
        "n": 75,
        "n_pos": 40,
        "n_neg": 35,
        "iou_mean": 0.0,
        "iou_median": 0.0,
        "iou_p25": 0.0,
        "iou_p75": 0.0,
        "contain_mean": 0.0,
        "contain_at_iou_50": 0.0,
        "contain_at_iou_75": 0.0,
        "map_50": 0.0,
        "map_5095": 0.0,
        "ap_per_iou": {
          "0.50": 0.0,
          "0.55": 0.0,
          "0.60": 0.0,
          "0.65": 0.0,
          "0.70": 0.0,
          "0.75": 0.0,
          "0.80": 0.0,
          "0.85": 0.0,
          "0.90": 0.0,
          "0.95": 0.0
        },
        "f1_50": 0.0,
        "precision_50": 0.0,
        "recall_50": 0.0,
        "presence_acc": 0.8533,
        "presence_acc_pos": 1.0,
        "presence_acc_neg": 0.6857,
        "mean_score_pos": 0.6429,
        "mean_score_neg": 0.4787,
        "presence_auroc": 0.8886,
        "presence_pr_auc": 0.8589,
        "presence_brier": 0.1806,
        "frac_pred_near_corner": 0.0,
        "frac_pred_tiny_box": 0.0,
        "conf_map_mean_pos": 0.0134,
        "conf_map_mean_neg": 0.0176,
        "conf_map_std_pos": 0.0129,
        "conf_map_std_neg": 0.021,
        "support_proto_norm_mean": 6.0576,
        "support_proto_norm_std": 0.2263
      },
      "insdet": {
        "n": 160,
        "n_pos": 89,
        "n_neg": 71,
        "iou_mean": 0.0,
        "iou_median": 0.0,
        "iou_p25": 0.0,
        "iou_p75": 0.0,
        "contain_mean": 0.0,
        "contain_at_iou_50": 0.0,
        "contain_at_iou_75": 0.0,
        "map_50": 0.0,
        "map_5095": 0.0,
        "ap_per_iou": {
          "0.50": 0.0,
          "0.55": 0.0,
          "0.60": 0.0,
          "0.65": 0.0,
          "0.70": 0.0,
          "0.75": 0.0,
          "0.80": 0.0,
          "0.85": 0.0,
          "0.90": 0.0,
          "0.95": 0.0
        },
        "f1_50": 0.0,
        "precision_50": 0.0,
        "recall_50": 0.0,
        "presence_acc": 0.8625,
        "presence_acc_pos": 0.9888,
        "presence_acc_neg": 0.7042,
        "mean_score_pos": 0.5858,
        "mean_score_neg": 0.4425,
        "presence_auroc": 0.8603,
        "presence_pr_auc": 0.8278,
        "presence_brier": 0.1871,
        "frac_pred_near_corner": 0.0,
        "frac_pred_tiny_box": 0.0,
        "conf_map_mean_pos": 0.0132,
        "conf_map_mean_neg": 0.0182,
        "conf_map_std_pos": 0.0171,
        "conf_map_std_neg": 0.0237,
        "support_proto_norm_mean": 6.6053,
        "support_proto_norm_std": 0.3575
      },
      "vizwiz_base": {
        "n": 140,
        "n_pos": 74,
        "n_neg": 66,
        "iou_mean": 0.0773,
        "iou_median": 0.0,
        "iou_p25": 0.0,
        "iou_p75": 0.0303,
        "contain_mean": 0.142,
        "contain_at_iou_50": 0.0541,
        "contain_at_iou_75": 0.0,
        "map_50": 0.0139,
        "map_5095": 0.0034,
        "ap_per_iou": {
          "0.50": 0.0139,
          "0.55": 0.0139,
          "0.60": 0.0058,
          "0.65": 0.0006,
          "0.70": 0.0,
          "0.75": 0.0,
          "0.80": 0.0,
          "0.85": 0.0,
          "0.90": 0.0,
          "0.95": 0.0
        },
        "f1_50": 0.0769,
        "precision_50": 0.1333,
        "recall_50": 0.0541,
        "presence_acc": 0.4643,
        "presence_acc_pos": 0.3378,
        "presence_acc_neg": 0.6061,
        "mean_score_pos": 0.4794,
        "mean_score_neg": 0.4829,
        "presence_auroc": 0.4822,
        "presence_pr_auc": 0.5081,
        "presence_brier": 0.2568,
        "frac_pred_near_corner": 0.0,
        "frac_pred_tiny_box": 0.0,
        "conf_map_mean_pos": 0.0207,
        "conf_map_mean_neg": 0.0211,
        "conf_map_std_pos": 0.0272,
        "conf_map_std_neg": 0.0281,
        "support_proto_norm_mean": 6.5351,
        "support_proto_norm_std": 0.511
      },
      "vizwiz_novel": {
        "n": 25,
        "n_pos": 11,
        "n_neg": 14,
        "iou_mean": 0.0052,
        "iou_median": 0.0,
        "iou_p25": 0.0,
        "iou_p75": 0.0142,
        "contain_mean": 0.0083,
        "contain_at_iou_50": 0.0,
        "contain_at_iou_75": 0.0,
        "map_50": 0.0,
        "map_5095": 0.0,
        "ap_per_iou": {
          "0.50": 0.0,
          "0.55": 0.0,
          "0.60": 0.0,
          "0.65": 0.0,
          "0.70": 0.0,
          "0.75": 0.0,
          "0.80": 0.0,
          "0.85": 0.0,
          "0.90": 0.0,
          "0.95": 0.0
        },
        "f1_50": 0.0,
        "precision_50": 0.0,
        "recall_50": 0.0,
        "presence_acc": 0.56,
        "presence_acc_pos": 1.0,
        "presence_acc_neg": 0.2143,
        "mean_score_pos": 0.5421,
        "mean_score_neg": 0.5401,
        "presence_auroc": 0.5,
        "presence_pr_auc": 0.4258,
        "presence_brier": 0.2569,
        "frac_pred_near_corner": 0.0,
        "frac_pred_tiny_box": 0.0,
        "conf_map_mean_pos": 0.0186,
        "conf_map_mean_neg": 0.0216,
        "conf_map_std_pos": 0.024,
        "conf_map_std_neg": 0.0281,
        "support_proto_norm_mean": 5.8236,
        "support_proto_norm_std": 0.4101
      }
    },
    "score_thr": 0.5,
    "iou_thr": 0.5,
    "img_size": 224,
    "tta_sizes": [
      224,
      288
    ]
  }
}