{
  "stage": "L3",
  "phase": "mixed",
  "epoch": 10,
  "fold": 1,
  "wall_clock_seconds": 532.22,
  "lr": {
    "fusion": 5.078182688454063e-06,
    "class_head": 2.0852872845738646e-06,
    "box_head": 2.0852872845738646e-06,
    "lora": 2.0042659707855054e-05
  },
  "train": {
    "loss": 5.126942168275515,
    "patch_ce": 3.060334046880404,
    "l1": 0.021189945149235428,
    "giou": 0.48630025525887804,
    "log_area": 0.26342400689277684,
    "grad_norm": 98.73190513817039,
    "n_steps": 300,
    "grad_steps": 37,
    "grad_nan_steps": 0,
    "alpha": 0.9490181803703308,
    "bg_bias": -0.012783993035554886
  },
  "val": {
    "overall": {
      "n": 100,
      "n_pos": 69,
      "n_neg": 31,
      "iou_mean": 0.5512908802138291,
      "iou_median": 0.849795401096344,
      "iou_p25": 0.0,
      "iou_p75": 0.9085362553596497,
      "iou_std": 0.42376580081502524,
      "frac_iou_25": 0.6376811594202898,
      "frac_iou_50": 0.6086956521739131,
      "frac_iou_75": 0.5652173913043478,
      "frac_iou_90": 0.2898550724637681,
      "containment_mean": 0.5931531008926855,
      "containment_median": 0.8821103572845459,
      "containment_p25": 0.0,
      "containment_p75": 0.9639778137207031,
      "containment_std": 0.4423786782862765,
      "frac_containment_50": 0.6376811594202898,
      "frac_containment_75": 0.5942028985507246,
      "frac_containment_90": 0.463768115942029,
      "frac_containment_full": 0.11594202898550725,
      "contain_at_iou_50": 0.6086956521739131,
      "contain_at_iou_75": 0.5652173913043478,
      "high_contain_high_iou": 0.463768115942029,
      "ap_per_iou": {
        "0.50": 0.4628601722493702,
        "0.55": 0.4475570934002447,
        "0.60": 0.4475570934002447,
        "0.65": 0.4475570934002447,
        "0.70": 0.4475570934002447,
        "0.75": 0.4238354159660625,
        "0.80": 0.3930928483415771,
        "0.85": 0.3094792671758093,
        "0.90": 0.1031878682828979,
        "0.95": 0.011211415259172975
      },
      "map_50": 0.4628601722493702,
      "map_75": 0.4238354159660625,
      "map_5095": 0.3493895360875869,
      "map_50_containment": 0.5010028175855618,
      "map_90_containment": 0.27522494327546215,
      "mean_pred_box_area": 0.010776384632149826,
      "std_pred_box_area": 0.031509064614305506,
      "frac_pred_box_too_big": 0.0,
      "frac_pred_box_too_small": 0.7391304347826086,
      "mean_gt_box_area": 0.011549735293576861,
      "pred_to_gt_area_ratio_mean": 1.3191399617068096,
      "pred_to_gt_area_ratio_median": 1.0189342335155627,
      "log_area_ratio_mean": 0.08732447117113802,
      "log_area_ratio_std": 0.5450903933388804,
      "center_distance_mean": 0.07557095731370109,
      "center_distance_median": 0.004510626096241274,
      "score_mean": 0.20644144828606775,
      "score_std": 0.15334466029201765,
      "score_p25": 0.09592822939157486,
      "score_p75": 0.28888583183288574,
      "score_iou_correlation": 0.21115580636433876,
      "bg_prob_pos_mean": 0.2052995790929898,
      "bg_prob_pos_median": 0.15847955644130707,
      "abstain_rate_pos": 0.057971014492753624,
      "bg_prob_neg_mean": 0.4696046854219129,
      "bg_prob_neg_median": 0.3627624809741974,
      "abstain_rate_neg": 0.45161290322580644,
      "score_neg_mean": 0.0934351407772591,
      "score_neg_p75": 0.1722201183438301,
      "tn_rate": 0.45161290322580644,
      "fp_rate": 0.5483870967741935,
      "abstain_gap": 0.2643051063289231
    },
    "per_source": {
      "hots": {
        "n": 36,
        "n_pos": 24,
        "n_neg": 12,
        "iou_mean": 0.6461863443255424,
        "iou_median": 0.8672909438610077,
        "iou_p25": 0.2782636731863022,
        "iou_p75": 0.9211688190698624,
        "iou_std": 0.39902410337485805,
        "frac_iou_25": 0.75,
        "frac_iou_50": 0.7083333333333334,
        "frac_iou_75": 0.625,
        "frac_iou_90": 0.375,
        "containment_mean": 0.6726384138067564,
        "containment_median": 0.9076253473758698,
        "containment_p25": 0.28259052336215973,
        "containment_p75": 0.962748572230339,
        "containment_std": 0.41609620376540135,
        "frac_containment_50": 0.7083333333333334,
        "frac_containment_75": 0.7083333333333334,
        "frac_containment_90": 0.5,
        "frac_containment_full": 0.16666666666666666,
        "contain_at_iou_50": 0.7083333333333334,
        "contain_at_iou_75": 0.625,
        "high_contain_high_iou": 0.5,
        "ap_per_iou": {
          "0.50": 0.5706855957599298,
          "0.55": 0.5706855957599298,
          "0.60": 0.5706855957599298,
          "0.65": 0.5706855957599298,
          "0.70": 0.5706855957599298,
          "0.75": 0.4947269163006522,
          "0.80": 0.4947269163006522,
          "0.85": 0.4947269163006522,
          "0.90": 0.18164508758568165,
          "0.95": 0.029272492466637958
        },
        "map_50": 0.5706855957599298,
        "map_75": 0.4947269163006522,
        "map_5095": 0.4548526307753925,
        "map_50_containment": 0.5706855957599298,
        "map_90_containment": 0.33168316831683187,
        "mean_pred_box_area": 0.028528156886660935,
        "std_pred_box_area": 0.04929309913423019,
        "frac_pred_box_too_big": 0.0,
        "frac_pred_box_too_small": 0.25,
        "mean_gt_box_area": 0.03087809212420932,
        "pred_to_gt_area_ratio_mean": 0.9713113025339751,
        "pred_to_gt_area_ratio_median": 0.9911417120110064,
        "log_area_ratio_mean": -0.059442814593573395,
        "log_area_ratio_std": 0.26945820212321153,
        "center_distance_mean": 0.09750901872634381,
        "center_distance_median": 0.005520181773503927,
        "score_mean": 0.16257688438054174,
        "score_std": 0.10437078897728079,
        "score_p25": 0.09574019908905029,
        "score_p75": 0.2534841299057007,
        "score_iou_correlation": 0.02457716259352389,
        "bg_prob_pos_mean": 0.12222595691370468,
        "bg_prob_pos_median": 0.11274664476513863,
        "abstain_rate_pos": 0.0,
        "bg_prob_neg_mean": 0.4050195496529341,
        "bg_prob_neg_median": 0.27059537172317505,
        "abstain_rate_neg": 0.3333333333333333,
        "score_neg_mean": 0.1075305695218655,
        "score_neg_p75": 0.18207520991563797,
        "tn_rate": 0.3333333333333333,
        "fp_rate": 0.6666666666666667,
        "abstain_gap": 0.2827935927392294
      },
      "insdet": {
        "n": 64,
        "n_pos": 45,
        "n_neg": 19,
        "iou_mean": 0.5006799660209152,
        "iou_median": 0.812808096408844,
        "iou_p25": 0.0,
        "iou_p75": 0.8945962190628052,
        "iou_std": 0.4321671597371545,
        "frac_iou_25": 0.5777777777777777,
        "frac_iou_50": 0.5555555555555556,
        "frac_iou_75": 0.5333333333333333,
        "frac_iou_90": 0.24444444444444444,
        "containment_mean": 0.550760934005181,
        "containment_median": 0.812808096408844,
        "containment_p25": 0.0,
        "containment_p75": 0.9639778137207031,
        "containment_std": 0.4545951350870759,
        "frac_containment_50": 0.6,
        "frac_containment_75": 0.5333333333333333,
        "frac_containment_90": 0.4444444444444444,
        "frac_containment_full": 0.08888888888888889,
        "contain_at_iou_50": 0.5555555555555556,
        "contain_at_iou_75": 0.5333333333333333,
        "high_contain_high_iou": 0.4444444444444444,
        "ap_per_iou": {
          "0.50": 0.43325704365308343,
          "0.55": 0.4079965688876578,
          "0.60": 0.4079965688876578,
          "0.65": 0.4079965688876578,
          "0.70": 0.4079965688876578,
          "0.75": 0.4079965688876578,
          "0.80": 0.3635325070968636,
          "0.85": 0.2491298750943681,
          "0.90": 0.0884996191926885,
          "0.95": 0.005331302361005332
        },
        "map_50": 0.43325704365308343,
        "map_75": 0.4079965688876578,
        "map_5095": 0.31797331918362975,
        "map_50_containment": 0.4893035457391896,
        "map_90_containment": 0.2642184726343141,