{
  "stage": "L3",
  "phase": "mixed",
  "epoch": 10,
  "fold": 2,
  "wall_clock_seconds": 547.83,
  "lr": {
    "fusion": 3.7911985773406055e-06,
    "class_head": 1.572041116013591e-06,
    "box_head": 1.572041116013591e-06,
    "lora": 1.4886985883975688e-05
  },
  "train": {
    "loss": 4.8556155882279075,
    "patch_ce": 2.9836526252826054,
    "l1": 0.016357529781137903,
    "giou": 0.4366574492057165,
    "log_area": 0.3087269635387641,
    "grad_norm": 95.15417965038402,
    "n_steps": 300,
    "grad_steps": 37,
    "grad_nan_steps": 0,
    "alpha": 0.9489786028862,
    "bg_bias": -0.012808657251298428
  },
  "val": {
    "overall": {
      "n": 100,
      "n_pos": 66,
      "n_neg": 34,
      "iou_mean": 0.5926232446323741,
      "iou_median": 0.8163047432899475,
      "iou_p25": 0.0,
      "iou_p75": 0.9075173884630203,
      "iou_std": 0.39577698160354274,
      "frac_iou_25": 0.7121212121212122,
      "frac_iou_50": 0.696969696969697,
      "frac_iou_75": 0.5757575757575758,
      "frac_iou_90": 0.3181818181818182,
      "containment_mean": 0.6549202239874637,
      "containment_median": 0.9238640666007996,
      "containment_p25": 0.0,
      "containment_p75": 0.9829854518175125,
      "containment_std": 0.428738029181843,
      "frac_containment_50": 0.7121212121212122,
      "frac_containment_75": 0.6363636363636364,
      "frac_containment_90": 0.5454545454545454,
      "frac_containment_full": 0.18181818181818182,
      "contain_at_iou_50": 0.696969696969697,
      "contain_at_iou_75": 0.5757575757575758,
      "high_contain_high_iou": 0.5303030303030303,
      "ap_per_iou": {
        "0.50": 0.5673965216362853,
        "0.55": 0.5194719094014,
        "0.60": 0.4910322282643076,
        "0.65": 0.4910322282643076,
        "0.70": 0.4353146002514539,
        "0.75": 0.4052573867285873,
        "0.80": 0.3568300535299477,
        "0.85": 0.3392349183647374,
        "0.90": 0.1731188118811882,
        "0.95": 0.011959353830119855
      },
      "map_50": 0.5673965216362853,
      "map_75": 0.4052573867285873,
      "map_5095": 0.37906480121523345,
      "map_50_containment": 0.5833920162639229,
      "map_90_containment": 0.3747754617832528,
      "mean_pred_box_area": 0.0070499274209362495,
      "std_pred_box_area": 0.014454441766126539,
      "frac_pred_box_too_big": 0.0,
      "frac_pred_box_too_small": 0.7575757575757576,
      "mean_gt_box_area": 0.007270158935385884,
      "pred_to_gt_area_ratio_mean": 1.18647271906681,
      "pred_to_gt_area_ratio_median": 1.0164383131233587,
      "log_area_ratio_mean": 0.0012888900423816548,
      "log_area_ratio_std": 0.5941627605644774,
      "center_distance_mean": 0.0678970860504658,
      "center_distance_median": 0.004047285550461081,
      "score_mean": 0.24726811509974528,
      "score_std": 0.15160899904315028,
      "score_p25": 0.1354515105485916,
      "score_p75": 0.3035716041922569,
      "score_iou_correlation": 0.20275032625272765,
      "bg_prob_pos_mean": 0.1350372775288468,
      "bg_prob_pos_median": 0.11434758827090263,
      "abstain_rate_pos": 0.015151515151515152,
      "bg_prob_neg_mean": 0.37741080293541446,
      "bg_prob_neg_median": 0.4071666896343231,
      "abstain_rate_neg": 0.35294117647058826,
      "score_neg_mean": 0.10414120086181142,
      "score_neg_p75": 0.15824738144874573,
      "tn_rate": 0.35294117647058826,
      "fp_rate": 0.6470588235294117,
      "abstain_gap": 0.24237352540656765
    },
    "per_source": {
      "hots": {
        "n": 36,
        "n_pos": 22,
        "n_neg": 14,
        "iou_mean": 0.5609750666401603,
        "iou_median": 0.7493433952331543,
        "iou_p25": 0.0,
        "iou_p75": 0.890524297952652,
        "iou_std": 0.3991690736037333,
        "frac_iou_25": 0.6818181818181818,
        "frac_iou_50": 0.6818181818181818,
        "frac_iou_75": 0.5,
        "frac_iou_90": 0.18181818181818182,
        "containment_mean": 0.5959646891463887,
        "containment_median": 0.790269136428833,
        "containment_p25": 0.0,
        "containment_p75": 0.9382153749465942,
        "containment_std": 0.427701053027561,
        "frac_containment_50": 0.6818181818181818,
        "frac_containment_75": 0.5454545454545454,
        "frac_containment_90": 0.4090909090909091,
        "frac_containment_full": 0.09090909090909091,
        "contain_at_iou_50": 0.6818181818181818,
        "contain_at_iou_75": 0.5,
        "high_contain_high_iou": 0.4090909090909091,
        "ap_per_iou": {
          "0.50": 0.5741931335990745,
          "0.55": 0.5741931335990745,
          "0.60": 0.5741931335990745,
          "0.65": 0.5741931335990745,
          "0.70": 0.4550705070507054,
          "0.75": 0.3674081693883678,
          "0.80": 0.3013201320132011,
          "0.85": 0.27656765676567635,
          "0.90": 0.1617161716171617,
          "0.95": 0.0
        },
        "map_50": 0.5741931335990745,
        "map_75": 0.3674081693883678,
        "map_5095": 0.38588551712314106,
        "map_50_containment": 0.5741931335990745,
        "map_90_containment": 0.306045604560456,
        "mean_pred_box_area": 0.017115153520730453,
        "std_pred_box_area": 0.02176319701312948,
        "frac_pred_box_too_big": 0.0,
        "frac_pred_box_too_small": 0.45454545454545453,
        "mean_gt_box_area": 0.017860551502698482,
        "pred_to_gt_area_ratio_mean": 0.966801520427174,
        "pred_to_gt_area_ratio_median": 0.9601060787261947,
        "log_area_ratio_mean": -0.12309889942505774,
        "log_area_ratio_std": 0.45542588421788405,
        "center_distance_mean": 0.10240085968829477,
        "center_distance_median": 0.007953068570171725,
        "score_mean": 0.19417566183785145,
        "score_std": 0.12047120636617495,
        "score_p25": 0.11066949367523193,
        "score_p75": 0.26946911960840225,
        "score_iou_correlation": 0.2993283512590055,
        "bg_prob_pos_mean": 0.12540611358020792,
        "bg_prob_pos_median": 0.09402701258659363,
        "abstain_rate_pos": 0.045454545454545456,
        "bg_prob_neg_mean": 0.31822369766554665,
        "bg_prob_neg_median": 0.3281232416629791,
        "abstain_rate_neg": 0.35714285714285715,
        "score_neg_mean": 0.11107825740639653,
        "score_neg_p75": 0.18594295531511307,
        "tn_rate": 0.35714285714285715,
        "fp_rate": 0.6428571428571428,
        "abstain_gap": 0.19281758408533872
      },
      "insdet": {
        "n": 64,
        "n_pos": 44,
        "n_neg": 20,
        "iou_mean": 0.6084473336284811,
        "iou_median": 0.8522482514381409,
        "iou_p25": 0.0,
        "iou_p75": 0.9121503531932831,
        "iou_std": 0.39773937573685386,
        "frac_iou_25": 0.7272727272727273,
        "frac_iou_50": 0.7045454545454546,
        "frac_iou_75": 0.6136363636363636,
        "frac_iou_90": 0.38636363636363635,
        "containment_mean": 0.6843979914080013,
        "containment_median": 0.9458350241184235,
        "containment_p25": 0.0,
        "containment_p75": 0.9888034015893936,
        "containment_std": 0.4311117975232914,
        "frac_containment_50": 0.7272727272727273,
        "frac_containment_75": 0.6818181818181818,
        "frac_containment_90": 0.6136363636363636,
        "frac_containment_full": 0.22727272727272727,
        "contain_at_iou_50": 0.7045454545454546,
        "contain_at_iou_75": 0.6136363636363636,
        "high_contain_high_iou": 0.5909090909090909,
        "ap_per_iou": {
          "0.50": 0.5779927441948604,
          "0.55": 0.509840707260633,
          "0.60": 0.4724966696839156,
          "0.65": 0.4724966696839156,
          "0.70": 0.4449953471479334,
          "0.75": 0.4449953471479334,
          "0.80": 0.4005226012197298,
          "0.85": 0.38900982203483453,
          "0.90": 0.2183785014102529,
          "0.95": 0.019911991199119912
        },
        "map_50": 0.5779927441948604,
        "map_75": 0.4449953471479334,
        "map_5095": 0.39506404009831286,
        "map_50_containment": 0.5937997900157215,