{
  "checkpoint": "checkpoints/localizer/L3/stage_complete.pt",
  "stage": "L3",
  "model_kind": "localizer",
  "n_support": 9,
  "k_max": 10,
  "img_size": 768,
  "best_box_cxcywh_norm": [
    0.38472262024879456,
    0.5411845445632935,
    0.022797366604208946,
    0.046468257904052734
  ],
  "best_box_xyxy_native": [
    3058.269691467285,
    3219.0498046875,
    3245.025718688965,
    3599.7177734375
  ],
  "best_score": 0.54660564661026,
  "native_size": [
    8192,
    6144
  ]
}