{
  "stage": "S1",
  "epoch": 7,
  "fold": 1,
  "wall_clock_seconds": 255.44,
  "lr": {
    "head": 0.00027430589751246953
  },
  "train": {
    "loss": 0.0769577394798398,
    "focal": 0.04477696896065027,
    "variance": 0.005292854309082031,
    "decorrelation": 0.6330295103788376,
    "grad_norm": 0.30955041855573656,
    "n_steps": 100,
    "grad_steps": 50,
    "grad_nan_steps": 0
  },
  "val": {
    "overall": {
      "n": 200,
      "n_pos": 43,
      "n_neg": 157,
      "threshold": 0.5,
      "tp": 0,
      "fp": 0,
      "fn": 43,
      "tn": 157,
      "accuracy": 0.785,
      "acc_pos": 0.0,
      "acc_neg": 1.0,
      "precision": 0.0,
      "recall": 0.0,
      "f1": 0.0,
      "fpr": 0.0,
      "fnr": 1.0,
      "tpr": 0.0,
      "tnr": 1.0,
      "youden_j": 0.0,
      "mcc": 0.0,
      "auroc": 0.6936750111094653,
      "pr_auc": 0.39595653672305303,
      "avg_precision": 0.4130018085551539,
      "brier": 0.1633892070994986,
      "best_f1": 0.4672897196261682,
      "best_f1_threshold": 0.32294517755508423,
      "fpr_at_recall_95": 0.7579617834394905,
      "recall_at_fpr_05": 0.18604651162790697,
      "recall_at_fpr_10": 0.3023255813953488,
      "mean_score_pos": 0.3207554370164871,
      "mean_score_neg": 0.27752382189604885,
      "std_score_pos": 0.04727816362837088,
      "std_score_neg": 0.06469149358554224,
      "score_gap": 0.04323161512043827,
      "median_score_pos": 0.3236597776412964,
      "median_score_neg": 0.292702853679657,
      "frac_high_score": 0.0,
      "frac_low_score": 0.0,
      "frac_uncertain": 0.015
    },
    "per_source": {
      "hots": {
        "n": 65,
        "n_pos": 12,
        "n_neg": 53,
        "threshold": 0.5,
        "tp": 0,
        "fp": 0,
        "fn": 12,
        "tn": 53,
        "accuracy": 0.8153846153846154,
        "acc_pos": 0.0,
        "acc_neg": 1.0,
        "precision": 0.0,
        "recall": 0.0,
        "f1": 0.0,
        "fpr": 0.0,
        "fnr": 1.0,
        "tpr": 0.0,
        "tnr": 1.0,
        "youden_j": 0.0,
        "mcc": 0.0,
        "auroc": 0.7720125786163522,
        "pr_auc": 0.4045958914379968,
        "avg_precision": 0.449522320653117,
        "brier": 0.15376567974197602,
        "best_f1": 0.5384615384615384,
        "best_f1_threshold": 0.3493916988372803,
        "fpr_at_recall_95": 0.5283018867924528,
        "recall_at_fpr_05": 0.08333333333333333,
        "recall_at_fpr_10": 0.4166666666666667,
        "mean_score_pos": 0.33374514679114026,
        "mean_score_neg": 0.29296877699078255,
        "std_score_pos": 0.029261983366412368,
        "std_score_neg": 0.045904709476861594,
        "score_gap": 0.040776369800357704,
        "median_score_pos": 0.34996743500232697,
        "median_score_neg": 0.2968314588069916,
        "frac_high_score": 0.0,
        "frac_low_score": 0.0,
        "frac_uncertain": 0.0
      },
      "insdet": {
        "n": 135,
        "n_pos": 31,
        "n_neg": 104,
        "threshold": 0.5,
        "tp": 0,
        "fp": 0,
        "fn": 31,
        "tn": 104,
        "accuracy": 0.7703703703703704,
        "acc_pos": 0.0,
        "acc_neg": 1.0,
        "precision": 0.0,
        "recall": 0.0,
        "f1": 0.0,
        "fpr": 0.0,
        "fnr": 1.0,
        "tpr": 0.0,
        "tnr": 1.0,
        "youden_j": 0.0,
        "mcc": 0.0,
        "auroc": 0.6771091811414393,
        "pr_auc": 0.40552355288004077,
        "avg_precision": 0.42688132668004014,
        "brier": 0.16802275730867616,
        "best_f1": 0.47887323943661964,
        "best_f1_threshold": 0.32294517755508423,
        "fpr_at_recall_95": 0.7115384615384616,
        "recall_at_fpr_05": 0.16129032258064516,
        "recall_at_fpr_10": 0.1935483870967742,
        "mean_score_pos": 0.3157271622650085,
        "mean_score_neg": 0.2696528351650788,
        "std_score_pos": 0.05217022097661354,
        "std_score_neg": 0.07133918096807786,
        "score_gap": 0.0460743270999297,
        "median_score_pos": 0.3232761323451996,
        "median_score_neg": 0.28892849385738373,
        "frac_high_score": 0.0,
        "frac_low_score": 0.0,
        "frac_uncertain": 0.022222222222222223
      }
    },
    "per_k": {
      "k1": {
        "n": 67,
        "n_pos": 14,
        "n_neg": 53,
        "threshold": 0.5,
        "tp": 0,
        "fp": 0,
        "fn": 14,
        "tn": 53,
        "accuracy": 0.7910447761194029,
        "acc_pos": 0.0,
        "acc_neg": 1.0,
        "precision": 0.0,
        "recall": 0.0,
        "f1": 0.0,
        "fpr": 0.0,
        "fnr": 1.0,
        "tpr": 0.0,
        "tnr": 1.0,
        "youden_j": 0.0,
        "mcc": 0.0,
        "auroc": 0.7560646900269542,
        "pr_auc": 0.4524994533258728,
        "avg_precision": 0.48851469399348235,
        "brier": 0.1588629598883968,
        "best_f1": 0.5333333333333333,
        "best_f1_threshold": 0.32294517755508423,
        "fpr_at_recall_95": 0.7735849056603774,
        "recall_at_fpr_05": 0.14285714285714285,
        "recall_at_fpr_10": 0.21428571428571427,
        "mean_score_pos": 0.3161839268037251,
        "mean_score_neg": 0.27205793672012835,
        "std_score_pos": 0.028242532978435063,
        "std_score_neg": 0.05618726706038132,
        "score_gap": 0.044125990083596744,
        "median_score_pos": 0.3231106549501419,
        "median_score_neg": 0.28606393933296204,
        "frac_high_score": 0.0,
        "frac_low_score": 0.0,
        "frac_uncertain": 0.0
      },
      "k4": {
        "n": 67,
        "n_pos": 17,
        "n_neg": 50,
        "threshold": 0.5,
        "tp": 0,
        "fp": 0,
        "fn": 17,
        "tn": 50,
        "accuracy": 0.746268656716418,
        "acc_pos": 0.0,
        "acc_neg": 1.0,
        "precision": 0.0,
        "recall": 0.0,
        "f1": 0.0,
        "fpr": 0.0,
        "fnr": 1.0,
        "tpr": 0.0,
        "tnr": 1.0,
        "youden_j": 0.0,
        "mcc": 0.0,
        "auroc": 0.691764705882353,
        "pr_auc": 0.5144485944160663,
        "avg_precision": 0.5394847463998138,
        "brier": 0.17833435397585617,
        "best_f1": 0.5517241379310345,
        "best_f1_threshold": 0.348251610994339,
        "fpr_at_recall_95": 0.86,
        "recall_at_fpr_05": 0.11764705882352941,
        "recall_at_fpr_10": 0.47058823529411764,
        "mean_score_pos": 0.3253091547419043,
        "mean_score_neg": 0.2807212907075882,
        "std_score_pos": 0.06698955935149148,
        "std_score_neg": 0.06354275807506389,
        "score_gap": 0.04458786403431608,
        "median_score_pos": 0.3400898873806,
        "median_score_neg": 0.29071882367134094,
        "frac_high_score": 0.0,
        "frac_low_score": 0.0,
        "frac_uncertain": 0.04477611940298507
      },
      "k10": {
        "n": 66,
        "n_pos": 12,
        "n_neg": 54,
        "threshold": 0.5,
        "tp": 0,
        "fp": 0,
        "fn": 12,
        "tn": 54,
        "accuracy": 0.8181818181818182,
        "acc_pos": 0.0,
        "acc_neg": 1.0,
        "precision": 0.0,
        "recall": 0.0,
        "f1": 0.0,
        "fpr": 0.0,
        "fnr": 1.0,
        "tpr": 0.0,
        "tnr": 1.0,
        "youden_j": 0.0,
        "mcc": 0.0,
        "auroc": 0.6558641975308642,
        "pr_auc": 0.2837458991511897,
        "avg_precision": 0.29935173269452253,
        "brier": 0.15281244531810262,
        "best_f1": 0.4,
        "best_f1_threshold": 0.3236597776412964,
        "fpr_at_recall_95": 0.6851851851851852,
        "recall_at_fpr_05": 0.08333333333333333,
        "recall_at_fpr_10": 0.16666666666666666,
        "mean_score_pos": 0.3196377654870351,
        "mean_score_neg": 0.2799278677061752,
        "std_score_pos": 0.03169227614844311,
        "std_score_neg": 0.07377179815171946,
        "score_gap": 0.03970989778085987,
        "median_score_pos": 0.3241548538208008,
        "median_score_neg": 0.3088664263486862,
        "frac_high_score": 0.0,
        "frac_low_score": 0.0,
        "frac_uncertain": 0.0
      }
    }
  }
}