{
  "stage": "S1",
  "epoch": 1,
  "fold": 1,
  "wall_clock_seconds": 251.36,
  "lr": {
    "head": 0.0009992408341408362
  },
  "train": {
    "loss": 0.09980757039040328,
    "focal": 0.060120195308700206,
    "variance": 0.04267780303955078,
    "decorrelation": 0.7083920139074326,
    "grad_norm": 0.32070838183164596,
    "n_steps": 100,
    "grad_steps": 50,
    "grad_nan_steps": 0
  },
  "val": {
    "overall": {
      "n": 200,
      "n_pos": 62,
      "n_neg": 138,
      "threshold": 0.5,
      "tp": 0,
      "fp": 0,
      "fn": 62,
      "tn": 138,
      "accuracy": 0.69,
      "acc_pos": 0.0,
      "acc_neg": 1.0,
      "precision": 0.0,
      "recall": 0.0,
      "f1": 0.0,
      "fpr": 0.0,
      "fnr": 1.0,
      "tpr": 0.0,
      "tnr": 1.0,
      "youden_j": 0.0,
      "mcc": 0.0,
      "auroc": 0.5338943431510051,
      "pr_auc": 0.3599408920308129,
      "avg_precision": 0.3718134077448478,
      "brier": 0.21442125953873958,
      "best_f1": 0.4810126582278481,
      "best_f1_threshold": 0.229654923081398,
      "fpr_at_recall_95": 0.9565217391304348,
      "recall_at_fpr_05": 0.06451612903225806,
      "recall_at_fpr_10": 0.12903225806451613,
      "mean_score_pos": 0.30500452124303384,
      "mean_score_neg": 0.298022028868613,
      "std_score_pos": 0.060229723441045505,
      "std_score_neg": 0.057885039298534995,
      "score_gap": 0.0069824923744208345,
      "median_score_pos": 0.3044631779193878,
      "median_score_neg": 0.2949675917625427,
      "frac_high_score": 0.0,
      "frac_low_score": 0.0,
      "frac_uncertain": 0.05
    },
    "per_source": {
      "hots": {
        "n": 65,
        "n_pos": 21,
        "n_neg": 44,
        "threshold": 0.5,
        "tp": 0,
        "fp": 0,
        "fn": 21,
        "tn": 44,
        "accuracy": 0.676923076923077,
        "acc_pos": 0.0,
        "acc_neg": 1.0,
        "precision": 0.0,
        "recall": 0.0,
        "f1": 0.0,
        "fpr": 0.0,
        "fnr": 1.0,
        "tpr": 0.0,
        "tnr": 1.0,
        "youden_j": 0.0,
        "mcc": 0.0,
        "auroc": 0.47835497835497837,
        "pr_auc": 0.373745923764111,
        "avg_precision": 0.3832191735657088,
        "brier": 0.22312647176163228,
        "best_f1": 0.48837209302325585,
        "best_f1_threshold": 0.26990655064582825,
        "fpr_at_recall_95": 0.9772727272727273,
        "recall_at_fpr_05": 0.09523809523809523,
        "recall_at_fpr_10": 0.09523809523809523,
        "mean_score_pos": 0.3526673331147149,
        "mean_score_neg": 0.35705039447004144,
        "std_score_pos": 0.043379311786802724,
        "std_score_neg": 0.036221172119549505,
        "score_gap": -0.004383061355326567,
        "median_score_pos": 0.34921756386756897,
        "median_score_neg": 0.3561476469039917,
        "frac_high_score": 0.0,
        "frac_low_score": 0.0,
        "frac_uncertain": 0.13846153846153847
      },
      "insdet": {
        "n": 135,
        "n_pos": 41,
        "n_neg": 94,
        "threshold": 0.5,
        "tp": 0,
        "fp": 0,
        "fn": 41,
        "tn": 94,
        "accuracy": 0.6962962962962963,
        "acc_pos": 0.0,
        "acc_neg": 1.0,
        "precision": 0.0,
        "recall": 0.0,
        "f1": 0.0,
        "fpr": 0.0,
        "fnr": 1.0,
        "tpr": 0.0,
        "tnr": 1.0,
        "youden_j": 0.0,
        "mcc": 0.0,
        "auroc": 0.5485210171250648,
        "pr_auc": 0.4160146270181245,
        "avg_precision": 0.42964139677934815,
        "brier": 0.21022986106105052,
        "best_f1": 0.4768211920529801,
        "best_f1_threshold": 0.229654923081398,
        "fpr_at_recall_95": 0.9574468085106383,
        "recall_at_fpr_05": 0.12195121951219512,
        "recall_at_fpr_10": 0.14634146341463414,
        "mean_score_pos": 0.2805918615038802,
        "mean_score_neg": 0.27039173007645506,
        "std_score_pos": 0.052798624126958495,
        "std_score_neg": 0.043694190520792604,
        "score_gap": 0.010200131427425152,
        "median_score_pos": 0.2812493145465851,
        "median_score_neg": 0.266972079873085,
        "frac_high_score": 0.0,
        "frac_low_score": 0.0,
        "frac_uncertain": 0.007407407407407408
      }
    },
    "per_k": {
      "k1": {
        "n": 67,
        "n_pos": 15,
        "n_neg": 52,
        "threshold": 0.5,
        "tp": 0,
        "fp": 0,
        "fn": 15,
        "tn": 52,
        "accuracy": 0.7761194029850746,
        "acc_pos": 0.0,
        "acc_neg": 1.0,
        "precision": 0.0,
        "recall": 0.0,
        "f1": 0.0,
        "fpr": 0.0,
        "fnr": 1.0,
        "tpr": 0.0,
        "tnr": 1.0,
        "youden_j": 0.0,
        "mcc": 0.0,
        "auroc": 0.5948717948717949,
        "pr_auc": 0.36081229029681783,
        "avg_precision": 0.37467862173155225,
        "brier": 0.17722142234475963,
        "best_f1": 0.4,
        "best_f1_threshold": 0.3336544930934906,
        "fpr_at_recall_95": 1.0,
        "recall_at_fpr_05": 0.06666666666666667,
        "recall_at_fpr_10": 0.26666666666666666,
        "mean_score_pos": 0.32075912952423097,
        "mean_score_neg": 0.3006709392827291,
        "std_score_pos": 0.06975141132598235,
        "std_score_neg": 0.06010490012403198,
        "score_gap": 0.02008819024150188,
        "median_score_pos": 0.3336544930934906,
        "median_score_neg": 0.2921946495771408,
        "frac_high_score": 0.0,
        "frac_low_score": 0.0,
        "frac_uncertain": 0.08955223880597014
      },
      "k4": {
        "n": 67,
        "n_pos": 20,
        "n_neg": 47,
        "threshold": 0.5,
        "tp": 0,
        "fp": 0,
        "fn": 20,
        "tn": 47,
        "accuracy": 0.7014925373134329,
        "acc_pos": 0.0,
        "acc_neg": 1.0,
        "precision": 0.0,
        "recall": 0.0,
        "f1": 0.0,
        "fpr": 0.0,
        "fnr": 1.0,
        "tpr": 0.0,
        "tnr": 1.0,
        "youden_j": 0.0,
        "mcc": 0.0,
        "auroc": 0.44680851063829785,
        "pr_auc": 0.27083844846090455,
        "avg_precision": 0.3144710304363764,
        "brier": 0.21625240834292522,
        "best_f1": 0.47619047619047616,
        "best_f1_threshold": 0.19943062961101532,
        "fpr_at_recall_95": 0.9148936170212766,
        "recall_at_fpr_05": 0.0,
        "recall_at_fpr_10": 0.05,
        "mean_score_pos": 0.28336587473750113,
        "mean_score_neg": 0.29170666096058295,
        "std_score_pos": 0.053026795244794624,
        "std_score_neg": 0.05986152782155376,
        "score_gap": -0.00834078622308182,
        "median_score_pos": 0.29688839614391327,
        "median_score_neg": 0.30483490228652954,
        "frac_high_score": 0.0,
        "frac_low_score": 0.0,
        "frac_uncertain": 0.0
      },
      "k10": {
        "n": 66,
        "n_pos": 27,
        "n_neg": 39,
        "threshold": 0.5,
        "tp": 0,
        "fp": 0,
        "fn": 27,
        "tn": 39,
        "accuracy": 0.5909090909090909,
        "acc_pos": 0.0,
        "acc_neg": 1.0,
        "precision": 0.0,
        "recall": 0.0,
        "f1": 0.0,
        "fpr": 0.0,
        "fnr": 1.0,
        "tpr": 0.0,
        "tnr": 1.0,
        "youden_j": 0.0,
        "mcc": 0.0,
        "auroc": 0.553656220322887,
        "pr_auc": 0.4876586913881434,
        "avg_precision": 0.5078599753014347,
        "brier": 0.25032583714656115,
        "best_f1": 0.5842696629213483,
        "best_f1_threshold": 0.229654923081398,
        "fpr_at_recall_95": 0.9230769230769231,
        "recall_at_fpr_05": 0.037037037037037035,
        "recall_at_fpr_10": 0.1111111111111111,
        "mean_score_pos": 0.3122805881279486,
        "mean_score_neg": 0.30210097630818683,
        "std_score_pos": 0.05725416928248111,
        "std_score_neg": 0.05308273163726807,
        "score_gap": 0.010179611819761791,
        "median_score_pos": 0.3136581480503082,
        "median_score_neg": 0.2930026948451996,
        "frac_high_score": 0.0,
        "frac_low_score": 0.0,