{
  "stage": "S1",
  "epoch": 1,
  "fold": 0,
  "wall_clock_seconds": 245.87,
  "lr": {
    "head": 0.000683333333333333
  },
  "train": {
    "loss": 0.12947308644652367,
    "focal": 0.06596671669743955,
    "variance": 0.303203125,
    "decorrelation": 0.6637003701925278,
    "grad_norm": NaN,
    "n_steps": 100
  },
  "val": {
    "overall": {
      "n": 200,
      "n_pos": 38,
      "n_neg": 162,
      "threshold": 0.5,
      "tp": 0,
      "fp": 0,
      "fn": 38,
      "tn": 162,
      "accuracy": 0.81,
      "acc_pos": 0.0,
      "acc_neg": 1.0,
      "precision": 0.0,
      "recall": 0.0,
      "f1": 0.0,
      "fpr": 0.0,
      "fnr": 1.0,
      "tpr": 0.0,
      "tnr": 1.0,
      "youden_j": 0.0,
      "mcc": 0.0,
      "auroc": 0.49707602339181284,
      "pr_auc": 0.20198109520534505,
      "avg_precision": 0.2231746788973971,
      "brier": 0.16685248210490186,
      "best_f1": 0.33035714285714285,
      "best_f1_threshold": 0.24246807396411896,
      "fpr_at_recall_95": 0.9197530864197531,
      "recall_at_fpr_05": 0.07894736842105263,
      "recall_at_fpr_10": 0.07894736842105263,
      "mean_score_pos": 0.29607032239437103,
      "mean_score_neg": 0.29668084964340113,
      "std_score_pos": 0.03841227511061209,
      "std_score_neg": 0.03755690139365892,
      "score_gap": -0.0006105272490301017,
      "median_score_pos": 0.2988726794719696,
      "median_score_neg": 0.29501448571681976,
      "frac_high_score": 0.0,
      "frac_low_score": 0.0,
      "frac_uncertain": 0.01
    },
    "per_source": {
      "hots": {
        "n": 65,
        "n_pos": 11,
        "n_neg": 54,
        "threshold": 0.5,
        "tp": 0,
        "fp": 0,
        "fn": 11,
        "tn": 54,
        "accuracy": 0.8307692307692308,
        "acc_pos": 0.0,
        "acc_neg": 1.0,
        "precision": 0.0,
        "recall": 0.0,
        "f1": 0.0,
        "fpr": 0.0,
        "fnr": 1.0,
        "tpr": 0.0,
        "tnr": 1.0,
        "youden_j": 0.0,
        "mcc": 0.0,
        "auroc": 0.5572390572390572,
        "pr_auc": 0.23998551253116887,
        "avg_precision": 0.26690899212739616,
        "brier": 0.15362661461790988,
        "best_f1": 0.33333333333333326,
        "best_f1_threshold": 0.33692410588264465,
        "fpr_at_recall_95": 0.9629629629629629,
        "recall_at_fpr_05": 0.0,
        "recall_at_fpr_10": 0.2727272727272727,
        "mean_score_pos": 0.29037572037089954,
        "mean_score_neg": 0.2836619328569483,
        "std_score_pos": 0.042557294037333764,
        "std_score_neg": 0.039650582465081435,
        "score_gap": 0.0067137875139512415,
        "median_score_pos": 0.2864327132701874,
        "median_score_neg": 0.2793572098016739,
        "frac_high_score": 0.0,
        "frac_low_score": 0.0,
        "frac_uncertain": 0.015384615384615385
      },
      "insdet": {
        "n": 135,
        "n_pos": 27,
        "n_neg": 108,
        "threshold": 0.5,
        "tp": 0,
        "fp": 0,
        "fn": 27,
        "tn": 108,
        "accuracy": 0.8,
        "acc_pos": 0.0,
        "acc_neg": 1.0,
        "precision": 0.0,
        "recall": 0.0,
        "f1": 0.0,
        "fpr": 0.0,
        "fnr": 1.0,
        "tpr": 0.0,
        "tnr": 1.0,
        "youden_j": 0.0,
        "mcc": 0.0,
        "auroc": 0.46364883401920437,
        "pr_auc": 0.2072421263151767,
        "avg_precision": 0.23763846020229581,
        "brier": 0.17322049237641654,
        "best_f1": 0.3439490445859873,
        "best_f1_threshold": 0.24263128638267517,
        "fpr_at_recall_95": 0.9537037037037037,
        "recall_at_fpr_05": 0.07407407407407407,
        "recall_at_fpr_10": 0.1111111111111111,
        "mean_score_pos": 0.29839034544097054,
        "mean_score_neg": 0.3031903080366276,
        "std_score_pos": 0.0372002546879504,
        "std_score_neg": 0.034861548229570404,
        "score_gap": -0.00479996259565707,
        "median_score_pos": 0.30280476808547974,
        "median_score_neg": 0.2977844625711441,
        "frac_high_score": 0.0,
        "frac_low_score": 0.0,
        "frac_uncertain": 0.007407407407407408
      }
    },
    "per_k": {
      "k1": {
        "n": 67,
        "n_pos": 10,
        "n_neg": 57,
        "threshold": 0.5,
        "tp": 0,
        "fp": 0,
        "fn": 10,
        "tn": 57,
        "accuracy": 0.8507462686567164,
        "acc_pos": 0.0,
        "acc_neg": 1.0,
        "precision": 0.0,
        "recall": 0.0,
        "f1": 0.0,
        "fpr": 0.0,
        "fnr": 1.0,
        "tpr": 0.0,
        "tnr": 1.0,
        "youden_j": 0.0,
        "mcc": 0.0,
        "auroc": 0.4631578947368421,
        "pr_auc": 0.1718876717824086,
        "avg_precision": 0.18445844584458446,
        "brier": 0.1527090696493413,
        "best_f1": 0.2692307692307692,
        "best_f1_threshold": 0.28678098320961,
        "fpr_at_recall_95": 0.9824561403508771,
        "recall_at_fpr_05": 0.1,
        "recall_at_fpr_10": 0.1,
        "mean_score_pos": 0.2979654178023338,
        "mean_score_neg": 0.3022068161190602,
        "std_score_pos": 0.042404860601949375,
        "std_score_neg": 0.0380431773648156,
        "score_gap": -0.004241398316726375,
        "median_score_pos": 0.29299457371234894,
        "median_score_neg": 0.2962493896484375,
        "frac_high_score": 0.0,
        "frac_low_score": 0.0,
        "frac_uncertain": 0.029850746268656716
      },
      "k4": {
        "n": 67,
        "n_pos": 15,
        "n_neg": 52,
        "threshold": 0.5,
        "tp": 0,
        "fp": 0,
        "fn": 15,
        "tn": 52,
        "accuracy": 0.7761194029850746,
        "acc_pos": 0.0,
        "acc_neg": 1.0,
        "precision": 0.0,
        "recall": 0.0,
        "f1": 0.0,
        "fpr": 0.0,
        "fnr": 1.0,
        "tpr": 0.0,
        "tnr": 1.0,
        "youden_j": 0.0,
        "mcc": 0.0,
        "auroc": 0.5692307692307692,
        "pr_auc": 0.29019180310649473,
        "avg_precision": 0.3179806002855575,
        "brier": 0.17763114455170387,
        "best_f1": 0.45,
        "best_f1_threshold": 0.30280476808547974,
        "fpr_at_recall_95": 0.9615384615384616,
        "recall_at_fpr_05": 0.0,
        "recall_at_fpr_10": 0.13333333333333333,
        "mean_score_pos": 0.2990577906370163,
        "mean_score_neg": 0.2918239321846228,
        "std_score_pos": 0.04209643274460634,
        "std_score_neg": 0.03918149130137618,
        "score_gap": 0.0072338584523934935,
        "median_score_pos": 0.30357035994529724,
        "median_score_neg": 0.29161739349365234,
        "frac_high_score": 0.0,
        "frac_low_score": 0.0,
        "frac_uncertain": 0.0
      },
      "k10": {
        "n": 66,
        "n_pos": 13,
        "n_neg": 53,
        "threshold": 0.5,
        "tp": 0,
        "fp": 0,
        "fn": 13,
        "tn": 53,
        "accuracy": 0.803030303030303,
        "acc_pos": 0.0,
        "acc_neg": 1.0,
        "precision": 0.0,
        "recall": 0.0,
        "f1": 0.0,
        "fpr": 0.0,
        "fnr": 1.0,
        "tpr": 0.0,
        "tnr": 1.0,
        "youden_j": 0.0,
        "mcc": 0.0,
        "auroc": 0.45718432510885343,
        "pr_auc": 0.1973297942470522,
        "avg_precision": 0.22869501704268744,
        "brier": 0.17026821317439922,
        "best_f1": 0.3513513513513513,
        "best_f1_threshold": 0.24263128638267517,
        "fpr_at_recall_95": 0.9056603773584906,
        "recall_at_fpr_05": 0.0,
        "recall_at_fpr_10": 0.07692307692307693,
        "mean_score_pos": 0.2911654779544243,
        "mean_score_neg": 0.2955031066008334,
        "std_score_pos": 0.033063053092506414,
        "std_score_neg": 0.035276542057782176,
        "score_gap": -0.004337628646409075,
        "median_score_pos": 0.28478890657424927,
        "median_score_neg": 0.2959299087524414,
        "frac_high_score": 0.0,
        "frac_low_score": 0.0,
        "frac_uncertain": 0.0
      }
    }
  }
}