{
  "stage": "S1",
  "epoch": 1,
  "fold": 2,
  "wall_clock_seconds": 243.93,
  "lr": {
    "head": 0.0009931813336361904
  },
  "train": {
    "loss": 0.10229759767651558,
    "focal": 0.06702827105298638,
    "variance": 0.014731731414794922,
    "decorrelation": 0.6759234225749969,
    "grad_norm": 0.3513104084134102,
    "n_steps": 100,
    "grad_steps": 50,
    "grad_nan_steps": 0
  },
  "val": {
    "overall": {
      "n": 200,
      "n_pos": 60,
      "n_neg": 140,
      "threshold": 0.5,
      "tp": 0,
      "fp": 0,
      "fn": 60,
      "tn": 140,
      "accuracy": 0.7,
      "acc_pos": 0.0,
      "acc_neg": 1.0,
      "precision": 0.0,
      "recall": 0.0,
      "f1": 0.0,
      "fpr": 0.0,
      "fnr": 1.0,
      "tpr": 0.0,
      "tnr": 1.0,
      "youden_j": 0.0,
      "mcc": 0.0,
      "auroc": 0.5264285714285715,
      "pr_auc": 0.3332318118804104,
      "avg_precision": 0.3540098972222651,
      "brier": 0.21045740134471283,
      "best_f1": 0.4669260700389105,
      "best_f1_threshold": 0.2224390208721161,
      "fpr_at_recall_95": 0.9357142857142857,
      "recall_at_fpr_05": 0.1,
      "recall_at_fpr_10": 0.15,
      "mean_score_pos": 0.3131841026246548,
      "mean_score_neg": 0.3085939281753131,
      "std_score_pos": 0.050441398887932885,
      "std_score_neg": 0.046932536625018395,
      "score_gap": 0.004590174449341677,
      "median_score_pos": 0.31137247383594513,
      "median_score_neg": 0.30626316368579865,
      "frac_high_score": 0.0,
      "frac_low_score": 0.0,
      "frac_uncertain": 0.03
    },
    "per_source": {
      "hots": {
        "n": 70,
        "n_pos": 11,
        "n_neg": 59,
        "threshold": 0.5,
        "tp": 0,
        "fp": 0,
        "fn": 11,
        "tn": 59,
        "accuracy": 0.8428571428571429,
        "acc_pos": 0.0,
        "acc_neg": 1.0,
        "precision": 0.0,
        "recall": 0.0,
        "f1": 0.0,
        "fpr": 0.0,
        "fnr": 1.0,
        "tpr": 0.0,
        "tnr": 1.0,
        "youden_j": 0.0,
        "mcc": 0.0,
        "auroc": 0.5331278890600925,
        "pr_auc": 0.20434458176183953,
        "avg_precision": 0.22463501655768242,
        "brier": 0.15833731313945174,
        "best_f1": 0.3013698630136986,
        "best_f1_threshold": 0.2828787565231323,
        "fpr_at_recall_95": 0.864406779661017,
        "recall_at_fpr_05": 0.0,
        "recall_at_fpr_10": 0.18181818181818182,
        "mean_score_pos": 0.3251447515054183,
        "mean_score_neg": 0.31858521220037495,
        "std_score_pos": 0.03864812316405601,
        "std_score_neg": 0.0349022690598067,
        "score_gap": 0.006559539305043327,
        "median_score_pos": 0.31847524642944336,
        "median_score_neg": 0.3139251172542572,
        "frac_high_score": 0.0,
        "frac_low_score": 0.0,
        "frac_uncertain": 0.014285714285714285
      },
      "insdet": {
        "n": 130,
        "n_pos": 49,
        "n_neg": 81,
        "threshold": 0.5,
        "tp": 0,
        "fp": 0,
        "fn": 49,
        "tn": 81,
        "accuracy": 0.6230769230769231,
        "acc_pos": 0.0,
        "acc_neg": 1.0,
        "precision": 0.0,
        "recall": 0.0,
        "f1": 0.0,
        "fpr": 0.0,
        "fnr": 1.0,
        "tpr": 0.0,
        "tnr": 1.0,
        "youden_j": 0.0,
        "mcc": 0.0,
        "auroc": 0.5542957923910304,
        "pr_auc": 0.4291135577130508,
        "avg_precision": 0.461530167236413,
        "brier": 0.23852206422446884,
        "best_f1": 0.5568181818181818,
        "best_f1_threshold": 0.2224390208721161,
        "fpr_at_recall_95": 0.9259259259259259,
        "recall_at_fpr_05": 0.12244897959183673,
        "recall_at_fpr_10": 0.14285714285714285,
        "mean_score_pos": 0.31049905899836094,
        "mean_score_neg": 0.3013163262311323,
        "std_score_pos": 0.052688566616499656,
        "std_score_neg": 0.05307266569141605,
        "score_gap": 0.00918273276722864,
        "median_score_pos": 0.30993539094924927,
        "median_score_neg": 0.30147436261177063,
        "frac_high_score": 0.0,
        "frac_low_score": 0.0,
        "frac_uncertain": 0.038461538461538464
      }
    },
    "per_k": {
      "k1": {
        "n": 67,
        "n_pos": 19,
        "n_neg": 48,
        "threshold": 0.5,
        "tp": 0,
        "fp": 0,
        "fn": 19,
        "tn": 48,
        "accuracy": 0.7164179104477612,
        "acc_pos": 0.0,
        "acc_neg": 1.0,
        "precision": 0.0,
        "recall": 0.0,
        "f1": 0.0,
        "fpr": 0.0,
        "fnr": 1.0,
        "tpr": 0.0,
        "tnr": 1.0,
        "youden_j": 0.0,
        "mcc": 0.0,
        "auroc": 0.5910087719298246,
        "pr_auc": 0.4039861120957479,
        "avg_precision": 0.42101889666380155,
        "brier": 0.2002644658885528,
        "best_f1": 0.4814814814814815,
        "best_f1_threshold": 0.312809556722641,
        "fpr_at_recall_95": 0.9166666666666666,
        "recall_at_fpr_05": 0.05263157894736842,
        "recall_at_fpr_10": 0.21052631578947367,
        "mean_score_pos": 0.3262477164205752,
        "mean_score_neg": 0.3106132748847206,
        "std_score_pos": 0.057015610298810186,
        "std_score_neg": 0.046866812467586304,
        "score_gap": 0.015634441535854582,
        "median_score_pos": 0.3239158093929291,
        "median_score_neg": 0.31061817705631256,
        "frac_high_score": 0.0,
        "frac_low_score": 0.0,
        "frac_uncertain": 0.029850746268656716
      },
      "k4": {
        "n": 67,
        "n_pos": 23,
        "n_neg": 44,
        "threshold": 0.5,
        "tp": 0,
        "fp": 0,
        "fn": 23,
        "tn": 44,
        "accuracy": 0.6567164179104478,
        "acc_pos": 0.0,
        "acc_neg": 1.0,
        "precision": 0.0,
        "recall": 0.0,
        "f1": 0.0,
        "fpr": 0.0,
        "fnr": 1.0,
        "tpr": 0.0,
        "tnr": 1.0,
        "youden_j": 0.0,
        "mcc": 0.0,
        "auroc": 0.4871541501976285,
        "pr_auc": 0.3423484051557457,
        "avg_precision": 0.3849682699872756,
        "brier": 0.23089572660753044,
        "best_f1": 0.5227272727272727,
        "best_f1_threshold": 0.2224390208721161,
        "fpr_at_recall_95": 0.9545454545454546,
        "recall_at_fpr_05": 0.0,
        "recall_at_fpr_10": 0.08695652173913043,
        "mean_score_pos": 0.30512676873932715,
        "mean_score_neg": 0.3097373199733821,
        "std_score_pos": 0.04340513470388268,
        "std_score_neg": 0.048657765212197744,
        "score_gap": -0.00461055123405496,
        "median_score_pos": 0.3063523769378662,
        "median_score_neg": 0.3069194257259369,
        "frac_high_score": 0.0,
        "frac_low_score": 0.0,
        "frac_uncertain": 0.029850746268656716
      },
      "k10": {
        "n": 66,
        "n_pos": 18,
        "n_neg": 48,
        "threshold": 0.5,
        "tp": 0,
        "fp": 0,
        "fn": 18,
        "tn": 48,
        "accuracy": 0.7272727272727273,
        "acc_pos": 0.0,
        "acc_neg": 1.0,
        "precision": 0.0,
        "recall": 0.0,
        "f1": 0.0,
        "fpr": 0.0,
        "fnr": 1.0,
        "tpr": 0.0,
        "tnr": 1.0,
        "youden_j": 0.0,
        "mcc": 0.0,
        "auroc": 0.5081018518518519,
        "pr_auc": 0.3226685474646504,
        "avg_precision": 0.3539780763790662,
        "brier": 0.20005677835916658,
        "best_f1": 0.43902439024390244,
        "best_f1_threshold": 0.2318606823682785,
        "fpr_at_recall_95": 0.9583333333333334,
        "recall_at_fpr_05": 0.1111111111111111,
        "recall_at_fpr_10": 0.1111111111111111,
        "mean_score_pos": 0.3096902146935463,
        "mean_score_neg": 0.30552647231767577,
        "std_score_pos": 0.051562742434478566,
        "std_score_neg": 0.046224241727030914,
        "score_gap": 0.004163742375870527,
        "median_score_pos": 0.30843283236026764,
        "median_score_neg": 0.3036298453807831,
        "frac_high_score": 0.0,
        "frac_low_score": 0.0,