{
  "stage": "L1",
  "epoch": 3,
  "fold": 2,
  "wall_clock_seconds": 484.47,
  "lr": {
    "fusion": 1e-07
  },
  "train": {
    "loss": 5.31975341796875,
    "patch_ce": 5.31975341796875,
    "l1": 0.0,
    "giou": 0.0,
    "grad_norm": 6.667200288772583,
    "n_steps": 400,
    "alpha": 0.03263681009411812
  },
  "val": {
    "overall": {
      "n": 100,
      "n_pos": 100,
      "iou_mean": 0.20236862774705514,
      "iou_median": 0.002100240148138255,
      "iou_p25": 0.0,
      "iou_p75": 0.3301588296890259,
      "iou_std": 0.3285903199877818,
      "frac_iou_25": 0.27,
      "frac_iou_50": 0.24,
      "frac_iou_75": 0.15,
      "frac_iou_90": 0.01,
      "containment_mean": 0.4662389580719173,
      "containment_median": 0.08497423492372036,
      "containment_p25": 0.0,
      "containment_p75": 0.9995143860578537,
      "containment_std": 0.4851190029295182,
      "frac_containment_50": 0.47,
      "frac_containment_75": 0.47,
      "frac_containment_90": 0.41,
      "frac_containment_full": 0.34,
      "contain_at_iou_50": 0.24,
      "contain_at_iou_75": 0.15,
      "high_contain_high_iou": 0.19,
      "ap_per_iou": {
        "0.50": 0.09860689204564613,
        "0.55": 0.09860689204564613,
        "0.60": 0.09860689204564613,
        "0.65": 0.09860689204564613,
        "0.70": 0.09259063824635319,
        "0.75": 0.04570853999845988,
        "0.80": 0.013598134006949082,
        "0.85": 0.006853316910638432,
        "0.90": 0.0011648223645894002,
        "0.95": 0.0
      },
      "map_50": 0.09860689204564613,
      "map_75": 0.04570853999845988,
      "map_5095": 0.055434301970957445,
      "map_50_containment": 0.30752864630552157,
      "map_90_containment": 0.24375297577888663,
      "mean_pred_box_area": 0.1772981704908259,
      "std_pred_box_area": 0.2921466404029239,
      "frac_pred_box_too_big": 0.2,
      "frac_pred_box_too_small": 0.43,
      "mean_gt_box_area": 0.010047687681583919,
      "pred_to_gt_area_ratio_mean": 70.2192157878133,
      "pred_to_gt_area_ratio_median": 2.5448708919346816,
      "log_area_ratio_mean": 1.768177647957429,
      "log_area_ratio_std": 2.2000077607530346,
      "center_distance_mean": 0.18430974021331195,
      "center_distance_median": 0.1307561900792829,
      "score_mean": 0.9593489730358123,
      "score_std": 0.04398970382090002,
      "score_p25": 0.9412368386983871,
      "score_p75": 0.9936806261539459,
      "score_iou_correlation": 0.19556519702188296
    },
    "per_source": {
      "hots": {
        "n": 36,
        "n_pos": 36,
        "iou_mean": 0.395931466223879,
        "iou_median": 0.3368276357650757,
        "iou_p25": 0.0,
        "iou_p75": 0.7632093280553818,
        "iou_std": 0.38068003910504605,
        "frac_iou_25": 0.5277777777777778,
        "frac_iou_50": 0.4722222222222222,
        "frac_iou_75": 0.3333333333333333,
        "frac_iou_90": 0.027777777777777776,
        "containment_mean": 0.6030738471696774,
        "containment_median": 0.9391760528087616,
        "containment_p25": 0.0,
        "containment_p75": 0.9999251216650009,
        "containment_std": 0.4727469549714207,
        "frac_containment_50": 0.6111111111111112,
        "frac_containment_75": 0.6111111111111112,
        "frac_containment_90": 0.5277777777777778,
        "frac_containment_full": 0.3333333333333333,
        "contain_at_iou_50": 0.4722222222222222,
        "contain_at_iou_75": 0.3333333333333333,
        "high_contain_high_iou": 0.3888888888888889,
        "ap_per_iou": {
          "0.50": 0.2363507779349362,
          "0.55": 0.2363507779349362,
          "0.60": 0.2363507779349362,
          "0.65": 0.2363507779349362,
          "0.70": 0.2363507779349362,
          "0.75": 0.12047941636268894,
          "0.80": 0.03406536142336038,
          "0.85": 0.01485148514851485,
          "0.90": 0.0018564356435643563,
          "0.95": 0.0
        },
        "map_50": 0.2363507779349362,
        "map_75": 0.12047941636268894,
        "map_5095": 0.13530065882528095,
        "map_50_containment": 0.41895104256969457,
        "map_90_containment": 0.3153097931670443,
        "mean_pred_box_area": 0.10595868401643423,
        "std_pred_box_area": 0.17266015210293667,
        "frac_pred_box_too_big": 0.05555555555555555,
        "frac_pred_box_too_small": 0.2222222222222222,
        "mean_gt_box_area": 0.023662855481848558,
        "pred_to_gt_area_ratio_mean": 9.378790124423803,
        "pred_to_gt_area_ratio_median": 1.3448228191748943,
        "log_area_ratio_mean": 0.9691789834836112,
        "log_area_ratio_std": 1.3806587469929357,
        "center_distance_mean": 0.16488301429804644,
        "center_distance_median": 0.05591728294841872,
        "score_mean": 0.9902753118011687,
        "score_std": 0.013504404348960344,
        "score_p25": 0.9893202036619186,
        "score_p75": 0.9986005574464798,
        "score_iou_correlation": 0.019565282970372053
      },
      "insdet": {
        "n": 64,
        "n_pos": 64,
        "iou_mean": 0.09348953110384173,
        "iou_median": 0.0,
        "iou_p25": 0.0,
        "iou_p75": 0.008760078577324748,
        "iou_std": 0.2360248949344872,
        "frac_iou_25": 0.125,
        "frac_iou_50": 0.109375,
        "frac_iou_75": 0.046875,
        "frac_iou_90": 0.0,
        "containment_mean": 0.3892693329544272,
        "containment_median": 0.0,
        "containment_p25": 0.0,
        "containment_p75": 0.9992903769016266,
        "containment_std": 0.47847894451076584,
        "frac_containment_50": 0.390625,
        "frac_containment_75": 0.390625,
        "frac_containment_90": 0.34375,
        "frac_containment_full": 0.34375,
        "contain_at_iou_50": 0.109375,
        "contain_at_iou_75": 0.046875,
        "high_contain_high_iou": 0.078125,
        "ap_per_iou": {
          "0.50": 0.014948553678897303,
          "0.55": 0.014948553678897303,
          "0.60": 0.014948553678897303,
          "0.65": 0.014948553678897303,
          "0.70": 0.009037773525251685,
          "0.75": 0.0034581223099268447,
          "0.80": 0.0006387735547748323,
          "0.85": 0.0006387735547748323,
          "0.90": 0.0,
          "0.95": 0.0
        },
        "map_50": 0.014948553678897303,
        "map_75": 0.0034581223099268447,
        "map_5095": 0.007356765766031741,
        "map_50_containment": 0.24291450325023597,
        "map_90_containment": 0.21320959123022634,
        "mean_pred_box_area": 0.21742663163267126,
        "std_pred_box_area": 0.3361768814685944,
        "frac_pred_box_too_big": 0.28125,
        "frac_pred_box_too_small": 0.546875,
        "mean_gt_box_area": 0.0023891557939350605,
        "pred_to_gt_area_ratio_mean": 104.4419552234699,
        "pred_to_gt_area_ratio_median": 3.825155532831881,
        "log_area_ratio_mean": 2.2176143967239517,
        "log_area_ratio_std": 2.444741016696699,
        "center_distance_mean": 0.19523727354064876,
        "center_distance_median": 0.14601142273203366,
        "score_mean": 0.9419529074802995,
        "score_std": 0.045668184844190524,
        "score_p25": 0.9295654892921448,
        "score_p75": 0.9694585800170898,
        "score_iou_correlation": -0.08892930971723624
      }
    },
    "per_k": {
      "k1": {
        "n": 34,
        "n_pos": 34,
        "iou_mean": 0.12994174055262087,
        "iou_median": 0.0,
        "iou_p25": 0.0,
        "iou_p75": 0.018774716882035136,
        "iou_std": 0.2818326973938633,
        "frac_iou_25": 0.14705882352941177,
        "frac_iou_50": 0.14705882352941177,
        "frac_iou_75": 0.14705882352941177,
        "frac_iou_90": 0.0,
        "containment_mean": 0.2999567652449888,
        "containment_median": 0.0,
        "containment_p25": 0.0,
        "containment_p75": 0.9532015770673752,
        "containment_std": 0.4489927682354536,
        "frac_containment_50": 0.29411764705882354,
        "frac_containment_75": 0.29411764705882354,
        "frac_containment_90": 0.2647058823529412,