{
  "stage": "L1",
  "epoch": 3,
  "fold": 0,
  "wall_clock_seconds": 497.89,
  "lr": {
    "fusion": 1.2962644544292065e-05
  },
  "train": {
    "loss": 5.25036865234375,
    "patch_ce": 5.25036865234375,
    "l1": 0.0,
    "giou": 0.0,
    "grad_norm": 6.415467858314514,
    "n_steps": 400,
    "alpha": 0.032183773815631866
  },
  "val": {
    "overall": {
      "n": 100,
      "n_pos": 100,
      "iou_mean": 0.1765388076202362,
      "iou_median": 0.0,
      "iou_p25": 0.0,
      "iou_p75": 0.07328566908836365,
      "iou_std": 0.3173104765497109,
      "frac_iou_25": 0.23,
      "frac_iou_50": 0.23,
      "frac_iou_75": 0.15,
      "frac_iou_90": 0.0,
      "containment_mean": 0.34981383522972465,
      "containment_median": 0.0,
      "containment_p25": 0.0,
      "containment_p75": 0.9636185318231583,
      "containment_std": 0.46362873163645496,
      "frac_containment_50": 0.36,
      "frac_containment_75": 0.36,
      "frac_containment_90": 0.3,
      "frac_containment_full": 0.22,
      "contain_at_iou_50": 0.23,
      "contain_at_iou_75": 0.15,
      "high_contain_high_iou": 0.17,
      "ap_per_iou": {
        "0.50": 0.10832414388504313,
        "0.55": 0.10584889636029067,
        "0.60": 0.10300236170682531,
        "0.65": 0.09995013747031715,
        "0.70": 0.09995013747031715,
        "0.75": 0.05377024174762178,
        "0.80": 0.008410261315986671,
        "0.85": 0.0,
        "0.90": 0.0,
        "0.95": 0.0
      },
      "map_50": 0.10832414388504313,
      "map_75": 0.05377024174762178,
      "map_5095": 0.05792561799564019,
      "map_50_containment": 0.2430722058935893,
      "map_90_containment": 0.19092630717734146,
      "mean_pred_box_area": 0.11329606094051221,
      "std_pred_box_area": 0.2551190926474904,
      "frac_pred_box_too_big": 0.12,
      "frac_pred_box_too_small": 0.49,
      "mean_gt_box_area": 0.005555804317141882,
      "pred_to_gt_area_ratio_mean": 72.16270759544807,
      "pred_to_gt_area_ratio_median": 1.8770173929227019,
      "log_area_ratio_mean": 1.3931502362859802,
      "log_area_ratio_std": 1.9932056934700757,
      "center_distance_mean": 0.23041015405228035,
      "center_distance_median": 0.2075209011055977,
      "score_mean": 0.956019384264946,
      "score_std": 0.044403989827820185,
      "score_p25": 0.933810755610466,
      "score_p75": 0.9936190396547318,
      "score_iou_correlation": 0.292450826654681
    },
    "per_source": {
      "hots": {
        "n": 39,
        "n_pos": 39,
        "iou_mean": 0.3657450669098837,
        "iou_median": 0.0705045759677887,
        "iou_p25": 0.0,
        "iou_p75": 0.7663469016551971,
        "iou_std": 0.38646803866420254,
        "frac_iou_25": 0.46153846153846156,
        "frac_iou_50": 0.46153846153846156,
        "frac_iou_75": 0.358974358974359,
        "frac_iou_90": 0.0,
        "containment_mean": 0.5954996798283014,
        "containment_median": 0.9171266555786133,
        "containment_p25": 0.0,
        "containment_p75": 0.9998942613601685,
        "containment_std": 0.47241590720889565,
        "frac_containment_50": 0.6153846153846154,
        "frac_containment_75": 0.6153846153846154,
        "frac_containment_90": 0.5128205128205128,
        "frac_containment_full": 0.358974358974359,
        "contain_at_iou_50": 0.46153846153846156,
        "contain_at_iou_75": 0.358974358974359,
        "high_contain_high_iou": 0.358974358974359,
        "ap_per_iou": {
          "0.50": 0.2433559145388222,
          "0.55": 0.2433559145388222,
          "0.60": 0.2433559145388222,
          "0.65": 0.2433559145388222,
          "0.70": 0.2433559145388222,
          "0.75": 0.1355337601429316,
          "0.80": 0.020902090209020903,
          "0.85": 0.0,
          "0.90": 0.0,
          "0.95": 0.0
        },
        "map_50": 0.2433559145388222,
        "map_75": 0.1355337601429316,
        "map_5095": 0.13732154230460633,
        "map_50_containment": 0.4299956311420609,
        "map_90_containment": 0.3317325153567989,
        "mean_pred_box_area": 0.11615665431138862,
        "std_pred_box_area": 0.2417602043347593,
        "frac_pred_box_too_big": 0.10256410256410256,
        "frac_pred_box_too_small": 0.23076923076923078,
        "mean_gt_box_area": 0.011768141477906072,
        "pred_to_gt_area_ratio_mean": 13.91524773750346,
        "pred_to_gt_area_ratio_median": 1.3090384997988527,
        "log_area_ratio_mean": 1.0407923517297262,
        "log_area_ratio_std": 1.5539966679704864,
        "center_distance_mean": 0.18444550649936925,
        "center_distance_median": 0.10555811164257349,
        "score_mean": 0.9841723656043028,
        "score_std": 0.040601001133910464,
        "score_p25": 0.9852063059806824,
        "score_p75": 0.9987858235836029,
        "score_iou_correlation": 0.09049455611389073
      },
      "insdet": {
        "n": 61,
        "n_pos": 61,
        "iou_mean": 0.05557087135308453,
        "iou_median": 0.0,
        "iou_p25": 0.0,
        "iou_p75": 0.0,
        "iou_std": 0.1827353339414832,
        "frac_iou_25": 0.08196721311475409,
        "frac_iou_50": 0.08196721311475409,
        "frac_iou_75": 0.01639344262295082,
        "frac_iou_90": 0.0,
        "containment_mean": 0.1927360001585034,
        "containment_median": 0.0,
        "containment_p25": 0.0,
        "containment_p75": 0.0,
        "containment_std": 0.38601188290804656,
        "frac_containment_50": 0.19672131147540983,
        "frac_containment_75": 0.19672131147540983,
        "frac_containment_90": 0.16393442622950818,
        "frac_containment_full": 0.13114754098360656,
        "contain_at_iou_50": 0.08196721311475409,
        "contain_at_iou_75": 0.01639344262295082,
        "high_contain_high_iou": 0.04918032786885246,
        "ap_per_iou": {
          "0.50": 0.00996359798581484,
          "0.55": 0.008130081300813007,
          "0.60": 0.005921180353329451,
          "0.65": 0.0044651523975927,
          "0.70": 0.0044651523975927,
          "0.75": 0.0033003300330033,
          "0.80": 0.0,
          "0.85": 0.0,
          "0.90": 0.0,
          "0.95": 0.0
        },
        "map_50": 0.00996359798581484,
        "map_75": 0.0033003300330033,
        "map_5095": 0.0036245494468145996,
        "map_50_containment": 0.12153149112820692,
        "map_90_containment": 0.1108098905128608,
        "mean_pred_box_area": 0.11146715698208302,
        "std_pred_box_area": 0.2652653499687071,
        "frac_pred_box_too_big": 0.13114754098360656,
        "frac_pred_box_too_small": 0.6557377049180327,
        "mean_gt_box_area": 0.0015839821979647777,
        "pred_to_gt_area_ratio_mean": 109.40288684888804,
        "pred_to_gt_area_ratio_median": 2.596150083412382,
        "log_area_ratio_mean": 1.6184282280514544,
        "log_area_ratio_std": 2.212124780144294,
        "center_distance_mean": 0.2597973877336497,
        "center_distance_median": 0.28278097072085256,
        "score_mean": 0.9380199371791277,
        "score_std": 0.03694255405825554,
        "score_p25": 0.9228076934814453,
        "score_p75": 0.9599398374557495,
        "score_iou_correlation": 0.03313084196194207
      }
    },
    "per_k": {
      "k1": {
        "n": 34,
        "n_pos": 34,
        "iou_mean": 0.20284226428125027,
        "iou_median": 0.00018745758279692382,
        "iou_p25": 0.0,
        "iou_p75": 0.4139159098267555,
        "iou_std": 0.33558469226475796,
        "frac_iou_25": 0.2647058823529412,
        "frac_iou_50": 0.2647058823529412,
        "frac_iou_75": 0.17647058823529413,
        "frac_iou_90": 0.0,
        "containment_mean": 0.44036764125613603,
        "containment_median": 0.06792913377285004,
        "containment_p25": 0.0,
        "containment_p75": 0.9962706416845322,
        "containment_std": 0.48657771039699316,
        "frac_containment_50": 0.4411764705882353,
        "frac_containment_75": 0.4411764705882353,
        "frac_containment_90": 0.4117647058823529,
        "frac_containment_full": 0.29411764705882354,