{
  "stage": "L1",
  "phase": "mixed",
  "epoch": 3,
  "fold": 2,
  "wall_clock_seconds": 469.94,
  "lr": {
    "fusion": 3.23557069160072e-05
  },
  "train": {
    "loss": 4.356872960925102,
    "patch_ce": 4.356872960925102,
    "l1": 0.0,
    "giou": 0.0,
    "log_area": 0.0,
    "grad_norm": 4.468066444396973,
    "n_steps": 400,
    "grad_steps": 50,
    "grad_nan_steps": 0,
    "alpha": 0.9682337045669556,
    "bg_bias": -0.01656653732061386
  },
  "val": {
    "overall": {
      "n": 100,
      "n_pos": 100,
      "n_neg": 0,
      "iou_mean": 0.26957754077389834,
      "iou_median": 0.052210280671715736,
      "iou_p25": 0.0,
      "iou_p75": 0.675556406378746,
      "iou_std": 0.340013797242566,
      "frac_iou_25": 0.35,
      "frac_iou_50": 0.31,
      "frac_iou_75": 0.17,
      "frac_iou_90": 0.0,
      "containment_mean": 0.34320673953741787,
      "containment_median": 0.05296223424375057,
      "containment_p25": 0.0,
      "containment_p75": 0.9255194067955017,
      "containment_std": 0.43055330432437366,
      "frac_containment_50": 0.33,
      "frac_containment_75": 0.3,
      "frac_containment_90": 0.27,
      "frac_containment_full": 0.13,
      "contain_at_iou_50": 0.31,
      "contain_at_iou_75": 0.17,
      "high_contain_high_iou": 0.26,
      "ap_per_iou": {
        "0.50": 0.23510681890425802,
        "0.55": 0.23510681890425802,
        "0.60": 0.21183541568754913,
        "0.65": 0.20511539298139111,
        "0.70": 0.18786476180248105,
        "0.75": 0.09102158629057973,
        "0.80": 0.02374922142670194,
        "0.85": 0.01012920440980268,
        "0.90": 0.0,
        "0.95": 0.0
      },
      "map_50": 0.23510681890425802,
      "map_75": 0.09102158629057973,
      "map_5095": 0.11999292204070218,
      "map_50_containment": 0.24319442191171403,
      "map_90_containment": 0.19558048103835077,
      "mean_pred_box_area": 0.004069772026794232,
      "std_pred_box_area": 0.008783632385842847,
      "frac_pred_box_too_big": 0.0,
      "frac_pred_box_too_small": 0.84,
      "mean_gt_box_area": 0.010203571454406481,
      "pred_to_gt_area_ratio_mean": 0.9403701252016029,
      "pred_to_gt_area_ratio_median": 0.9744360819650926,
      "log_area_ratio_mean": -0.7062514248681983,
      "log_area_ratio_std": 1.3359994720822486,
      "center_distance_mean": 0.12576568094369003,
      "center_distance_median": 0.030231972352077807,
      "score_mean": 0.12569178238511086,
      "score_std": 0.09351374216366577,
      "score_p25": 0.059576538391411304,
      "score_p75": 0.155730988830328,
      "score_iou_correlation": 0.5507034482940647,
      "bg_prob_pos_mean": 7.294977737728914e-05,
      "bg_prob_pos_median": 5.364672506402712e-05,
      "abstain_rate_pos": 0.0
    },
    "per_source": {
      "hots": {
        "n": 36,
        "n_pos": 36,
        "n_neg": 0,
        "iou_mean": 0.2800712964704467,
        "iou_median": 0.023304576985538006,
        "iou_p25": 0.0,
        "iou_p75": 0.7398846745491028,
        "iou_std": 0.36421214816841796,
        "frac_iou_25": 0.3611111111111111,
        "frac_iou_50": 0.3055555555555556,
        "frac_iou_75": 0.2222222222222222,
        "frac_iou_90": 0.0,
        "containment_mean": 0.3322500960073537,
        "containment_median": 0.025129016488790512,
        "containment_p25": 0.0,
        "containment_p75": 0.918090358376503,
        "containment_std": 0.4407689506612946,
        "frac_containment_50": 0.3055555555555556,
        "frac_containment_75": 0.3055555555555556,
        "frac_containment_90": 0.2777777777777778,
        "frac_containment_full": 0.1111111111111111,
        "contain_at_iou_50": 0.3055555555555556,
        "contain_at_iou_75": 0.2222222222222222,
        "high_contain_high_iou": 0.2777777777777778,
        "ap_per_iou": {
          "0.50": 0.23793671292595095,
          "0.55": 0.23793671292595095,
          "0.60": 0.23793671292595095,
          "0.65": 0.23793671292595095,
          "0.70": 0.23793671292595095,
          "0.75": 0.11405612610950538,
          "0.80": 0.08847423203858851,
          "0.85": 0.02192362093352192,
          "0.90": 0.0,
          "0.95": 0.0
        },
        "map_50": 0.23793671292595095,
        "map_75": 0.11405612610950538,
        "map_5095": 0.14141375437113707,
        "map_50_containment": 0.23793671292595095,
        "map_90_containment": 0.17918947174220523,
        "mean_pred_box_area": 0.009054104502380535,
        "std_pred_box_area": 0.013246537991419952,
        "frac_pred_box_too_big": 0.0,
        "frac_pred_box_too_small": 0.5555555555555556,
        "mean_gt_box_area": 0.024095865961911232,
        "pred_to_gt_area_ratio_mean": 0.7441734652507928,
        "pred_to_gt_area_ratio_median": 0.8328142621383081,
        "log_area_ratio_mean": -0.9047855772272965,
        "log_area_ratio_std": 1.370383271452669,
        "center_distance_mean": 0.18196381819609672,
        "center_distance_median": 0.07214900070119518,
        "score_mean": 0.1120725831327339,
        "score_std": 0.0724779146253587,
        "score_p25": 0.058085981756448746,
        "score_p75": 0.15065887942910194,
        "score_iou_correlation": 0.5212122603435306,
        "bg_prob_pos_mean": 7.16159875082667e-05,
        "bg_prob_pos_median": 5.560738827625755e-05,
        "abstain_rate_pos": 0.0
      },
      "insdet": {
        "n": 64,
        "n_pos": 64,
        "n_neg": 0,
        "iou_mean": 0.2636748031945899,
        "iou_median": 0.08248574286699295,
        "iou_p25": 0.0,
        "iou_p75": 0.5939086973667145,
        "iou_std": 0.32844915892806553,
        "frac_iou_25": 0.34375,
        "frac_iou_50": 0.3125,
        "frac_iou_75": 0.140625,
        "frac_iou_90": 0.0,
        "containment_mean": 0.349369851523079,
        "containment_median": 0.08559266105294228,
        "containment_p25": 0.0,
        "containment_p75": 0.9255194067955017,
        "containment_std": 0.42809622047670515,
        "frac_containment_50": 0.34375,
        "frac_containment_75": 0.296875,
        "frac_containment_90": 0.265625,
        "frac_containment_full": 0.140625,
        "contain_at_iou_50": 0.3125,
        "contain_at_iou_75": 0.140625,
        "high_contain_high_iou": 0.25,
        "ap_per_iou": {
          "0.50": 0.2318096359758502,
          "0.55": 0.2318096359758502,
          "0.60": 0.19880933148259883,
          "0.65": 0.18678569322133684,
          "0.70": 0.16298129812981302,
          "0.75": 0.08107669741333107,
          "0.80": 0.009824059329009824,
          "0.85": 0.007200720072007201,
          "0.90": 0.0,
          "0.95": 0.0
        },
        "map_50": 0.2318096359758502,
        "map_75": 0.08107669741333107,
        "map_5095": 0.1110297071599797,
        "map_50_containment": 0.24417888626463397,
        "map_90_containment": 0.19620744700036527,
        "mean_pred_box_area": 0.001266085009276937,
        "std_pred_box_area": 0.001254451497536851,
        "frac_pred_box_too_big": 0.0,
        "frac_pred_box_too_small": 1.0,
        "mean_gt_box_area": 0.0023891557939350605,
        "pred_to_gt_area_ratio_mean": 1.0507307464239337,
        "pred_to_gt_area_ratio_median": 1.0208616925263918,
        "log_area_ratio_mean": -0.5945759641662055,
        "log_area_ratio_std": 1.3139010386758938,
        "center_distance_mean": 0.09415422873921127,
        "center_distance_median": 0.017676681641605803,
        "score_mean": 0.1333525819645729,
        "score_std": 0.10323705945163253,
        "score_p25": 0.06004525348544121,
        "score_p75": 0.16451651230454445,
        "score_iou_correlation": 0.5898253753299435,
        "bg_prob_pos_mean": 7.370003417861426e-05,
        "bg_prob_pos_median": 5.364672506402712e-05,
        "abstain_rate_pos": 0.0
      }
    },
    "per_k": {
      "k1": {
        "n": 34,
        "n_pos": 34,
        "n_neg": 0,
        "iou_mean": 0.19833706560380318,
        "iou_median": 0.0,
        "iou_p25": 0.0,
        "iou_p75": 0.16106567159295082,