{
  "best_by": {
    "L1.val.map_50_mean": {
      "epoch": 3,
      "value": 0.09018739558985277
    },
    "L1.val.iou_mean": {
      "epoch": 3,
      "value": 0.1752815191873621
    },
    "L2.val.map_50_mean": {
      "epoch": 10,
      "value": 0.4412661490877284
    },
    "L2.val.iou_mean": {
      "epoch": 10,
      "value": 0.48957569055880107
    },
    "L3.val.map_50_mean": {
      "epoch": 4,
      "value": 0.3841712191138737
    },
    "L3.val.iou_mean": {
      "epoch": 5,
      "value": 0.5007120576524176
    }
  }
}