{
  "stage": "1_1",
  "epoch": 3,
  "fold": 1,
  "wall_clock_seconds": 280.78,
  "lr": {
    "aggregator": 0.0001886909024891573,
    "existence_head": 0.0007545767871335574
  },
  "train": {
    "loss": 0.3244671866297722,
    "focal": 0.08033357203006744,
    "l1": 0.0,
    "giou": 0.0,
    "box_loss": 0.0,
    "box_area_penalty": 0.012275263336487114,
    "existence_kl": 0.0,
    "margin": 0.484703803062439,
    "nt_xent": 0.005541851222515107,
    "grad_norm": 0.10604064643383027,
    "n_steps": 50,
    "aggregator_alpha": -0.016147011891007423
  },
  "val": {
    "overall": {
      "n": 100,
      "n_pos": 54,
      "n_neg": 46,
      "iou_mean": 0.1746661415457277,
      "iou_median": 0.0008513955981470644,
      "iou_p25": 0.0,
      "iou_p75": 0.014350618235766888,
      "contain_mean": 0.4976604694017657,
      "contain_at_iou_50": 0.2222222222222222,
      "contain_at_iou_75": 0.1111111111111111,
      "ap_per_iou": {
        "0.50": 0.08583930485708438,
        "0.55": 0.08583930485708438,
        "0.60": 0.08583930485708438,
        "0.65": 0.08583930485708438,
        "0.70": 0.06954660826057608,
        "0.75": 0.04209919761459329,
        "0.80": 0.030867426365278037,
        "0.85": 0.004707640575378293,
        "0.90": 0.0,
        "0.95": 0.0
      },
      "map_50": 0.08583930485708438,
      "map_75": 0.04209919761459329,
      "map_5095": 0.04905780922441632,
      "map_50_existence_only": 0.08455917020273453,
      "map_5095_existence_only": 0.048338210998800216,
      "map_50_score_only": 0.10783511367361655,
      "map_5095_score_only": 0.06268731538513833,
      "precision_50": 0.3,
      "recall_50": 0.1111111111111111,
      "f1_50": 0.16216216216216217,
      "existence_acc": 0.5,
      "existence_acc_pos": 0.2222222222222222,
      "existence_acc_neg": 0.8260869565217391,
      "existence_auroc": 0.5853462157809984,
      "existence_pr_auc": 0.5908722848863263,
      "existence_brier": 0.25145695775007243,
      "existence_f1": 0.16216216216216217,
      "false_positive_rate": 0.17391304347826086,
      "false_negative_rate": 0.7777777777777778,
      "mean_score_pos": 0.4693569706545936,
      "mean_score_neg": 0.46157667623913806,
      "proto_score_pos": 0.9545820543059597,
      "proto_score_neg": 0.9231307493603748,
      "proto_score_gap": 0.0314513049455849,
      "mean_pred_box_area": 0.2523942415451165,
      "frac_pred_box_too_big": 0.23,
      "mean_existence_prob": 0.46577803522348404,
      "frac_high_existence": 0.0,
      "prototype_norm_mean": 2.083479096889496,
      "prototype_norm_std": 0.1587924188563514
    },
    "per_source": {
      "hots": {
        "n": 36,
        "n_pos": 21,
        "n_neg": 15,
        "iou_mean": 0.44338772410438176,
        "iou_median": 0.7211733460426331,
        "iou_p25": 0.0,
        "iou_p75": 0.7800198197364807,
        "contain_mean": 0.5619910614831107,
        "contain_at_iou_50": 0.5714285714285714,
        "contain_at_iou_75": 0.2857142857142857,
        "ap_per_iou": {
          "0.50": 0.30745128084236956,
          "0.55": 0.30745128084236956,
          "0.60": 0.30745128084236956,
          "0.65": 0.30745128084236956,
          "0.70": 0.24756404211849742,
          "0.75": 0.12841366554237835,
          "0.80": 0.08948971820258947,
          "0.85": 0.01618431073876618,
          "0.90": 0.0,
          "0.95": 0.0
        },
        "map_50": 0.30745128084236956,
        "map_75": 0.12841366554237835,
        "map_5095": 0.17114568599717098,
        "map_50_existence_only": 0.2975208235109227,
        "map_5095_existence_only": 0.16607428108996508,
        "map_50_score_only": 0.37407850096750545,
        "map_5095_score_only": 0.20997955718824826,
        "precision_50": 0.4,
        "recall_50": 0.2857142857142857,
        "f1_50": 0.3333333333333333,
        "existence_acc": 0.5555555555555556,
        "existence_acc_pos": 0.47619047619047616,
        "existence_acc_neg": 0.6666666666666666,
        "existence_auroc": 0.6698412698412698,
        "existence_pr_auc": 0.6926432015111801,
        "existence_brier": 0.24157910156733753,
        "existence_f1": 0.3333333333333333,
        "false_positive_rate": 0.3333333333333333,
        "false_negative_rate": 0.5238095238095238,
        "mean_score_pos": 0.496867774497895,
        "mean_score_neg": 0.47000505924224856,
        "proto_score_pos": 0.9714085516475496,
        "proto_score_neg": 0.8635642886161804,
        "proto_score_gap": 0.10784426303136918,
        "mean_pred_box_area": 0.06639077938679191,
        "frac_pred_box_too_big": 0.027777777777777776,
        "mean_existence_prob": 0.485674976474709,
        "frac_high_existence": 0.0,
        "prototype_norm_mean": 1.9611279202832117,
        "prototype_norm_std": 0.17679474008807494
      },
      "insdet": {
        "n": 64,
        "n_pos": 33,
        "n_neg": 31,
        "iou_mean": 0.003661498099311509,
        "iou_median": 0.0,
        "iou_p25": 0.0,
        "iou_p75": 0.00363023835234344,
        "contain_mean": 0.4567228198954553,
        "contain_at_iou_50": 0.0,
        "contain_at_iou_75": 0.0,
        "ap_per_iou": {
          "0.50": 0.0,
          "0.55": 0.0,
          "0.60": 0.0,
          "0.65": 0.0,
          "0.70": 0.0,
          "0.75": 0.0,
          "0.80": 0.0,
          "0.85": 0.0,
          "0.90": 0.0,
          "0.95": 0.0
        },
        "map_50": 0.0,
        "map_75": 0.0,
        "map_5095": 0.0,
        "map_50_existence_only": 0.0,
        "map_5095_existence_only": 0.0,
        "map_50_score_only": 0.0,
        "map_5095_score_only": 0.0,
        "precision_50": 0.0,
        "recall_50": 0.0,
        "f1_50": 0.0,
        "existence_acc": 0.46875,
        "existence_acc_pos": 0.06060606060606061,
        "existence_acc_neg": 0.9032258064516129,
        "existence_auroc": 0.4887585532746823,
        "existence_pr_auc": 0.49391759593482937,
        "existence_brier": 0.25701325185286084,
        "existence_f1": 0.0,
        "false_positive_rate": 0.0967741935483871,
        "false_negative_rate": 0.9393939393939394,
        "mean_score_pos": 0.45185009548158356,
        "mean_score_neg": 0.4574984263989233,
        "proto_score_pos": 0.9438742832704023,
        "proto_score_neg": 0.9519532303656301,
        "proto_score_gap": -0.008078947095227718,
        "mean_pred_box_area": 0.3570211890091741,
        "frac_pred_box_too_big": 0.34375,
        "mean_existence_prob": 0.45458600576967,
        "frac_high_existence": 0.0,
        "prototype_norm_mean": 2.1523016337305307,
        "prototype_norm_std": 0.09430304545634376
      }
    },
    "tile_cfg": {
      "mode": "off",
      "levels": [
        1,
        2
      ],
      "overlap": 0.3,
      "for_sources": [
        "insdet"
      ],
      "nms_iou": 0.5,
      "top_k": 100,
      "score_combo": "existence_x_score",
      "edge_score_penalty": 0.5,
      "edge_px": 4,
      "merge_partial_boxes": true,
      "merge_min_score": 0.2
    }
  }
}