{
  "stage": "1_1",
  "epoch": 3,
  "fold": 0,
  "wall_clock_seconds": 277.16,
  "lr": {
    "aggregator": 0.00022940929259919067,
    "existence_head": 0.0009174747834949411
  },
  "train": {
    "loss": 0.33804368376731875,
    "focal": 0.07280762560665607,
    "l1": 0.0,
    "giou": 0.0,
    "box_loss": 0.0,
    "box_area_penalty": 0.007150875180959701,
    "existence_kl": 0.0,
    "margin": 0.526118369102478,
    "nt_xent": 0.014617867767810822,
    "grad_norm": 0.12090751439332963,
    "n_steps": 50
  },
  "val": {
    "overall": {
      "n": 100,
      "n_pos": 54,
      "n_neg": 46,
      "iou_mean": 0.17231343034223687,
      "iou_median": 0.0,
      "iou_p25": 0.0,
      "iou_p75": 0.026082548312842846,
      "contain_mean": 0.3116675565640132,
      "contain_at_iou_50": 0.2037037037037037,
      "contain_at_iou_75": 0.14814814814814814,
      "ap_per_iou": {
        "0.50": 0.10349719182444554,
        "0.55": 0.10349719182444554,
        "0.60": 0.10349719182444554,
        "0.65": 0.10349719182444554,
        "0.70": 0.10349719182444554,
        "0.75": 0.05979997585679892,
        "0.80": 0.005657708628005657,
        "0.85": 0.005657708628005657,
        "0.90": 0.0,
        "0.95": 0.0
      },
      "map_50": 0.10349719182444554,
      "map_75": 0.05979997585679892,
      "map_5095": 0.05886013522350379,
      "map_50_existence_only": 0.1174174917491749,
      "map_5095_existence_only": 0.06602970297029702,
      "map_50_score_only": 0.09447194719471948,
      "map_5095_score_only": 0.05350950491390603,
      "precision_50": 0.5,
      "recall_50": 0.16666666666666666,
      "f1_50": 0.25,
      "existence_acc": 0.58,
      "existence_acc_pos": 0.2777777777777778,
      "existence_acc_neg": 0.9347826086956522,
      "existence_auroc": 0.7000805152979066,
      "existence_pr_auc": 0.7263200456717479,
      "existence_brier": 0.2442528149397789,
      "existence_f1": 0.25,
      "false_positive_rate": 0.06521739130434782,
      "false_negative_rate": 0.7222222222222222,
      "mean_score_pos": 0.48278812125877096,
      "mean_score_neg": 0.4641825271689374,
      "mean_pred_box_area": 0.08798233802546747,
      "frac_pred_box_too_big": 0.08,
      "mean_existence_prob": 0.4742295479774475,
      "frac_high_existence": 0.0,
      "prototype_norm_mean": 2.1129441344738007,
      "prototype_norm_std": 0.2079773380273241
    },
    "per_source": {
      "hots": {
        "n": 36,
        "n_pos": 20,
        "n_neg": 16,
        "iou_mean": 0.42708981335163115,
        "iou_median": 0.7189392149448395,
        "iou_p25": 0.0,
        "iou_p75": 0.7652284651994705,
        "contain_mean": 0.5431782722473144,
        "contain_at_iou_50": 0.55,
        "contain_at_iou_75": 0.4,
        "ap_per_iou": {
          "0.50": 0.33055410804238294,
          "0.55": 0.33055410804238294,
          "0.60": 0.33055410804238294,
          "0.65": 0.33055410804238294,
          "0.70": 0.33055410804238294,
          "0.75": 0.18334869924239397,
          "0.80": 0.016755521706016754,
          "0.85": 0.016755521706016754,
          "0.90": 0.0,
          "0.95": 0.0
        },
        "map_50": 0.33055410804238294,
        "map_75": 0.18334869924239397,
        "map_5095": 0.18696302828663422,
        "map_50_existence_only": 0.33784957443112756,
        "map_5095_existence_only": 0.19075460929551616,
        "map_50_score_only": 0.3534889203206041,
        "map_5095_score_only": 0.2010166061855057,
        "precision_50": 0.5294117647058824,
        "recall_50": 0.45,
        "f1_50": 0.48648648648648646,
        "existence_acc": 0.8055555555555556,
        "existence_acc_pos": 0.75,
        "existence_acc_neg": 0.875,
        "existence_auroc": 0.853125,
        "existence_pr_auc": 0.8433412416589037,
        "existence_brier": 0.22991672393749546,
        "existence_f1": 0.48648648648648646,
        "false_positive_rate": 0.125,
        "false_negative_rate": 0.25,
        "mean_score_pos": 0.5082557082176209,
        "mean_score_neg": 0.4618120566010475,
        "mean_pred_box_area": 0.04351715179250783,
        "frac_pred_box_too_big": 0.0,
        "mean_existence_prob": 0.48761408527692157,
        "frac_high_existence": 0.0,
        "prototype_norm_mean": 1.9147919317086537,
        "prototype_norm_std": 0.14422304059326174
      },
      "insdet": {
        "n": 64,
        "n_pos": 34,
        "n_neg": 30,
        "iou_mean": 0.022444969748475534,
        "iou_median": 0.0,
        "iou_p25": 0.0,
        "iou_p75": 0.0,
        "contain_mean": 0.17548478263265946,
        "contain_at_iou_50": 0.0,
        "contain_at_iou_75": 0.0,
        "ap_per_iou": {
          "0.50": 0.0,
          "0.55": 0.0,
          "0.60": 0.0,
          "0.65": 0.0,
          "0.70": 0.0,
          "0.75": 0.0,
          "0.80": 0.0,
          "0.85": 0.0,
          "0.90": 0.0,
          "0.95": 0.0
        },
        "map_50": 0.0,
        "map_75": 0.0,
        "map_5095": 0.0,
        "map_50_existence_only": 0.0,
        "map_5095_existence_only": 0.0,
        "map_50_score_only": 0.0,
        "map_5095_score_only": 0.0,
        "precision_50": 0.0,
        "recall_50": 0.0,
        "f1_50": 0.0,
        "existence_acc": 0.453125,
        "existence_acc_pos": 0.0,
        "existence_acc_neg": 0.9666666666666667,
        "existence_auroc": 0.55,
        "existence_pr_auc": 0.5795493385345746,
        "existence_brier": 0.2523168661285633,
        "existence_f1": 0.0,
        "false_positive_rate": 0.03333333333333333,
        "false_negative_rate": 1.0,
        "mean_score_pos": 0.46780718775356517,
        "mean_score_neg": 0.4654467781384786,
        "mean_pred_box_area": 0.11299400528150727,
        "frac_pred_box_too_big": 0.125,
        "mean_existence_prob": 0.46670074574649334,
        "frac_high_existence": 0.0,
        "prototype_norm_mean": 2.224404748529196,
        "prototype_norm_std": 0.14614496663419949
      }
    },
    "tile_cfg": {
      "mode": "off",
      "levels": [
        1,
        2
      ],
      "overlap": 0.3,
      "for_sources": [
        "insdet"
      ],
      "nms_iou": 0.5,
      "top_k": 100,
      "score_combo": "existence_x_score",
      "edge_score_penalty": 0.5,
      "edge_px": 4,
      "merge_partial_boxes": true,
      "merge_min_score": 0.2
    }
  }
}