{
  "stage": "1_1",
  "epoch": 3,
  "fold": 2,
  "wall_clock_seconds": 280.05,
  "lr": {
    "aggregator": 0.00014964622860799034,
    "existence_head": 0.0005983746601182629
  },
  "train": {
    "loss": 0.3245433896780014,
    "focal": 0.07194470196962356,
    "l1": 0.0,
    "giou": 0.0,
    "box_loss": 0.0,
    "box_area_penalty": 0.007145256102085114,
    "existence_kl": 0.0,
    "margin": 0.49644271850585936,
    "nt_xent": 0.036628020405769346,
    "grad_norm": 0.1056085342168808,
    "n_steps": 50,
    "aggregator_alpha": -0.01713409461081028
  },
  "val": {
    "overall": {
      "n": 100,
      "n_pos": 46,
      "n_neg": 54,
      "iou_mean": 0.18626634669097888,
      "iou_median": 0.001510924834292382,
      "iou_p25": 0.0,
      "iou_p75": 0.05375676741823554,
      "contain_mean": 0.5501580257778582,
      "contain_at_iou_50": 0.2391304347826087,
      "contain_at_iou_75": 0.1956521739130435,
      "ap_per_iou": {
        "0.50": 0.1266029244433877,
        "0.55": 0.12281728172817279,
        "0.60": 0.12281728172817279,
        "0.65": 0.12281728172817279,
        "0.70": 0.1112556255625563,
        "0.75": 0.1112556255625563,
        "0.80": 0.010110011001100112,
        "0.85": 0.0,
        "0.90": 0.0,
        "0.95": 0.0
      },
      "map_50": 0.1266029244433877,
      "map_75": 0.1112556255625563,
      "map_5095": 0.07276760317541188,
      "map_50_existence_only": 0.1273856706937662,
      "map_5095_existence_only": 0.07318050764352452,
      "map_50_score_only": 0.13386350399745855,
      "map_5095_score_only": 0.0774394557102769,
      "precision_50": 0.3157894736842105,
      "recall_50": 0.13043478260869565,
      "f1_50": 0.1846153846153846,
      "existence_acc": 0.55,
      "existence_acc_pos": 0.21739130434782608,
      "existence_acc_neg": 0.8333333333333334,
      "existence_auroc": 0.6268115942028986,
      "existence_pr_auc": 0.5790450711021478,
      "existence_brier": 0.2425935734143578,
      "existence_f1": 0.1846153846153846,
      "false_positive_rate": 0.16666666666666666,
      "false_negative_rate": 0.782608695652174,
      "mean_score_pos": 0.47307594055714813,
      "mean_score_neg": 0.4581067849088598,
      "proto_score_pos": 0.9674678380074708,
      "proto_score_neg": 0.952747169468138,
      "proto_score_gap": 0.014720668539332848,
      "mean_pred_box_area": 0.2763577476690989,
      "frac_pred_box_too_big": 0.27,
      "mean_existence_prob": 0.4649925965070725,
      "frac_high_existence": 0.0,
      "prototype_norm_mean": 2.0852295744419096,
      "prototype_norm_std": 0.15493239596716588
    },
    "per_source": {
      "hots": {
        "n": 35,
        "n_pos": 18,
        "n_neg": 17,
        "iou_mean": 0.4677812059720357,
        "iou_median": 0.7210634052753448,
        "iou_p25": 0.0,
        "iou_p75": 0.781761571764946,
        "contain_mean": 0.6049812667899661,
        "contain_at_iou_50": 0.6111111111111112,
        "contain_at_iou_75": 0.5,
        "ap_per_iou": {
          "0.50": 0.39167670461627424,
          "0.55": 0.3642137612776053,
          "0.60": 0.3642137612776053,
          "0.65": 0.3642137612776053,
          "0.70": 0.3248429769085282,
          "0.75": 0.3248429769085282,
          "0.80": 0.03428737831766371,
          "0.85": 0.0,
          "0.90": 0.0,
          "0.95": 0.0
        },
        "map_50": 0.39167670461627424,
        "map_75": 0.3248429769085282,
        "map_5095": 0.216829132058381,
        "map_50_existence_only": 0.39186038904642334,
        "map_5095_existence_only": 0.2170890006293862,
        "map_50_score_only": 0.4360860261850364,
        "map_5095_score_only": 0.2399176730859899,
        "precision_50": 0.5454545454545454,
        "recall_50": 0.3333333333333333,
        "f1_50": 0.41379310344827586,
        "existence_acc": 0.5714285714285714,
        "existence_acc_pos": 0.3888888888888889,
        "existence_acc_neg": 0.7647058823529411,
        "existence_auroc": 0.7287581699346405,
        "existence_pr_auc": 0.7304363207407583,
        "existence_brier": 0.23622389339591082,
        "existence_f1": 0.41379310344827586,
        "false_positive_rate": 0.23529411764705882,
        "false_negative_rate": 0.6111111111111112,
        "mean_score_pos": 0.4973061763577991,
        "mean_score_neg": 0.46239012479782104,
        "proto_score_pos": 0.9596757425202264,
        "proto_score_neg": 0.94026060665355,
        "proto_score_gap": 0.019415135866676314,
        "mean_pred_box_area": 0.06198625241273216,
        "frac_pred_box_too_big": 0.02857142857142857,
        "mean_existence_prob": 0.4803469513143812,
        "frac_high_existence": 0.0,
        "prototype_norm_mean": 1.9803705283573696,
        "prototype_norm_std": 0.12933221360323519
      },
      "insdet": {
        "n": 65,
        "n_pos": 28,
        "n_neg": 37,
        "iou_mean": 0.005292508581728076,
        "iou_median": 0.0008158324199030176,
        "iou_p25": 0.0,
        "iou_p75": 0.004193864879198372,
        "contain_mean": 0.514914513698646,
        "contain_at_iou_50": 0.0,
        "contain_at_iou_75": 0.0,
        "ap_per_iou": {
          "0.50": 0.0,
          "0.55": 0.0,
          "0.60": 0.0,
          "0.65": 0.0,
          "0.70": 0.0,
          "0.75": 0.0,
          "0.80": 0.0,
          "0.85": 0.0,
          "0.90": 0.0,
          "0.95": 0.0
        },
        "map_50": 0.0,
        "map_75": 0.0,
        "map_5095": 0.0,
        "map_50_existence_only": 0.0,
        "map_5095_existence_only": 0.0,
        "map_50_score_only": 0.0,
        "map_5095_score_only": 0.0,
        "precision_50": 0.0,
        "recall_50": 0.0,
        "f1_50": 0.0,
        "existence_acc": 0.5384615384615384,
        "existence_acc_pos": 0.10714285714285714,
        "existence_acc_neg": 0.8648648648648649,
        "existence_auroc": 0.5434362934362934,
        "existence_pr_auc": 0.44255102924490475,
        "existence_brier": 0.24602340111659848,
        "existence_f1": 0.0,
        "false_positive_rate": 0.13513513513513514,
        "false_negative_rate": 0.8928571428571429,
        "mean_score_pos": 0.45749936039958683,
        "mean_score_neg": 0.45613876387879654,
        "proto_score_pos": 0.9724770422492709,
        "proto_score_neg": 0.9584842388694351,
        "proto_score_gap": 0.013992803379835772,
        "mean_pred_box_area": 0.39178855280714253,
        "frac_pred_box_too_big": 0.4,
        "mean_existence_prob": 0.4567248669954447,
        "frac_high_existence": 0.0,
        "prototype_norm_mean": 2.1416921377182008,
        "prototype_norm_std": 0.1378193848655006
      }
    },
    "tile_cfg": {
      "mode": "off",
      "levels": [
        1,
        2
      ],
      "overlap": 0.3,
      "for_sources": [
        "insdet"
      ],
      "nms_iou": 0.5,
      "top_k": 100,
      "score_combo": "existence_x_score",
      "edge_score_penalty": 0.5,
      "edge_px": 4,
      "merge_partial_boxes": true,
      "merge_min_score": 0.2
    }
  }
}