{
  "stage": "1_1",
  "epoch": 3,
  "fold": 0,
  "wall_clock_seconds": 279.14,
  "lr": {
    "aggregator": 0.00022940929259919067,
    "existence_head": 0.0009174747834949411
  },
  "train": {
    "loss": 0.3384606570005417,
    "focal": 0.0726804979890585,
    "l1": 0.0,
    "giou": 0.0,
    "box_loss": 0.0,
    "box_area_penalty": 0.011240914016962051,
    "existence_kl": 0.0,
    "margin": 0.5263572597503662,
    "nt_xent": 0.014774388968944549,
    "grad_norm": 0.1085068267583847,
    "n_steps": 50,
    "aggregator_alpha": -0.016230009496212006
  },
  "val": {
    "overall": {
      "n": 100,
      "n_pos": 54,
      "n_neg": 46,
      "iou_mean": 0.14854463485944844,
      "iou_median": 0.0,
      "iou_p25": 0.0,
      "iou_p75": 0.006402205443009734,
      "contain_mean": 0.3715244018369251,
      "contain_at_iou_50": 0.18518518518518517,
      "contain_at_iou_75": 0.12962962962962962,
      "ap_per_iou": {
        "0.50": 0.08633125756014519,
        "0.55": 0.08633125756014519,
        "0.60": 0.08633125756014519,
        "0.65": 0.08633125756014519,
        "0.70": 0.08633125756014519,
        "0.75": 0.050908710780580305,
        "0.80": 0.004659289458357601,
        "0.85": 0.004659289458357601,
        "0.90": 0.0,
        "0.95": 0.0
      },
      "map_50": 0.08633125756014519,
      "map_75": 0.050908710780580305,
      "map_5095": 0.049188357749802146,
      "map_50_existence_only": 0.0938962028070939,
      "map_5095_existence_only": 0.05279917234060018,
      "map_50_score_only": 0.08666352349520662,
      "map_5095_score_only": 0.04907309838126668,
      "precision_50": 0.4375,
      "recall_50": 0.12962962962962962,
      "f1_50": 0.19999999999999998,
      "existence_acc": 0.56,
      "existence_acc_pos": 0.24074074074074073,
      "existence_acc_neg": 0.9347826086956522,
      "existence_auroc": 0.6839774557165862,
      "existence_pr_auc": 0.7098925502750042,
      "existence_brier": 0.24501964834382378,
      "existence_f1": 0.19999999999999998,
      "false_positive_rate": 0.06521739130434782,
      "false_negative_rate": 0.7592592592592593,
      "mean_score_pos": 0.4808259854714076,
      "mean_score_neg": 0.46340496838092804,
      "proto_score_pos": 0.9628363130269227,
      "proto_score_neg": 0.8902305876431258,
      "proto_score_gap": 0.07260572538379695,
      "mean_pred_box_area": 0.16999565110658296,
      "frac_pred_box_too_big": 0.19,
      "mean_existence_prob": 0.472812317609787,
      "frac_high_existence": 0.0,
      "prototype_norm_mean": 2.118107053041458,
      "prototype_norm_std": 0.2141067861222336
    },
    "per_source": {
      "hots": {
        "n": 36,
        "n_pos": 20,
        "n_neg": 16,
        "iou_mean": 0.3876865421188995,
        "iou_median": 0.3550067290198058,
        "iou_p25": 0.0,
        "iou_p75": 0.7565575242042542,
        "contain_mean": 0.5451772481203079,
        "contain_at_iou_50": 0.5,
        "contain_at_iou_75": 0.35,
        "ap_per_iou": {
          "0.50": 0.28633916023181283,
          "0.55": 0.28633916023181283,
          "0.60": 0.28633916023181283,
          "0.65": 0.28633916023181283,
          "0.70": 0.28633916023181283,
          "0.75": 0.15646677449699858,
          "0.80": 0.015558698727015555,
          "0.85": 0.015558698727015555,
          "0.90": 0.0,
          "0.95": 0.0
        },
        "map_50": 0.28633916023181283,
        "map_75": 0.15646677449699858,
        "map_5095": 0.16192799731100938,
        "map_50_existence_only": 0.29516241097793994,
        "map_5095_existence_only": 0.1654927180024504,
        "map_50_score_only": 0.31577086280056554,
        "map_5095_score_only": 0.18017737940568448,
        "precision_50": 0.5,
        "recall_50": 0.35,
        "f1_50": 0.4117647058823529,
        "existence_acc": 0.7222222222222222,
        "existence_acc_pos": 0.6,
        "existence_acc_neg": 0.875,
        "existence_auroc": 0.85625,
        "existence_pr_auc": 0.8492936226112846,
        "existence_brier": 0.23031033396675474,
        "existence_f1": 0.4117647058823529,
        "false_positive_rate": 0.125,
        "false_negative_rate": 0.4,
        "mean_score_pos": 0.5062175944447518,
        "mean_score_neg": 0.4600964095443487,
        "proto_score_pos": 0.9816704630851746,
        "proto_score_neg": 0.7877432573586702,
        "proto_score_gap": 0.19392720572650435,
        "mean_pred_box_area": 0.08004211911530648,
        "frac_pred_box_too_big": 0.05555555555555555,
        "mean_existence_prob": 0.4857192900445726,
        "frac_high_existence": 0.0,
        "prototype_norm_mean": 1.9117608037259843,
        "prototype_norm_std": 0.14998112418089765
      },
      "insdet": {
        "n": 64,
        "n_pos": 34,
        "n_neg": 30,
        "iou_mean": 0.00787292470683015,
        "iou_median": 0.0,
        "iou_p25": 0.0,
        "iou_p75": 0.0006171168788569048,
        "contain_mean": 0.26937566872905283,
        "contain_at_iou_50": 0.0,
        "contain_at_iou_75": 0.0,
        "ap_per_iou": {
          "0.50": 0.0,
          "0.55": 0.0,
          "0.60": 0.0,
          "0.65": 0.0,
          "0.70": 0.0,
          "0.75": 0.0,
          "0.80": 0.0,
          "0.85": 0.0,
          "0.90": 0.0,
          "0.95": 0.0
        },
        "map_50": 0.0,
        "map_75": 0.0,
        "map_5095": 0.0,
        "map_50_existence_only": 0.0,
        "map_5095_existence_only": 0.0,
        "map_50_score_only": 0.0,
        "map_5095_score_only": 0.0,
        "precision_50": 0.0,
        "recall_50": 0.0,
        "f1_50": 0.0,
        "existence_acc": 0.46875,
        "existence_acc_pos": 0.029411764705882353,
        "existence_acc_neg": 0.9666666666666667,
        "existence_auroc": 0.515686274509804,
        "existence_pr_auc": 0.5575611779570236,
        "existence_brier": 0.25329363768092517,
        "existence_f1": 0.0,
        "false_positive_rate": 0.03333333333333333,
        "false_negative_rate": 0.9705882352941176,
        "mean_score_pos": 0.46588974489885215,
        "mean_score_neg": 0.46516953309377035,
        "proto_score_pos": 0.951757401227951,
        "proto_score_neg": 0.9448904971281687,
        "proto_score_gap": 0.0068669040997823005,
        "mean_pred_box_area": 0.22059451285167597,
        "frac_pred_box_too_big": 0.265625,
        "mean_existence_prob": 0.46555214561522007,
        "frac_high_existence": 0.0,
        "prototype_norm_mean": 2.234176818281412,
        "prototype_norm_std": 0.14670843466444547
      }
    },
    "tile_cfg": {
      "mode": "off",
      "levels": [
        1,
        2
      ],
      "overlap": 0.3,
      "for_sources": [
        "insdet"
      ],
      "nms_iou": 0.5,
      "top_k": 100,
      "score_combo": "existence_x_score",
      "edge_score_penalty": 0.5,
      "edge_px": 4,
      "merge_partial_boxes": true,
      "merge_min_score": 0.2
    }
  }
}