{
  "stage": "1_1",
  "epoch": 3,
  "fold": 4,
  "wall_clock_seconds": 280.25,
  "lr": {
    "aggregator": 8.0763471172146e-05,
    "existence_head": 0.0003228022924528399
  },
  "train": {
    "loss": 0.3255936518311501,
    "focal": 0.07314454935491085,
    "l1": 0.0,
    "giou": 0.0,
    "box_loss": 0.0,
    "box_area_penalty": 0.007663767049089074,
    "existence_kl": 0.0,
    "margin": 0.5028390312194824,
    "nt_xent": 0.002632072903215885,
    "grad_norm": 0.12612135827541351,
    "n_steps": 50
  },
  "val": {
    "overall": {
      "n": 100,
      "n_pos": 51,
      "n_neg": 49,
      "iou_mean": 0.2458839082444719,
      "iou_median": 0.00049462920287624,
      "iou_p25": 0.0,
      "iou_p75": 0.7320892512798309,
      "contain_mean": 0.5220324358008072,
      "contain_at_iou_50": 0.3137254901960784,
      "contain_at_iou_75": 0.21568627450980393,
      "ap_per_iou": {
        "0.50": 0.23635372875148297,
        "0.55": 0.23635372875148297,
        "0.60": 0.23635372875148297,
        "0.65": 0.23635372875148297,
        "0.70": 0.23635372875148297,
        "0.75": 0.08425626327255197,
        "0.80": 0.007200720072007202,
        "0.85": 0.0004500450045004501,
        "0.90": 0.0004500450045004501,
        "0.95": 0.0
      },
      "map_50": 0.23635372875148297,
      "map_75": 0.08425626327255197,
      "map_5095": 0.1274125717110975,
      "map_50_existence_only": 0.24056089819508272,
      "map_5095_existence_only": 0.12977273941969097,
      "map_50_score_only": 0.20441927813305413,
      "map_5095_score_only": 0.11157373516853715,
      "precision_50": 0.8571428571428571,
      "recall_50": 0.11764705882352941,
      "f1_50": 0.2068965517241379,
      "existence_acc": 0.54,
      "existence_acc_pos": 0.11764705882352941,
      "existence_acc_neg": 0.9795918367346939,
      "existence_auroc": 0.7414965986394558,
      "existence_pr_auc": 0.7484051750082076,
      "existence_brier": 0.24163563630894405,
      "existence_f1": 0.2068965517241379,
      "false_positive_rate": 0.02040816326530612,
      "false_negative_rate": 0.8823529411764706,
      "mean_score_pos": 0.45547986498066023,
      "mean_score_neg": 0.4271600903296957,
      "mean_pred_box_area": 0.20010346523369663,
      "frac_pred_box_too_big": 0.21,
      "mean_existence_prob": 0.44160317540168764,
      "frac_high_existence": 0.0,
      "prototype_norm_mean": 2.007579916715622,
      "prototype_norm_std": 0.1625900798390417
    },
    "per_source": {
      "hots": {
        "n": 35,
        "n_pos": 23,
        "n_neg": 12,
        "iou_mean": 0.5412866032641866,
        "iou_median": 0.7407755851745605,
        "iou_p25": 0.0,
        "iou_p75": 0.7831237614154816,
        "contain_mean": 0.6855937449828439,
        "contain_at_iou_50": 0.6956521739130435,
        "contain_at_iou_75": 0.4782608695652174,
        "ap_per_iou": {
          "0.50": 0.5664965306054416,
          "0.55": 0.5664965306054416,
          "0.60": 0.5664965306054416,
          "0.65": 0.5664965306054416,
          "0.70": 0.5664965306054416,
          "0.75": 0.2158049138247159,
          "0.80": 0.026402640264026396,
          "0.85": 0.0018335166850018333,
          "0.90": 0.0018335166850018333,
          "0.95": 0.0
        },
        "map_50": 0.5664965306054416,
        "map_75": 0.2158049138247159,
        "map_5095": 0.3078357240485954,
        "map_50_existence_only": 0.5649516233674649,
        "map_5095_existence_only": 0.3065315505909565,
        "map_50_score_only": 0.5704387746466952,
        "map_5095_score_only": 0.3141117820573265,
        "precision_50": 0.8571428571428571,
        "recall_50": 0.2608695652173913,
        "f1_50": 0.4,
        "existence_acc": 0.4857142857142857,
        "existence_acc_pos": 0.2608695652173913,
        "existence_acc_neg": 0.9166666666666666,
        "existence_auroc": 0.7318840579710145,
        "existence_pr_auc": 0.8423307350931039,
        "existence_brier": 0.24612862735176547,
        "existence_f1": 0.4,
        "false_positive_rate": 0.08333333333333333,
        "false_negative_rate": 0.7391304347826086,
        "mean_score_pos": 0.4810574262038521,
        "mean_score_neg": 0.4449875131249428,
        "mean_pred_box_area": 0.05351201677694917,
        "frac_pred_box_too_big": 0.02857142857142857,
        "mean_existence_prob": 0.4686905988625118,
        "frac_high_existence": 0.0,
        "prototype_norm_mean": 1.8468295948845999,
        "prototype_norm_std": 0.087573682511891
      },
      "insdet": {
        "n": 65,
        "n_pos": 28,
        "n_neg": 37,
        "iou_mean": 0.003231694478277599,
        "iou_median": 0.0,
        "iou_p25": 0.0,
        "iou_p75": 0.001951534446561709,
        "contain_mean": 0.3876785032584199,
        "contain_at_iou_50": 0.0,
        "contain_at_iou_75": 0.0,
        "ap_per_iou": {
          "0.50": 0.0,
          "0.55": 0.0,
          "0.60": 0.0,
          "0.65": 0.0,
          "0.70": 0.0,
          "0.75": 0.0,
          "0.80": 0.0,
          "0.85": 0.0,
          "0.90": 0.0,
          "0.95": 0.0
        },
        "map_50": 0.0,
        "map_75": 0.0,
        "map_5095": 0.0,
        "map_50_existence_only": 0.0,
        "map_5095_existence_only": 0.0,
        "map_50_score_only": 0.0,
        "map_5095_score_only": 0.0,
        "precision_50": 0.0,
        "recall_50": 0.0,
        "f1_50": 0.0,
        "existence_acc": 0.5692307692307692,
        "existence_acc_pos": 0.0,
        "existence_acc_neg": 1.0,
        "existence_auroc": 0.6698841698841699,
        "existence_pr_auc": 0.6355275442364494,
        "existence_brier": 0.23921633343973253,
        "existence_f1": 0.0,
        "false_positive_rate": 0.0,
        "false_negative_rate": 1.0,
        "mean_score_pos": 0.4344697254044669,
        "mean_score_neg": 0.4213782234771832,
        "mean_pred_box_area": 0.2790373220950222,
        "frac_pred_box_too_big": 0.3076923076923077,
        "mean_existence_prob": 0.42701763969201306,
        "frac_high_existence": 0.0,
        "prototype_norm_mean": 2.0941377823169414,
        "prototype_norm_std": 0.12278960036933506
      }
    },
    "tile_cfg": {
      "mode": "off",
      "levels": [
        1,
        2
      ],
      "overlap": 0.3,
      "for_sources": [
        "insdet"
      ],
      "nms_iou": 0.5,
      "top_k": 100,
      "score_combo": "existence_x_score",
      "edge_score_penalty": 0.5,
      "edge_px": 4,
      "merge_partial_boxes": true,
      "merge_min_score": 0.2
    }
  }
}