{
  "stage": "1_1",
  "epoch": 3,
  "fold": 1,
  "wall_clock_seconds": 279.02,
  "lr": {
    "aggregator": 0.0001886909024891573,
    "existence_head": 0.0007545767871335574
  },
  "train": {
    "loss": 0.3248064163327217,
    "focal": 0.08058331564068794,
    "l1": 0.0,
    "giou": 0.0,
    "box_loss": 0.0,
    "box_area_penalty": 0.008945094612427056,
    "existence_kl": 0.0,
    "margin": 0.4855706548690796,
    "nt_xent": 0.005432633757591248,
    "grad_norm": 0.11047019571065902,
    "n_steps": 50
  },
  "val": {
    "overall": {
      "n": 100,
      "n_pos": 54,
      "n_neg": 46,
      "iou_mean": 0.17431725992139913,
      "iou_median": 0.0,
      "iou_p25": 0.0,
      "iou_p75": 0.014350618235766888,
      "contain_mean": 0.4236568855466666,
      "contain_at_iou_50": 0.2222222222222222,
      "contain_at_iou_75": 0.1111111111111111,
      "ap_per_iou": {
        "0.50": 0.08830986804195888,
        "0.55": 0.08830986804195888,
        "0.60": 0.08830986804195888,
        "0.65": 0.08830986804195888,
        "0.70": 0.07096767032701802,
        "0.75": 0.04286546301688991,
        "0.80": 0.03102310231023103,
        "0.85": 0.00473694428266356,
        "0.90": 0.0,
        "0.95": 0.0
      },
      "map_50": 0.08830986804195888,
      "map_75": 0.04286546301688991,
      "map_5095": 0.0502832652104638,
      "map_50_existence_only": 0.08779540335404637,
      "map_5095_existence_only": 0.04991030509841817,
      "map_50_score_only": 0.10968897256025971,
      "map_5095_score_only": 0.06393608866381144,
      "precision_50": 0.3157894736842105,
      "recall_50": 0.1111111111111111,
      "f1_50": 0.1643835616438356,
      "existence_acc": 0.49,
      "existence_acc_pos": 0.2037037037037037,
      "existence_acc_neg": 0.8260869565217391,
      "existence_auroc": 0.5873590982286635,
      "existence_pr_auc": 0.5950356564338103,
      "existence_brier": 0.25142129734835544,
      "existence_f1": 0.1643835616438356,
      "false_positive_rate": 0.17391304347826086,
      "false_negative_rate": 0.7962962962962963,
      "mean_score_pos": 0.46817297019340376,
      "mean_score_neg": 0.4599043234534886,
      "mean_pred_box_area": 0.18125176186091266,
      "frac_pred_box_too_big": 0.16,
      "mean_existence_prob": 0.4643693926930428,
      "frac_high_existence": 0.0,
      "prototype_norm_mean": 2.0748128759860993,
      "prototype_norm_std": 0.1544708122223125
    },
    "per_source": {
      "hots": {
        "n": 36,
        "n_pos": 21,
        "n_neg": 15,
        "iou_mean": 0.44338772410438176,
        "iou_median": 0.7211733460426331,
        "iou_p25": 0.0,
        "iou_p75": 0.7800198197364807,
        "contain_mean": 0.5619910614831107,
        "contain_at_iou_50": 0.5714285714285714,
        "contain_at_iou_75": 0.2857142857142857,
        "ap_per_iou": {
          "0.50": 0.3046958981612449,
          "0.55": 0.3046958981612449,
          "0.60": 0.3046958981612449,
          "0.65": 0.3046958981612449,
          "0.70": 0.2471004243281468,
          "0.75": 0.1287411598302688,
          "0.80": 0.09009900990099011,
          "0.85": 0.01633663366336634,
          "0.90": 0.0,
          "0.95": 0.0
        },
        "map_50": 0.3046958981612449,
        "map_75": 0.1287411598302688,
        "map_5095": 0.17010608203677519,
        "map_50_existence_only": 0.29575485744063146,
        "map_5095_existence_only": 0.1650870892703851,
        "map_50_score_only": 0.36417751086849554,
        "map_5095_score_only": 0.20624360006850878,
        "precision_50": 0.4,
        "recall_50": 0.2857142857142857,
        "f1_50": 0.3333333333333333,
        "existence_acc": 0.5555555555555556,
        "existence_acc_pos": 0.47619047619047616,
        "existence_acc_neg": 0.6666666666666666,
        "existence_auroc": 0.6666666666666666,
        "existence_pr_auc": 0.688625250244652,
        "existence_brier": 0.24149386809930096,
        "existence_f1": 0.3333333333333333,
        "false_positive_rate": 0.3333333333333333,
        "false_negative_rate": 0.5238095238095238,
        "mean_score_pos": 0.49688870850063505,
        "mean_score_neg": 0.4698494811852773,
        "mean_pred_box_area": 0.06533767921953565,
        "frac_pred_box_too_big": 0.027777777777777776,
        "mean_existence_prob": 0.4856223637859027,
        "frac_high_existence": 0.0,
        "prototype_norm_mean": 1.9575378629896376,
        "prototype_norm_std": 0.1709367620364082
      },
      "insdet": {
        "n": 64,
        "n_pos": 33,
        "n_neg": 31,
        "iou_mean": 0.00309060089586472,
        "iou_median": 0.0,
        "iou_p25": 0.0,
        "iou_p75": 0.0032885121181607246,
        "contain_mean": 0.335626046314384,
        "contain_at_iou_50": 0.0,
        "contain_at_iou_75": 0.0,
        "ap_per_iou": {
          "0.50": 0.0,
          "0.55": 0.0,
          "0.60": 0.0,
          "0.65": 0.0,
          "0.70": 0.0,
          "0.75": 0.0,
          "0.80": 0.0,
          "0.85": 0.0,
          "0.90": 0.0,
          "0.95": 0.0
        },
        "map_50": 0.0,
        "map_75": 0.0,
        "map_5095": 0.0,
        "map_50_existence_only": 0.0,
        "map_5095_existence_only": 0.0,
        "map_50_score_only": 0.0,
        "map_5095_score_only": 0.0,
        "precision_50": 0.0,
        "recall_50": 0.0,
        "f1_50": 0.0,
        "existence_acc": 0.453125,
        "existence_acc_pos": 0.030303030303030304,
        "existence_acc_neg": 0.9032258064516129,
        "existence_auroc": 0.4887585532746823,
        "existence_pr_auc": 0.49417938555802865,
        "existence_brier": 0.25700547630094855,
        "existence_f1": 0.0,
        "false_positive_rate": 0.0967741935483871,
        "false_negative_rate": 0.9696969696969697,
        "mean_score_pos": 0.44989931854334747,
        "mean_score_neg": 0.45509215035746176,
        "mean_pred_box_area": 0.24645343334668723,
        "frac_pred_box_too_big": 0.234375,
        "mean_existence_prob": 0.45241459645330906,
        "frac_high_existence": 0.0,
        "prototype_norm_mean": 2.140780070796609,
        "prototype_norm_std": 0.09478073330914381
      }
    },
    "tile_cfg": {
      "mode": "off",
      "levels": [
        1,
        2
      ],
      "overlap": 0.3,
      "for_sources": [
        "insdet"
      ],
      "nms_iou": 0.5,
      "top_k": 100,
      "score_combo": "existence_x_score",
      "edge_score_penalty": 0.5,
      "edge_px": 4,
      "merge_partial_boxes": true,
      "merge_min_score": 0.2
    }
  }
}