{
  "stage": "1_1",
  "epoch": 3,
  "fold": 3,
  "wall_clock_seconds": 280.23,
  "lr": {
    "aggregator": 0.0001133403078772995,
    "existence_head": 0.0004531291892854792
  },
  "train": {
    "loss": 0.3100120118260384,
    "focal": 0.07233698047697544,
    "l1": 0.0,
    "giou": 0.0,
    "box_loss": 0.0,
    "box_area_penalty": 0.009353950703516602,
    "existence_kl": 0.0,
    "margin": 0.4698513984680176,
    "nt_xent": 0.018139379024505617,
    "grad_norm": 0.08759968817234039,
    "n_steps": 50,
    "aggregator_alpha": -0.01806977577507496
  },
  "val": {
    "overall": {
      "n": 100,
      "n_pos": 53,
      "n_neg": 47,
      "iou_mean": 0.2854748597206056,
      "iou_median": 0.0,
      "iou_p25": 0.0,
      "iou_p75": 0.7550176978111267,
      "contain_mean": 0.44388702764826,
      "contain_at_iou_50": 0.3584905660377358,
      "contain_at_iou_75": 0.2830188679245283,
      "ap_per_iou": {
        "0.50": 0.19145849628372208,
        "0.55": 0.19145849628372208,
        "0.60": 0.19145849628372208,
        "0.65": 0.18542574395453557,
        "0.70": 0.18542574395453557,
        "0.75": 0.10550303674241085,
        "0.80": 0.04322781974832895,
        "0.85": 0.0076984829460077,
        "0.90": 0.0,
        "0.95": 0.0
      },
      "map_50": 0.19145849628372208,
      "map_75": 0.10550303674241085,
      "map_5095": 0.11016563161969847,
      "map_50_existence_only": 0.1894960500812509,
      "map_5095_existence_only": 0.10902026733510535,
      "map_50_score_only": 0.19799041970665465,
      "map_5095_score_only": 0.11682104249007985,
      "precision_50": 0.3333333333333333,
      "recall_50": 0.018867924528301886,
      "f1_50": 0.03571428571428571,
      "existence_acc": 0.5,
      "existence_acc_pos": 0.05660377358490566,
      "existence_acc_neg": 1.0,
      "existence_auroc": 0.6250501806503412,
      "existence_pr_auc": 0.6824066277257633,
      "existence_brier": 0.25187734880982227,
      "existence_f1": 0.03571428571428571,
      "false_positive_rate": 0.0,
      "false_negative_rate": 0.9433962264150944,
      "mean_score_pos": 0.4422752924685208,
      "mean_score_neg": 0.4282273770646846,
      "proto_score_pos": 0.9471445994557075,
      "proto_score_neg": 0.904350645047553,
      "proto_score_gap": 0.04279395440815448,
      "mean_pred_box_area": 0.11484774271142668,
      "frac_pred_box_too_big": 0.09,
      "mean_existence_prob": 0.4356727722287178,
      "frac_high_existence": 0.0,
      "prototype_norm_mean": 2.067447851896286,
      "prototype_norm_std": 0.1938920709699757
    },
    "per_source": {
      "hots": {
        "n": 35,
        "n_pos": 20,
        "n_neg": 15,
        "iou_mean": 0.6783099144697189,
        "iou_median": 0.7805805206298828,
        "iou_p25": 0.7296886295080185,
        "iou_p75": 0.8371956944465637,
        "contain_mean": 0.8134489566087723,
        "contain_at_iou_50": 0.85,
        "contain_at_iou_75": 0.7,
        "ap_per_iou": {
          "0.50": 0.5537446925041571,
          "0.55": 0.5537446925041571,
          "0.60": 0.5537446925041571,
          "0.65": 0.5537446925041571,
          "0.70": 0.5537446925041571,
          "0.75": 0.33015843601166844,
          "0.80": 0.11897494097235807,
          "0.85": 0.02321268916189278,
          "0.90": 0.0,
          "0.95": 0.0
        },
        "map_50": 0.5537446925041571,
        "map_75": 0.33015843601166844,
        "map_5095": 0.3241069528666705,
        "map_50_existence_only": 0.5470491156732202,
        "map_5095_existence_only": 0.32010888481577165,
        "map_50_score_only": 0.5929286439031567,
        "map_5095_score_only": 0.35476699629697395,
        "precision_50": 0.3333333333333333,
        "recall_50": 0.05,
        "f1_50": 0.08695652173913045,
        "existence_acc": 0.5142857142857142,
        "existence_acc_pos": 0.15,
        "existence_acc_neg": 1.0,
        "existence_auroc": 0.7333333333333333,
        "existence_pr_auc": 0.8211360006271374,
        "existence_brier": 0.24487584666145068,
        "existence_f1": 0.08695652173913045,
        "false_positive_rate": 0.0,
        "false_negative_rate": 0.85,
        "mean_score_pos": 0.4674146071076393,
        "mean_score_neg": 0.43578554391860963,
        "proto_score_pos": 0.9604692757129669,
        "proto_score_neg": 0.8140973816315333,
        "proto_score_gap": 0.14637189408143358,
        "mean_pred_box_area": 0.0797052298339882,
        "frac_pred_box_too_big": 0.05714285714285714,
        "mean_existence_prob": 0.4538592943123409,
        "frac_high_existence": 0.0,
        "prototype_norm_mean": 1.837617836679731,
        "prototype_norm_std": 0.096888268645006
      },
      "insdet": {
        "n": 65,
        "n_pos": 33,
        "n_neg": 32,
        "iou_mean": 0.04739300835750659,
        "iou_median": 0.0,
        "iou_p25": 0.0,
        "iou_p75": 0.0008428540313616395,
        "contain_mean": 0.2199101010055253,
        "contain_at_iou_50": 0.06060606060606061,
        "contain_at_iou_75": 0.030303030303030304,
        "ap_per_iou": {
          "0.50": 0.015001500150015,
          "0.55": 0.015001500150015,
          "0.60": 0.015001500150015,
          "0.65": 0.0132013201320132,
          "0.70": 0.0132013201320132,
          "0.75": 0.0132013201320132,
          "0.80": 0.0132013201320132,
          "0.85": 0.0,
          "0.90": 0.0,
          "0.95": 0.0
        },
        "map_50": 0.015001500150015,
        "map_75": 0.0132013201320132,
        "map_5095": 0.00978097809780978,
        "map_50_existence_only": 0.007706189338145638,
        "map_5095_existence_only": 0.004574940252645954,
        "map_50_score_only": 0.011464304325169357,
        "map_5095_score_only": 0.007399687337154767,
        "precision_50": 0.0,
        "recall_50": 0.0,
        "f1_50": 0.0,
        "existence_acc": 0.49230769230769234,
        "existence_acc_pos": 0.0,
        "existence_acc_neg": 1.0,
        "existence_auroc": 0.5615530303030303,
        "existence_pr_auc": 0.5627340107173987,
        "existence_brier": 0.2556473884281762,
        "existence_f1": 0.0,
        "false_positive_rate": 0.0,
        "false_negative_rate": 1.0,
        "mean_score_pos": 0.4270393442023884,
        "mean_score_neg": 0.42468448635190725,
        "proto_score_pos": 0.9390690380876715,
        "proto_score_neg": 0.9466568622738123,
        "proto_score_gap": -0.00758782418614079,
        "mean_pred_box_area": 0.13377063426081665,
        "frac_pred_box_too_big": 0.1076923076923077,
        "mean_existence_prob": 0.4258800295683054,
        "frac_high_existence": 0.0,
        "prototype_norm_mean": 2.191202475474431,
        "prototype_norm_std": 0.09340747735679591
      }
    },
    "tile_cfg": {
      "mode": "off",
      "levels": [
        1,
        2
      ],
      "overlap": 0.3,
      "for_sources": [
        "insdet"
      ],
      "nms_iou": 0.5,
      "top_k": 100,
      "score_combo": "existence_x_score",
      "edge_score_penalty": 0.5,
      "edge_px": 4,
      "merge_partial_boxes": true,
      "merge_min_score": 0.2
    }
  }
}