{
  "stage": "1_1",
  "epoch": 3,
  "fold": 4,
  "wall_clock_seconds": 281.82,
  "lr": {
    "aggregator": 8.0763471172146e-05,
    "existence_head": 0.0003228022924528399
  },
  "train": {
    "loss": 0.32596476763486865,
    "focal": 0.07321559831500053,
    "l1": 0.0,
    "giou": 0.0,
    "box_loss": 0.0,
    "box_area_penalty": 0.008651508358307183,
    "existence_kl": 0.0,
    "margin": 0.5032420349121094,
    "nt_xent": 0.002630022196099162,
    "grad_norm": 0.12094662755727768,
    "n_steps": 50,
    "aggregator_alpha": -0.019022727385163307
  },
  "val": {
    "overall": {
      "n": 100,
      "n_pos": 51,
      "n_neg": 49,
      "iou_mean": 0.22819707184238475,
      "iou_median": 0.00126360182184726,
      "iou_p25": 0.0,
      "iou_p75": 0.7237190306186676,
      "contain_mean": 0.5421328330229894,
      "contain_at_iou_50": 0.29411764705882354,
      "contain_at_iou_75": 0.19607843137254902,
      "ap_per_iou": {
        "0.50": 0.23041392697770102,
        "0.55": 0.23041392697770102,
        "0.60": 0.23041392697770102,
        "0.65": 0.23041392697770102,
        "0.70": 0.23041392697770102,
        "0.75": 0.08496046760461437,
        "0.80": 0.005091937765205092,
        "0.85": 0.0,
        "0.90": 0.0,
        "0.95": 0.0
      },
      "map_50": 0.23041392697770102,
      "map_75": 0.08496046760461437,
      "map_5095": 0.12421220402583247,
      "map_50_existence_only": 0.23067925161216385,
      "map_5095_existence_only": 0.1238476400690467,
      "map_50_score_only": 0.19258295252279914,
      "map_5095_score_only": 0.10492012193139644,
      "precision_50": 0.8571428571428571,
      "recall_50": 0.11764705882352941,
      "f1_50": 0.2068965517241379,
      "existence_acc": 0.54,
      "existence_acc_pos": 0.11764705882352941,
      "existence_acc_neg": 0.9795918367346939,
      "existence_auroc": 0.7390956382553021,
      "existence_pr_auc": 0.7473727465131682,
      "existence_brier": 0.24142257236190065,
      "existence_f1": 0.2068965517241379,
      "false_positive_rate": 0.02040816326530612,
      "false_negative_rate": 0.8823529411764706,
      "mean_score_pos": 0.45662847979396,
      "mean_score_neg": 0.42819218672051723,
      "proto_score_pos": 0.9723809466642492,
      "proto_score_neg": 0.9337323782395344,
      "proto_score_gap": 0.03864856842471487,
      "mean_pred_box_area": 0.2269694174954202,
      "frac_pred_box_too_big": 0.24,
      "mean_existence_prob": 0.442694696187973,
      "frac_high_existence": 0.0,
      "prototype_norm_mean": 2.0124312019348145,
      "prototype_norm_std": 0.16327623045878314
    },
    "per_source": {
      "hots": {
        "n": 35,
        "n_pos": 23,
        "n_neg": 12,
        "iou_mean": 0.501414216083029,
        "iou_median": 0.7376527786254883,
        "iou_p25": 0.0,
        "iou_p75": 0.7736712694168091,
        "contain_mean": 0.6428484864856886,
        "contain_at_iou_50": 0.6521739130434783,
        "contain_at_iou_75": 0.43478260869565216,
        "ap_per_iou": {
          "0.50": 0.5472772277227722,
          "0.55": 0.5472772277227722,
          "0.60": 0.5472772277227722,
          "0.65": 0.5472772277227722,
          "0.70": 0.5472772277227722,
          "0.75": 0.21239981140971248,
          "0.80": 0.017326732673267328,
          "0.85": 0.0,
          "0.90": 0.0,
          "0.95": 0.0
        },
        "map_50": 0.5472772277227722,
        "map_75": 0.21239981140971248,
        "map_5095": 0.2966112682696841,
        "map_50_existence_only": 0.5397976754197159,
        "map_5095_existence_only": 0.29083613143923087,
        "map_50_score_only": 0.5429317931793181,
        "map_5095_score_only": 0.29752837125817855,
        "precision_50": 0.8571428571428571,
        "recall_50": 0.2608695652173913,
        "f1_50": 0.4,
        "existence_acc": 0.4857142857142857,
        "existence_acc_pos": 0.2608695652173913,
        "existence_acc_neg": 0.9166666666666666,
        "existence_auroc": 0.7282608695652174,
        "existence_pr_auc": 0.8400454286764478,
        "existence_brier": 0.24586167300116232,
        "existence_f1": 0.4,
        "false_positive_rate": 0.08333333333333333,
        "false_negative_rate": 0.7391304347826086,
        "mean_score_pos": 0.48171984112781024,
        "mean_score_neg": 0.44569625705480576,
        "proto_score_pos": 0.9803954570189767,
        "proto_score_neg": 0.905051052570343,
        "proto_score_gap": 0.07534440444863366,
        "mean_pred_box_area": 0.05675432451867631,
        "frac_pred_box_too_big": 0.02857142857142857,
        "mean_existence_prob": 0.4693688980170659,
        "frac_high_existence": 0.0,
        "prototype_norm_mean": 1.8495472158704485,
        "prototype_norm_std": 0.08851556497739908
      },
      "insdet": {
        "n": 65,
        "n_pos": 28,
        "n_neg": 37,
        "iou_mean": 0.0037687033589983393,
        "iou_median": 0.0002883789893530775,
        "iou_p25": 0.0,
        "iou_p75": 0.0025694206706248224,
        "contain_mean": 0.4594021176786295,
        "contain_at_iou_50": 0.0,
        "contain_at_iou_75": 0.0,
        "ap_per_iou": {
          "0.50": 0.0,
          "0.55": 0.0,
          "0.60": 0.0,
          "0.65": 0.0,
          "0.70": 0.0,
          "0.75": 0.0,
          "0.80": 0.0,
          "0.85": 0.0,
          "0.90": 0.0,
          "0.95": 0.0
        },
        "map_50": 0.0,
        "map_75": 0.0,
        "map_5095": 0.0,
        "map_50_existence_only": 0.0,
        "map_5095_existence_only": 0.0,
        "map_50_score_only": 0.0,
        "map_5095_score_only": 0.0,
        "precision_50": 0.0,
        "recall_50": 0.0,
        "f1_50": 0.0,
        "existence_acc": 0.5692307692307692,
        "existence_acc_pos": 0.0,
        "existence_acc_neg": 1.0,
        "existence_auroc": 0.6621621621621622,
        "existence_pr_auc": 0.6274463430610857,
        "existence_brier": 0.23903228740229823,
        "existence_f1": 0.0,
        "false_positive_rate": 0.0,
        "false_negative_rate": 1.0,
        "mean_score_pos": 0.43601771869829725,
        "mean_score_neg": 0.42251519093642365,
        "proto_score_pos": 0.965797598872866,
        "proto_score_neg": 0.9430344298079207,
        "proto_score_gap": 0.022763169064945243,
        "mean_pred_box_area": 0.3186236983290515,
        "frac_pred_box_too_big": 0.35384615384615387,
        "mean_existence_prob": 0.4283316644338461,
        "frac_high_existence": 0.0,
        "prototype_norm_mean": 2.1001379636617807,
        "prototype_norm_std": 0.12146634964121979
      }
    },
    "tile_cfg": {
      "mode": "off",
      "levels": [
        1,
        2
      ],
      "overlap": 0.3,
      "for_sources": [
        "insdet"
      ],
      "nms_iou": 0.5,
      "top_k": 100,
      "score_combo": "existence_x_score",
      "edge_score_penalty": 0.5,
      "edge_px": 4,
      "merge_partial_boxes": true,
      "merge_min_score": 0.2
    }
  }
}