{
  "stage": "L1",
  "epoch": 1,
  "fold": 0,
  "wall_clock_seconds": 475.92,
  "lr": {
    "fusion": 9.894875366057624e-05
  },
  "train": {
    "loss": 7.19465576171875,
    "patch_ce": 7.19465576171875,
    "l1": 0.0,
    "giou": 0.0,
    "grad_norm": NaN,
    "n_steps": 400,
    "alpha": 0.013901446014642715
  },
  "val": {
    "overall": {
      "n": 100,
      "n_pos": 100,
      "iou_mean": 0.12197148682826082,
      "iou_median": 0.0005486903828568757,
      "iou_p25": 0.0,
      "iou_p75": 0.024338664021342993,
      "iou_std": 0.27080308545889753,
      "frac_iou_25": 0.15,
      "frac_iou_50": 0.13,
      "frac_iou_75": 0.1,
      "frac_iou_90": 0.0,
      "containment_mean": 0.546302751377225,
      "containment_median": 0.8844134509563446,
      "containment_p25": 0.0,
      "containment_p75": 0.9991592764854431,
      "containment_std": 0.48324333462553637,
      "frac_containment_50": 0.55,
      "frac_containment_75": 0.54,
      "frac_containment_90": 0.49,
      "frac_containment_full": 0.43,
      "contain_at_iou_50": 0.13,
      "contain_at_iou_75": 0.1,
      "high_contain_high_iou": 0.09,
      "ap_per_iou": {
        "0.50": 0.028433056071564614,
        "0.55": 0.028433056071564614,
        "0.60": 0.028433056071564614,
        "0.65": 0.028433056071564614,
        "0.70": 0.02618783154911236,
        "0.75": 0.01838732973133647,
        "0.80": 0.010835297932411898,
        "0.85": 0.002545254525452545,
        "0.90": 0.0,
        "0.95": 0.0
      },
      "map_50": 0.028433056071564614,
      "map_75": 0.01838732973133647,
      "map_5095": 0.017168793802457172,
      "map_50_containment": 0.3619985357591741,
      "map_90_containment": 0.2836964744309974,
      "mean_pred_box_area": 0.2897059295681356,
      "std_pred_box_area": 0.3287401882430113,
      "frac_pred_box_too_big": 0.35,
      "frac_pred_box_too_small": 0.26,
      "mean_gt_box_area": 0.004650139468163252,
      "pred_to_gt_area_ratio_mean": 520.5750923095379,
      "pred_to_gt_area_ratio_median": 19.657837891930335,
      "log_area_ratio_mean": 3.3679134123464833,
      "log_area_ratio_std": 2.739620076898481,
      "center_distance_mean": 0.23746367596890394,
      "center_distance_median": 0.20332490218193186,
      "score_mean": 0.96399329662323,
      "score_std": 0.038821939927682236,
      "score_p25": 0.9444552212953568,
      "score_p75": 0.9966732412576675,
      "score_iou_correlation": 0.14329358955586033
    },
    "per_source": {
      "hots": {
        "n": 39,
        "n_pos": 39,
        "iou_mean": 0.26342688684160703,
        "iou_median": 0.02809002809226513,
        "iou_p25": 0.0,
        "iou_p75": 0.7532103359699249,
        "iou_std": 0.3626554817895345,
        "frac_iou_25": 0.3333333333333333,
        "frac_iou_50": 0.28205128205128205,
        "frac_iou_75": 0.2564102564102564,
        "frac_iou_90": 0.0,
        "containment_mean": 0.6309680548998026,
        "containment_median": 0.9493167996406555,
        "containment_p25": 0.0,
        "containment_p75": 0.9998237490653992,
        "containment_std": 0.4619159497295219,
        "frac_containment_50": 0.6410256410256411,
        "frac_containment_75": 0.6153846153846154,
        "frac_containment_90": 0.5384615384615384,
        "frac_containment_full": 0.4358974358974359,
        "contain_at_iou_50": 0.28205128205128205,
        "contain_at_iou_75": 0.2564102564102564,
        "high_contain_high_iou": 0.20512820512820512,
        "ap_per_iou": {
          "0.50": 0.08098502157908097,
          "0.55": 0.08098502157908097,
          "0.60": 0.08098502157908097,
          "0.65": 0.08098502157908097,
          "0.70": 0.08098502157908097,
          "0.75": 0.066006600660066,
          "0.80": 0.04265041888804266,
          "0.85": 0.01117034780401117,
          "0.90": 0.0,
          "0.95": 0.0
        },
        "map_50": 0.08098502157908097,
        "map_75": 0.066006600660066,
        "map_5095": 0.052475247524752466,
        "map_50_containment": 0.4365155493868364,
        "map_90_containment": 0.31454072048131426,
        "mean_pred_box_area": 0.2220569701743285,
        "std_pred_box_area": 0.28522107228828436,
        "frac_pred_box_too_big": 0.20512820512820512,
        "frac_pred_box_too_small": 0.2564102564102564,
        "mean_gt_box_area": 0.010011894089671281,
        "pred_to_gt_area_ratio_mean": 44.54190718800349,
        "pred_to_gt_area_ratio_median": 6.409828505777262,
        "log_area_ratio_mean": 2.066161428948367,
        "log_area_ratio_std": 1.9566345878267026,
        "center_distance_mean": 0.22059907234600382,
        "center_distance_median": 0.19282287951299804,
        "score_mean": 0.9893554051717123,
        "score_std": 0.02630085153942465,
        "score_p25": 0.9925270080566406,
        "score_p75": 0.9991022050380707,
        "score_iou_correlation": -0.3245845685082963
      },
      "insdet": {
        "n": 61,
        "n_pos": 61,
        "iou_mean": 0.03153278845907227,
        "iou_median": 0.00018355147039983422,
        "iou_p25": 0.0,
        "iou_p75": 0.0022686675656586885,
        "iou_std": 0.1280019941853687,
        "frac_iou_25": 0.03278688524590164,
        "frac_iou_50": 0.03278688524590164,
        "frac_iou_75": 0.0,
        "frac_iou_90": 0.0,
        "containment_mean": 0.4921724753545933,
        "containment_median": 0.1936555802822113,
        "containment_p25": 0.0,
        "containment_p75": 0.9976047277450562,
        "containment_std": 0.49248809131570387,
        "frac_containment_50": 0.4918032786885246,
        "frac_containment_75": 0.4918032786885246,
        "frac_containment_90": 0.45901639344262296,
        "frac_containment_full": 0.4262295081967213,
        "contain_at_iou_50": 0.03278688524590164,
        "contain_at_iou_75": 0.0,
        "high_contain_high_iou": 0.01639344262295082,
        "ap_per_iou": {
          "0.50": 0.0039603960396039604,
          "0.55": 0.0039603960396039604,
          "0.60": 0.0039603960396039604,
          "0.65": 0.0039603960396039604,
          "0.70": 0.00165016501650165,
          "0.75": 0.0,
          "0.80": 0.0,
          "0.85": 0.0,
          "0.90": 0.0,
          "0.95": 0.0
        },
        "map_50": 0.0039603960396039604,
        "map_75": 0.0,
        "map_5095": 0.001749174917491749,
        "map_50_containment": 0.3200270512332319,
        "map_90_containment": 0.26493237439193834,
        "mean_pred_box_area": 0.3329569036067992,
        "std_pred_box_area": 0.3491659682647111,
        "frac_pred_box_too_big": 0.4426229508196721,
        "frac_pred_box_too_small": 0.26229508196721313,
        "mean_gt_box_area": 0.001222132415067954,
        "pred_to_gt_area_ratio_mean": 824.9241778790434,
        "pred_to_gt_area_ratio_median": 73.74749564289424,
        "log_area_ratio_mean": 4.200181073863312,
        "log_area_ratio_std": 2.8554794457568273,
        "center_distance_mean": 0.24824596353108597,
        "center_distance_median": 0.20894586667481174,
        "score_mean": 0.9477781780430528,
        "score_std": 0.03692250377815116,
        "score_p25": 0.936181366443634,
        "score_p75": 0.971906304359436,
        "score_iou_correlation": 0.13193774074915826
      }
    },
    "per_k": {
      "k1": {
        "n": 34,
        "n_pos": 34,
        "iou_mean": 0.1356569040529875,
        "iou_median": 0.0004955679905833676,
        "iou_p25": 0.0,
        "iou_p75": 0.019025243120267987,
        "iou_std": 0.30246851908059413,
        "frac_iou_25": 0.14705882352941177,
        "frac_iou_50": 0.14705882352941177,
        "frac_iou_75": 0.14705882352941177,
        "frac_iou_90": 0.0,
        "containment_mean": 0.5280553367646301,
        "containment_median": 0.7869735658168793,
        "containment_p25": 0.0,
        "containment_p75": 0.997429296374321,
        "containment_std": 0.48212994040668317,
        "frac_containment_50": 0.5294117647058824,
        "frac_containment_75": 0.5,
        "frac_containment_90": 0.47058823529411764,