{
  "stage": "L1",
  "phase": "insdet",
  "epoch": 1,
  "fold": 1,
  "wall_clock_seconds": 472.44,
  "lr": {
    "fusion": 0.0001926530820181196
  },
  "train": {
    "loss": 4.782836198210716,
    "patch_ce": 4.782836198210716,
    "l1": 0.0,
    "giou": 0.0,
    "log_area": 0.0,
    "grad_norm": 4.393175349235535,
    "n_steps": 400,
    "grad_steps": 50,
    "grad_nan_steps": 0,
    "alpha": 0.9882977604866028,
    "bg_bias": -0.008543931879103184
  },
  "val": {
    "overall": {
      "n": 100,
      "n_pos": 100,
      "n_neg": 0,
      "iou_mean": 0.16896469157654792,
      "iou_median": 0.0,
      "iou_p25": 0.0,
      "iou_p75": 0.3044634871184826,
      "iou_std": 0.2896629284723259,
      "frac_iou_25": 0.25,
      "frac_iou_50": 0.23,
      "frac_iou_75": 0.04,
      "frac_iou_90": 0.0,
      "containment_mean": 0.21590051855891942,
      "containment_median": 0.0,
      "containment_p25": 0.0,
      "containment_p75": 0.4240342751145363,
      "containment_std": 0.365388148123662,
      "frac_containment_50": 0.25,
      "frac_containment_75": 0.19,
      "frac_containment_90": 0.08,
      "frac_containment_full": 0.01,
      "contain_at_iou_50": 0.23,
      "contain_at_iou_75": 0.04,
      "high_contain_high_iou": 0.08,
      "ap_per_iou": {
        "0.50": 0.08457391340393561,
        "0.55": 0.07958791250486988,
        "0.60": 0.05410799948328523,
        "0.65": 0.0344227793281577,
        "0.70": 0.009084158415841584,
        "0.75": 0.005447281570262289,
        "0.80": 0.003513403971976145,
        "0.85": 0.0,
        "0.90": 0.0,
        "0.95": 0.0
      },
      "map_50": 0.08457391340393561,
      "map_75": 0.005447281570262289,
      "map_5095": 0.027073744867832844,
      "map_50_containment": 0.12114761717549045,
      "map_90_containment": 0.009930770854863264,
      "mean_pred_box_area": 0.0012380431951397775,
      "std_pred_box_area": 0.0010543563579911148,
      "frac_pred_box_too_big": 0.0,
      "frac_pred_box_too_small": 0.99,
      "mean_gt_box_area": 0.0013357004523277282,
      "pred_to_gt_area_ratio_mean": 1.2931790413612014,
      "pred_to_gt_area_ratio_median": 1.0427360771257939,
      "log_area_ratio_mean": -0.060635172662879405,
      "log_area_ratio_std": 0.8258280122944748,
      "center_distance_mean": 0.1414414643680721,
      "center_distance_median": 0.10004015395466354,
      "score_mean": 0.08068560352548956,
      "score_std": 0.0536609996481057,
      "score_p25": 0.04613951873034239,
      "score_p75": 0.0960469413548708,
      "score_iou_correlation": 0.25060612763451834,
      "bg_prob_pos_mean": 0.0006026058765564812,
      "bg_prob_pos_median": 0.0004814384155906737,
      "abstain_rate_pos": 0.0
    },
    "per_source": {
      "insdet": {
        "n": 100,
        "n_pos": 100,
        "n_neg": 0,
        "iou_mean": 0.16896469157654792,
        "iou_median": 0.0,
        "iou_p25": 0.0,
        "iou_p75": 0.3044634871184826,
        "iou_std": 0.2896629284723259,
        "frac_iou_25": 0.25,
        "frac_iou_50": 0.23,
        "frac_iou_75": 0.04,
        "frac_iou_90": 0.0,
        "containment_mean": 0.21590051855891942,
        "containment_median": 0.0,
        "containment_p25": 0.0,
        "containment_p75": 0.4240342751145363,
        "containment_std": 0.365388148123662,
        "frac_containment_50": 0.25,
        "frac_containment_75": 0.19,
        "frac_containment_90": 0.08,
        "frac_containment_full": 0.01,
        "contain_at_iou_50": 0.23,
        "contain_at_iou_75": 0.04,
        "high_contain_high_iou": 0.08,
        "ap_per_iou": {
          "0.50": 0.08457391340393561,
          "0.55": 0.07958791250486988,
          "0.60": 0.05410799948328523,
          "0.65": 0.0344227793281577,
          "0.70": 0.009084158415841584,
          "0.75": 0.005447281570262289,
          "0.80": 0.003513403971976145,
          "0.85": 0.0,
          "0.90": 0.0,
          "0.95": 0.0
        },
        "map_50": 0.08457391340393561,
        "map_75": 0.005447281570262289,
        "map_5095": 0.027073744867832844,
        "map_50_containment": 0.12114761717549045,
        "map_90_containment": 0.009930770854863264,
        "mean_pred_box_area": 0.0012380431951397775,
        "std_pred_box_area": 0.0010543563579911148,
        "frac_pred_box_too_big": 0.0,
        "frac_pred_box_too_small": 0.99,
        "mean_gt_box_area": 0.0013357004523277282,
        "pred_to_gt_area_ratio_mean": 1.2931790413612014,
        "pred_to_gt_area_ratio_median": 1.0427360771257939,
        "log_area_ratio_mean": -0.060635172662879405,
        "log_area_ratio_std": 0.8258280122944748,
        "center_distance_mean": 0.1414414643680721,
        "center_distance_median": 0.10004015395466354,
        "score_mean": 0.08068560352548956,
        "score_std": 0.0536609996481057,
        "score_p25": 0.04613951873034239,
        "score_p75": 0.0960469413548708,
        "score_iou_correlation": 0.25060612763451834,
        "bg_prob_pos_mean": 0.0006026058765564812,
        "bg_prob_pos_median": 0.0004814384155906737,
        "abstain_rate_pos": 0.0
      }
    },
    "per_k": {
      "k1": {
        "n": 34,
        "n_pos": 34,
        "n_neg": 0,
        "iou_mean": 0.1543084874146563,
        "iou_median": 0.0,
        "iou_p25": 0.0,
        "iou_p75": 0.007785481167957187,
        "iou_std": 0.2946560056961729,
        "frac_iou_25": 0.20588235294117646,
        "frac_iou_50": 0.20588235294117646,
        "frac_iou_75": 0.058823529411764705,
        "frac_iou_90": 0.0,
        "containment_mean": 0.19913501884130871,
        "containment_median": 0.0,
        "containment_p25": 0.0,
        "containment_p75": 0.015312066301703453,
        "containment_std": 0.37499684637271113,
        "frac_containment_50": 0.20588235294117646,
        "frac_containment_75": 0.20588235294117646,
        "frac_containment_90": 0.14705882352941177,
        "frac_containment_full": 0.0,
        "contain_at_iou_50": 0.20588235294117646,
        "contain_at_iou_75": 0.058823529411764705,
        "high_contain_high_iou": 0.14705882352941177,
        "ap_per_iou": {
          "0.50": 0.07770631283077155,
          "0.55": 0.07770631283077155,
          "0.60": 0.06232780886784331,
          "0.65": 0.05457920792079207,
          "0.70": 0.01707920792079208,
          "0.75": 0.010510281797410512,
          "0.80": 0.010510281797410512,
          "0.85": 0.0,
          "0.90": 0.0,
          "0.95": 0.0
        },
        "map_50": 0.07770631283077155,
        "map_75": 0.010510281797410512,
        "map_5095": 0.03104194139657916,
        "map_50_containment": 0.07770631283077155,
        "map_90_containment": 0.03441290420602163,
        "mean_pred_box_area": 0.001222008183828234,
        "std_pred_box_area": 0.0010941996088476833,
        "frac_pred_box_too_big": 0.0,
        "frac_pred_box_too_small": 0.9705882352941176,
        "mean_gt_box_area": 0.0013569803798899932,
        "pred_to_gt_area_ratio_mean": 1.1981492995126644,
        "pred_to_gt_area_ratio_median": 0.8948728595242965,
        "log_area_ratio_mean": -0.1095151309298903,
        "log_area_ratio_std": 0.8113702283572496,
        "center_distance_mean": 0.11858730286110376,
        "center_distance_median": 0.10004015395466354,
        "score_mean": 0.06400446593761444,
        "score_std": 0.042157525454618996,
        "score_p25": 0.035520209930837154,
        "score_p75": 0.08105888590216637,
        "score_iou_correlation": 0.18657973457355992,
        "bg_prob_pos_mean": 0.000864747966047349,
        "bg_prob_pos_median": 0.0007145653653424233,
        "abstain_rate_pos": 0.0
      },
      "k4": {
        "n": 33,
        "n_pos": 33,
        "n_neg": 0,
        "iou_mean": 0.2689954837163289,
        "iou_median": 0.0,
        "iou_p25": 0.0,
        "iou_p75": 0.632227897644043,
        "iou_std": 0.3245830346874501,
        "frac_iou_25": 0.42424242424242425,
        "frac_iou_50": 0.36363636363636365,
        "frac_iou_75": 0.06060606060606061,