{
  "stage": "L1",
  "epoch": 1,
  "fold": 2,
  "wall_clock_seconds": 491.81,
  "lr": {
    "fusion": 7.952839430828436e-05
  },
  "train": {
    "loss": 6.266630859375,
    "patch_ce": 6.266630859375,
    "l1": 0.0,
    "giou": 0.0,
    "grad_norm": 8.072806797027589,
    "n_steps": 400,
    "alpha": 0.023065317422151566
  },
  "val": {
    "overall": {
      "n": 100,
      "n_pos": 100,
      "iou_mean": 0.06879677550590714,
      "iou_median": 0.0,
      "iou_p25": 0.0,
      "iou_p75": 0.005636284709908068,
      "iou_std": 0.2050291653788338,
      "frac_iou_25": 0.08,
      "frac_iou_50": 0.08,
      "frac_iou_75": 0.05,
      "frac_iou_90": 0.0,
      "containment_mean": 0.41041914399713275,
      "containment_median": 0.0,
      "containment_p25": 0.0,
      "containment_p75": 0.999445229768753,
      "containment_std": 0.481772769364039,
      "frac_containment_50": 0.41,
      "frac_containment_75": 0.39,
      "frac_containment_90": 0.39,
      "frac_containment_full": 0.36,
      "contain_at_iou_50": 0.08,
      "contain_at_iou_75": 0.05,
      "high_contain_high_iou": 0.08,
      "ap_per_iou": {
        "0.50": 0.047275375310810434,
        "0.55": 0.047275375310810434,
        "0.60": 0.047275375310810434,
        "0.65": 0.047275375310810434,
        "0.70": 0.047275375310810434,
        "0.75": 0.03470654757783471,
        "0.80": 0.0,
        "0.85": 0.0,
        "0.90": 0.0,
        "0.95": 0.0
      },
      "map_50": 0.047275375310810434,
      "map_75": 0.03470654757783471,
      "map_5095": 0.027108342413188692,
      "map_50_containment": 0.28460709204887247,
      "map_90_containment": 0.26280260708808084,
      "mean_pred_box_area": 0.2643078001040654,
      "std_pred_box_area": 0.3218248574193412,
      "frac_pred_box_too_big": 0.33,
      "frac_pred_box_too_small": 0.22,
      "mean_gt_box_area": 0.010584575189615131,
      "pred_to_gt_area_ratio_mean": 261.41825338757485,
      "pred_to_gt_area_ratio_median": 6.704498412451686,
      "log_area_ratio_mean": 2.781540839230754,
      "log_area_ratio_std": 2.3657750225973944,
      "center_distance_mean": 0.2652435726191145,
      "center_distance_median": 0.2610744754589119,
      "score_mean": 0.963761202096939,
      "score_std": 0.04851720393248376,
      "score_p25": 0.9513571858406067,
      "score_p75": 0.996690645813942,
      "score_iou_correlation": 0.23510350771426328
    },
    "per_source": {
      "hots": {
        "n": 36,
        "n_pos": 36,
        "iou_mean": 0.18687597820664653,
        "iou_median": 0.005650971317663789,
        "iou_p25": 0.0,
        "iou_p75": 0.23861191049218178,
        "iou_std": 0.31053890224692443,
        "frac_iou_25": 0.2222222222222222,
        "frac_iou_50": 0.2222222222222222,
        "frac_iou_75": 0.1388888888888889,
        "frac_iou_90": 0.0,
        "containment_mean": 0.49711663876142764,
        "containment_median": 0.475703701376915,
        "containment_p25": 0.0,
        "containment_p75": 0.9999454915523529,
        "containment_std": 0.49091404430362384,
        "frac_containment_50": 0.5,
        "frac_containment_75": 0.4722222222222222,
        "frac_containment_90": 0.4722222222222222,
        "frac_containment_full": 0.4166666666666667,
        "contain_at_iou_50": 0.2222222222222222,
        "contain_at_iou_75": 0.1388888888888889,
        "high_contain_high_iou": 0.2222222222222222,
        "ap_per_iou": {
          "0.50": 0.12014851485148514,
          "0.55": 0.12014851485148514,
          "0.60": 0.12014851485148514,
          "0.65": 0.12014851485148514,
          "0.70": 0.12014851485148514,
          "0.75": 0.07616146230007617,
          "0.80": 0.0,
          "0.85": 0.0,
          "0.90": 0.0,
          "0.95": 0.0
        },
        "map_50": 0.12014851485148514,
        "map_75": 0.07616146230007617,
        "map_5095": 0.06769040365575019,
        "map_50_containment": 0.34843484348434844,
        "map_90_containment": 0.3322332233223322,
        "mean_pred_box_area": 0.23149556498838708,
        "std_pred_box_area": 0.2894046279635578,
        "frac_pred_box_too_big": 0.2777777777777778,
        "frac_pred_box_too_small": 0.08333333333333333,
        "mean_gt_box_area": 0.02592183429738118,
        "pred_to_gt_area_ratio_mean": 24.532931704411418,
        "pred_to_gt_area_ratio_median": 3.8154285906356495,
        "log_area_ratio_mean": 1.7661990541385837,
        "log_area_ratio_std": 1.70998270431182,
        "center_distance_mean": 0.2667240866173246,
        "center_distance_median": 0.2567510823533368,
        "score_mean": 0.985761261648602,
        "score_std": 0.04021647742365693,
        "score_p25": 0.9910366535186768,
        "score_p75": 0.9986312538385391,
        "score_iou_correlation": 0.18774318016363584
      },
      "insdet": {
        "n": 64,
        "n_pos": 64,
        "iou_mean": 0.002377223986741228,
        "iou_median": 0.0,
        "iou_p25": 0.0,
        "iou_p75": 0.0021360047394409776,
        "iou_std": 0.0058794704982764985,
        "frac_iou_25": 0.0,
        "frac_iou_50": 0.0,
        "frac_iou_75": 0.0,
        "frac_iou_90": 0.0,
        "containment_mean": 0.3616518031922169,
        "containment_median": 0.0,
        "containment_p25": 0.0,
        "containment_p75": 0.9991956651210785,
        "containment_std": 0.47343247687449425,
        "frac_containment_50": 0.359375,
        "frac_containment_75": 0.34375,
        "frac_containment_90": 0.34375,
        "frac_containment_full": 0.328125,
        "contain_at_iou_50": 0.0,
        "contain_at_iou_75": 0.0,
        "high_contain_high_iou": 0.0,
        "ap_per_iou": {
          "0.50": 0.0,
          "0.55": 0.0,
          "0.60": 0.0,
          "0.65": 0.0,
          "0.70": 0.0,
          "0.75": 0.0,
          "0.80": 0.0,
          "0.85": 0.0,
          "0.90": 0.0,
          "0.95": 0.0
        },
        "map_50": 0.0,
        "map_75": 0.0,
        "map_5095": 0.0,
        "map_50_containment": 0.2677462954335392,
        "map_90_containment": 0.23333720352760506,
        "mean_pred_box_area": 0.2827646823566345,
        "std_pred_box_area": 0.33950395973126646,
        "frac_pred_box_too_big": 0.359375,
        "frac_pred_box_too_small": 0.296875,
        "mean_gt_box_area": 0.00195736694149673,
        "pred_to_gt_area_ratio_mean": 394.6662468343543,
        "pred_to_gt_area_ratio_median": 20.30381763497197,
        "log_area_ratio_mean": 3.3526705933451,
        "log_area_ratio_std": 2.5000369336137163,
        "center_distance_mean": 0.2644107834951213,
        "center_distance_median": 0.2610744754589119,
        "score_mean": 0.9513861685991287,
        "score_std": 0.04866553558727483,
        "score_p25": 0.9354706555604935,
        "score_p75": 0.9866551756858826,
        "score_iou_correlation": 0.18538959526871843
      }
    },
    "per_k": {
      "k1": {
        "n": 34,
        "n_pos": 34,
        "iou_mean": 0.05274239067640498,
        "iou_median": 5.176656850380823e-05,
        "iou_p25": 0.0,
        "iou_p75": 0.011337395524606109,
        "iou_std": 0.18218106567040807,
        "frac_iou_25": 0.058823529411764705,
        "frac_iou_50": 0.058823529411764705,
        "frac_iou_75": 0.058823529411764705,
        "frac_iou_90": 0.0,
        "containment_mean": 0.4519916805712616,
        "containment_median": 0.05394000932574272,
        "containment_p25": 0.0,
        "containment_p75": 0.9996127486228943,
        "containment_std": 0.49541357296338673,
        "frac_containment_50": 0.4411764705882353,
        "frac_containment_75": 0.4411764705882353,
        "frac_containment_90": 0.4411764705882353,
        "frac_containment_full": 0.4117647058823529,
        "contain_at_iou_50": 0.058823529411764705,
        "contain_at_iou_75": 0.058823529411764705,
        "high_contain_high_iou": 0.058823529411764705,
        "ap_per_iou": {
          "0.50": 0.013201320132013203,
          "0.55": 0.013201320132013203,
          "0.60": 0.013201320132013203,