{
  "stage": "L1",
  "phase": "insdet",
  "epoch": 1,
  "fold": 0,
  "wall_clock_seconds": 472.46,
  "lr": {
    "fusion": 0.00019939337119792916
  },
  "train": {
    "loss": 5.223353959321976,
    "patch_ce": 5.223353959321976,
    "l1": 0.0,
    "giou": 0.0,
    "log_area": 0.0,
    "grad_norm": 6.8253127336502075,
    "n_steps": 400,
    "grad_steps": 50,
    "grad_nan_steps": 2,
    "alpha": 0.993867039680481,
    "bg_bias": -0.004310257267206907
  },
  "val": {
    "overall": {
      "n": 100,
      "n_pos": 100,
      "n_neg": 0,
      "iou_mean": 0.06396512552164495,
      "iou_median": 0.0,
      "iou_p25": 0.0,
      "iou_p75": 0.0,
      "iou_std": 0.1911022823549858,
      "frac_iou_25": 0.09,
      "frac_iou_50": 0.07,
      "frac_iou_75": 0.02,
      "frac_iou_90": 0.0,
      "containment_mean": 0.08683625442907214,
      "containment_median": 0.0,
      "containment_p25": 0.0,
      "containment_p75": 0.0,
      "containment_std": 0.2426412738319643,
      "frac_containment_50": 0.08,
      "frac_containment_75": 0.07,
      "frac_containment_90": 0.04,
      "frac_containment_full": 0.01,
      "contain_at_iou_50": 0.07,
      "contain_at_iou_75": 0.02,
      "high_contain_high_iou": 0.04,
      "ap_per_iou": {
        "0.50": 0.011405226221851484,
        "0.55": 0.01067567958297707,
        "0.60": 0.01067567958297707,
        "0.65": 0.01067567958297707,
        "0.70": 0.009585517375266939,
        "0.75": 0.0014360823673020002,
        "0.80": 0.0014360823673020002,
        "0.85": 0.0,
        "0.90": 0.0,
        "0.95": 0.0
      },
      "map_50": 0.011405226221851484,
      "map_75": 0.0014360823673020002,
      "map_5095": 0.005588994708065363,
      "map_50_containment": 0.013490860532547607,
      "map_90_containment": 0.008890413618315902,
      "mean_pred_box_area": 0.0011313445608045183,
      "std_pred_box_area": 0.0012340965138421306,
      "frac_pred_box_too_big": 0.0,
      "frac_pred_box_too_small": 0.99,
      "mean_gt_box_area": 0.0014744068682193757,
      "pred_to_gt_area_ratio_mean": 1.8050686534067049,
      "pred_to_gt_area_ratio_median": 1.0997036225117558,
      "log_area_ratio_mean": -0.04551128185850728,
      "log_area_ratio_std": 1.1997227361708398,
      "center_distance_mean": 0.19647145536734706,
      "center_distance_median": 0.12996608368039891,
      "score_mean": 0.06924956124275923,
      "score_std": 0.03803281832264517,
      "score_p25": 0.0453388299793005,
      "score_p75": 0.08285238593816757,
      "score_iou_correlation": 0.04265784159058961,
      "bg_prob_pos_mean": 0.0008521382391336374,
      "bg_prob_pos_median": 0.0007914478483144194,
      "abstain_rate_pos": 0.0
    },
    "per_source": {
      "insdet": {
        "n": 100,
        "n_pos": 100,
        "n_neg": 0,
        "iou_mean": 0.06396512552164495,
        "iou_median": 0.0,
        "iou_p25": 0.0,
        "iou_p75": 0.0,
        "iou_std": 0.1911022823549858,
        "frac_iou_25": 0.09,
        "frac_iou_50": 0.07,
        "frac_iou_75": 0.02,
        "frac_iou_90": 0.0,
        "containment_mean": 0.08683625442907214,
        "containment_median": 0.0,
        "containment_p25": 0.0,
        "containment_p75": 0.0,
        "containment_std": 0.2426412738319643,
        "frac_containment_50": 0.08,
        "frac_containment_75": 0.07,
        "frac_containment_90": 0.04,
        "frac_containment_full": 0.01,
        "contain_at_iou_50": 0.07,
        "contain_at_iou_75": 0.02,
        "high_contain_high_iou": 0.04,
        "ap_per_iou": {
          "0.50": 0.011405226221851484,
          "0.55": 0.01067567958297707,
          "0.60": 0.01067567958297707,
          "0.65": 0.01067567958297707,
          "0.70": 0.009585517375266939,
          "0.75": 0.0014360823673020002,
          "0.80": 0.0014360823673020002,
          "0.85": 0.0,
          "0.90": 0.0,
          "0.95": 0.0
        },
        "map_50": 0.011405226221851484,
        "map_75": 0.0014360823673020002,
        "map_5095": 0.005588994708065363,
        "map_50_containment": 0.013490860532547607,
        "map_90_containment": 0.008890413618315902,
        "mean_pred_box_area": 0.0011313445608045183,
        "std_pred_box_area": 0.0012340965138421306,
        "frac_pred_box_too_big": 0.0,
        "frac_pred_box_too_small": 0.99,
        "mean_gt_box_area": 0.0014744068682193757,
        "pred_to_gt_area_ratio_mean": 1.8050686534067049,
        "pred_to_gt_area_ratio_median": 1.0997036225117558,
        "log_area_ratio_mean": -0.04551128185850728,
        "log_area_ratio_std": 1.1997227361708398,
        "center_distance_mean": 0.19647145536734706,
        "center_distance_median": 0.12996608368039891,
        "score_mean": 0.06924956124275923,
        "score_std": 0.03803281832264517,
        "score_p25": 0.0453388299793005,
        "score_p75": 0.08285238593816757,
        "score_iou_correlation": 0.04265784159058961,
        "bg_prob_pos_mean": 0.0008521382391336374,
        "bg_prob_pos_median": 0.0007914478483144194,
        "abstain_rate_pos": 0.0
      }
    },
    "per_k": {
      "k1": {
        "n": 34,
        "n_pos": 34,
        "n_neg": 0,
        "iou_mean": 0.03853638587957796,
        "iou_median": 0.0,
        "iou_p25": 0.0,
        "iou_p75": 0.0,
        "iou_std": 0.12729388889911272,
        "frac_iou_25": 0.058823529411764705,
        "frac_iou_50": 0.029411764705882353,
        "frac_iou_75": 0.0,
        "frac_iou_90": 0.0,
        "containment_mean": 0.053346787688924986,
        "containment_median": 0.0,
        "containment_p25": 0.0,
        "containment_p75": 0.0,
        "containment_std": 0.15640276894968305,
        "frac_containment_50": 0.029411764705882353,
        "frac_containment_75": 0.029411764705882353,
        "frac_containment_90": 0.0,
        "frac_containment_full": 0.0,
        "contain_at_iou_50": 0.029411764705882353,
        "contain_at_iou_75": 0.0,
        "high_contain_high_iou": 0.0,
        "ap_per_iou": {
          "0.50": 0.0019801980198019802,
          "0.55": 0.0019801980198019802,
          "0.60": 0.0019801980198019802,
          "0.65": 0.0019801980198019802,
          "0.70": 0.0,
          "0.75": 0.0,
          "0.80": 0.0,
          "0.85": 0.0,
          "0.90": 0.0,
          "0.95": 0.0
        },
        "map_50": 0.0019801980198019802,
        "map_75": 0.0,
        "map_5095": 0.0007920792079207921,
        "map_50_containment": 0.0019801980198019802,
        "map_90_containment": 0.0,
        "mean_pred_box_area": 0.0009142762467082219,
        "std_pred_box_area": 0.0005382949311264945,
        "frac_pred_box_too_big": 0.0,
        "frac_pred_box_too_small": 1.0,
        "mean_gt_box_area": 0.0012387813014142653,
        "pred_to_gt_area_ratio_mean": 1.2954651396549655,
        "pred_to_gt_area_ratio_median": 1.0308874765518021,
        "log_area_ratio_mean": -0.10030521673430748,
        "log_area_ratio_std": 1.0091579454874537,
        "center_distance_mean": 0.174628657804117,
        "center_distance_median": 0.12996608368039891,
        "score_mean": 0.06179441024056252,
        "score_std": 0.024853935696242557,
        "score_p25": 0.041933536529541016,
        "score_p75": 0.0727385301142931,
        "score_iou_correlation": 0.038019097034094444,
        "bg_prob_pos_mean": 0.0008923461359432515,
        "bg_prob_pos_median": 0.0008755464805290103,
        "abstain_rate_pos": 0.0
      },
      "k4": {
        "n": 33,
        "n_pos": 33,
        "n_neg": 0,
        "iou_mean": 0.11578027057376775,
        "iou_median": 0.0,
        "iou_p25": 0.0,
        "iou_p75": 0.0,
        "iou_std": 0.2573763865665581,
        "frac_iou_25": 0.15151515151515152,
        "frac_iou_50": 0.15151515151515152,
        "frac_iou_75": 0.030303030303030304,
        "frac_iou_90": 0.0,
        "containment_mean": 0.16236981478604404,
        "containment_median": 0.0,
        "containment_p25": 0.0,
        "containment_p75": 0.0,
        "containment_std": 0.33302711019096526,