{
  "stage": "L1",
  "epoch": 1,
  "fold": 1,
  "wall_clock_seconds": 495.95,
  "lr": {
    "fusion": 9.203453630902487e-05
  },
  "train": {
    "loss": 6.512109375,
    "patch_ce": 6.512109375,
    "l1": 0.0,
    "giou": 0.0,
    "grad_norm": 8.612225475311279,
    "n_steps": 400,
    "alpha": 0.018735084682703018
  },
  "val": {
    "overall": {
      "n": 100,
      "n_pos": 100,
      "iou_mean": 0.09173151567898458,
      "iou_median": 0.0,
      "iou_p25": 0.0,
      "iou_p75": 0.003595193615183234,
      "iou_std": 0.23708297771374365,
      "frac_iou_25": 0.12,
      "frac_iou_50": 0.11,
      "frac_iou_75": 0.07,
      "frac_iou_90": 0.0,
      "containment_mean": 0.34295157782733443,
      "containment_median": 0.0,
      "containment_p25": 0.0,
      "containment_p75": 0.9952512234449387,
      "containment_std": 0.46015747104749904,
      "frac_containment_50": 0.36,
      "frac_containment_75": 0.34,
      "frac_containment_90": 0.29,
      "frac_containment_full": 0.26,
      "contain_at_iou_50": 0.11,
      "contain_at_iou_75": 0.07,
      "high_contain_high_iou": 0.09,
      "ap_per_iou": {
        "0.50": 0.022209531357709967,
        "0.55": 0.022209531357709967,
        "0.60": 0.022209531357709967,
        "0.65": 0.022209531357709967,
        "0.70": 0.011891263803673965,
        "0.75": 0.008578719433062598,
        "0.80": 0.0012376237623762376,
        "0.85": 0.0,
        "0.90": 0.0,
        "0.95": 0.0
      },
      "map_50": 0.022209531357709967,
      "map_75": 0.008578719433062598,
      "map_5095": 0.011054573242995266,
      "map_50_containment": 0.1929763093289123,
      "map_90_containment": 0.11952579518852273,
      "mean_pred_box_area": 0.19638219143856822,
      "std_pred_box_area": 0.28070800272032514,
      "frac_pred_box_too_big": 0.21,
      "frac_pred_box_too_small": 0.29,
      "mean_gt_box_area": 0.007970917979674414,
      "pred_to_gt_area_ratio_mean": 202.59310221499229,
      "pred_to_gt_area_ratio_median": 7.687478887326879,
      "log_area_ratio_mean": 2.6376288171592535,
      "log_area_ratio_std": 2.1638705005447965,
      "center_distance_mean": 0.2686804274802714,
      "center_distance_median": 0.25225993978668554,
      "score_mean": 0.944548044204712,
      "score_std": 0.08097723412034069,
      "score_p25": 0.9355838894844055,
      "score_p75": 0.9978148639202118,
      "score_iou_correlation": 0.08398352847175791
    },
    "per_source": {
      "hots": {
        "n": 36,
        "n_pos": 36,
        "iou_mean": 0.19201687102516493,
        "iou_median": 0.008081346284598112,
        "iou_p25": 0.0,
        "iou_p75": 0.2263653725385666,
        "iou_std": 0.31419670259476984,
        "frac_iou_25": 0.25,
        "frac_iou_50": 0.2222222222222222,
        "frac_iou_75": 0.1388888888888889,
        "frac_iou_90": 0.0,
        "containment_mean": 0.5175800832609335,
        "containment_median": 0.6943294405937195,
        "containment_p25": 0.0,
        "containment_p75": 0.9998728036880493,
        "containment_std": 0.47519274029688746,
        "frac_containment_50": 0.5555555555555556,
        "frac_containment_75": 0.5,
        "frac_containment_90": 0.3888888888888889,
        "frac_containment_full": 0.3888888888888889,
        "contain_at_iou_50": 0.2222222222222222,
        "contain_at_iou_75": 0.1388888888888889,
        "high_contain_high_iou": 0.16666666666666666,
        "ap_per_iou": {
          "0.50": 0.052050919377652057,
          "0.55": 0.052050919377652057,
          "0.60": 0.052050919377652057,
          "0.65": 0.052050919377652057,
          "0.70": 0.028854314002828847,
          "0.75": 0.019801980198019795,
          "0.80": 0.0018564356435643563,
          "0.85": 0.0,
          "0.90": 0.0,
          "0.95": 0.0
        },
        "map_50": 0.052050919377652057,
        "map_75": 0.019801980198019795,
        "map_5095": 0.025871640735502122,
        "map_50_containment": 0.34252121640735506,
        "map_90_containment": 0.18019801980198016,
        "mean_pred_box_area": 0.2446631568512196,
        "std_pred_box_area": 0.2386413632178365,
        "frac_pred_box_too_big": 0.2222222222222222,
        "frac_pred_box_too_small": 0.027777777777777776,
        "mean_gt_box_area": 0.01944763216099495,
        "pred_to_gt_area_ratio_mean": 41.79530531690727,
        "pred_to_gt_area_ratio_median": 7.687478887326879,
        "log_area_ratio_mean": 2.4361114590951427,
        "log_area_ratio_std": 1.7400249229875269,
        "center_distance_mean": 0.28667891840961157,
        "center_distance_median": 0.29018092707998483,
        "score_mean": 0.973513286974695,
        "score_std": 0.0879739669238517,
        "score_p25": 0.9977145791053772,
        "score_p75": 0.9995393604040146,
        "score_iou_correlation": -0.015849543151613545
      },
      "insdet": {
        "n": 64,
        "n_pos": 64,
        "iou_mean": 0.035321003296758136,
        "iou_median": 0.0,
        "iou_p25": 0.0,
        "iou_p75": 0.0003241184604121372,
        "iou_std": 0.1565362065039533,
        "frac_iou_25": 0.046875,
        "frac_iou_50": 0.046875,
        "frac_iou_75": 0.03125,
        "frac_iou_90": 0.0,
        "containment_mean": 0.24472304352093488,
        "containment_median": 0.0,
        "containment_p25": 0.0,
        "containment_p75": 0.27719021402299404,
        "containment_std": 0.4243409416359759,
        "frac_containment_50": 0.25,
        "frac_containment_75": 0.25,
        "frac_containment_90": 0.234375,
        "frac_containment_full": 0.1875,
        "contain_at_iou_50": 0.046875,
        "contain_at_iou_75": 0.03125,
        "high_contain_high_iou": 0.046875,
        "ap_per_iou": {
          "0.50": 0.0037914505736287908,
          "0.55": 0.0037914505736287908,
          "0.60": 0.0037914505736287908,
          "0.65": 0.0037914505736287908,
          "0.70": 0.003143171460003143,
          "0.75": 0.003143171460003143,
          "0.80": 0.0,
          "0.85": 0.0,
          "0.90": 0.0,
          "0.95": 0.0
        },
        "map_50": 0.0037914505736287908,
        "map_75": 0.003143171460003143,
        "map_5095": 0.002145214521452145,
        "map_50_containment": 0.09378437843784378,
        "map_90_containment": 0.07379331683168316,
        "mean_pred_box_area": 0.16922414839395183,
        "std_pred_box_area": 0.3001729695616669,
        "frac_pred_box_too_big": 0.203125,
        "frac_pred_box_too_small": 0.4375,
        "mean_gt_box_area": 0.001515266252681613,
        "pred_to_gt_area_ratio_mean": 293.04186297016514,
        "pred_to_gt_area_ratio_median": 7.650888076900836,
        "log_area_ratio_mean": 2.7509823310703156,
        "log_area_ratio_std": 2.3747946045286072,
        "center_distance_mean": 0.2585562763325175,
        "center_distance_median": 0.2295074466098614,
        "score_mean": 0.9282550951465964,
        "score_std": 0.07249535832654969,
        "score_p25": 0.9130426496267319,
        "score_p75": 0.9643733352422714,
        "score_iou_correlation": 0.016170753288296855
      }
    },
    "per_k": {
      "k1": {
        "n": 34,
        "n_pos": 34,
        "iou_mean": 0.0722681665313704,
        "iou_median": 0.0,
        "iou_p25": 0.0,
        "iou_p75": 0.0009624658559914678,
        "iou_std": 0.22578267984226014,
        "frac_iou_25": 0.08823529411764706,
        "frac_iou_50": 0.08823529411764706,
        "frac_iou_75": 0.08823529411764706,
        "frac_iou_90": 0.0,
        "containment_mean": 0.25102833220187354,
        "containment_median": 0.0,
        "containment_p25": 0.0,
        "containment_p75": 0.4367714039981365,
        "containment_std": 0.424671558688772,
        "frac_containment_50": 0.2647058823529412,
        "frac_containment_75": 0.23529411764705882,
        "frac_containment_90": 0.20588235294117646,
        "frac_containment_full": 0.20588235294117646,
        "contain_at_iou_50": 0.08823529411764706,
        "contain_at_iou_75": 0.08823529411764706,