{
  "stage": "S1",
  "epoch": 5,
  "fold": 0,
  "wall_clock_seconds": 247.39,
  "lr": {
    "head": 0.000649292479760295
  },
  "train": {
    "loss": 0.08126850750297308,
    "focal": 0.04880001894198358,
    "variance": 0.005640459060668945,
    "decorrelation": 0.6380887430906296,
    "grad_norm": 0.3171494445204735,
    "n_steps": 100,
    "grad_steps": 50,
    "grad_nan_steps": 0
  },
  "val": {
    "overall": {
      "n": 200,
      "n_pos": 53,
      "n_neg": 147,
      "threshold": 0.5,
      "tp": 0,
      "fp": 0,
      "fn": 53,
      "tn": 147,
      "accuracy": 0.735,
      "acc_pos": 0.0,
      "acc_neg": 1.0,
      "precision": 0.0,
      "recall": 0.0,
      "f1": 0.0,
      "fpr": 0.0,
      "fnr": 1.0,
      "tpr": 0.0,
      "tnr": 1.0,
      "youden_j": 0.0,
      "mcc": 0.0,
      "auroc": 0.5972275702733923,
      "pr_auc": 0.365249616731179,
      "avg_precision": 0.37876685857945347,
      "brier": 0.19188294519862897,
      "best_f1": 0.4571428571428572,
      "best_f1_threshold": 0.23207558691501617,
      "fpr_at_recall_95": 0.9183673469387755,
      "recall_at_fpr_05": 0.11320754716981132,
      "recall_at_fpr_10": 0.16981132075471697,
      "mean_score_pos": 0.24642283483496252,
      "mean_score_neg": 0.23037169072903743,
      "std_score_pos": 0.04737460779554261,
      "std_score_neg": 0.04971602918044162,
      "score_gap": 0.01605114410592509,
      "median_score_pos": 0.25232741236686707,
      "median_score_neg": 0.2382846474647522,
      "frac_high_score": 0.0,
      "frac_low_score": 0.015,
      "frac_uncertain": 0.0
    },
    "per_source": {
      "hots": {
        "n": 65,
        "n_pos": 21,
        "n_neg": 44,
        "threshold": 0.5,
        "tp": 0,
        "fp": 0,
        "fn": 21,
        "tn": 44,
        "accuracy": 0.676923076923077,
        "acc_pos": 0.0,
        "acc_neg": 1.0,
        "precision": 0.0,
        "recall": 0.0,
        "f1": 0.0,
        "fpr": 0.0,
        "fnr": 1.0,
        "tpr": 0.0,
        "tnr": 1.0,
        "youden_j": 0.0,
        "mcc": 0.0,
        "auroc": 0.7261904761904762,
        "pr_auc": 0.5977096610499751,
        "avg_precision": 0.6122672366395183,
        "brier": 0.21575073710464943,
        "best_f1": 0.64,
        "best_f1_threshold": 0.25232741236686707,
        "fpr_at_recall_95": 0.9318181818181818,
        "recall_at_fpr_05": 0.19047619047619047,
        "recall_at_fpr_10": 0.2857142857142857,
        "mean_score_pos": 0.2647675169365747,
        "mean_score_neg": 0.2447436831214211,
        "std_score_pos": 0.028851329659058386,
        "std_score_neg": 0.02138807608012229,
        "score_gap": 0.020023833815153574,
        "median_score_pos": 0.26166629791259766,
        "median_score_neg": 0.24251019954681396,
        "frac_high_score": 0.0,
        "frac_low_score": 0.0,
        "frac_uncertain": 0.0
      },
      "insdet": {
        "n": 135,
        "n_pos": 32,
        "n_neg": 103,
        "threshold": 0.5,
        "tp": 0,
        "fp": 0,
        "fn": 32,
        "tn": 103,
        "accuracy": 0.762962962962963,
        "acc_pos": 0.0,
        "acc_neg": 1.0,
        "precision": 0.0,
        "recall": 0.0,
        "f1": 0.0,
        "fpr": 0.0,
        "fnr": 1.0,
        "tpr": 0.0,
        "tnr": 1.0,
        "youden_j": 0.0,
        "mcc": 0.0,
        "auroc": 0.5442961165048543,
        "pr_auc": 0.3028824914971467,
        "avg_precision": 0.328055905193396,
        "brier": 0.1803910453920265,
        "best_f1": 0.4038461538461538,
        "best_f1_threshold": 0.23207558691501617,
        "fpr_at_recall_95": 0.883495145631068,
        "recall_at_fpr_05": 0.09375,
        "recall_at_fpr_10": 0.125,
        "mean_score_pos": 0.23438413720577955,
        "mean_score_neg": 0.22423219883326187,
        "std_score_pos": 0.05338646480804215,
        "std_score_neg": 0.05672643836946879,
        "score_gap": 0.010151938372517683,
        "median_score_pos": 0.2365129292011261,
        "median_score_neg": 0.23156310617923737,
        "frac_high_score": 0.0,
        "frac_low_score": 0.022222222222222223,
        "frac_uncertain": 0.0
      }
    },
    "per_k": {
      "k1": {
        "n": 67,
        "n_pos": 17,
        "n_neg": 50,
        "threshold": 0.5,
        "tp": 0,
        "fp": 0,
        "fn": 17,
        "tn": 50,
        "accuracy": 0.746268656716418,
        "acc_pos": 0.0,
        "acc_neg": 1.0,
        "precision": 0.0,
        "recall": 0.0,
        "f1": 0.0,
        "fpr": 0.0,
        "fnr": 1.0,
        "tpr": 0.0,
        "tnr": 1.0,
        "youden_j": 0.0,
        "mcc": 0.0,
        "auroc": 0.4329411764705882,
        "pr_auc": 0.23414334911383458,
        "avg_precision": 0.2750554256245298,
        "brier": 0.19415593500806053,
        "best_f1": 0.41025641025641024,
        "best_f1_threshold": 0.17353835701942444,
        "fpr_at_recall_95": 0.98,
        "recall_at_fpr_05": 0.058823529411764705,
        "recall_at_fpr_10": 0.058823529411764705,
        "mean_score_pos": 0.23496625002692728,
        "mean_score_neg": 0.24160126850008964,
        "std_score_pos": 0.04174975586807065,
        "std_score_neg": 0.047872592067773494,
        "score_gap": -0.006635018473162363,
        "median_score_pos": 0.25232741236686707,
        "median_score_neg": 0.24782664328813553,
        "frac_high_score": 0.0,
        "frac_low_score": 0.0,
        "frac_uncertain": 0.0
      },
      "k4": {
        "n": 67,
        "n_pos": 25,
        "n_neg": 42,
        "threshold": 0.5,
        "tp": 0,
        "fp": 0,
        "fn": 25,
        "tn": 42,
        "accuracy": 0.6268656716417911,
        "acc_pos": 0.0,
        "acc_neg": 1.0,
        "precision": 0.0,
        "recall": 0.0,
        "f1": 0.0,
        "fpr": 0.0,
        "fnr": 1.0,
        "tpr": 0.0,
        "tnr": 1.0,
        "youden_j": 0.0,
        "mcc": 0.0,
        "auroc": 0.5961904761904762,
        "pr_auc": 0.5339114524802587,
        "avg_precision": 0.558860944218833,
        "brier": 0.2480338729385177,
        "best_f1": 0.5757575757575758,
        "best_f1_threshold": 0.23207558691501617,
        "fpr_at_recall_95": 0.8571428571428571,
        "recall_at_fpr_05": 0.16,
        "recall_at_fpr_10": 0.16,
        "mean_score_pos": 0.24349294900894164,
        "mean_score_neg": 0.22591218174923033,
        "std_score_pos": 0.05115557249236326,
        "std_score_neg": 0.05045305167090577,
        "score_gap": 0.017580767259711305,
        "median_score_pos": 0.2410471886396408,
        "median_score_neg": 0.23882056772708893,
        "frac_high_score": 0.0,
        "frac_low_score": 0.029850746268656716,
        "frac_uncertain": 0.0
      },
      "k10": {
        "n": 66,
        "n_pos": 11,
        "n_neg": 55,
        "threshold": 0.5,
        "tp": 0,
        "fp": 0,
        "fn": 11,
        "tn": 55,
        "accuracy": 0.8333333333333334,
        "acc_pos": 0.0,
        "acc_neg": 1.0,
        "precision": 0.0,
        "recall": 0.0,
        "f1": 0.0,
        "fpr": 0.0,
        "fnr": 1.0,
        "tpr": 0.0,
        "tnr": 1.0,
        "youden_j": 0.0,
        "mcc": 0.0,
        "auroc": 0.7884297520661157,
        "pr_auc": 0.5104390604672653,
        "avg_precision": 0.5419091864583427,
        "brier": 0.13257381677734925,
        "best_f1": 0.6206896551724137,
        "best_f1_threshold": 0.25932666659355164,
        "fpr_at_recall_95": 0.8727272727272727,
        "recall_at_fpr_05": 0.18181818181818182,
        "recall_at_fpr_10": 0.36363636363636365,
        "mean_score_pos": 0.2707872973247008,
        "mean_score_neg": 0.2235684268853881,
        "std_score_pos": 0.0412752639169679,
        "std_score_neg": 0.049910350651674415,
        "score_gap": 0.04721887043931269,
        "median_score_pos": 0.27909785509109497,
        "median_score_neg": 0.2375190407037735,
        "frac_high_score": 0.0,
        "frac_low_score": 0.015151515151515152,
        "frac_uncertain": 0.0
      }
    }
  }
}