{
  "stage": "S1",
  "epoch": 5,
  "fold": 2,
  "wall_clock_seconds": 244.33,
  "lr": {
    "head": 0.0005413355437688906
  },
  "train": {
    "loss": 0.08474966440349817,
    "focal": 0.05247999630868435,
    "variance": 0.0052280139923095706,
    "decorrelation": 0.6349369871616364,
    "grad_norm": 0.28059173315763475,
    "n_steps": 100,
    "grad_steps": 50,
    "grad_nan_steps": 0
  },
  "val": {
    "overall": {
      "n": 200,
      "n_pos": 54,
      "n_neg": 146,
      "threshold": 0.5,
      "tp": 0,
      "fp": 0,
      "fn": 54,
      "tn": 146,
      "accuracy": 0.73,
      "acc_pos": 0.0,
      "acc_neg": 1.0,
      "precision": 0.0,
      "recall": 0.0,
      "f1": 0.0,
      "fpr": 0.0,
      "fnr": 1.0,
      "tpr": 0.0,
      "tnr": 1.0,
      "youden_j": 0.0,
      "mcc": 0.0,
      "auroc": 0.6930492135971588,
      "pr_auc": 0.46247050124158096,
      "avg_precision": 0.4838655391756763,
      "brier": 0.18542541301863147,
      "best_f1": 0.5079365079365079,
      "best_f1_threshold": 0.323816180229187,
      "fpr_at_recall_95": 0.7876712328767124,
      "recall_at_fpr_05": 0.14814814814814814,
      "recall_at_fpr_10": 0.2777777777777778,
      "mean_score_pos": 0.3248587311417968,
      "mean_score_neg": 0.28416976103023306,
      "std_score_pos": 0.05050485738907547,
      "std_score_neg": 0.061363002622659917,
      "score_gap": 0.04068897011156375,
      "median_score_pos": 0.3346143215894699,
      "median_score_neg": 0.2971820831298828,
      "frac_high_score": 0.0,
      "frac_low_score": 0.0,
      "frac_uncertain": 0.025
    },
    "per_source": {
      "hots": {
        "n": 70,
        "n_pos": 22,
        "n_neg": 48,
        "threshold": 0.5,
        "tp": 0,
        "fp": 0,
        "fn": 22,
        "tn": 48,
        "accuracy": 0.6857142857142857,
        "acc_pos": 0.0,
        "acc_neg": 1.0,
        "precision": 0.0,
        "recall": 0.0,
        "f1": 0.0,
        "fpr": 0.0,
        "fnr": 1.0,
        "tpr": 0.0,
        "tnr": 1.0,
        "youden_j": 0.0,
        "mcc": 0.0,
        "auroc": 0.6534090909090909,
        "pr_auc": 0.44085999451799796,
        "avg_precision": 0.4630806563237574,
        "brier": 0.20581526112740164,
        "best_f1": 0.5507246376811594,
        "best_f1_threshold": 0.2986571192741394,
        "fpr_at_recall_95": 0.7083333333333334,
        "recall_at_fpr_05": 0.13636363636363635,
        "recall_at_fpr_10": 0.13636363636363635,
        "mean_score_pos": 0.32137415219436993,
        "mean_score_neg": 0.292567207167546,
        "std_score_pos": 0.032492107504326496,
        "std_score_neg": 0.0554639039179099,
        "score_gap": 0.02880694502682396,
        "median_score_pos": 0.3346143215894699,
        "median_score_neg": 0.31740429997444153,
        "frac_high_score": 0.0,
        "frac_low_score": 0.0,
        "frac_uncertain": 0.0
      },
      "insdet": {
        "n": 130,
        "n_pos": 32,
        "n_neg": 98,
        "threshold": 0.5,
        "tp": 0,
        "fp": 0,
        "fn": 32,
        "tn": 98,
        "accuracy": 0.7538461538461538,
        "acc_pos": 0.0,
        "acc_neg": 1.0,
        "precision": 0.0,
        "recall": 0.0,
        "f1": 0.0,
        "fpr": 0.0,
        "fnr": 1.0,
        "tpr": 0.0,
        "tnr": 1.0,
        "youden_j": 0.0,
        "mcc": 0.0,
        "auroc": 0.6983418367346939,
        "pr_auc": 0.48038105021885597,
        "avg_precision": 0.510096620368499,
        "brier": 0.174446264036986,
        "best_f1": 0.5277777777777778,
        "best_f1_threshold": 0.3214362561702728,
        "fpr_at_recall_95": 0.7857142857142857,
        "recall_at_fpr_05": 0.25,
        "recall_at_fpr_10": 0.3125,
        "mean_score_pos": 0.3272543791681528,
        "mean_score_neg": 0.2800567261874676,
        "std_score_pos": 0.06025965115314795,
        "std_score_neg": 0.06392323302452833,
        "score_gap": 0.047197652980685234,
        "median_score_pos": 0.3326270431280136,
        "median_score_neg": 0.29561643302440643,
        "frac_high_score": 0.0,
        "frac_low_score": 0.0,
        "frac_uncertain": 0.038461538461538464
      }
    },
    "per_k": {
      "k1": {
        "n": 67,
        "n_pos": 17,
        "n_neg": 50,
        "threshold": 0.5,
        "tp": 0,
        "fp": 0,
        "fn": 17,
        "tn": 50,
        "accuracy": 0.746268656716418,
        "acc_pos": 0.0,
        "acc_neg": 1.0,
        "precision": 0.0,
        "recall": 0.0,
        "f1": 0.0,
        "fpr": 0.0,
        "fnr": 1.0,
        "tpr": 0.0,
        "tnr": 1.0,
        "youden_j": 0.0,
        "mcc": 0.0,
        "auroc": 0.7011764705882353,
        "pr_auc": 0.48382419522766684,
        "avg_precision": 0.4971831379729875,
        "brier": 0.17975525697817246,
        "best_f1": 0.5490196078431372,
        "best_f1_threshold": 0.30342066287994385,
        "fpr_at_recall_95": 0.78,
        "recall_at_fpr_05": 0.17647058823529413,
        "recall_at_fpr_10": 0.29411764705882354,
        "mean_score_pos": 0.32423848176703735,
        "mean_score_neg": 0.2869283241033554,
        "std_score_pos": 0.04376235298910304,
        "std_score_neg": 0.05218785931934297,
        "score_gap": 0.03731015766368195,
        "median_score_pos": 0.3253117799758911,
        "median_score_neg": 0.29703886806964874,
        "frac_high_score": 0.0,
        "frac_low_score": 0.0,
        "frac_uncertain": 0.014925373134328358
      },
      "k4": {
        "n": 67,
        "n_pos": 20,
        "n_neg": 47,
        "threshold": 0.5,
        "tp": 0,
        "fp": 0,
        "fn": 20,
        "tn": 47,
        "accuracy": 0.7014925373134329,
        "acc_pos": 0.0,
        "acc_neg": 1.0,
        "precision": 0.0,
        "recall": 0.0,
        "f1": 0.0,
        "fpr": 0.0,
        "fnr": 1.0,
        "tpr": 0.0,
        "tnr": 1.0,
        "youden_j": 0.0,
        "mcc": 0.0,
        "auroc": 0.698936170212766,
        "pr_auc": 0.46366464645686556,
        "avg_precision": 0.5189542667395719,
        "brier": 0.19532403636837195,
        "best_f1": 0.5853658536585366,
        "best_f1_threshold": 0.33557936549186707,
        "fpr_at_recall_95": 0.723404255319149,
        "recall_at_fpr_05": 0.1,
        "recall_at_fpr_10": 0.15,
        "mean_score_pos": 0.32898527905344965,
        "mean_score_neg": 0.28534749625845157,
        "std_score_pos": 0.04754019539338003,
        "std_score_neg": 0.06783353803263664,
        "score_gap": 0.04363778279499808,
        "median_score_pos": 0.337105393409729,
        "median_score_neg": 0.30117979645729065,
        "frac_high_score": 0.0,
        "frac_low_score": 0.0,
        "frac_uncertain": 0.04477611940298507
      },
      "k10": {
        "n": 66,
        "n_pos": 17,
        "n_neg": 49,
        "threshold": 0.5,
        "tp": 0,
        "fp": 0,
        "fn": 17,
        "tn": 49,
        "accuracy": 0.7424242424242424,
        "acc_pos": 0.0,
        "acc_neg": 1.0,
        "precision": 0.0,
        "recall": 0.0,
        "f1": 0.0,
        "fpr": 0.0,
        "fnr": 1.0,
        "tpr": 0.0,
        "tnr": 1.0,
        "youden_j": 0.0,
        "mcc": 0.0,
        "auroc": 0.6722689075630253,
        "pr_auc": 0.5443432261623441,
        "avg_precision": 0.550538756967126,
        "brier": 0.18113287802284575,
        "best_f1": 0.5,
        "best_f1_threshold": 0.3420075476169586,
        "fpr_at_recall_95": 0.8163265306122449,
        "recall_at_fpr_05": 0.23529411764705882,
        "recall_at_fpr_10": 0.29411764705882354,
        "mean_score_pos": 0.320624218267553,
        "mean_score_neg": 0.28022523634895985,
        "std_score_pos": 0.061722000811166584,
        "std_score_neg": 0.06449460481783865,
        "score_gap": 0.040398981918593146,
        "median_score_pos": 0.3420075476169586,
        "median_score_neg": 0.2881987392902374,
        "frac_high_score": 0.0,
        "frac_low_score": 0.0,
        "frac_uncertain": 0.015151515151515152
      }
    }
  }
}