{
  "stage": "1_2",
  "epoch": 4,
  "fold": 3,
  "wall_clock_seconds": 305.5,
  "lr": {
    "aggregator": 8.679940933812304e-05,
    "existence_head": 8.679940933812304e-05,
    "class_head": 4.340631157129463e-05,
    "box_head": 4.340631157129463e-05
  },
  "train": {
    "loss": 1.0597929106123987,
    "focal": 0.06638362811457726,
    "l1": 0.021887580158128854,
    "giou": 0.33579887497809624,
    "box_loss": 0.7810356554485136,
    "box_area_penalty": 0.0019919206538508015,
    "existence_kl": 0.0,
    "margin": 0.42284154891967773,
    "nt_xent": 0.007536638073713308,
    "grad_norm": 4.15286724798141,
    "n_steps": 62,
    "aggregator_alpha": -0.024545326828956604
  },
  "val": {
    "overall": {
      "n": 100,
      "n_pos": 48,
      "n_neg": 52,
      "iou_mean": 0.19197736301187737,
      "iou_median": 0.0,
      "iou_p25": 0.0,
      "iou_p75": 0.07400522381067276,
      "contain_mean": 0.3148887005324165,
      "contain_at_iou_50": 0.22916666666666666,
      "contain_at_iou_75": 0.1875,
      "ap_per_iou": {
        "0.50": 0.07237524868820609,
        "0.55": 0.07237524868820609,
        "0.60": 0.07237524868820609,
        "0.65": 0.06503851031401613,
        "0.70": 0.06503851031401613,
        "0.75": 0.04012751451408362,
        "0.80": 0.02738915195867412,
        "0.85": 0.020509193776520506,
        "0.90": 0.015322960867515322,
        "0.95": 0.0
      },
      "map_50": 0.07237524868820609,
      "map_75": 0.04012751451408362,
      "map_5095": 0.04505515878094441,
      "map_50_existence_only": 0.0727913063334719,
      "map_5095_existence_only": 0.04323782861614188,
      "map_50_score_only": 0.08391514160550145,
      "map_5095_score_only": 0.05536625491615236,
      "precision_50": 0.3076923076923077,
      "recall_50": 0.08333333333333333,
      "f1_50": 0.13114754098360656,
      "existence_acc": 0.63,
      "existence_acc_pos": 0.25,
      "existence_acc_neg": 0.9807692307692307,
      "existence_auroc": 0.7035256410256411,
      "existence_pr_auc": 0.7249964289147798,
      "existence_brier": 0.23274004320345484,
      "existence_f1": 0.13114754098360656,
      "false_positive_rate": 0.019230769230769232,
      "false_negative_rate": 0.75,
      "mean_score_pos": 0.4466332122683525,
      "mean_score_neg": 0.39850143171273744,
      "proto_score_pos": 0.9284836153189341,
      "proto_score_neg": 0.8047219318552659,
      "proto_score_gap": 0.12376168346366823,
      "mean_pred_box_area": 0.01333655790949706,
      "frac_pred_box_too_big": 0.0,
      "mean_existence_prob": 0.42160468637943266,
      "frac_high_existence": 0.0,
      "prototype_norm_mean": 1.730053049325943,
      "prototype_norm_std": 0.2104068736923232
    },
    "per_source": {
      "hots": {
        "n": 35,
        "n_pos": 18,
        "n_neg": 17,
        "iou_mean": 0.41712170508172774,
        "iou_median": 0.3731987178325653,
        "iou_p25": 0.0,
        "iou_p75": 0.8160960525274277,
        "contain_mean": 0.4803759588135613,
        "contain_at_iou_50": 0.5,
        "contain_at_iou_75": 0.4444444444444444,
        "ap_per_iou": {
          "0.50": 0.27035448495903475,
          "0.55": 0.27035448495903475,
          "0.60": 0.27035448495903475,
          "0.65": 0.27035448495903475,
          "0.70": 0.27035448495903475,
          "0.75": 0.1852134238911147,
          "0.80": 0.12867643585947808,
          "0.85": 0.0856650882479552,
          "0.90": 0.06457167455876024,
          "0.95": 0.0
        },
        "map_50": 0.27035448495903475,
        "map_75": 0.1852134238911147,
        "map_5095": 0.1815899047352482,
        "map_50_existence_only": 0.27070905848348836,
        "map_5095_existence_only": 0.16998842741417014,
        "map_50_score_only": 0.30493036041004606,
        "map_5095_score_only": 0.21143568352914163,
        "precision_50": 0.4444444444444444,
        "recall_50": 0.2222222222222222,
        "f1_50": 0.2962962962962963,
        "existence_acc": 0.7428571428571429,
        "existence_acc_pos": 0.5,
        "existence_acc_neg": 1.0,
        "existence_auroc": 0.826797385620915,
        "existence_pr_auc": 0.8593432652455288,
        "existence_brier": 0.21834121217848892,
        "existence_f1": 0.2962962962962963,
        "false_positive_rate": 0.0,
        "false_negative_rate": 0.5,
        "mean_score_pos": 0.4741856770382987,
        "mean_score_neg": 0.3844519590630251,
        "proto_score_pos": 0.9178998668988546,
        "proto_score_neg": 0.6385833195903722,
        "proto_score_gap": 0.27931654730848243,
        "mean_pred_box_area": 0.013725831958332232,
        "frac_pred_box_too_big": 0.0,
        "mean_existence_prob": 0.4306007283074515,
        "frac_high_existence": 0.0,
        "prototype_norm_mean": 1.9462665728160313,
        "prototype_norm_std": 0.1836432182531099
      },
      "insdet": {
        "n": 65,
        "n_pos": 30,
        "n_neg": 35,
        "iou_mean": 0.05689075776996712,
        "iou_median": 0.0,
        "iou_p25": 0.0,
        "iou_p75": 0.004094752832315862,
        "contain_mean": 0.2155963455637296,
        "contain_at_iou_50": 0.06666666666666667,
        "contain_at_iou_75": 0.03333333333333333,
        "ap_per_iou": {
          "0.50": 0.005908655381667198,
          "0.55": 0.005908655381667198,
          "0.60": 0.005908655381667198,
          "0.65": 0.0006387735547748323,
          "0.70": 0.0006387735547748323,
          "0.75": 0.0006387735547748323,
          "0.80": 0.0,
          "0.85": 0.0,
          "0.90": 0.0,
          "0.95": 0.0
        },
        "map_50": 0.005908655381667198,
        "map_75": 0.0006387735547748323,
        "map_5095": 0.001964228680932609,
        "map_50_existence_only": 0.005957375398556806,
        "map_5095_existence_only": 0.0019885886893774127,
        "map_50_score_only": 0.003433407856914723,
        "map_5095_score_only": 0.0012216544235068667,
        "precision_50": 0.0,
        "recall_50": 0.0,
        "f1_50": 0.0,
        "existence_acc": 0.5692307692307692,
        "existence_acc_pos": 0.1,
        "existence_acc_neg": 0.9714285714285714,
        "existence_auroc": 0.621904761904762,
        "existence_pr_auc": 0.6228095801747444,
        "existence_brier": 0.24049325990920567,
        "existence_f1": 0.0,
        "false_positive_rate": 0.02857142857142857,
        "false_negative_rate": 0.9,
        "mean_score_pos": 0.4301017334063848,
        "mean_score_neg": 0.4053254612854549,
        "proto_score_pos": 0.9348338643709818,
        "proto_score_neg": 0.8854178292410714,
        "proto_score_gap": 0.04941603512991044,
        "mean_pred_box_area": 0.013126948806278122,
        "frac_pred_box_too_big": 0.0,
        "mean_existence_prob": 0.41676066380280713,
        "frac_high_existence": 0.0,
        "prototype_norm_mean": 1.6136303828312801,
        "prototype_norm_std": 0.10599044980240827
      }
    },
    "tile_cfg": {
      "mode": "off",
      "levels": [
        1,
        2
      ],
      "overlap": 0.3,
      "for_sources": [
        "insdet"
      ],
      "nms_iou": 0.5,
      "top_k": 100,
      "score_combo": "existence_x_score",
      "edge_score_penalty": 0.5,
      "edge_px": 4,
      "merge_partial_boxes": true,
      "merge_min_score": 0.2
    }
  }
}