{
  "stage": "1_2",
  "epoch": 4,
  "fold": 2,
  "wall_clock_seconds": 306.0,
  "lr": {
    "aggregator": 8.816604920658043e-05,
    "existence_head": 8.816604920658043e-05,
    "class_head": 4.408894750158516e-05,
    "box_head": 4.408894750158516e-05
  },
  "train": {
    "loss": 1.3798409575416195,
    "focal": 0.0760430718261388,
    "l1": 0.02977052361013428,
    "giou": 0.46269906816944,
    "box_loss": 1.0742507548101488,
    "box_area_penalty": 0.000650330416617855,
    "existence_kl": 0.0,
    "margin": 0.45558240625166124,
    "nt_xent": 0.016908904297217246,
    "grad_norm": 2.808525808395878,
    "n_steps": 62,
    "aggregator_alpha": -0.024570167064666748
  },
  "val": {
    "overall": {
      "n": 100,
      "n_pos": 59,
      "n_neg": 41,
      "iou_mean": 0.25950981981626126,
      "iou_median": 0.005507890600711107,
      "iou_p25": 0.0,
      "iou_p75": 0.710676372051239,
      "contain_mean": 0.461855416075658,
      "contain_at_iou_50": 0.3050847457627119,
      "contain_at_iou_75": 0.2033898305084746,
      "ap_per_iou": {
        "0.50": 0.24255841733241648,
        "0.55": 0.23039231977027932,
        "0.60": 0.23039231977027932,
        "0.65": 0.23039231977027932,
        "0.70": 0.22383452113327276,
        "0.75": 0.1693711037770444,
        "0.80": 0.13196736340300697,
        "0.85": 0.04821232123212322,
        "0.90": 0.0022002200220022,
        "0.95": 0.0
      },
      "map_50": 0.24255841733241648,
      "map_75": 0.1693711037770444,
      "map_5095": 0.1509320906210704,
      "map_50_existence_only": 0.23892170216667177,
      "map_5095_existence_only": 0.14875888659408304,
      "map_50_score_only": 0.24748011238370798,
      "map_5095_score_only": 0.15854789932434538,
      "precision_50": 0.8461538461538461,
      "recall_50": 0.1864406779661017,
      "f1_50": 0.3055555555555555,
      "existence_acc": 0.52,
      "existence_acc_pos": 0.2033898305084746,
      "existence_acc_neg": 0.975609756097561,
      "existence_auroc": 0.6614303431169904,
      "existence_pr_auc": 0.7688649038267672,
      "existence_brier": 0.25458184326107697,
      "existence_f1": 0.3055555555555555,
      "false_positive_rate": 0.024390243902439025,
      "false_negative_rate": 0.7966101694915254,
      "mean_score_pos": 0.4414098262786865,
      "mean_score_neg": 0.4042525887489319,
      "proto_score_pos": 0.9133276262525785,
      "proto_score_neg": 0.8234935860808302,
      "proto_score_gap": 0.08983404017174823,
      "mean_pred_box_area": 0.12875229890749323,
      "frac_pred_box_too_big": 0.13,
      "mean_existence_prob": 0.4261753588914871,
      "frac_high_existence": 0.0,
      "prototype_norm_mean": 1.739791374206543,
      "prototype_norm_std": 0.19632745860194234
    },
    "per_source": {
      "hots": {
        "n": 35,
        "n_pos": 25,
        "n_neg": 10,
        "iou_mean": 0.5188033300638198,
        "iou_median": 0.7452645897865295,
        "iou_p25": 0.0,
        "iou_p75": 0.828801155090332,
        "contain_mean": 0.6338265585899353,
        "contain_at_iou_50": 0.64,
        "contain_at_iou_75": 0.48,
        "ap_per_iou": {
          "0.50": 0.5881397663575881,
          "0.55": 0.5564985069935563,
          "0.60": 0.5564985069935563,
          "0.65": 0.5564985069935563,
          "0.70": 0.5564985069935563,
          "0.75": 0.4169702684554171,
          "0.80": 0.3228465703713228,
          "0.85": 0.11960910376751965,
          "0.90": 0.005500550055005501,
          "0.95": 0.0
        },
        "map_50": 0.5881397663575881,
        "map_75": 0.4169702684554171,
        "map_5095": 0.36790602869810785,
        "map_50_existence_only": 0.578817881788179,
        "map_5095_existence_only": 0.3620581005468967,
        "map_50_score_only": 0.6149150318758583,
        "map_5095_score_only": 0.39008563433983134,
        "precision_50": 1.0,
        "recall_50": 0.44,
        "f1_50": 0.6111111111111112,
        "existence_acc": 0.6,
        "existence_acc_pos": 0.44,
        "existence_acc_neg": 1.0,
        "existence_auroc": 0.848,
        "existence_pr_auc": 0.9364227985372366,
        "existence_brier": 0.23226460023199855,
        "existence_f1": 0.6111111111111112,
        "false_positive_rate": 0.0,
        "false_negative_rate": 0.56,
        "mean_score_pos": 0.4958571755886078,
        "mean_score_neg": 0.4087934583425522,
        "proto_score_pos": 0.9783249974250794,
        "proto_score_neg": 0.7257897555828094,
        "proto_score_gap": 0.25253524184226994,
        "mean_pred_box_area": 0.03907764357115541,
        "frac_pred_box_too_big": 0.0,
        "mean_existence_prob": 0.4709818278040205,
        "frac_high_existence": 0.0,
        "prototype_norm_mean": 1.913806564467294,
        "prototype_norm_std": 0.1953170471085247
      },
      "insdet": {
        "n": 65,
        "n_pos": 34,
        "n_neg": 31,
        "iou_mean": 0.06885282698717407,
        "iou_median": 0.0,
        "iou_p25": 0.0,
        "iou_p75": 0.010829568840563297,
        "contain_mean": 0.33540604657986584,
        "contain_at_iou_50": 0.058823529411764705,
        "contain_at_iou_75": 0.0,
        "ap_per_iou": {
          "0.50": 0.002582866982350409,
          "0.55": 0.002582866982350409,
          "0.60": 0.002582866982350409,
          "0.65": 0.002582866982350409,
          "0.70": 0.0,
          "0.75": 0.0,
          "0.80": 0.0,
          "0.85": 0.0,
          "0.90": 0.0,
          "0.95": 0.0
        },
        "map_50": 0.002582866982350409,
        "map_75": 0.0,
        "map_5095": 0.0010331467929401636,
        "map_50_existence_only": 0.0026402640264026403,
        "map_5095_existence_only": 0.001056105610561056,
        "map_50_score_only": 0.0025279123657046556,
        "map_5095_score_only": 0.0010111649462818623,
        "precision_50": 0.0,
        "recall_50": 0.0,
        "f1_50": 0.0,
        "existence_acc": 0.47692307692307695,
        "existence_acc_pos": 0.029411764705882353,
        "existence_acc_neg": 0.967741935483871,
        "existence_auroc": 0.5037950664136622,
        "existence_pr_auc": 0.5384873044571971,
        "existence_brier": 0.26659882027673454,
        "existence_f1": 0.0,
        "false_positive_rate": 0.03225806451612903,
        "false_negative_rate": 0.9705882352941176,
        "mean_score_pos": 0.40137501060962677,
        "mean_score_neg": 0.40278779210582855,
        "proto_score_pos": 0.8655354415669161,
        "proto_score_neg": 0.8550109507576111,
        "proto_score_gap": 0.010524490809304954,
        "mean_pred_box_area": 0.17703865178090591,
        "frac_pred_box_too_big": 0.2,
        "mean_existence_prob": 0.4020487987078153,
        "frac_high_existence": 0.0,
        "prototype_norm_mean": 1.6460908871430617,
        "prototype_norm_std": 0.11781303769243245
      }
    },
    "tile_cfg": {
      "mode": "off",
      "levels": [
        1,
        2
      ],
      "overlap": 0.3,
      "for_sources": [
        "insdet"
      ],
      "nms_iou": 0.5,
      "top_k": 100,
      "score_combo": "existence_x_score",
      "edge_score_penalty": 0.5,
      "edge_px": 4,
      "merge_partial_boxes": true,
      "merge_min_score": 0.2
    }
  }
}