{
  "stage": "1_2",
  "epoch": 4,
  "fold": 0,
  "wall_clock_seconds": 306.71,
  "lr": {
    "aggregator": 9.07017434276463e-05,
    "existence_head": 9.07017434276463e-05,
    "class_head": 4.5355525495891344e-05,
    "box_head": 4.5355525495891344e-05
  },
  "train": {
    "loss": 1.8131842699743086,
    "focal": 0.07500730058358561,
    "l1": 0.046315303793357264,
    "giou": 0.6465672360312554,
    "box_loss": 1.5247109873640923,
    "box_area_penalty": 0.0005308896183006225,
    "existence_kl": 0.0,
    "margin": 0.4250721546911424,
    "nt_xent": 0.008768041528040362,
    "grad_norm": NaN,
    "n_steps": 62,
    "aggregator_alpha": -0.024759680032730103
  },
  "val": {
    "overall": {
      "n": 100,
      "n_pos": 51,
      "n_neg": 49,
      "iou_mean": 0.25060089177671163,
      "iou_median": 0.0,
      "iou_p25": 0.0,
      "iou_p75": 0.6893584132194519,
      "contain_mean": 0.35077957939767446,
      "contain_at_iou_50": 0.3137254901960784,
      "contain_at_iou_75": 0.17647058823529413,
      "ap_per_iou": {
        "0.50": 0.0920025494695326,
        "0.55": 0.0920025494695326,
        "0.60": 0.08806206921461056,
        "0.65": 0.08317517078845965,
        "0.70": 0.07061895892637779,
        "0.75": 0.03865382034858145,
        "0.80": 0.02935667344397845,
        "0.85": 0.02935667344397845,
        "0.90": 0.0,
        "0.95": 0.0
      },
      "map_50": 0.0920025494695326,
      "map_75": 0.03865382034858145,
      "map_5095": 0.05232284651050515,
      "map_50_existence_only": 0.09293084823853094,
      "map_5095_existence_only": 0.05321693241342377,
      "map_50_score_only": 0.07702907168360433,
      "map_5095_score_only": 0.042549684879430116,
      "precision_50": 0.15789473684210525,
      "recall_50": 0.058823529411764705,
      "f1_50": 0.08571428571428572,
      "existence_acc": 0.56,
      "existence_acc_pos": 0.2549019607843137,
      "existence_acc_neg": 0.8775510204081632,
      "existence_auroc": 0.6330532212885154,
      "existence_pr_auc": 0.6488094055958672,
      "existence_brier": 0.23764336053730342,
      "existence_f1": 0.08571428571428572,
      "false_positive_rate": 0.12244897959183673,
      "false_negative_rate": 0.7450980392156863,
      "mean_score_pos": 0.48011868958379705,
      "mean_score_neg": 0.4411582539276201,
      "proto_score_pos": 0.9626694683935128,
      "proto_score_neg": 0.8815357003893171,
      "proto_score_gap": 0.0811337680041957,
      "mean_pred_box_area": 0.027871400603908116,
      "frac_pred_box_too_big": 0.02,
      "mean_existence_prob": 0.46102807611227037,
      "frac_high_existence": 0.0,
      "prototype_norm_mean": 1.8743957197666168,
      "prototype_norm_std": 0.27524694791312054
    },
    "per_source": {
      "hots": {
        "n": 36,
        "n_pos": 19,
        "n_neg": 17,
        "iou_mean": 0.4393152625937211,
        "iou_median": 0.7053059339523315,
        "iou_p25": 0.0,
        "iou_p75": 0.863581120967865,
        "contain_mean": 0.4799983030871341,
        "contain_at_iou_50": 0.5263157894736842,
        "contain_at_iou_75": 0.47368421052631576,
        "ap_per_iou": {
          "0.50": 0.24600209415475074,
          "0.55": 0.24600209415475074,
          "0.60": 0.24600209415475074,
          "0.65": 0.24600209415475074,
          "0.70": 0.24600209415475074,
          "0.75": 0.18629794013884132,
          "0.80": 0.13474450893365195,
          "0.85": 0.13474450893365195,
          "0.90": 0.0,
          "0.95": 0.0
        },
        "map_50": 0.24600209415475074,
        "map_75": 0.18629794013884132,
        "map_5095": 0.16857974287798988,
        "map_50_existence_only": 0.24964639321074983,
        "map_5095_existence_only": 0.17125176803394634,
        "map_50_score_only": 0.2051944324867268,
        "map_5095_score_only": 0.1420490744726646,
        "precision_50": 0.21428571428571427,
        "recall_50": 0.15789473684210525,
        "f1_50": 0.18181818181818182,
        "existence_acc": 0.6944444444444444,
        "existence_acc_pos": 0.5789473684210527,
        "existence_acc_neg": 0.8235294117647058,
        "existence_auroc": 0.7801857585139319,
        "existence_pr_auc": 0.7417502216146932,
        "existence_brier": 0.21641937614775347,
        "existence_f1": 0.18181818181818182,
        "false_positive_rate": 0.17647058823529413,
        "false_negative_rate": 0.42105263157894735,
        "mean_score_pos": 0.5293508485743874,
        "mean_score_neg": 0.4463938685024486,
        "proto_score_pos": 0.9723209236797533,
        "proto_score_neg": 0.7803651935913983,
        "proto_score_gap": 0.19195573008835498,
        "mean_pred_box_area": 0.015189306053798646,
        "frac_pred_box_too_big": 0.0,
        "mean_existence_prob": 0.4901767190959718,
        "frac_high_existence": 0.0,
        "prototype_norm_mean": 2.078855825795068,
        "prototype_norm_std": 0.34168293762131985
      },
      "insdet": {
        "n": 64,
        "n_pos": 32,
        "n_neg": 32,
        "iou_mean": 0.13855173410411226,
        "iou_median": 0.0,
        "iou_p25": 0.0,
        "iou_p75": 0.0015689702413510531,
        "contain_mean": 0.27405596220705775,
        "contain_at_iou_50": 0.1875,
        "contain_at_iou_75": 0.0,
        "ap_per_iou": {
          "0.50": 0.03147024867321897,
          "0.55": 0.03147024867321897,
          "0.60": 0.028042982869715547,
          "0.65": 0.023799701398711307,
          "0.70": 0.008663366336633664,
          "0.75": 0.0,
          "0.80": 0.0,
          "0.85": 0.0,
          "0.90": 0.0,
          "0.95": 0.0
        },
        "map_50": 0.03147024867321897,
        "map_75": 0.0,
        "map_5095": 0.012344654795149847,
        "map_50_existence_only": 0.03628258233986665,
        "map_5095_existence_only": 0.014255628339293353,
        "map_50_score_only": 0.03273150844496214,
        "map_5095_score_only": 0.01210958142122097,
        "precision_50": 0.0,
        "recall_50": 0.0,
        "f1_50": 0.0,
        "existence_acc": 0.484375,
        "existence_acc_pos": 0.0625,
        "existence_acc_neg": 0.90625,
        "existence_auroc": 0.517578125,
        "existence_pr_auc": 0.5356226210888904,
        "existence_brier": 0.24958185175642528,
        "existence_f1": 0.0,
        "false_positive_rate": 0.09375,
        "false_negative_rate": 0.9375,
        "mean_score_pos": 0.4508870951831341,
        "mean_score_neg": 0.43837683368474245,
        "proto_score_pos": 0.9569389168173075,
        "proto_score_neg": 0.9352825321257114,
        "proto_score_gap": 0.02165638469159603,
        "mean_pred_box_area": 0.03500507878834469,
        "frac_pred_box_too_big": 0.03125,
        "mean_existence_prob": 0.44463196443393826,
        "frac_high_existence": 0.0,
        "prototype_norm_mean": 1.7593869101256132,
        "prototype_norm_std": 0.12987802365021797
      }
    },
    "tile_cfg": {
      "mode": "off",
      "levels": [
        1,
        2
      ],
      "overlap": 0.3,
      "for_sources": [
        "insdet"
      ],
      "nms_iou": 0.5,
      "top_k": 100,
      "score_combo": "existence_x_score",
      "edge_score_penalty": 0.5,
      "edge_px": 4,
      "merge_partial_boxes": true,
      "merge_min_score": 0.2
    }
  }
}