{
  "stage": "1_2",
  "epoch": 4,
  "fold": 1,
  "wall_clock_seconds": 722.41,
  "lr": {
    "aggregator": 8.946756844434993e-05,
    "existence_head": 8.946756844434993e-05,
    "class_head": 4.4739055709440004e-05,
    "box_head": 4.4739055709440004e-05
  },
  "train": {
    "loss": 0.947913134290326,
    "focal": 0.07184672289557996,
    "l1": 0.03517538893427099,
    "giou": 0.22473081754099938,
    "box_loss": 0.625338586828401,
    "box_area_penalty": 0.0024088281056573314,
    "existence_kl": 0.0,
    "margin": 0.4978007039716167,
    "nt_xent": 0.015865957529674613,
    "grad_norm": 1.4930445955645653,
    "n_steps": 62
  },
  "val": {
    "overall": {
      "n": 100,
      "n_pos": 53,
      "n_neg": 47,
      "iou_mean": 0.15705004192554867,
      "iou_median": 0.0,
      "iou_p25": 0.0,
      "iou_p75": 0.008501339703798294,
      "contain_mean": 0.25056703501152544,
      "contain_at_iou_50": 0.18867924528301888,
      "contain_at_iou_75": 0.1509433962264151,
      "ap_per_iou": {
        "0.50": 0.07584493743491995,
        "0.55": 0.07584493743491995,
        "0.60": 0.07584493743491995,
        "0.65": 0.07584493743491995,
        "0.70": 0.06653165316531652,
        "0.75": 0.06653165316531652,
        "0.80": 0.05625562556255625,
        "0.85": 0.03163602074493164,
        "0.90": 0.019801980198019802,
        "0.95": 0.019801980198019802
      },
      "map_50": 0.07584493743491995,
      "map_75": 0.06653165316531652,
      "map_5095": 0.05639386627738403,
      "map_50_existence_only": 0.0778436334199458,
      "map_5095_existence_only": 0.05716934227115435,
      "map_50_score_only": 0.06852360032751242,
      "map_5095_score_only": 0.052723766049812396,
      "precision_50": 0.35294117647058826,
      "recall_50": 0.11320754716981132,
      "f1_50": 0.17142857142857143,
      "existence_acc": 0.52,
      "existence_acc_pos": 0.20754716981132076,
      "existence_acc_neg": 0.8723404255319149,
      "existence_auroc": 0.618627057406664,
      "existence_pr_auc": 0.646091842159037,
      "existence_brier": 0.24706189521722022,
      "existence_f1": 0.17142857142857143,
      "false_positive_rate": 0.1276595744680851,
      "false_negative_rate": 0.7924528301886793,
      "mean_score_pos": 0.4684090501857254,
      "mean_score_neg": 0.4455786899049231,
      "mean_pred_box_area": 0.061081857888493685,
      "frac_pred_box_too_big": 0.05,
      "mean_existence_prob": 0.4576787808537483,
      "frac_high_existence": 0.0,
      "prototype_norm_mean": 2.017006357908249,
      "prototype_norm_std": 0.14274861006160994
    },
    "per_source": {
      "hots": {
        "n": 36,
        "n_pos": 16,
        "n_neg": 20,
        "iou_mean": 0.5159045718610287,
        "iou_median": 0.7462609708309174,
        "iou_p25": 0.0,
        "iou_p75": 0.8519921749830246,
        "contain_mean": 0.6002279967069626,
        "contain_at_iou_50": 0.625,
        "contain_at_iou_75": 0.5,
        "ap_per_iou": {
          "0.50": 0.2955895589558956,
          "0.55": 0.2955895589558956,
          "0.60": 0.2955895589558956,
          "0.65": 0.2955895589558956,
          "0.70": 0.23121062106210616,
          "0.75": 0.23121062106210616,
          "0.80": 0.19456945694569447,
          "0.85": 0.11008958038661,
          "0.90": 0.06930693069306931,
          "0.95": 0.06930693069306931
        },
        "map_50": 0.2955895589558956,
        "map_75": 0.23121062106210616,
        "map_5095": 0.2088052376666238,
        "map_50_existence_only": 0.29480889265397126,
        "map_5095_existence_only": 0.20843296514525397,
        "map_50_score_only": 0.3347477604903341,
        "map_5095_score_only": 0.23123020495326813,
        "precision_50": 0.375,
        "recall_50": 0.375,
        "f1_50": 0.375,
        "existence_acc": 0.7222222222222222,
        "existence_acc_pos": 0.6875,
        "existence_acc_neg": 0.75,
        "existence_auroc": 0.796875,
        "existence_pr_auc": 0.7413312263036527,
        "existence_brier": 0.2179234888086685,
        "existence_f1": 0.375,
        "false_positive_rate": 0.25,
        "false_negative_rate": 0.3125,
        "mean_score_pos": 0.5484656188637018,
        "mean_score_neg": 0.46868435144424436,
        "mean_pred_box_area": 0.019115964309700455,
        "frac_pred_box_too_big": 0.0,
        "mean_existence_prob": 0.5041426925195588,
        "frac_high_existence": 0.0,
        "prototype_norm_mean": 1.9487344092792935,
        "prototype_norm_std": 0.1781549303943453
      },
      "insdet": {
        "n": 64,
        "n_pos": 37,
        "n_neg": 27,
        "iou_mean": 0.0018697046561519037,
        "iou_median": 0.0,
        "iou_p25": 0.0,
        "iou_p75": 0.0,
        "contain_mean": 0.09936229481890395,
        "contain_at_iou_50": 0.0,
        "contain_at_iou_75": 0.0,
        "ap_per_iou": {
          "0.50": 0.0,
          "0.55": 0.0,
          "0.60": 0.0,
          "0.65": 0.0,
          "0.70": 0.0,
          "0.75": 0.0,
          "0.80": 0.0,
          "0.85": 0.0,
          "0.90": 0.0,
          "0.95": 0.0
        },
        "map_50": 0.0,
        "map_75": 0.0,
        "map_5095": 0.0,
        "map_50_existence_only": 0.0,
        "map_5095_existence_only": 0.0,
        "map_50_score_only": 0.0,
        "map_5095_score_only": 0.0,
        "precision_50": 0.0,
        "recall_50": 0.0,
        "f1_50": 0.0,
        "existence_acc": 0.40625,
        "existence_acc_pos": 0.0,
        "existence_acc_neg": 0.9629629629629629,
        "existence_auroc": 0.5555555555555556,
        "existence_pr_auc": 0.620665257249331,
        "existence_brier": 0.26345224882203055,
        "existence_f1": 0.0,
        "false_positive_rate": 0.037037037037037035,
        "false_negative_rate": 1.0,
        "mean_score_pos": 0.43378999346011393,
        "mean_score_neg": 0.42846338506098147,
        "mean_pred_box_area": 0.08468767302656488,
        "frac_pred_box_too_big": 0.078125,
        "mean_existence_prob": 0.4315428305417299,
        "frac_high_existence": 0.0,
        "prototype_norm_mean": 2.0554093290120363,
        "prototype_norm_std": 0.10112726242132926
      }
    },
    "tile_cfg": {
      "mode": "off",
      "levels": [
        1,
        2
      ],
      "overlap": 0.3,
      "for_sources": [
        "insdet"
      ],
      "nms_iou": 0.5,
      "top_k": 100,
      "score_combo": "existence_x_score",
      "edge_score_penalty": 0.5,
      "edge_px": 4,
      "merge_partial_boxes": true,
      "merge_min_score": 0.2
    }
  }
}