{
  "stage": "1_2",
  "epoch": 4,
  "fold": 3,
  "wall_clock_seconds": 705.11,
  "lr": {
    "aggregator": 8.679940933812304e-05,
    "existence_head": 8.679940933812304e-05,
    "class_head": 4.340631157129463e-05,
    "box_head": 4.340631157129463e-05
  },
  "train": {
    "loss": 0.7935429799460596,
    "focal": 0.07041940681876675,
    "l1": 0.023139748782400164,
    "giou": 0.18856501194738573,
    "box_loss": 0.49282877051061197,
    "box_area_penalty": 0.001417946551115282,
    "existence_kl": 0.0,
    "margin": 0.4560169712189705,
    "nt_xent": 0.021445226697852055,
    "grad_norm": 1.618937321247593,
    "n_steps": 62
  },
  "val": {
    "overall": {
      "n": 100,
      "n_pos": 48,
      "n_neg": 52,
      "iou_mean": 0.2655030875466764,
      "iou_median": 0.0,
      "iou_p25": 0.0,
      "iou_p75": 0.7782886028289795,
      "contain_mean": 0.3140209534515937,
      "contain_at_iou_50": 0.3125,
      "contain_at_iou_75": 0.2916666666666667,
      "ap_per_iou": {
        "0.50": 0.1816166940580697,
        "0.55": 0.1816166940580697,
        "0.60": 0.1816166940580697,
        "0.65": 0.1816166940580697,
        "0.70": 0.16278096230675698,
        "0.75": 0.16278096230675698,
        "0.80": 0.11490996468067859,
        "0.85": 0.06785478547854784,
        "0.90": 0.004240924092409241,
        "0.95": 0.0
      },
      "map_50": 0.1816166940580697,
      "map_75": 0.16278096230675698,
      "map_5095": 0.12390343750974284,
      "map_50_existence_only": 0.18419034144100546,
      "map_5095_existence_only": 0.12564919448544,
      "map_50_score_only": 0.1800120140850765,
      "map_5095_score_only": 0.12207776243710007,
      "precision_50": 0.5555555555555556,
      "recall_50": 0.20833333333333334,
      "f1_50": 0.30303030303030304,
      "existence_acc": 0.6,
      "existence_acc_pos": 0.2708333333333333,
      "existence_acc_neg": 0.9038461538461539,
      "existence_auroc": 0.671875,
      "existence_pr_auc": 0.6757461981842572,
      "existence_brier": 0.23587099182675886,
      "existence_f1": 0.30303030303030304,
      "false_positive_rate": 0.09615384615384616,
      "false_negative_rate": 0.7291666666666666,
      "mean_score_pos": 0.4675640693555276,
      "mean_score_neg": 0.4307797419337126,
      "mean_pred_box_area": 0.00910845374368364,
      "frac_pred_box_too_big": 0.0,
      "mean_existence_prob": 0.44843621909618375,
      "frac_high_existence": 0.0,
      "prototype_norm_mean": 2.016103389263153,
      "prototype_norm_std": 0.1756829204997738
    },
    "per_source": {
      "hots": {
        "n": 35,
        "n_pos": 18,
        "n_neg": 17,
        "iou_mean": 0.6526111132568784,
        "iou_median": 0.8396528661251068,
        "iou_p25": 0.7111797034740448,
        "iou_p75": 0.8580304235219955,
        "contain_mean": 0.7211716009510888,
        "contain_at_iou_50": 0.7777777777777778,
        "contain_at_iou_75": 0.7222222222222222,
        "ap_per_iou": {
          "0.50": 0.5020067357612958,
          "0.55": 0.5020067357612958,
          "0.60": 0.5020067357612958,
          "0.65": 0.5020067357612958,
          "0.70": 0.4517659660702916,
          "0.75": 0.4517659660702916,
          "0.80": 0.33382838283828364,
          "0.85": 0.18211404473780718,
          "0.90": 0.011826182618261823,
          "0.95": 0.0
        },
        "map_50": 0.5020067357612958,
        "map_75": 0.4517659660702916,
        "map_5095": 0.3439327485380119,
        "map_50_existence_only": 0.5001163577896253,
        "map_5095_existence_only": 0.3431118304138107,
        "map_50_score_only": 0.5149190431863703,
        "map_5095_score_only": 0.3514663338128686,
        "precision_50": 0.5555555555555556,
        "recall_50": 0.5555555555555556,
        "f1_50": 0.5555555555555556,
        "existence_acc": 0.7142857142857143,
        "existence_acc_pos": 0.7222222222222222,
        "existence_acc_neg": 0.7058823529411765,
        "existence_auroc": 0.8300653594771242,
        "existence_pr_auc": 0.8445251072062666,
        "existence_brier": 0.21337886693309963,
        "existence_f1": 0.5555555555555556,
        "false_positive_rate": 0.29411764705882354,
        "false_negative_rate": 0.2777777777777778,
        "mean_score_pos": 0.5364836189481947,
        "mean_score_neg": 0.451049127999474,
        "mean_pred_box_area": 0.013133991314264546,
        "frac_pred_box_too_big": 0.0,
        "mean_existence_prob": 0.49498686620167326,
        "frac_high_existence": 0.0,
        "prototype_norm_mean": 1.8185151066098895,
        "prototype_norm_std": 0.1292644093761341
      },
      "insdet": {
        "n": 65,
        "n_pos": 30,
        "n_neg": 35,
        "iou_mean": 0.03323827212055524,
        "iou_median": 0.0,
        "iou_p25": 0.0,
        "iou_p75": 0.0,
        "contain_mean": 0.06973056495189667,
        "contain_at_iou_50": 0.03333333333333333,
        "contain_at_iou_75": 0.03333333333333333,
        "ap_per_iou": {
          "0.50": 0.0014668133480014668,
          "0.55": 0.0014668133480014668,
          "0.60": 0.0014668133480014668,
          "0.65": 0.0014668133480014668,
          "0.70": 0.0014668133480014668,
          "0.75": 0.0014668133480014668,
          "0.80": 0.0,
          "0.85": 0.0,
          "0.90": 0.0,
          "0.95": 0.0
        },
        "map_50": 0.0014668133480014668,
        "map_75": 0.0014668133480014668,
        "map_5095": 0.0008800880088008801,
        "map_50_existence_only": 0.00165016501650165,
        "map_5095_existence_only": 0.00099009900990099,
        "map_50_score_only": 0.0019801980198019802,
        "map_5095_score_only": 0.001188118811881188,
        "precision_50": 0.0,
        "recall_50": 0.0,
        "f1_50": 0.0,
        "existence_acc": 0.5384615384615384,
        "existence_acc_pos": 0.0,
        "existence_acc_neg": 1.0,
        "existence_auroc": 0.5523809523809524,
        "existence_pr_auc": 0.49012585687686405,
        "existence_brier": 0.2479821360002677,
        "existence_f1": 0.0,
        "false_positive_rate": 0.0,
        "false_negative_rate": 1.0,
        "mean_score_pos": 0.42621233959992727,
        "mean_score_neg": 0.4209346115589142,
        "mean_pred_box_area": 0.006940856590293921,
        "frac_pred_box_too_big": 0.0,
        "mean_existence_prob": 0.42337048603938177,
        "frac_high_existence": 0.0,
        "prototype_norm_mean": 2.122497079922603,
        "prototype_norm_std": 0.07758603376424543
      }
    },
    "tile_cfg": {
      "mode": "off",
      "levels": [
        1,
        2
      ],
      "overlap": 0.3,
      "for_sources": [
        "insdet"
      ],
      "nms_iou": 0.5,
      "top_k": 100,
      "score_combo": "existence_x_score",
      "edge_score_penalty": 0.5,
      "edge_px": 4,
      "merge_partial_boxes": true,
      "merge_min_score": 0.2
    }
  }
}