{
  "stage": "1_2",
  "epoch": 4,
  "fold": 2,
  "wall_clock_seconds": 703.43,
  "lr": {
    "aggregator": 8.816604920658043e-05,
    "existence_head": 8.816604920658043e-05,
    "class_head": 4.408894750158516e-05,
    "box_head": 4.408894750158516e-05
  },
  "train": {
    "loss": 0.4546454058539483,
    "focal": 0.07588034003011641,
    "l1": 0.004108888217278065,
    "giou": 0.05787719065143216,
    "box_loss": 0.1362988232604919,
    "box_area_penalty": 0.0009105293861319942,
    "existence_kl": 0.0,
    "margin": 0.4771231989706716,
    "nt_xent": 0.03813594035173376,
    "grad_norm": 1.5071222147633951,
    "n_steps": 62
  },
  "val": {
    "overall": {
      "n": 100,
      "n_pos": 59,
      "n_neg": 41,
      "iou_mean": 0.2575373776588526,
      "iou_median": 0.0,
      "iou_p25": 0.0,
      "iou_p75": 0.7756302952766418,
      "contain_mean": 0.3819483321602062,
      "contain_at_iou_50": 0.3050847457627119,
      "contain_at_iou_75": 0.288135593220339,
      "ap_per_iou": {
        "0.50": 0.25413792263790735,
        "0.55": 0.25413792263790735,
        "0.60": 0.25413792263790735,
        "0.65": 0.25413792263790735,
        "0.70": 0.25413792263790735,
        "0.75": 0.2489191024365595,
        "0.80": 0.19492449244924495,
        "0.85": 0.06845827439886844,
        "0.90": 0.030198019801980197,
        "0.95": 0.0
      },
      "map_50": 0.25413792263790735,
      "map_75": 0.2489191024365595,
      "map_5095": 0.18131895022761899,
      "map_50_existence_only": 0.25450297045967024,
      "map_5095_existence_only": 0.18161287658309272,
      "map_50_score_only": 0.25852585258525856,
      "map_5095_score_only": 0.18306526132254358,
      "precision_50": 0.6818181818181818,
      "recall_50": 0.2542372881355932,
      "f1_50": 0.37037037037037035,
      "existence_acc": 0.59,
      "existence_acc_pos": 0.3389830508474576,
      "existence_acc_neg": 0.9512195121951219,
      "existence_auroc": 0.7085572550640761,
      "existence_pr_auc": 0.805300527341703,
      "existence_brier": 0.23537892701944965,
      "existence_f1": 0.37037037037037035,
      "false_positive_rate": 0.04878048780487805,
      "false_negative_rate": 0.6610169491525424,
      "mean_score_pos": 0.4905324967230781,
      "mean_score_neg": 0.4359486997127533,
      "mean_pred_box_area": 0.1110670381935779,
      "frac_pred_box_too_big": 0.11,
      "mean_existence_prob": 0.4681531399488449,
      "frac_high_existence": 0.0,
      "prototype_norm_mean": 2.0040712404251098,
      "prototype_norm_std": 0.1565170719065859
    },
    "per_source": {
      "hots": {
        "n": 35,
        "n_pos": 25,
        "n_neg": 10,
        "iou_mean": 0.5450341724604368,
        "iou_median": 0.8132115602493286,
        "iou_p25": 0.0,
        "iou_p75": 0.8492029905319214,
        "contain_mean": 0.6371731048822403,
        "contain_at_iou_50": 0.64,
        "contain_at_iou_75": 0.64,
        "ap_per_iou": {
          "0.50": 0.5744753422710689,
          "0.55": 0.5744753422710689,
          "0.60": 0.5744753422710689,
          "0.65": 0.5744753422710689,
          "0.70": 0.5744753422710689,
          "0.75": 0.5744753422710689,
          "0.80": 0.4610261026102613,
          "0.85": 0.15671852899575672,
          "0.90": 0.07029702970297032,
          "0.95": 0.0
        },
        "map_50": 0.5744753422710689,
        "map_75": 0.5744753422710689,
        "map_5095": 0.41348937149354015,
        "map_50_existence_only": 0.5748510320139564,
        "map_5095_existence_only": 0.4138842370670541,
        "map_50_score_only": 0.6036670333700034,
        "map_5095_score_only": 0.4310982145833629,
        "precision_50": 0.6818181818181818,
        "recall_50": 0.6,
        "f1_50": 0.6382978723404256,
        "existence_acc": 0.8,
        "existence_acc_pos": 0.8,
        "existence_acc_neg": 0.8,
        "existence_auroc": 0.872,
        "existence_pr_auc": 0.9411333246239237,
        "existence_brier": 0.20062037262106255,
        "existence_f1": 0.6382978723404256,
        "false_positive_rate": 0.2,
        "false_negative_rate": 0.2,
        "mean_score_pos": 0.5663286638259888,
        "mean_score_neg": 0.4679476648569107,
        "mean_pred_box_area": 0.03941219222864934,
        "frac_pred_box_too_big": 0.0,
        "mean_existence_prob": 0.5382198069776808,
        "frac_high_existence": 0.0,
        "prototype_norm_mean": 1.9195297922406878,
        "prototype_norm_std": 0.11729886162365984
      },
      "insdet": {
        "n": 65,
        "n_pos": 34,
        "n_neg": 31,
        "iou_mean": 0.04614267559886417,
        "iou_median": 0.0,
        "iou_p25": 0.0,
        "iou_p75": 0.002103390928823501,
        "contain_mean": 0.19428305809988694,
        "contain_at_iou_50": 0.058823529411764705,
        "contain_at_iou_75": 0.029411764705882353,
        "ap_per_iou": {
          "0.50": 0.002352941176470588,
          "0.55": 0.002352941176470588,
          "0.60": 0.002352941176470588,
          "0.65": 0.002352941176470588,
          "0.70": 0.002352941176470588,
          "0.75": 0.0005824111822947001,
          "0.80": 0.0,
          "0.85": 0.0,
          "0.90": 0.0,
          "0.95": 0.0
        },
        "map_50": 0.002352941176470588,
        "map_75": 0.0005824111822947001,
        "map_5095": 0.0012347117064647642,
        "map_50_existence_only": 0.0023762376237623766,
        "map_5095_existence_only": 0.0012475247524752478,
        "map_50_score_only": 0.002626793291574055,
        "map_5095_score_only": 0.0013740149525156595,
        "precision_50": 0.0,
        "recall_50": 0.0,
        "f1_50": 0.0,
        "existence_acc": 0.47692307692307695,
        "existence_acc_pos": 0.0,
        "existence_acc_neg": 1.0,
        "existence_auroc": 0.603415559772296,
        "existence_pr_auc": 0.6231631871805178,
        "existence_brier": 0.2540950716955042,
        "existence_f1": 0.0,
        "false_positive_rate": 0.0,
        "false_negative_rate": 1.0,
        "mean_score_pos": 0.43480002091211434,
        "mean_score_neg": 0.42562645289205736,
        "mean_pred_box_area": 0.1496504167900779,
        "frac_pred_box_too_big": 0.16923076923076924,
        "mean_existence_prob": 0.4304249346256256,
        "frac_high_existence": 0.0,
        "prototype_norm_mean": 2.0495935586782603,
        "prototype_norm_std": 0.156754322864064
      }
    },
    "tile_cfg": {
      "mode": "off",
      "levels": [
        1,
        2
      ],
      "overlap": 0.3,
      "for_sources": [
        "insdet"
      ],
      "nms_iou": 0.5,
      "top_k": 100,
      "score_combo": "existence_x_score",
      "edge_score_penalty": 0.5,
      "edge_px": 4,
      "merge_partial_boxes": true,
      "merge_min_score": 0.2
    }
  }
}