{
  "stage": "L2",
  "epoch": 6,
  "fold": 0,
  "wall_clock_seconds": 388.42,
  "lr": {
    "fusion": 6.313271063588686e-05,
    "class_head": 3.15848074147223e-05,
    "box_head": 3.15848074147223e-05
  },
  "train": {
    "loss": 4.868487421035766,
    "patch_ce": 2.7563095703125,
    "l1": 0.04659352721646428,
    "giou": 0.9396051042079926,
    "grad_norm": 10.152530364990234,
    "n_steps": 250,
    "alpha": 0.04428020119667053
  },
  "val": {
    "overall": {
      "n": 100,
      "n_pos": 100,
      "iou_mean": 0.37583886612206696,
      "iou_median": 0.29843778908252716,
      "iou_p25": 0.0,
      "iou_p75": 0.7790236622095108,
      "iou_std": 0.37874751939246676,
      "frac_iou_25": 0.53,
      "frac_iou_50": 0.41,
      "frac_iou_75": 0.27,
      "frac_iou_90": 0.08,
      "containment_mean": 0.4550963916629553,
      "containment_median": 0.36962874233722687,
      "containment_p25": 0.0,
      "containment_p75": 0.9568448662757874,
      "containment_std": 0.4405121994859352,
      "frac_containment_50": 0.46,
      "frac_containment_75": 0.4,
      "frac_containment_90": 0.32,
      "frac_containment_full": 0.11,
      "contain_at_iou_50": 0.41,
      "contain_at_iou_75": 0.27,
      "high_contain_high_iou": 0.3,
      "ap_per_iou": {
        "0.50": 0.26728922038069575,
        "0.55": 0.24680030608150838,
        "0.60": 0.24680030608150838,
        "0.65": 0.2174379215229294,
        "0.70": 0.19683454684104237,
        "0.75": 0.15177961483699404,
        "0.80": 0.13257672112990912,
        "0.85": 0.08620849802309262,
        "0.90": 0.01185118511851185,
        "0.95": 0.000825082508250825
      },
      "map_50": 0.26728922038069575,
      "map_75": 0.15177961483699404,
      "map_5095": 0.15584034025244425,
      "map_50_containment": 0.31462668943996475,
      "map_90_containment": 0.2034094156276306,
      "mean_pred_box_area": 0.00381108298666266,
      "std_pred_box_area": 0.005619347917201901,
      "frac_pred_box_too_big": 0.0,
      "frac_pred_box_too_small": 0.76,
      "mean_gt_box_area": 0.004966400214098394,
      "pred_to_gt_area_ratio_mean": 1.4284676047962563,
      "pred_to_gt_area_ratio_median": 1.0483130254301984,
      "log_area_ratio_mean": 0.0644594382123551,
      "log_area_ratio_std": 0.7072277123179189,
      "center_distance_mean": 0.11417540415568342,
      "center_distance_median": 0.01470849004867238,
      "score_mean": 0.7388233733177185,
      "score_std": 0.21551563089731438,
      "score_p25": 0.5750382393598557,
      "score_p75": 0.9197252839803696,
      "score_iou_correlation": 0.19219901939249096
    },
    "per_source": {
      "hots": {
        "n": 39,
        "n_pos": 39,
        "iou_mean": 0.46016333118463176,
        "iou_median": 0.46817389130592346,
        "iou_p25": 0.0,
        "iou_p75": 0.8423808217048645,
        "iou_std": 0.3892478667532005,
        "frac_iou_25": 0.6410256410256411,
        "frac_iou_50": 0.48717948717948717,
        "frac_iou_75": 0.38461538461538464,
        "frac_iou_90": 0.10256410256410256,
        "containment_mean": 0.5040334310287085,
        "containment_median": 0.6054238080978394,
        "containment_p25": 0.0,
        "containment_p75": 0.9385263621807098,
        "containment_std": 0.426596705584013,
        "frac_containment_50": 0.5128205128205128,
        "frac_containment_75": 0.41025641025641024,
        "frac_containment_90": 0.3333333333333333,
        "frac_containment_full": 0.05128205128205128,
        "contain_at_iou_50": 0.48717948717948717,
        "contain_at_iou_75": 0.38461538461538464,
        "high_contain_high_iou": 0.3333333333333333,
        "ap_per_iou": {
          "0.50": 0.3491749174917494,
          "0.55": 0.3491749174917494,
          "0.60": 0.3491749174917494,
          "0.65": 0.3191654879773691,
          "0.70": 0.3191654879773691,
          "0.75": 0.2681393349418977,
          "0.80": 0.23060773433516593,
          "0.85": 0.1277116787308983,
          "0.90": 0.01933605125218404,
          "0.95": 0.0019801980198019802
        },
        "map_50": 0.3491749174917494,
        "map_75": 0.2681393349418977,
        "map_5095": 0.23336307257099342,
        "map_50_containment": 0.3698019801980202,
        "map_90_containment": 0.23060773433516593,
        "mean_pred_box_area": 0.007858626200834702,
        "std_pred_box_area": 0.00726876577532697,
        "frac_pred_box_too_big": 0.0,
        "frac_pred_box_too_small": 0.41025641025641024,
        "mean_gt_box_area": 0.010895620421625864,
        "pred_to_gt_area_ratio_mean": 0.9201236776870377,
        "pred_to_gt_area_ratio_median": 0.94402234563525,
        "log_area_ratio_mean": -0.26275542109616407,
        "log_area_ratio_std": 0.6212376072365126,
        "center_distance_mean": 0.1590007449288837,
        "center_distance_median": 0.013814607153452348,
        "score_mean": 0.7681401287898039,
        "score_std": 0.23438552460235426,
        "score_p25": 0.5811222791671753,
        "score_p75": 0.9505163729190826,
        "score_iou_correlation": 0.2668918693770523
      },
      "insdet": {
        "n": 61,
        "n_pos": 61,
        "iou_mean": 0.3219265032132141,
        "iou_median": 0.1451290100812912,
        "iou_p25": 0.0,
        "iou_p75": 0.6924322843551636,
        "iou_std": 0.3649058617771873,
        "frac_iou_25": 0.45901639344262296,
        "frac_iou_50": 0.36065573770491804,
        "frac_iou_75": 0.19672131147540983,
        "frac_iou_90": 0.06557377049180328,
        "containment_mean": 0.4238087763307524,
        "containment_median": 0.19299547374248505,
        "containment_p25": 0.0,
        "containment_p75": 0.961997389793396,
        "containment_std": 0.4498613859698968,
        "frac_containment_50": 0.4262295081967213,
        "frac_containment_75": 0.39344262295081966,
        "frac_containment_90": 0.3114754098360656,
        "frac_containment_full": 0.14754098360655737,
        "contain_at_iou_50": 0.36065573770491804,
        "contain_at_iou_75": 0.19672131147540983,
        "high_contain_high_iou": 0.2786885245901639,
        "ap_per_iou": {
          "0.50": 0.21664061142956406,
          "0.55": 0.17678399418889246,
          "0.60": 0.17678399418889246,
          "0.65": 0.14767081971355034,
          "0.70": 0.115915877302016,
          "0.75": 0.07036152594851316,
          "0.80": 0.06060272693936059,
          "0.85": 0.05229951566585231,
          "0.90": 0.010641880514582069,
          "0.95": 0.0
        },
        "map_50": 0.21664061142956406,
        "map_75": 0.07036152594851316,
        "map_5095": 0.10277009458912234,
        "map_50_containment": 0.2851671672675223,
        "map_90_containment": 0.18321030964036128,
        "mean_pred_box_area": 0.0012233094562903713,
        "std_pred_box_area": 0.001087728421258998,
        "frac_pred_box_too_big": 0.0,
        "frac_pred_box_too_small": 0.9836065573770492,
        "mean_gt_box_area": 0.0011755872945316502,
        "pred_to_gt_area_ratio_mean": 1.7534743778660844,
        "pred_to_gt_area_ratio_median": 1.1733866171508656,
        "log_area_ratio_mean": 0.2736623810489493,
        "log_area_ratio_std": 0.6832023524396565,
        "center_distance_mean": 0.08551657972691604,
        "center_distance_median": 0.0164554618435292,
        "score_mean": 0.7200798739175327,
        "score_std": 0.20230801815739796,
        "score_p25": 0.5686033964157104,
        "score_p75": 0.8844387531280518,
        "score_iou_correlation": 0.1060675634617294
      }
    },
    "per_k": {
      "k1": {
        "n": 34,
        "n_pos": 34,
        "iou_mean": 0.4094521885409075,
        "iou_median": 0.5190723985433578,
        "iou_p25": 0.0,
        "iou_p75": 0.7793063372373581,
        "iou_std": 0.3923048988502647,
        "frac_iou_25": 0.5588235294117647,
        "frac_iou_50": 0.5,
        "frac_iou_75": 0.29411764705882354,
        "frac_iou_90": 0.11764705882352941,
        "containment_mean": 0.5068211774615681,