{
  "stage": "L2",
  "epoch": 6,
  "fold": 1,
  "wall_clock_seconds": 391.29,
  "lr": {
    "fusion": 5.865898401676382e-05,
    "class_head": 2.9350183207572758e-05,
    "box_head": 2.9350183207572758e-05
  },
  "train": {
    "loss": 4.862415246009826,
    "patch_ce": 2.717120361328125,
    "l1": 0.04741078327782452,
    "giou": 0.954120488166809,
    "grad_norm": 10.591200393676758,
    "n_steps": 250,
    "alpha": 0.044606469571590424
  },
  "val": {
    "overall": {
      "n": 100,
      "n_pos": 100,
      "iou_mean": 0.4172050671186298,
      "iou_median": 0.46658967435359955,
      "iou_p25": 0.0,
      "iou_p75": 0.8282730132341385,
      "iou_std": 0.3875855674695227,
      "frac_iou_25": 0.55,
      "frac_iou_50": 0.46,
      "frac_iou_75": 0.37,
      "frac_iou_90": 0.05,
      "containment_mean": 0.4825003890087828,
      "containment_median": 0.5551541745662689,
      "containment_p25": 0.0,
      "containment_p75": 0.9182096719741821,
      "containment_std": 0.4405822693286237,
      "frac_containment_50": 0.52,
      "frac_containment_75": 0.45,
      "frac_containment_90": 0.33,
      "frac_containment_full": 0.06,
      "contain_at_iou_50": 0.46,
      "contain_at_iou_75": 0.37,
      "high_contain_high_iou": 0.32,
      "ap_per_iou": {
        "0.50": 0.2864614108214063,
        "0.55": 0.2790799846446127,
        "0.60": 0.27334443734142067,
        "0.65": 0.23636664562555051,
        "0.70": 0.21237243903914993,
        "0.75": 0.21237243903914993,
        "0.80": 0.13204394566437785,
        "0.85": 0.062454752130771465,
        "0.90": 0.008027829810008028,
        "0.95": 0.0017472335468841
      },
      "map_50": 0.2864614108214063,
      "map_75": 0.21237243903914993,
      "map_5095": 0.17042711176633313,
      "map_50_containment": 0.33385145559261326,
      "map_90_containment": 0.18379324558973772,
      "mean_pred_box_area": 0.006605215433054725,
      "std_pred_box_area": 0.021362288528374657,
      "frac_pred_box_too_big": 0.0,
      "frac_pred_box_too_small": 0.72,
      "mean_gt_box_area": 0.008361820565635572,
      "pred_to_gt_area_ratio_mean": 1.3573885184790542,
      "pred_to_gt_area_ratio_median": 1.0054301120855296,
      "log_area_ratio_mean": -0.09554777344190392,
      "log_area_ratio_std": 0.774901730918828,
      "center_distance_mean": 0.12295662167325348,
      "center_distance_median": 0.013712598922883918,
      "score_mean": 0.7580305257439613,
      "score_std": 0.20614425438589787,
      "score_p25": 0.6261613070964813,
      "score_p75": 0.9374911040067673,
      "score_iou_correlation": 0.3675097336755843
    },
    "per_source": {
      "hots": {
        "n": 36,
        "n_pos": 36,
        "iou_mean": 0.4836551331811481,
        "iou_median": 0.6284641176462173,
        "iou_p25": 0.0,
        "iou_p75": 0.8877192586660385,
        "iou_std": 0.41226912240547037,
        "frac_iou_25": 0.5555555555555556,
        "frac_iou_50": 0.5,
        "frac_iou_75": 0.5,
        "frac_iou_90": 0.1388888888888889,
        "containment_mean": 0.518818630112542,
        "containment_median": 0.718562126159668,
        "containment_p25": 0.0,
        "containment_p75": 0.9396812915802002,
        "containment_std": 0.4439488780119314,
        "frac_containment_50": 0.5277777777777778,
        "frac_containment_75": 0.5,
        "frac_containment_90": 0.4166666666666667,
        "frac_containment_full": 0.08333333333333333,
        "contain_at_iou_50": 0.5,
        "contain_at_iou_75": 0.5,
        "high_contain_high_iou": 0.4166666666666667,
        "ap_per_iou": {
          "0.50": 0.30884023629538465,
          "0.55": 0.30884023629538465,
          "0.60": 0.30884023629538465,
          "0.65": 0.30884023629538465,
          "0.70": 0.30884023629538465,
          "0.75": 0.30884023629538465,
          "0.80": 0.24693179440302201,
          "0.85": 0.14734038921133488,
          "0.90": 0.02887788778877888,
          "0.95": 0.005657708628005657
        },
        "map_50": 0.30884023629538465,
        "map_75": 0.30884023629538465,
        "map_5095": 0.22818491978034494,
        "map_50_containment": 0.31990604875898393,
        "map_90_containment": 0.2144490578090066,
        "mean_pred_box_area": 0.016316763141703133,
        "std_pred_box_area": 0.0337323728746607,
        "frac_pred_box_too_big": 0.0,
        "frac_pred_box_too_small": 0.25,
        "mean_gt_box_area": 0.0208460154273295,
        "pred_to_gt_area_ratio_mean": 0.8860013654573444,
        "pred_to_gt_area_ratio_median": 0.9494551831083987,
        "log_area_ratio_mean": -0.3033753800937458,
        "log_area_ratio_std": 0.676642242487504,
        "center_distance_mean": 0.13222902547011423,
        "center_distance_median": 0.025033043481391723,
        "score_mean": 0.8585707719127337,
        "score_std": 0.18691741759892902,
        "score_p25": 0.8299953937530518,
        "score_p75": 0.9778956174850464,
        "score_iou_correlation": 0.3059995821749496
      },
      "insdet": {
        "n": 64,
        "n_pos": 64,
        "iou_mean": 0.3798269049584633,
        "iou_median": 0.3945811688899994,
        "iou_p25": 0.0,
        "iou_p75": 0.7860529869794846,
        "iou_std": 0.3710742123900935,
        "frac_iou_25": 0.546875,
        "frac_iou_50": 0.4375,
        "frac_iou_75": 0.296875,
        "frac_iou_90": 0.0,
        "containment_mean": 0.46207137838791823,
        "containment_median": 0.523834764957428,
        "containment_p25": 0.0,
        "containment_p75": 0.9163293540477753,
        "containment_std": 0.4408648620505468,
        "frac_containment_50": 0.515625,
        "frac_containment_75": 0.421875,
        "frac_containment_90": 0.28125,
        "frac_containment_full": 0.046875,
        "contain_at_iou_50": 0.4375,
        "contain_at_iou_75": 0.296875,
        "high_contain_high_iou": 0.265625,
        "ap_per_iou": {
          "0.50": 0.2719662499366899,
          "0.55": 0.2619022685508031,
          "0.60": 0.25088090388278206,
          "0.65": 0.1956076757175934,
          "0.70": 0.15544343499744886,
          "0.75": 0.15544343499744886,
          "0.80": 0.06361745198798395,
          "0.85": 0.01817592327527867,
          "0.90": 0.0,
          "0.95": 0.0
        },
        "map_50": 0.2719662499366899,
        "map_75": 0.15544343499744886,
        "map_5095": 0.13730373433460288,
        "map_50_containment": 0.35368146327280187,
        "map_90_containment": 0.16929963343015478,
        "mean_pred_box_area": 0.0011424698469399946,
        "std_pred_box_area": 0.0008698112947779579,
        "frac_pred_box_too_big": 0.0,
        "frac_pred_box_too_small": 0.984375,
        "mean_gt_box_area": 0.0013394609559327364,
        "pred_to_gt_area_ratio_mean": 1.6225437920537655,
        "pred_to_gt_area_ratio_median": 1.0530631404144026,
        "log_area_ratio_mean": 0.02135525529975716,
        "log_area_ratio_std": 0.8066456465875755,
        "center_distance_mean": 0.11774089453751932,
        "center_distance_median": 0.011229060919328909,
        "score_mean": 0.7014766372740269,
        "score_std": 0.19581419302993505,
        "score_p25": 0.589808389544487,
        "score_p75": 0.8877293318510056,
        "score_iou_correlation": 0.37264943713730064
      }
    },
    "per_k": {
      "k1": {
        "n": 34,
        "n_pos": 34,
        "iou_mean": 0.3867500034325263,
        "iou_median": 0.2658589109778404,
        "iou_p25": 0.0,
        "iou_p75": 0.8175825625658035,
        "iou_std": 0.39374633697897665,
        "frac_iou_25": 0.5,
        "frac_iou_50": 0.38235294117647056,
        "frac_iou_75": 0.35294117647058826,
        "frac_iou_90": 0.08823529411764706,
        "containment_mean": 0.45066655602525263,
        "containment_median": 0.38640298694372177,
        "containment_p25": 0.0,
        "containment_p75": 0.9291132837533951,
        "containment_std": 0.4450596092927464,
        "frac_containment_50": 0.5,
        "frac_containment_75": 0.4117647058823529,