{
  "stage": "S1",
  "epoch": 10,
  "fold": 1,
  "wall_clock_seconds": 254.38,
  "lr": {
    "head": 3.134357874891196e-06
  },
  "train": {
    "loss": 0.0815270097926259,
    "focal": 0.04906935401260853,
    "variance": 0.005483713150024414,
    "decorrelation": 0.6381856071949005,
    "grad_norm": 0.2583663734793663,
    "n_steps": 100,
    "grad_steps": 50,
    "grad_nan_steps": 0
  },
  "val": {
    "overall": {
      "n": 200,
      "n_pos": 48,
      "n_neg": 152,
      "threshold": 0.5,
      "tp": 0,
      "fp": 0,
      "fn": 48,
      "tn": 152,
      "accuracy": 0.76,
      "acc_pos": 0.0,
      "acc_neg": 1.0,
      "precision": 0.0,
      "recall": 0.0,
      "f1": 0.0,
      "fpr": 0.0,
      "fnr": 1.0,
      "tpr": 0.0,
      "tnr": 1.0,
      "youden_j": 0.0,
      "mcc": 0.0,
      "auroc": 0.7261513157894737,
      "pr_auc": 0.4210137890238174,
      "avg_precision": 0.44988005250956403,
      "brier": 0.16752172033129817,
      "best_f1": 0.5379310344827587,
      "best_f1_threshold": 0.3144693672657013,
      "fpr_at_recall_95": 0.5723684210526315,
      "recall_at_fpr_05": 0.125,
      "recall_at_fpr_10": 0.1875,
      "mean_score_pos": 0.33678016780565184,
      "mean_score_neg": 0.2716192671735036,
      "std_score_pos": 0.05030661287824717,
      "std_score_neg": 0.08370495212113424,
      "score_gap": 0.06516090063214824,
      "median_score_pos": 0.33246324956417084,
      "median_score_neg": 0.285982608795166,
      "frac_high_score": 0.0,
      "frac_low_score": 0.01,
      "frac_uncertain": 0.04
    },
    "per_source": {
      "hots": {
        "n": 65,
        "n_pos": 15,
        "n_neg": 50,
        "threshold": 0.5,
        "tp": 0,
        "fp": 0,
        "fn": 15,
        "tn": 50,
        "accuracy": 0.7692307692307693,
        "acc_pos": 0.0,
        "acc_neg": 1.0,
        "precision": 0.0,
        "recall": 0.0,
        "f1": 0.0,
        "fpr": 0.0,
        "fnr": 1.0,
        "tpr": 0.0,
        "tnr": 1.0,
        "youden_j": 0.0,
        "mcc": 0.0,
        "auroc": 0.7386666666666667,
        "pr_auc": 0.34714385942848724,
        "avg_precision": 0.46108245278309334,
        "brier": 0.17067752452755233,
        "best_f1": 0.6122448979591837,
        "best_f1_threshold": 0.3176853358745575,
        "fpr_at_recall_95": 0.38,
        "recall_at_fpr_05": 0.0,
        "recall_at_fpr_10": 0.0,
        "mean_score_pos": 0.33706297477086383,
        "mean_score_neg": 0.2937790217995644,
        "std_score_pos": 0.013422595335987907,
        "std_score_neg": 0.061266996076367486,
        "score_gap": 0.043283952971299444,
        "median_score_pos": 0.33443036675453186,
        "median_score_neg": 0.30285099148750305,
        "frac_high_score": 0.0,
        "frac_low_score": 0.0,
        "frac_uncertain": 0.015384615384615385
      },
      "insdet": {
        "n": 135,
        "n_pos": 33,
        "n_neg": 102,
        "threshold": 0.5,
        "tp": 0,
        "fp": 0,
        "fn": 33,
        "tn": 102,
        "accuracy": 0.7555555555555555,
        "acc_pos": 0.0,
        "acc_neg": 1.0,
        "precision": 0.0,
        "recall": 0.0,
        "f1": 0.0,
        "fpr": 0.0,
        "fnr": 1.0,
        "tpr": 0.0,
        "tnr": 1.0,
        "youden_j": 0.0,
        "mcc": 0.0,
        "auroc": 0.7281639928698752,
        "pr_auc": 0.45879946798085625,
        "avg_precision": 0.4720079204028281,
        "brier": 0.16600225905162022,
        "best_f1": 0.5299145299145299,
        "best_f1_threshold": 0.25894978642463684,
        "fpr_at_recall_95": 0.5686274509803921,
        "recall_at_fpr_05": 0.15151515151515152,
        "recall_at_fpr_10": 0.2727272727272727,
        "mean_score_pos": 0.3366516191851009,
        "mean_score_neg": 0.2607566423568071,
        "std_score_pos": 0.060317241817514765,
        "std_score_neg": 0.09105908122164472,
        "score_gap": 0.07589497682829377,
        "median_score_pos": 0.3320450782775879,
        "median_score_neg": 0.2725355327129364,
        "frac_high_score": 0.0,
        "frac_low_score": 0.014814814814814815,
        "frac_uncertain": 0.05185185185185185
      }
    },
    "per_k": {
      "k1": {
        "n": 67,
        "n_pos": 15,
        "n_neg": 52,
        "threshold": 0.5,
        "tp": 0,
        "fp": 0,
        "fn": 15,
        "tn": 52,
        "accuracy": 0.7761194029850746,
        "acc_pos": 0.0,
        "acc_neg": 1.0,
        "precision": 0.0,
        "recall": 0.0,
        "f1": 0.0,
        "fpr": 0.0,
        "fnr": 1.0,
        "tpr": 0.0,
        "tnr": 1.0,
        "youden_j": 0.0,
        "mcc": 0.0,
        "auroc": 0.7794871794871795,
        "pr_auc": 0.41159155381653906,
        "avg_precision": 0.45367663317200296,
        "brier": 0.16010852714220164,
        "best_f1": 0.608695652173913,
        "best_f1_threshold": 0.3103683590888977,
        "fpr_at_recall_95": 0.46153846153846156,
        "recall_at_fpr_05": 0.13333333333333333,
        "recall_at_fpr_10": 0.13333333333333333,
        "mean_score_pos": 0.3375209391117096,
        "mean_score_neg": 0.27219880716158795,
        "std_score_pos": 0.03436179076394531,
        "std_score_neg": 0.07340053390346796,
        "score_gap": 0.06532213195012165,
        "median_score_pos": 0.3312169015407562,
        "median_score_neg": 0.27949921786785126,
        "frac_high_score": 0.0,
        "frac_low_score": 0.0,
        "frac_uncertain": 0.029850746268656716
      },
      "k4": {
        "n": 67,
        "n_pos": 19,
        "n_neg": 48,
        "threshold": 0.5,
        "tp": 0,
        "fp": 0,
        "fn": 19,
        "tn": 48,
        "accuracy": 0.7164179104477612,
        "acc_pos": 0.0,
        "acc_neg": 1.0,
        "precision": 0.0,
        "recall": 0.0,
        "f1": 0.0,
        "fpr": 0.0,
        "fnr": 1.0,
        "tpr": 0.0,
        "tnr": 1.0,
        "youden_j": 0.0,
        "mcc": 0.0,
        "auroc": 0.7489035087719298,
        "pr_auc": 0.5499375158535269,
        "avg_precision": 0.5588711108258256,
        "brier": 0.18056876401290245,
        "best_f1": 0.5757575757575757,
        "best_f1_threshold": 0.24250264465808868,
        "fpr_at_recall_95": 0.5833333333333334,
        "recall_at_fpr_05": 0.21052631578947367,
        "recall_at_fpr_10": 0.3157894736842105,
        "mean_score_pos": 0.3419029751890584,
        "mean_score_neg": 0.26789541604618233,
        "std_score_pos": 0.058136930844556706,
        "std_score_neg": 0.08796335836211017,
        "score_gap": 0.07400755914287604,
        "median_score_pos": 0.33392396569252014,
        "median_score_neg": 0.29938986897468567,
        "frac_high_score": 0.0,
        "frac_low_score": 0.029850746268656716,
        "frac_uncertain": 0.04477611940298507
      },
      "k10": {
        "n": 66,
        "n_pos": 14,
        "n_neg": 52,
        "threshold": 0.5,
        "tp": 0,
        "fp": 0,
        "fn": 14,
        "tn": 52,
        "accuracy": 0.7878787878787878,
        "acc_pos": 0.0,
        "acc_neg": 1.0,
        "precision": 0.0,
        "recall": 0.0,
        "f1": 0.0,
        "fpr": 0.0,
        "fnr": 1.0,
        "tpr": 0.0,
        "tnr": 1.0,
        "youden_j": 0.0,
        "mcc": 0.0,
        "auroc": 0.6758241758241759,
        "pr_auc": 0.35497044900176494,
        "avg_precision": 0.39472435570931397,
        "brier": 0.16180250846769179,
        "best_f1": 0.48888888888888893,
        "best_f1_threshold": 0.3145013749599457,
        "fpr_at_recall_95": 0.7884615384615384,
        "recall_at_fpr_05": 0.07142857142857142,
        "recall_at_fpr_10": 0.14285714285714285,
        "mean_score_pos": 0.32903410281453815,
        "mean_score_neg": 0.27447712822602344,
        "std_score_pos": 0.05562935047996454,
        "std_score_neg": 0.09058005474671596,
        "score_gap": 0.05455697458851472,
        "median_score_pos": 0.33246324956417084,
        "median_score_neg": 0.28860680758953094,
        "frac_high_score": 0.0,
        "frac_low_score": 0.0,