{
  "stage": "S1",
  "epoch": 10,
  "fold": 2,
  "wall_clock_seconds": 248.27,
  "lr": {
    "head": 1e-07
  },
  "train": {
    "loss": 0.08083130024373532,
    "focal": 0.04879125596024096,
    "variance": 0.004871892929077149,
    "decorrelation": 0.6310566574335098,
    "grad_norm": 0.2714277184009552,
    "n_steps": 100,
    "grad_steps": 50,
    "grad_nan_steps": 0
  },
  "val": {
    "overall": {
      "n": 200,
      "n_pos": 48,
      "n_neg": 152,
      "threshold": 0.5,
      "tp": 0,
      "fp": 0,
      "fn": 48,
      "tn": 152,
      "accuracy": 0.76,
      "acc_pos": 0.0,
      "acc_neg": 1.0,
      "precision": 0.0,
      "recall": 0.0,
      "f1": 0.0,
      "fpr": 0.0,
      "fnr": 1.0,
      "tpr": 0.0,
      "tnr": 1.0,
      "youden_j": 0.0,
      "mcc": 0.0,
      "auroc": 0.7690515350877193,
      "pr_auc": 0.5413299831316118,
      "avg_precision": 0.5561597997018533,
      "brier": 0.1656415568069975,
      "best_f1": 0.5563909774436091,
      "best_f1_threshold": 0.32415077090263367,
      "fpr_at_recall_95": 0.5657894736842105,
      "recall_at_fpr_05": 0.25,
      "recall_at_fpr_10": 0.3541666666666667,
      "mean_score_pos": 0.34794903732836246,
      "mean_score_neg": 0.2787874019459674,
      "std_score_pos": 0.04750695658014375,
      "std_score_neg": 0.07279870706275225,
      "score_gap": 0.06916163538239506,
      "median_score_pos": 0.343267485499382,
      "median_score_neg": 0.2948940396308899,
      "frac_high_score": 0.0,
      "frac_low_score": 0.0,
      "frac_uncertain": 0.04
    },
    "per_source": {
      "hots": {
        "n": 70,
        "n_pos": 20,
        "n_neg": 50,
        "threshold": 0.5,
        "tp": 0,
        "fp": 0,
        "fn": 20,
        "tn": 50,
        "accuracy": 0.7142857142857143,
        "acc_pos": 0.0,
        "acc_neg": 1.0,
        "precision": 0.0,
        "recall": 0.0,
        "f1": 0.0,
        "fpr": 0.0,
        "fnr": 1.0,
        "tpr": 0.0,
        "tnr": 1.0,
        "youden_j": 0.0,
        "mcc": 0.0,
        "auroc": 0.633,
        "pr_auc": 0.3957836438818731,
        "avg_precision": 0.4286171474290288,
        "brier": 0.19600332474060347,
        "best_f1": 0.5428571428571428,
        "best_f1_threshold": 0.293150395154953,
        "fpr_at_recall_95": 0.62,
        "recall_at_fpr_05": 0.15,
        "recall_at_fpr_10": 0.15,
        "mean_score_pos": 0.32529506608843806,
        "mean_score_neg": 0.2980734834074974,
        "std_score_pos": 0.032590665093626986,
        "std_score_neg": 0.055902031988642784,
        "score_gap": 0.02722158268094066,
        "median_score_pos": 0.326209232211113,
        "median_score_neg": 0.31270596385002136,
        "frac_high_score": 0.0,
        "frac_low_score": 0.0,
        "frac_uncertain": 0.0
      },
      "insdet": {
        "n": 130,
        "n_pos": 28,
        "n_neg": 102,
        "threshold": 0.5,
        "tp": 0,
        "fp": 0,
        "fn": 28,
        "tn": 102,
        "accuracy": 0.7846153846153846,
        "acc_pos": 0.0,
        "acc_neg": 1.0,
        "precision": 0.0,
        "recall": 0.0,
        "f1": 0.0,
        "fpr": 0.0,
        "fnr": 1.0,
        "tpr": 0.0,
        "tnr": 1.0,
        "youden_j": 0.0,
        "mcc": 0.0,
        "auroc": 0.836484593837535,
        "pr_auc": 0.6361994616737139,
        "avg_precision": 0.650930315882305,
        "brier": 0.1492929125350558,
        "best_f1": 0.6024096385542169,
        "best_f1_threshold": 0.3250137269496918,
        "fpr_at_recall_95": 0.4803921568627451,
        "recall_at_fpr_05": 0.35714285714285715,
        "recall_at_fpr_10": 0.5,
        "mean_score_pos": 0.36413044535687994,
        "mean_score_neg": 0.26933344044521745,
        "std_score_pos": 0.050294843462374804,
        "std_score_neg": 0.07831179443558463,
        "score_gap": 0.09479700491166249,
        "median_score_pos": 0.3658730536699295,
        "median_score_neg": 0.2652403265237808,
        "frac_high_score": 0.0,
        "frac_low_score": 0.0,
        "frac_uncertain": 0.06153846153846154
      }
    },
    "per_k": {
      "k1": {
        "n": 67,
        "n_pos": 16,
        "n_neg": 51,
        "threshold": 0.5,
        "tp": 0,
        "fp": 0,
        "fn": 16,
        "tn": 51,
        "accuracy": 0.7611940298507462,
        "acc_pos": 0.0,
        "acc_neg": 1.0,
        "precision": 0.0,
        "recall": 0.0,
        "f1": 0.0,
        "fpr": 0.0,
        "fnr": 1.0,
        "tpr": 0.0,
        "tnr": 1.0,
        "youden_j": 0.0,
        "mcc": 0.0,
        "auroc": 0.8259803921568627,
        "pr_auc": 0.6329229127248291,
        "avg_precision": 0.6468338154508484,
        "brier": 0.15847388646175847,
        "best_f1": 0.5925925925925926,
        "best_f1_threshold": 0.293150395154953,
        "fpr_at_recall_95": 0.43137254901960786,
        "recall_at_fpr_05": 0.25,
        "recall_at_fpr_10": 0.5,
        "mean_score_pos": 0.3577587381005287,
        "mean_score_neg": 0.26996273182186425,
        "std_score_pos": 0.042274020391209116,
        "std_score_neg": 0.07409303340378973,
        "score_gap": 0.08779600627866446,
        "median_score_pos": 0.35645465552806854,
        "median_score_neg": 0.2726711928844452,
        "frac_high_score": 0.0,
        "frac_low_score": 0.0,
        "frac_uncertain": 0.04477611940298507
      },
      "k4": {
        "n": 67,
        "n_pos": 11,
        "n_neg": 56,
        "threshold": 0.5,
        "tp": 0,
        "fp": 0,
        "fn": 11,
        "tn": 56,
        "accuracy": 0.835820895522388,
        "acc_pos": 0.0,
        "acc_neg": 1.0,
        "precision": 0.0,
        "recall": 0.0,
        "f1": 0.0,
        "fpr": 0.0,
        "fnr": 1.0,
        "tpr": 0.0,
        "tnr": 1.0,
        "youden_j": 0.0,
        "mcc": 0.0,
        "auroc": 0.7727272727272727,
        "pr_auc": 0.46188136615459624,
        "avg_precision": 0.4770343732486459,
        "brier": 0.1395760355922847,
        "best_f1": 0.4651162790697674,
        "best_f1_threshold": 0.3168184161186218,
        "fpr_at_recall_95": 0.75,
        "recall_at_fpr_05": 0.2727272727272727,
        "recall_at_fpr_10": 0.2727272727272727,
        "mean_score_pos": 0.34975226765329187,
        "mean_score_neg": 0.2789524868130684,
        "std_score_pos": 0.052180171026534786,
        "std_score_neg": 0.0757642276110169,
        "score_gap": 0.07079978084022348,
        "median_score_pos": 0.35424643754959106,
        "median_score_neg": 0.29352638125419617,
        "frac_high_score": 0.0,
        "frac_low_score": 0.0,
        "frac_uncertain": 0.04477611940298507
      },
      "k10": {
        "n": 66,
        "n_pos": 21,
        "n_neg": 45,
        "threshold": 0.5,
        "tp": 0,
        "fp": 0,
        "fn": 21,
        "tn": 45,
        "accuracy": 0.6818181818181818,
        "acc_pos": 0.0,
        "acc_neg": 1.0,
        "precision": 0.0,
        "recall": 0.0,
        "f1": 0.0,
        "fpr": 0.0,
        "fnr": 1.0,
        "tpr": 0.0,
        "tnr": 1.0,
        "youden_j": 0.0,
        "mcc": 0.0,
        "auroc": 0.71005291005291,
        "pr_auc": 0.5530477823231488,
        "avg_precision": 0.5844533591290161,
        "brier": 0.19937828157240312,
        "best_f1": 0.6274509803921569,
        "best_f1_threshold": 0.3250137269496918,
        "fpr_at_recall_95": 0.6222222222222222,
        "recall_at_fpr_05": 0.14285714285714285,
        "recall_at_fpr_10": 0.2857142857142857,
        "mean_score_pos": 0.33953043037936803,
        "mean_score_neg": 0.28858325580755867,
        "std_score_pos": 0.049485823937291624,
        "std_score_neg": 0.06771518714931614,
        "score_gap": 0.05094717457180936,
        "median_score_pos": 0.3328266143798828,
        "median_score_neg": 0.3061462342739105,
        "frac_high_score": 0.0,
        "frac_low_score": 0.0,
        "frac_uncertain": 0.030303030303030304
      }
    }
  }
}