{
  "stage": "L3",
  "phase": "mixed",
  "epoch": 11,
  "fold": 1,
  "wall_clock_seconds": 542.37,
  "lr": {
    "fusion": 1.76383117792603e-06,
    "class_head": 7.63531872559683e-07,
    "box_head": 7.63531872559683e-07,
    "lora": 6.765327704757776e-06
  },
  "train": {
    "loss": 5.269141182104747,
    "patch_ce": 3.0963659397761027,
    "l1": 0.019284706803349157,
    "giou": 0.5137739143768947,
    "log_area": 0.26370046145169246,
    "grad_norm": 96.70685288712785,
    "n_steps": 300,
    "grad_steps": 37,
    "grad_nan_steps": 0,
    "alpha": 0.9489630460739136,
    "bg_bias": -0.01279752142727375
  },
  "val": {
    "overall": {
      "n": 100,
      "n_pos": 62,
      "n_neg": 38,
      "iou_mean": 0.5481543584216025,
      "iou_median": 0.8623931109905243,
      "iou_p25": 0.0,
      "iou_p75": 0.897364154458046,
      "iou_std": 0.4200835167141313,
      "frac_iou_25": 0.6451612903225806,
      "frac_iou_50": 0.6129032258064516,
      "frac_iou_75": 0.5645161290322581,
      "frac_iou_90": 0.24193548387096775,
      "containment_mean": 0.6073810967706865,
      "containment_median": 0.8977853059768677,
      "containment_p25": 0.0,
      "containment_p75": 0.9564948529005051,
      "containment_std": 0.4472973590064879,
      "frac_containment_50": 0.6451612903225806,
      "frac_containment_75": 0.6290322580645161,
      "frac_containment_90": 0.4838709677419355,
      "frac_containment_full": 0.12903225806451613,
      "contain_at_iou_50": 0.6129032258064516,
      "contain_at_iou_75": 0.5645161290322581,
      "high_contain_high_iou": 0.46774193548387094,
      "ap_per_iou": {
        "0.50": 0.481344798570766,
        "0.55": 0.481344798570766,
        "0.60": 0.4350854504021928,
        "0.65": 0.4350854504021928,
        "0.70": 0.4270701683854662,
        "0.75": 0.3973048873856904,
        "0.80": 0.38364655122222885,
        "0.85": 0.34718586683795,
        "0.90": 0.07293098026981995,
        "0.95": 0.0022002200220022
      },
      "map_50": 0.481344798570766,
      "map_75": 0.3973048873856904,
      "map_5095": 0.3463199172069075,
      "map_50_containment": 0.5236814685362494,
      "map_90_containment": 0.29488559072652115,
      "mean_pred_box_area": 0.00937641857649031,
      "std_pred_box_area": 0.023621096045093493,
      "frac_pred_box_too_big": 0.0,
      "frac_pred_box_too_small": 0.6774193548387096,
      "mean_gt_box_area": 0.009657327352380831,
      "pred_to_gt_area_ratio_mean": 1.2247313166860907,
      "pred_to_gt_area_ratio_median": 1.0053308912995331,
      "log_area_ratio_mean": 0.05721090591126366,
      "log_area_ratio_std": 0.4902057704656392,
      "center_distance_mean": 0.10021850658069222,
      "center_distance_median": 0.0037627035390217327,
      "score_mean": 0.1969390871273654,
      "score_std": 0.13025142197165987,
      "score_p25": 0.10273434780538082,
      "score_p75": 0.2425236999988556,
      "score_iou_correlation": 0.23338400747475724,
      "bg_prob_pos_mean": 0.1717538072337066,
      "bg_prob_pos_median": 0.1329100802540779,
      "abstain_rate_pos": 0.0,
      "bg_prob_neg_mean": 0.4391510585617078,
      "bg_prob_neg_median": 0.4376353919506073,
      "abstain_rate_neg": 0.34210526315789475,
      "score_neg_mean": 0.09567860949870297,
      "score_neg_p75": 0.11709387600421906,
      "tn_rate": 0.34210526315789475,
      "fp_rate": 0.6578947368421053,
      "abstain_gap": 0.2673972513280012
    },
    "per_source": {
      "hots": {
        "n": 36,
        "n_pos": 23,
        "n_neg": 13,
        "iou_mean": 0.6121485259221948,
        "iou_median": 0.8704240918159485,
        "iou_p25": 0.0,
        "iou_p75": 0.9055238664150238,
        "iou_std": 0.4169007733424058,
        "frac_iou_25": 0.6956521739130435,
        "frac_iou_50": 0.6956521739130435,
        "frac_iou_75": 0.6521739130434783,
        "frac_iou_90": 0.30434782608695654,
        "containment_mean": 0.6362542510032654,
        "containment_median": 0.8800120949745178,
        "containment_p25": 0.0,
        "containment_p75": 0.9419397711753845,
        "containment_std": 0.435257672210612,
        "frac_containment_50": 0.6956521739130435,
        "frac_containment_75": 0.6521739130434783,
        "frac_containment_90": 0.43478260869565216,
        "frac_containment_full": 0.08695652173913043,
        "contain_at_iou_50": 0.6956521739130435,
        "contain_at_iou_75": 0.6521739130434783,
        "high_contain_high_iou": 0.43478260869565216,
        "ap_per_iou": {
          "0.50": 0.5592625685659542,
          "0.55": 0.5592625685659542,
          "0.60": 0.5592625685659542,
          "0.65": 0.5592625685659542,
          "0.70": 0.5231125597031747,
          "0.75": 0.5231125597031747,
          "0.80": 0.5231125597031747,
          "0.85": 0.5231125597031747,
          "0.90": 0.10568230736117096,
          "0.95": 0.0
        },
        "map_50": 0.5592625685659542,
        "map_75": 0.5231125597031747,
        "map_5095": 0.4435182820437687,
        "map_50_containment": 0.5592625685659542,
        "map_90_containment": 0.198832926770938,
        "mean_pred_box_area": 0.02241690367400544,
        "std_pred_box_area": 0.035494276236244786,
        "frac_pred_box_too_big": 0.0,
        "frac_pred_box_too_small": 0.2608695652173913,
        "mean_gt_box_area": 0.02343877412019419,
        "pred_to_gt_area_ratio_mean": 0.9194430988558004,
        "pred_to_gt_area_ratio_median": 0.9166930878393544,
        "log_area_ratio_mean": -0.13154878202898324,
        "log_area_ratio_std": 0.32980604527259205,
        "center_distance_mean": 0.1605103272346729,
        "center_distance_median": 0.004093309031624165,
        "score_mean": 0.16071755775129018,
        "score_std": 0.11604248117601869,
        "score_p25": 0.09249686449766159,
        "score_p75": 0.1989656165242195,
        "score_iou_correlation": 0.12065774780211547,
        "bg_prob_pos_mean": 0.12668709991418797,
        "bg_prob_pos_median": 0.11204946041107178,
        "abstain_rate_pos": 0.0,
        "bg_prob_neg_mean": 0.4202887390095454,
        "bg_prob_neg_median": 0.4788880944252014,
        "abstain_rate_neg": 0.38461538461538464,
        "score_neg_mean": 0.09301605226042178,
        "score_neg_p75": 0.09753446280956268,
        "tn_rate": 0.38461538461538464,
        "fp_rate": 0.6153846153846154,
        "abstain_gap": 0.2936016390953574
      },
      "insdet": {
        "n": 64,
        "n_pos": 39,
        "n_neg": 25,
        "iou_mean": 0.5104142083571508,
        "iou_median": 0.7749419808387756,
        "iou_p25": 0.0,
        "iou_p75": 0.8893900215625763,
        "iou_std": 0.42274799473395197,
        "frac_iou_25": 0.6153846153846154,
        "frac_iou_50": 0.5641025641025641,
        "frac_iou_75": 0.5128205128205128,
        "frac_iou_90": 0.20512820512820512,
        "containment_mean": 0.5903533391463451,
        "containment_median": 0.9062033891677856,
        "containment_p25": 0.0,
        "containment_p75": 0.956303596496582,
        "containment_std": 0.45900938152758874,
        "frac_containment_50": 0.6153846153846154,
        "frac_containment_75": 0.6153846153846154,
        "frac_containment_90": 0.5128205128205128,
        "frac_containment_full": 0.15384615384615385,
        "contain_at_iou_50": 0.5641025641025641,
        "contain_at_iou_75": 0.5128205128205128,
        "high_contain_high_iou": 0.48717948717948717,
        "ap_per_iou": {
          "0.50": 0.46078999434052503,
          "0.55": 0.46078999434052503,
          "0.60": 0.40020416338317233,
          "0.65": 0.40020416338317233,
          "0.70": 0.40020416338317233,
          "0.75": 0.3631099513293906,
          "0.80": 0.3450765690437936,
          "0.85": 0.2928671075559721,
          "0.90": 0.06049346353399643,
          "0.95": 0.004243281471004243
        },
        "map_50": 0.46078999434052503,
        "map_75": 0.3631099513293906,
        "map_5095": 0.3187982851764724,
        "map_50_containment": 0.5250283286041857,