{
  "stage": "L3",
  "phase": "mixed",
  "epoch": 11,
  "fold": 0,
  "wall_clock_seconds": 538.72,
  "lr": {
    "fusion": 2.6833036834913707e-06,
    "class_head": 1.1302152966228168e-06,
    "box_head": 1.1302152966228168e-06,
    "lora": 1.0448745617834163e-05
  },
  "train": {
    "loss": 4.839213208754857,
    "patch_ce": 2.9585875817139944,
    "l1": 0.018009161023267856,
    "giou": 0.4438296222686768,
    "log_area": 0.23096267922238287,
    "grad_norm": 100.02871167981947,
    "n_steps": 300,
    "grad_steps": 37,
    "grad_nan_steps": 0,
    "alpha": 0.9489738345146179,
    "bg_bias": -0.01278754137456417
  },
  "val": {
    "overall": {
      "n": 100,
      "n_pos": 75,
      "n_neg": 25,
      "iou_mean": 0.5868362833559513,
      "iou_median": 0.821129322052002,
      "iou_p25": 0.01844327338039875,
      "iou_p75": 0.8947160243988037,
      "iou_std": 0.3917512771975628,
      "frac_iou_25": 0.6933333333333334,
      "frac_iou_50": 0.6666666666666666,
      "frac_iou_75": 0.6133333333333333,
      "frac_iou_90": 0.18666666666666668,
      "containment_mean": 0.6684047392010689,
      "containment_median": 0.9049983024597168,
      "containment_p25": 0.03310320898890495,
      "containment_p75": 0.9760454595088959,
      "containment_std": 0.4184141168388486,
      "frac_containment_50": 0.72,
      "frac_containment_75": 0.68,
      "frac_containment_90": 0.5066666666666667,
      "frac_containment_full": 0.16,
      "contain_at_iou_50": 0.6666666666666666,
      "contain_at_iou_75": 0.6133333333333333,
      "high_contain_high_iou": 0.48,
      "ap_per_iou": {
        "0.50": 0.5621669598526639,
        "0.55": 0.5621669598526639,
        "0.60": 0.5621669598526639,
        "0.65": 0.5368600252092914,
        "0.70": 0.5279894752536756,
        "0.75": 0.48708856729403194,
        "0.80": 0.41592946181133855,
        "0.85": 0.25684632373011734,
        "0.90": 0.08656934683511022,
        "0.95": 0.0003667033370003667
      },
      "map_50": 0.5621669598526639,
      "map_75": 0.48708856729403194,
      "map_5095": 0.3998150783028557,
      "map_50_containment": 0.6495243262378029,
      "map_90_containment": 0.3627411967195071,
      "mean_pred_box_area": 0.005090164561661341,
      "std_pred_box_area": 0.009507333667142237,
      "frac_pred_box_too_big": 0.0,
      "frac_pred_box_too_small": 0.76,
      "mean_gt_box_area": 0.005970331102749332,
      "pred_to_gt_area_ratio_mean": 1.346018113980158,
      "pred_to_gt_area_ratio_median": 1.0372465152487491,
      "log_area_ratio_mean": 0.07978251339221674,
      "log_area_ratio_std": 0.613810815757516,
      "center_distance_mean": 0.0673744180422162,
      "center_distance_median": 0.0035842466384887256,
      "score_mean": 0.21521696935097376,
      "score_std": 0.1438478176369344,
      "score_p25": 0.12437433376908302,
      "score_p75": 0.26937665045261383,
      "score_iou_correlation": 0.3714876400098078,
      "bg_prob_pos_mean": 0.2013643697152535,
      "bg_prob_pos_median": 0.18284665048122406,
      "abstain_rate_pos": 0.04,
      "bg_prob_neg_mean": 0.5468421936035156,
      "bg_prob_neg_median": 0.5930709838867188,
      "abstain_rate_neg": 0.56,
      "score_neg_mean": 0.08854912516893819,
      "score_neg_p75": 0.13660958409309387,
      "tn_rate": 0.56,
      "fp_rate": 0.43999999999999995,
      "abstain_gap": 0.3454778238882621
    },
    "per_source": {
      "hots": {
        "n": 39,
        "n_pos": 31,
        "n_neg": 8,
        "iou_mean": 0.6809415221214294,
        "iou_median": 0.865592360496521,
        "iou_p25": 0.7792988419532776,
        "iou_p75": 0.9019580185413361,
        "iou_std": 0.37609421122325176,
        "frac_iou_25": 0.7741935483870968,
        "frac_iou_50": 0.7741935483870968,
        "frac_iou_75": 0.7741935483870968,
        "frac_iou_90": 0.2903225806451613,
        "containment_mean": 0.7331335583040791,
        "containment_median": 0.944172739982605,
        "containment_p25": 0.848158061504364,
        "containment_p75": 0.9786888957023621,
        "containment_std": 0.40461467326570527,
        "frac_containment_50": 0.7741935483870968,
        "frac_containment_75": 0.7741935483870968,
        "frac_containment_90": 0.6451612903225806,
        "frac_containment_full": 0.16129032258064516,
        "contain_at_iou_50": 0.7741935483870968,
        "contain_at_iou_75": 0.7741935483870968,
        "high_contain_high_iou": 0.6451612903225806,
        "ap_per_iou": {
          "0.50": 0.7075874005255052,
          "0.55": 0.7075874005255052,
          "0.60": 0.7075874005255052,
          "0.65": 0.7075874005255052,
          "0.70": 0.7075874005255052,
          "0.75": 0.7075874005255052,
          "0.80": 0.6034854193457742,
          "0.85": 0.43003874802116204,
          "0.90": 0.15384115830937936,
          "0.95": 0.0
        },
        "map_50": 0.7075874005255052,
        "map_75": 0.7075874005255052,
        "map_5095": 0.5432889728829347,
        "map_50_containment": 0.7075874005255052,
        "map_90_containment": 0.5143640927631269,
        "mean_pred_box_area": 0.010374877195374846,
        "std_pred_box_area": 0.013111639123610875,
        "frac_pred_box_too_big": 0.0,
        "frac_pred_box_too_small": 0.41935483870967744,
        "mean_gt_box_area": 0.012687279500645555,
        "pred_to_gt_area_ratio_mean": 0.9367859875681578,
        "pred_to_gt_area_ratio_median": 1.0191146817152978,
        "log_area_ratio_mean": -0.15664066018825612,
        "log_area_ratio_std": 0.5299599931241428,
        "center_distance_mean": 0.06851153260690554,
        "center_distance_median": 0.0033316403085300378,
        "score_mean": 0.2000083759907753,
        "score_std": 0.1186397538941751,
        "score_p25": 0.12577585875988007,
        "score_p75": 0.24343965202569962,
        "score_iou_correlation": 0.2967026112438264,
        "bg_prob_pos_mean": 0.16064710903071588,
        "bg_prob_pos_median": 0.13344167172908783,
        "abstain_rate_pos": 0.03225806451612903,
        "bg_prob_neg_mean": 0.6514296811074018,
        "bg_prob_neg_median": 0.7623026967048645,
        "abstain_rate_neg": 0.75,
        "score_neg_mean": 0.07381448090745835,
        "score_neg_p75": 0.06279165390878916,
        "tn_rate": 0.75,
        "fp_rate": 0.25,
        "abstain_gap": 0.49078257207668596
      },
      "insdet": {
        "n": 61,
        "n_pos": 44,
        "n_neg": 17,
        "iou_mean": 0.520534865134819,
        "iou_median": 0.7447006702423096,
        "iou_p25": 0.0,
        "iou_p75": 0.8614186197519302,
        "iou_std": 0.39311980228751725,
        "frac_iou_25": 0.6363636363636364,
        "frac_iou_50": 0.5909090909090909,
        "frac_iou_75": 0.5,
        "frac_iou_90": 0.11363636363636363,
        "containment_mean": 0.622800343923948,
        "containment_median": 0.8622886836528778,
        "containment_p25": 0.0,
        "containment_p75": 0.9726111888885498,
        "containment_std": 0.4265170653095177,
        "frac_containment_50": 0.6818181818181818,
        "frac_containment_75": 0.6136363636363636,
        "frac_containment_90": 0.4090909090909091,
        "frac_containment_full": 0.1590909090909091,
        "contain_at_iou_50": 0.5909090909090909,
        "contain_at_iou_75": 0.5,
        "high_contain_high_iou": 0.36363636363636365,
        "ap_per_iou": {
          "0.50": 0.4948267210195985,
          "0.55": 0.4948267210195985,
          "0.60": 0.4948267210195985,
          "0.65": 0.4489705753307184,
          "0.70": 0.43352216135236016,
          "0.75": 0.37602206841734115,
          "0.80": 0.3196124046538654,
          "0.85": 0.1790695198552113,
          "0.90": 0.061056105610561066,
          "0.95": 0.0009900990099009901
        },
        "map_50": 0.4948267210195985,
        "map_75": 0.37602206841734115,
        "map_5095": 0.33037230972887544,
        "map_50_containment": 0.6203926222500394,
        "map_90_containment": 0.28748000085854936,