{
  "checkpoint": "checkpoints/localizer/L3/stage_complete.pt",
  "stage": "L3",
  "model_kind": "localizer",
  "n_support": 4,
  "k_max": 10,
  "img_size": 768,
  "best_box_cxcywh_norm": [
    0.20947866141796112,
    0.1720225065946579,
    0.07495772838592529,
    0.09670860320329666
  ],
  "best_box_xyxy_native": [
    110.07987022399902,
    0.0,
    158.0528163909912,
    61.041157245635986
  ],
  "best_score": 0.67703777551651,
  "native_size": [
    640,
    480
  ]
}