{
  "checkpoint": "checkpoints/localizer/L3/stage_complete.pt",
  "stage": "L3",
  "model_kind": "localizer",
  "n_support": 4,
  "k_max": 10,
  "img_size": 768,
  "best_box_cxcywh_norm": [
    0.6005146503448486,
    0.48776960372924805,
    0.048420459032058716,
    0.02426031231880188
  ],
  "best_box_xyxy_native": [
    4721.0858154296875,
    2872.4383544921875,
    5117.7462158203125,
    3071.1788330078125
  ],
  "best_score": 0.8999435901641846,
  "native_size": [
    8192,
    6144
  ]
}