{
  "stage": "1_2",
  "epoch": 5,
  "fold": 4,
  "wall_clock_seconds": 304.89,
  "lr": {
    "aggregator": 7.737006049821531e-05,
    "existence_head": 7.737006049821531e-05,
    "class_head": 3.869635654515453e-05,
    "box_head": 3.869635654515453e-05
  },
  "train": {
    "loss": 1.585668824372753,
    "focal": 0.06853872663792103,
    "l1": 0.03267940465781477,
    "giou": 0.5706353346186299,
    "box_loss": 1.3046676833783426,
    "box_area_penalty": 0.0013658750441766555,
    "existence_kl": 0.0,
    "margin": 0.42169675519389493,
    "nt_xent": 0.014774455073019188,
    "grad_norm": 4.434982092149796,
    "n_steps": 62,
    "aggregator_alpha": -0.024473410099744797
  },
  "val": {
    "overall": {
      "n": 100,
      "n_pos": 52,
      "n_neg": 48,
      "iou_mean": 0.2568909299667351,
      "iou_median": 0.0,
      "iou_p25": 0.0,
      "iou_p75": 0.7251619249582291,
      "contain_mean": 0.35062325788805115,
      "contain_at_iou_50": 0.3076923076923077,
      "contain_at_iou_75": 0.21153846153846154,
      "ap_per_iou": {
        "0.50": 0.1753977854152577,
        "0.55": 0.1753977854152577,
        "0.60": 0.1753977854152577,
        "0.65": 0.13621751315403036,
        "0.70": 0.13621751315403036,
        "0.75": 0.08732469885644031,
        "0.80": 0.06689963113958453,
        "0.85": 0.025836869401225836,
        "0.90": 0.0013201320132013201,
        "0.95": 0.0
      },
      "map_50": 0.1753977854152577,
      "map_75": 0.08732469885644031,
      "map_5095": 0.09800097139642858,
      "map_50_existence_only": 0.17954906710867435,
      "map_5095_existence_only": 0.10086670996292176,
      "map_50_score_only": 0.18145493479113803,
      "map_5095_score_only": 0.10969516631383718,
      "precision_50": 0.6,
      "recall_50": 0.17307692307692307,
      "f1_50": 0.26865671641791045,
      "existence_acc": 0.57,
      "existence_acc_pos": 0.23076923076923078,
      "existence_acc_neg": 0.9375,
      "existence_auroc": 0.717948717948718,
      "existence_pr_auc": 0.7358232633499989,
      "existence_brier": 0.2380425028315135,
      "existence_f1": 0.26865671641791045,
      "false_positive_rate": 0.0625,
      "false_negative_rate": 0.7692307692307693,
      "mean_score_pos": 0.45825475798203397,
      "mean_score_neg": 0.4150954217960437,
      "proto_score_pos": 0.9492418834796319,
      "proto_score_neg": 0.8589163208380342,
      "proto_score_gap": 0.09032556264159775,
      "mean_pred_box_area": 0.021836554672336205,
      "frac_pred_box_too_big": 0.0,
      "mean_existence_prob": 0.4375382766127586,
      "frac_high_existence": 0.0,
      "prototype_norm_mean": 1.682661030292511,
      "prototype_norm_std": 0.1933469857113532
    },
    "per_source": {
      "hots": {
        "n": 35,
        "n_pos": 19,
        "n_neg": 16,
        "iou_mean": 0.5634046134195829,
        "iou_median": 0.7883739471435547,
        "iou_p25": 0.0,
        "iou_p75": 0.8626036643981934,
        "contain_mean": 0.6681315428332278,
        "contain_at_iou_50": 0.6842105263157895,
        "contain_at_iou_75": 0.5263157894736842,
        "ap_per_iou": {
          "0.50": 0.5661775106082033,
          "0.55": 0.5661775106082033,
          "0.60": 0.5661775106082033,
          "0.65": 0.4677707056419931,
          "0.70": 0.4677707056419931,
          "0.75": 0.32602545968882607,
          "0.80": 0.2737623762376235,
          "0.85": 0.09797854785478545,
          "0.90": 0.00495049504950495,
          "0.95": 0.0
        },
        "map_50": 0.5661775106082033,
        "map_75": 0.32602545968882607,
        "map_5095": 0.3336790821939336,
        "map_50_existence_only": 0.5698495811119567,
        "map_5095_existence_only": 0.3363860781682563,
        "map_50_score_only": 0.5573235895018073,
        "map_5095_score_only": 0.3441922351575816,
        "precision_50": 0.75,
        "recall_50": 0.47368421052631576,
        "f1_50": 0.5806451612903226,
        "existence_acc": 0.6285714285714286,
        "existence_acc_pos": 0.47368421052631576,
        "existence_acc_neg": 0.8125,
        "existence_auroc": 0.8026315789473685,
        "existence_pr_auc": 0.811430747614958,
        "existence_brier": 0.2215425077490767,
        "existence_f1": 0.5806451612903226,
        "false_positive_rate": 0.1875,
        "false_negative_rate": 0.5263157894736842,
        "mean_score_pos": 0.5003569408466941,
        "mean_score_neg": 0.4250633493065834,
        "proto_score_pos": 0.9470725498701397,
        "proto_score_neg": 0.7326471982523799,
        "proto_score_gap": 0.21442535161775977,
        "mean_pred_box_area": 0.03200024288879441,
        "frac_pred_box_too_big": 0.0,
        "mean_existence_prob": 0.4659370132855007,
        "frac_high_existence": 0.0,
        "prototype_norm_mean": 1.870378303527832,
        "prototype_norm_std": 0.10830056433640467
      },
      "insdet": {
        "n": 65,
        "n_pos": 33,
        "n_neg": 32,
        "iou_mean": 0.08041335464539853,
        "iou_median": 0.0,
        "iou_p25": 0.0,
        "iou_p75": 0.0,
        "contain_mean": 0.16781545746507068,
        "contain_at_iou_50": 0.09090909090909091,
        "contain_at_iou_75": 0.030303030303030304,
        "ap_per_iou": {
          "0.50": 0.00724462690171456,
          "0.55": 0.00724462690171456,
          "0.60": 0.00724462690171456,
          "0.65": 0.003380825887466795,
          "0.70": 0.003380825887466795,
          "0.75": 0.0011648223645894002,
          "0.80": 0.0,
          "0.85": 0.0,
          "0.90": 0.0,
          "0.95": 0.0
        },
        "map_50": 0.00724462690171456,
        "map_75": 0.0011648223645894002,
        "map_5095": 0.002966035484466667,
        "map_50_existence_only": 0.008736167734420501,
        "map_5095_existence_only": 0.0035682391768588626,
        "map_50_score_only": 0.006750675067506749,
        "map_5095_score_only": 0.002756814142952756,
        "precision_50": 0.0,
        "recall_50": 0.0,
        "f1_50": 0.0,
        "existence_acc": 0.5384615384615384,
        "existence_acc_pos": 0.09090909090909091,
        "existence_acc_neg": 1.0,
        "existence_auroc": 0.6553030303030303,
        "existence_pr_auc": 0.67471324116801,
        "existence_brier": 0.24692711556821026,
        "existence_f1": 0.0,
        "false_positive_rate": 0.0,
        "false_negative_rate": 0.9090909090909091,
        "mean_score_pos": 0.434014107241775,
        "mean_score_neg": 0.41011145804077387,
        "proto_score_pos": 0.9504908937396426,
        "proto_score_neg": 0.9220508821308613,
        "proto_score_gap": 0.02844001160878129,
        "mean_pred_box_area": 0.016363799478858708,
        "frac_pred_box_too_big": 0.0,
        "mean_existence_prob": 0.42224664917358984,
        "frac_high_existence": 0.0,
        "prototype_norm_mean": 1.581582498550415,
        "prototype_norm_std": 0.1481509776454569
      }
    },
    "tile_cfg": {
      "mode": "off",
      "levels": [
        1,
        2
      ],
      "overlap": 0.3,
      "for_sources": [
        "insdet"
      ],
      "nms_iou": 0.5,
      "top_k": 100,
      "score_combo": "existence_x_score",
      "edge_score_penalty": 0.5,
      "edge_px": 4,
      "merge_partial_boxes": true,
      "merge_min_score": 0.2
    }
  }
}