{
  "stage": "1_2",
  "epoch": 5,
  "fold": 2,
  "wall_clock_seconds": 305.57,
  "lr": {
    "aggregator": 8.072992499884903e-05,
    "existence_head": 8.072992499884903e-05,
    "class_head": 4.0374607181607195e-05,
    "box_head": 4.0374607181607195e-05
  },
  "train": {
    "loss": 2.0042691283649012,
    "focal": 0.07597292851536505,
    "l1": 0.05469786773826326,
    "giou": 0.7189504244635182,
    "box_loss": 1.711390164590651,
    "box_area_penalty": 0.0005846812479919003,
    "existence_kl": 0.0,
    "margin": 0.43281798978005687,
    "nt_xent": 0.004385769051770049,
    "grad_norm": 4.2757747865492295,
    "n_steps": 62,
    "aggregator_alpha": -0.02451489120721817
  },
  "val": {
    "overall": {
      "n": 100,
      "n_pos": 49,
      "n_neg": 51,
      "iou_mean": 0.22038010274041064,
      "iou_median": 0.0,
      "iou_p25": 0.0,
      "iou_p75": 0.5858026742935181,
      "contain_mean": 0.4223349929920265,
      "contain_at_iou_50": 0.2857142857142857,
      "contain_at_iou_75": 0.1836734693877551,
      "ap_per_iou": {
        "0.50": 0.17933719101353102,
        "0.55": 0.17933719101353102,
        "0.60": 0.1661224564991833,
        "0.65": 0.15506473724295505,
        "0.70": 0.13993399339933993,
        "0.75": 0.13993399339933993,
        "0.80": 0.021122112211221122,
        "0.85": 0.021122112211221122,
        "0.90": 0.01485148514851485,
        "0.95": 0.0
      },
      "map_50": 0.17933719101353102,
      "map_75": 0.13993399339933993,
      "map_5095": 0.10168252721388374,
      "map_50_existence_only": 0.1801221072333478,
      "map_5095_existence_only": 0.10224792671574849,
      "map_50_score_only": 0.17959295929592956,
      "map_5095_score_only": 0.10000400226589823,
      "precision_50": 0.45454545454545453,
      "recall_50": 0.20408163265306123,
      "f1_50": 0.2816901408450704,
      "existence_acc": 0.61,
      "existence_acc_pos": 0.32653061224489793,
      "existence_acc_neg": 0.8823529411764706,
      "existence_auroc": 0.7434973989595839,
      "existence_pr_auc": 0.7040286097670603,
      "existence_brier": 0.2285750270018542,
      "existence_f1": 0.2816901408450704,
      "false_positive_rate": 0.11764705882352941,
      "false_negative_rate": 0.673469387755102,
      "mean_score_pos": 0.4731427765622431,
      "mean_score_neg": 0.4163753296814713,
      "proto_score_pos": 0.9621702152855542,
      "proto_score_neg": 0.8202630269761179,
      "proto_score_gap": 0.14190718830943638,
      "mean_pred_box_area": 0.09931546173000243,
      "frac_pred_box_too_big": 0.08,
      "mean_existence_prob": 0.4441913786530495,
      "frac_high_existence": 0.0,
      "prototype_norm_mean": 1.7391458582878112,
      "prototype_norm_std": 0.22691318329177143
    },
    "per_source": {
      "hots": {
        "n": 35,
        "n_pos": 16,
        "n_neg": 19,
        "iou_mean": 0.5010959133505821,
        "iou_median": 0.7619037330150604,
        "iou_p25": 0.0,
        "iou_p75": 0.7973918616771698,
        "contain_mean": 0.5943193323910236,
        "contain_at_iou_50": 0.625,
        "contain_at_iou_75": 0.5625,
        "ap_per_iou": {
          "0.50": 0.47135785007072134,
          "0.55": 0.47135785007072134,
          "0.60": 0.47135785007072134,
          "0.65": 0.47135785007072134,
          "0.70": 0.4214671467146711,
          "0.75": 0.4214671467146711,
          "0.80": 0.055355535553555366,
          "0.85": 0.055355535553555366,
          "0.90": 0.034653465346534656,
          "0.95": 0.0
        },
        "map_50": 0.47135785007072134,
        "map_75": 0.4214671467146711,
        "map_5095": 0.2873730230165873,
        "map_50_existence_only": 0.4732992206783701,
        "map_5095_existence_only": 0.28861550020548254,
        "map_50_score_only": 0.47165407330206705,
        "map_5095_score_only": 0.28642956400903247,
        "precision_50": 0.5,
        "recall_50": 0.625,
        "f1_50": 0.5555555555555556,
        "existence_acc": 0.8285714285714286,
        "existence_acc_pos": 0.9375,
        "existence_acc_neg": 0.7368421052631579,
        "existence_auroc": 0.8717105263157895,
        "existence_pr_auc": 0.8067812497959558,
        "existence_brier": 0.20100649649654465,
        "existence_f1": 0.5555555555555556,
        "false_positive_rate": 0.2631578947368421,
        "false_negative_rate": 0.0625,
        "mean_score_pos": 0.5474109891802073,
        "mean_score_neg": 0.43418209960586146,
        "proto_score_pos": 0.9813195616006851,
        "proto_score_neg": 0.7327223890706113,
        "proto_score_gap": 0.24859717253007385,
        "mean_pred_box_area": 0.1291684402352465,
        "frac_pred_box_too_big": 0.11428571428571428,
        "mean_existence_prob": 0.485943877696991,
        "frac_high_existence": 0.0,
        "prototype_norm_mean": 1.9837543760027205,
        "prototype_norm_std": 0.17202085416889523
      },
      "insdet": {
        "n": 65,
        "n_pos": 33,
        "n_neg": 32,
        "iou_mean": 0.08427546729305477,
        "iou_median": 0.0,
        "iou_p25": 0.0,
        "iou_p75": 0.018076574429869652,
        "contain_mean": 0.3389486466167551,
        "contain_at_iou_50": 0.12121212121212122,
        "contain_at_iou_75": 0.0,
        "ap_per_iou": {
          "0.50": 0.022492466637968143,
          "0.55": 0.022492466637968143,
          "0.60": 0.006364922206506366,
          "0.65": 0.0,
          "0.70": 0.0,
          "0.75": 0.0,
          "0.80": 0.0,
          "0.85": 0.0,
          "0.90": 0.0,
          "0.95": 0.0
        },
        "map_50": 0.022492466637968143,
        "map_75": 0.0,
        "map_5095": 0.005134985548244266,
        "map_50_existence_only": 0.02105924878202107,
        "map_5095_existence_only": 0.004793336476504794,
        "map_50_score_only": 0.024857804929429118,
        "map_5095_score_only": 0.005678774564386531,
        "precision_50": 0.0,
        "recall_50": 0.0,
        "f1_50": 0.0,
        "existence_acc": 0.49230769230769234,
        "existence_acc_pos": 0.030303030303030304,
        "existence_acc_neg": 0.96875,
        "existence_auroc": 0.7386363636363636,
        "existence_pr_auc": 0.6721511282041475,
        "existence_brier": 0.24341962035086706,
        "existence_f1": 0.0,
        "false_positive_rate": 0.03125,
        "false_negative_rate": 0.9696969696969697,
        "mean_score_pos": 0.43713394620201806,
        "mean_score_neg": 0.4058025600388646,
        "proto_score_pos": 0.9528856837388241,
        "proto_score_neg": 0.8722402807325125,
        "proto_score_gap": 0.08064540300631162,
        "mean_pred_box_area": 0.08324078099640946,
        "frac_pred_box_too_big": 0.06153846153846154,
        "mean_existence_prob": 0.4217092637832348,
        "frac_high_existence": 0.0,
        "prototype_norm_mean": 1.6074335795182448,
        "prototype_norm_std": 0.11656377209730584
      }
    },
    "tile_cfg": {
      "mode": "off",
      "levels": [
        1,
        2
      ],
      "overlap": 0.3,
      "for_sources": [
        "insdet"
      ],
      "nms_iou": 0.5,
      "top_k": 100,
      "score_combo": "existence_x_score",
      "edge_score_penalty": 0.5,
      "edge_px": 4,
      "merge_partial_boxes": true,
      "merge_min_score": 0.2
    }
  }
}