{
  "stage": "1_2",
  "epoch": 5,
  "fold": 3,
  "wall_clock_seconds": 304.73,
  "lr": {
    "aggregator": 7.907478692932693e-05,
    "existence_head": 7.907478692932693e-05,
    "class_head": 3.954786654427833e-05,
    "box_head": 3.954786654427833e-05
  },
  "train": {
    "loss": 1.2165478422276435,
    "focal": 0.06595622123249116,
    "l1": 0.023494585642531034,
    "giou": 0.4167130772144564,
    "box_loss": 0.9508990981886464,
    "box_area_penalty": 0.0014052741086831497,
    "existence_kl": 0.0,
    "margin": 0.39715903805148217,
    "nt_xent": 0.009724643532066576,
    "grad_norm": 3.694603850764613,
    "n_steps": 62,
    "aggregator_alpha": -0.02445891872048378
  },
  "val": {
    "overall": {
      "n": 100,
      "n_pos": 54,
      "n_neg": 46,
      "iou_mean": 0.19950836612756742,
      "iou_median": 0.0,
      "iou_p25": 0.0,
      "iou_p75": 0.11516867205500603,
      "contain_mean": 0.261726670872627,
      "contain_at_iou_50": 0.24074074074074073,
      "contain_at_iou_75": 0.2037037037037037,
      "ap_per_iou": {
        "0.50": 0.0692051538552331,
        "0.55": 0.0692051538552331,
        "0.60": 0.0692051538552331,
        "0.65": 0.0692051538552331,
        "0.70": 0.062423767731742734,
        "0.75": 0.062423767731742734,
        "0.80": 0.03661157190769787,
        "0.85": 0.0030727210652099694,
        "0.90": 0.0019801980198019802,
        "0.95": 0.0
      },
      "map_50": 0.0692051538552331,
      "map_75": 0.062423767731742734,
      "map_5095": 0.044333264187712766,
      "map_50_existence_only": 0.06989075073675292,
      "map_5095_existence_only": 0.045031545268591266,
      "map_50_score_only": 0.04726584727438261,
      "map_5095_score_only": 0.030379942314049512,
      "precision_50": 0.23076923076923078,
      "recall_50": 0.05555555555555555,
      "f1_50": 0.08955223880597016,
      "existence_acc": 0.49,
      "existence_acc_pos": 0.14814814814814814,
      "existence_acc_neg": 0.8913043478260869,
      "existence_auroc": 0.6670692431561996,
      "existence_pr_auc": 0.6479355295660921,
      "existence_brier": 0.24869558635578165,
      "existence_f1": 0.08955223880597016,
      "false_positive_rate": 0.10869565217391304,
      "false_negative_rate": 0.8518518518518519,
      "mean_score_pos": 0.4494042959478166,
      "mean_score_neg": 0.41974567848703137,
      "proto_score_pos": 0.9451644707609106,
      "proto_score_neg": 0.8010744961464534,
      "proto_score_gap": 0.14408997461445716,
      "mean_pred_box_area": 0.01777610959165031,
      "frac_pred_box_too_big": 0.0,
      "mean_existence_prob": 0.4357613319158554,
      "frac_high_existence": 0.0,
      "prototype_norm_mean": 1.6957718336582184,
      "prototype_norm_std": 0.20013488574801347
    },
    "per_source": {
      "hots": {
        "n": 35,
        "n_pos": 18,
        "n_neg": 17,
        "iou_mean": 0.5129436718093024,
        "iou_median": 0.8050528466701508,
        "iou_p25": 0.0,
        "iou_p75": 0.8352020233869553,
        "contain_mean": 0.5776459674040476,
        "contain_at_iou_50": 0.6111111111111112,
        "contain_at_iou_75": 0.6111111111111112,
        "ap_per_iou": {
          "0.50": 0.31056705670567036,
          "0.55": 0.31056705670567036,
          "0.60": 0.31056705670567036,
          "0.65": 0.31056705670567036,
          "0.70": 0.31056705670567036,
          "0.75": 0.31056705670567036,
          "0.80": 0.22637263726372625,
          "0.85": 0.020198019801980206,
          "0.90": 0.011881188118811881,
          "0.95": 0.0
        },
        "map_50": 0.31056705670567036,
        "map_75": 0.31056705670567036,
        "map_5095": 0.21218541854185405,
        "map_50_existence_only": 0.30336633663366375,
        "map_5095_existence_only": 0.20734936350777958,
        "map_50_score_only": 0.27009900990099034,
        "map_5095_score_only": 0.18750807712350195,
        "precision_50": 0.3,
        "recall_50": 0.16666666666666666,
        "f1_50": 0.21428571428571427,
        "existence_acc": 0.5428571428571428,
        "existence_acc_pos": 0.3333333333333333,
        "existence_acc_neg": 0.7647058823529411,
        "existence_auroc": 0.7026143790849673,
        "existence_pr_auc": 0.6426403288534801,
        "existence_brier": 0.23206391739916502,
        "existence_f1": 0.21428571428571427,
        "false_positive_rate": 0.23529411764705882,
        "false_negative_rate": 0.6666666666666666,
        "mean_score_pos": 0.487869617011812,
        "mean_score_neg": 0.4347441547057208,
        "proto_score_pos": 0.967298236158159,
        "proto_score_neg": 0.7045834758045042,
        "proto_score_gap": 0.2627147603536548,
        "mean_pred_box_area": 0.014611596474424005,
        "frac_pred_box_too_big": 0.0,
        "mean_existence_prob": 0.46206582103456767,
        "frac_high_existence": 0.0,
        "prototype_norm_mean": 1.9087488855634416,
        "prototype_norm_std": 0.14041890974026294
      },
      "insdet": {
        "n": 65,
        "n_pos": 36,
        "n_neg": 29,
        "iou_mean": 0.042790713286699936,
        "iou_median": 0.0,
        "iou_p25": 0.0,
        "iou_p75": 0.0,
        "contain_mean": 0.10376702260691673,
        "contain_at_iou_50": 0.05555555555555555,
        "contain_at_iou_75": 0.0,
        "ap_per_iou": {
          "0.50": 0.00204848071013998,
          "0.55": 0.00204848071013998,
          "0.60": 0.00204848071013998,
          "0.65": 0.00204848071013998,
          "0.70": 0.0,
          "0.75": 0.0,
          "0.80": 0.0,
          "0.85": 0.0,
          "0.90": 0.0,
          "0.95": 0.0
        },
        "map_50": 0.00204848071013998,
        "map_75": 0.0,
        "map_5095": 0.000819392284055992,
        "map_50_existence_only": 0.0020844189682126106,
        "map_5095_existence_only": 0.0008337675872850442,
        "map_50_score_only": 0.0019801980198019802,
        "map_5095_score_only": 0.0007920792079207921,
        "precision_50": 0.0,
        "recall_50": 0.0,
        "f1_50": 0.0,
        "existence_acc": 0.46153846153846156,
        "existence_acc_pos": 0.05555555555555555,
        "existence_acc_neg": 0.9655172413793104,
        "existence_auroc": 0.6312260536398467,
        "existence_pr_auc": 0.652771762678538,
        "existence_brier": 0.2576511004093444,
        "existence_f1": 0.0,
        "false_positive_rate": 0.034482758620689655,
        "false_negative_rate": 0.9444444444444444,
        "mean_score_pos": 0.43017163541581893,
        "mean_score_neg": 0.41095346828986856,
        "proto_score_pos": 0.9340975880622864,
        "proto_score_neg": 0.8576381977262169,
        "proto_score_gap": 0.07645939033606952,
        "mean_pred_box_area": 0.019480078193233708,
        "frac_pred_box_too_big": 0.0,
        "mean_existence_prob": 0.4215973762365488,
        "frac_high_existence": 0.0,
        "prototype_norm_mean": 1.5810918826323288,
        "prototype_norm_std": 0.11541565517462563
      }
    },
    "tile_cfg": {
      "mode": "off",
      "levels": [
        1,
        2
      ],
      "overlap": 0.3,
      "for_sources": [
        "insdet"
      ],
      "nms_iou": 0.5,
      "top_k": 100,
      "score_combo": "existence_x_score",
      "edge_score_penalty": 0.5,
      "edge_px": 4,
      "merge_partial_boxes": true,
      "merge_min_score": 0.2
    }
  }
}