{
  "stage": "1_2",
  "epoch": 5,
  "fold": 1,
  "wall_clock_seconds": 306.26,
  "lr": {
    "aggregator": 8.23326469311541e-05,
    "existence_head": 8.23326469311541e-05,
    "class_head": 4.117516598463046e-05,
    "box_head": 4.117516598463046e-05
  },
  "train": {
    "loss": 1.8003206839484553,
    "focal": 0.07577913819301513,
    "l1": 0.03170850790376144,
    "giou": 0.6701417401913674,
    "box_loss": 1.498826016822169,
    "box_area_penalty": 0.0,
    "existence_kl": 0.0,
    "margin": 0.4487215511260494,
    "nt_xent": 0.013547568690903004,
    "grad_norm": 4.968859011127103,
    "n_steps": 62,
    "aggregator_alpha": -0.024513842537999153
  },
  "val": {
    "overall": {
      "n": 100,
      "n_pos": 60,
      "n_neg": 40,
      "iou_mean": 0.28765708055968087,
      "iou_median": 0.0,
      "iou_p25": 0.0,
      "iou_p75": 0.7707377970218658,
      "contain_mean": 0.43317467272281646,
      "contain_at_iou_50": 0.35,
      "contain_at_iou_75": 0.26666666666666666,
      "ap_per_iou": {
        "0.50": 0.21542333985686307,
        "0.55": 0.21542333985686307,
        "0.60": 0.20362577496523881,
        "0.65": 0.20362577496523881,
        "0.70": 0.17979079974708986,
        "0.75": 0.1640079248612788,
        "0.80": 0.07686669302138925,
        "0.85": 0.04003894642337797,
        "0.90": 0.00924092409240924,
        "0.95": 0.0013201320132013201
      },
      "map_50": 0.21542333985686307,
      "map_75": 0.1640079248612788,
      "map_5095": 0.130936364980295,
      "map_50_existence_only": 0.21469410155031335,
      "map_5095_existence_only": 0.13061410458809422,
      "map_50_score_only": 0.24988480045963235,
      "map_5095_score_only": 0.15353613956407935,
      "precision_50": 0.4186046511627907,
      "recall_50": 0.3,
      "f1_50": 0.34951456310679613,
      "existence_acc": 0.65,
      "existence_acc_pos": 0.5666666666666667,
      "existence_acc_neg": 0.775,
      "existence_auroc": 0.7416666666666667,
      "existence_pr_auc": 0.7768662782287151,
      "existence_brier": 0.228836202602877,
      "existence_f1": 0.34951456310679613,
      "false_positive_rate": 0.225,
      "false_negative_rate": 0.43333333333333335,
      "mean_score_pos": 0.5146027212341626,
      "mean_score_neg": 0.45587019473314283,
      "proto_score_pos": 0.9842976570129395,
      "proto_score_neg": 0.9293655455112457,
      "proto_score_gap": 0.05493211150169375,
      "mean_pred_box_area": 0.07097507973725442,
      "frac_pred_box_too_big": 0.05,
      "mean_existence_prob": 0.49110971063375475,
      "frac_high_existence": 0.0,
      "prototype_norm_mean": 1.8833931016921996,
      "prototype_norm_std": 0.289563447245499
    },
    "per_source": {
      "hots": {
        "n": 36,
        "n_pos": 25,
        "n_neg": 11,
        "iou_mean": 0.5624453562498093,
        "iou_median": 0.7905393838882446,
        "iou_p25": 0.0,
        "iou_p75": 0.803071141242981,
        "contain_mean": 0.6854846274852753,
        "contain_at_iou_50": 0.68,
        "contain_at_iou_75": 0.6,
        "ap_per_iou": {
          "0.50": 0.5500261486759679,
          "0.55": 0.5500261486759679,
          "0.60": 0.5500261486759679,
          "0.65": 0.5500261486759679,
          "0.70": 0.4732411214759091,
          "0.75": 0.4478945868224437,
          "0.80": 0.20347252116516004,
          "0.85": 0.0952380952380952,
          "0.90": 0.0231023102310231,
          "0.95": 0.004125412541254125
        },
        "map_50": 0.5500261486759679,
        "map_75": 0.4478945868224437,
        "map_5095": 0.34471786421777567,
        "map_50_existence_only": 0.5486283618384608,
        "map_5095_existence_only": 0.3437445655304409,
        "map_50_score_only": 0.5857081360309944,
        "map_5095_score_only": 0.3766587745731095,
        "precision_50": 0.6071428571428571,
        "recall_50": 0.68,
        "f1_50": 0.6415094339622641,
        "existence_acc": 0.8611111111111112,
        "existence_acc_pos": 0.96,
        "existence_acc_neg": 0.6363636363636364,
        "existence_auroc": 0.8109090909090909,
        "existence_pr_auc": 0.8418183134643344,
        "existence_brier": 0.20178568177643183,
        "existence_f1": 0.6415094339622641,
        "false_positive_rate": 0.36363636363636365,
        "false_negative_rate": 0.04,
        "mean_score_pos": 0.5680277681350708,
        "mean_score_neg": 0.47417377070947125,
        "proto_score_pos": 0.9966105031967163,
        "proto_score_neg": 0.8700439550659873,
        "proto_score_gap": 0.12656654813072898,
        "mean_pred_box_area": 0.051156086219836854,
        "frac_pred_box_too_big": 0.027777777777777776,
        "mean_existence_prob": 0.539350157810582,
        "frac_high_existence": 0.0,
        "prototype_norm_mean": 2.2000409927633076,
        "prototype_norm_std": 0.23363501189275884
      },
      "insdet": {
        "n": 64,
        "n_pos": 35,
        "n_neg": 29,
        "iou_mean": 0.09137974078101771,
        "iou_median": 0.0,
        "iou_p25": 0.0,
        "iou_p75": 0.006553865969181061,
        "contain_mean": 0.2529532764639173,
        "contain_at_iou_50": 0.11428571428571428,
        "contain_at_iou_75": 0.02857142857142857,
        "ap_per_iou": {
          "0.50": 0.011665656361554524,
          "0.55": 0.011665656361554524,
          "0.60": 0.005778945241462921,
          "0.65": 0.005778945241462921,
          "0.70": 0.005778945241462921,
          "0.75": 0.0010608203677510608,
          "0.80": 0.0010608203677510608,
          "0.85": 0.0010608203677510608,
          "0.90": 0.0,
          "0.95": 0.0
        },
        "map_50": 0.011665656361554524,
        "map_75": 0.0010608203677510608,
        "map_5095": 0.004385060955075099,
        "map_50_existence_only": 0.011143991291821746,
        "map_5095_existence_only": 0.004221185120487032,
        "map_50_score_only": 0.014754949422430325,
        "map_5095_score_only": 0.005509830197233214,
        "precision_50": 0.06666666666666667,
        "recall_50": 0.02857142857142857,
        "f1_50": 0.04,
        "existence_acc": 0.53125,
        "existence_acc_pos": 0.2857142857142857,
        "existence_acc_neg": 0.8275862068965517,
        "existence_auroc": 0.6482758620689655,
        "existence_pr_auc": 0.6765039448892833,
        "existence_brier": 0.24405212056775238,
        "existence_f1": 0.04,
        "false_positive_rate": 0.1724137931034483,
        "false_negative_rate": 0.7142857142857143,
        "mean_score_pos": 0.4764419734477997,
        "mean_score_neg": 0.4489274590179838,
        "proto_score_pos": 0.9755027668816703,
        "proto_score_neg": 0.9518668384387575,
        "proto_score_gap": 0.023635928442912735,
        "mean_pred_box_area": 0.0821232635908018,
        "frac_pred_box_too_big": 0.0625,
        "mean_existence_prob": 0.46397445909678936,
        "frac_high_existence": 0.0,
        "prototype_norm_mean": 1.7052786629647017,
        "prototype_norm_std": 0.10913874317370956
      }
    },
    "tile_cfg": {
      "mode": "off",
      "levels": [
        1,
        2
      ],
      "overlap": 0.3,
      "for_sources": [
        "insdet"
      ],
      "nms_iou": 0.5,
      "top_k": 100,
      "score_combo": "existence_x_score",
      "edge_score_penalty": 0.5,
      "edge_px": 4,
      "merge_partial_boxes": true,
      "merge_min_score": 0.2
    }
  }
}