{
  "stage": "1_2",
  "epoch": 5,
  "fold": 0,
  "wall_clock_seconds": 306.89,
  "lr": {
    "aggregator": 8.388021450270586e-05,
    "existence_head": 8.388021450270586e-05,
    "class_head": 4.194817521206222e-05,
    "box_head": 4.194817521206222e-05
  },
  "train": {
    "loss": 1.9065716136847772,
    "focal": 0.07378661151855223,
    "l1": 0.047248379717911446,
    "giou": 0.6878753515981859,
    "box_loss": 1.6119926116399226,
    "box_area_penalty": 0.0006008764067965169,
    "existence_kl": 0.0,
    "margin": 0.44049979794409966,
    "nt_xent": 0.004824124291659363,
    "grad_norm": NaN,
    "n_steps": 62,
    "aggregator_alpha": -0.024550050497055054
  },
  "val": {
    "overall": {
      "n": 100,
      "n_pos": 38,
      "n_neg": 62,
      "iou_mean": 0.1948979357150261,
      "iou_median": 0.0,
      "iou_p25": 0.0,
      "iou_p75": 0.01765524223446846,
      "contain_mean": 0.3343545167069686,
      "contain_at_iou_50": 0.23684210526315788,
      "contain_at_iou_75": 0.18421052631578946,
      "ap_per_iou": {
        "0.50": 0.06856435643564356,
        "0.55": 0.06856435643564356,
        "0.60": 0.06856435643564356,
        "0.65": 0.06856435643564356,
        "0.70": 0.05138201320132014,
        "0.75": 0.03721122112211221,
        "0.80": 0.025433168316831685,
        "0.85": 0.0026402640264026403,
        "0.90": 0.0026402640264026403,
        "0.95": 0.0012376237623762376
      },
      "map_50": 0.06856435643564356,
      "map_75": 0.03721122112211221,
      "map_5095": 0.039480198019801974,
      "map_50_existence_only": 0.06839299314546837,
      "map_5095_existence_only": 0.03933501523229245,
      "map_50_score_only": 0.09810589754627633,
      "map_5095_score_only": 0.05380919070167885,
      "precision_50": 0.2727272727272727,
      "recall_50": 0.15789473684210525,
      "f1_50": 0.19999999999999998,
      "existence_acc": 0.64,
      "existence_acc_pos": 0.3157894736842105,
      "existence_acc_neg": 0.8387096774193549,
      "existence_auroc": 0.684634974533107,
      "existence_pr_auc": 0.5170775498614385,
      "existence_brier": 0.22920221761315715,
      "existence_f1": 0.19999999999999998,
      "false_positive_rate": 0.16129032258064516,
      "false_negative_rate": 0.6842105263157895,
      "mean_score_pos": 0.47860085101504074,
      "mean_score_neg": 0.4421389251947403,
      "proto_score_pos": 0.9578494696240676,
      "proto_score_neg": 0.9070309265967338,
      "proto_score_gap": 0.050818543027333796,
      "mean_pred_box_area": 0.06126081227674149,
      "frac_pred_box_too_big": 0.05,
      "mean_existence_prob": 0.45599445700645447,
      "frac_high_existence": 0.0,
      "prototype_norm_mean": 1.8768352627754212,
      "prototype_norm_std": 0.3141438578429201
    },
    "per_source": {
      "hots": {
        "n": 36,
        "n_pos": 15,
        "n_neg": 21,
        "iou_mean": 0.4314246796071529,
        "iou_median": 0.6984386444091797,
        "iou_p25": 0.0,
        "iou_p75": 0.8128010034561157,
        "contain_mean": 0.580559269587199,
        "contain_at_iou_50": 0.5333333333333333,
        "contain_at_iou_75": 0.4,
        "ap_per_iou": {
          "0.50": 0.17821782178217827,
          "0.55": 0.17821782178217827,
          "0.60": 0.17821782178217827,
          "0.65": 0.17821782178217827,
          "0.70": 0.13572607260726063,
          "0.75": 0.10148514851485149,
          "0.80": 0.0701320132013201,
          "0.85": 0.0033003300330033,
          "0.90": 0.0033003300330033,
          "0.95": 0.0033003300330033
        },
        "map_50": 0.17821782178217827,
        "map_75": 0.10148514851485149,
        "map_5095": 0.10301155115511551,
        "map_50_existence_only": 0.17821782178217827,
        "map_5095_existence_only": 0.10296654665466547,
        "map_50_score_only": 0.2652423137050549,
        "map_5095_score_only": 0.14651861947328343,
        "precision_50": 0.3157894736842105,
        "recall_50": 0.4,
        "f1_50": 0.35294117647058826,
        "existence_acc": 0.6111111111111112,
        "existence_acc_pos": 0.6666666666666666,
        "existence_acc_neg": 0.5714285714285714,
        "existence_auroc": 0.6793650793650794,
        "existence_pr_auc": 0.5139565180485897,
        "existence_brier": 0.23418907972934497,
        "existence_f1": 0.35294117647058826,
        "false_positive_rate": 0.42857142857142855,
        "false_negative_rate": 0.3333333333333333,
        "mean_score_pos": 0.5399506469567616,
        "mean_score_neg": 0.49071204378491357,
        "proto_score_pos": 0.9936787883440653,
        "proto_score_neg": 0.9091431470144362,
        "proto_score_gap": 0.0845356413296291,
        "mean_pred_box_area": 0.04851217267827855,
        "frac_pred_box_too_big": 0.027777777777777776,
        "mean_existence_prob": 0.5112281284398503,
        "frac_high_existence": 0.0,
        "prototype_norm_mean": 2.1813664303885565,
        "prototype_norm_std": 0.31094132946418146
      },
      "insdet": {
        "n": 64,
        "n_pos": 23,
        "n_neg": 41,
        "iou_mean": 0.04064136361146508,
        "iou_median": 0.0,
        "iou_p25": 0.0,
        "iou_p75": 0.0,
        "contain_mean": 0.17378619961116626,
        "contain_at_iou_50": 0.043478260869565216,
        "contain_at_iou_75": 0.043478260869565216,
        "ap_per_iou": {
          "0.50": 0.0024752475247524753,
          "0.55": 0.0024752475247524753,
          "0.60": 0.0024752475247524753,
          "0.65": 0.0024752475247524753,
          "0.70": 0.0024752475247524753,
          "0.75": 0.0024752475247524753,
          "0.80": 0.0024752475247524753,
          "0.85": 0.0024752475247524753,
          "0.90": 0.0024752475247524753,
          "0.95": 0.0
        },
        "map_50": 0.0024752475247524753,
        "map_75": 0.0024752475247524753,
        "map_5095": 0.0022277227722772275,
        "map_50_existence_only": 0.0035360678925035354,
        "map_5095_existence_only": 0.003182461103253182,
        "map_50_score_only": 0.00145602795573675,
        "map_5095_score_only": 0.0013104251601630751,
        "precision_50": 0.0,
        "recall_50": 0.0,
        "f1_50": 0.0,
        "existence_acc": 0.65625,
        "existence_acc_pos": 0.08695652173913043,
        "existence_acc_neg": 0.975609756097561,
        "existence_auroc": 0.6659597030752916,
        "existence_pr_auc": 0.5370717911858751,
        "existence_brier": 0.22639710767280147,
        "existence_f1": 0.0,
        "false_positive_rate": 0.024390243902439025,
        "false_negative_rate": 0.9130434782608695,
        "mean_score_pos": 0.4385901145313097,
        "mean_score_neg": 0.41726001079489544,
        "proto_score_pos": 0.9344825226327648,
        "proto_score_neg": 0.9059490576023008,
        "proto_score_gap": 0.028533465030463945,
        "mean_pred_box_area": 0.06843192205087689,
        "frac_pred_box_too_big": 0.0625,
        "mean_existence_prob": 0.4249255168251693,
        "frac_high_existence": 0.0,
        "prototype_norm_mean": 1.7055364809930325,
        "prototype_norm_std": 0.13624268222781513
      }
    },
    "tile_cfg": {
      "mode": "off",
      "levels": [
        1,
        2
      ],
      "overlap": 0.3,
      "for_sources": [
        "insdet"
      ],
      "nms_iou": 0.5,
      "top_k": 100,
      "score_combo": "existence_x_score",
      "edge_score_penalty": 0.5,
      "edge_px": 4,
      "merge_partial_boxes": true,
      "merge_min_score": 0.2
    }
  }
}