{
  "stage": "L2",
  "epoch": 1,
  "fold": 0,
  "wall_clock_seconds": 384.42,
  "lr": {
    "fusion": 5.854545454545455e-05,
    "class_head": 2.9272727272727274e-05,
    "box_head": 2.9272727272727274e-05
  },
  "train": {
    "loss": 7.528169744491577,
    "patch_ce": 4.424013671875,
    "l1": 0.10857170421257616,
    "giou": 1.2806487708091736,
    "grad_norm": NaN,
    "n_steps": 250,
    "alpha": 0.033397126942873
  },
  "val": {
    "overall": {
      "n": 100,
      "n_pos": 100,
      "iou_mean": 0.23682288795593195,
      "iou_median": 0.0,
      "iou_p25": 0.0,
      "iou_p75": 0.6695617884397507,
      "iou_std": 0.34624521632762456,
      "frac_iou_25": 0.32,
      "frac_iou_50": 0.29,
      "frac_iou_75": 0.18,
      "frac_iou_90": 0.0,
      "containment_mean": 0.35304847883060575,
      "containment_median": 0.0,
      "containment_p25": 0.0,
      "containment_p75": 0.9092945605516434,
      "containment_std": 0.4487940364556187,
      "frac_containment_50": 0.36,
      "frac_containment_75": 0.35,
      "frac_containment_90": 0.26,
      "frac_containment_full": 0.18,
      "contain_at_iou_50": 0.29,
      "contain_at_iou_75": 0.18,
      "high_contain_high_iou": 0.2,
      "ap_per_iou": {
        "0.50": 0.1793652989995441,
        "0.55": 0.1793652989995441,
        "0.60": 0.17095850826306985,
        "0.65": 0.16417471497333563,
        "0.70": 0.14240574342664034,
        "0.75": 0.09907737338486258,
        "0.80": 0.05749099818107576,
        "0.85": 0.0019008229936917742,
        "0.90": 0.0,
        "0.95": 0.0
      },
      "map_50": 0.1793652989995441,
      "map_75": 0.09907737338486258,
      "map_5095": 0.09947387592217641,
      "map_50_containment": 0.23049794204406504,
      "map_90_containment": 0.1462466300602445,
      "mean_pred_box_area": 0.05127235922850228,
      "std_pred_box_area": 0.18191385513421832,
      "frac_pred_box_too_big": 0.06,
      "frac_pred_box_too_small": 0.73,
      "mean_gt_box_area": 0.004650139468163252,
      "pred_to_gt_area_ratio_mean": 12.079068277039312,
      "pred_to_gt_area_ratio_median": 1.1989039532302663,
      "log_area_ratio_mean": 0.3356279948938306,
      "log_area_ratio_std": 1.4782386248675177,
      "center_distance_mean": 0.15772294691543431,
      "center_distance_median": 0.07296954432719874,
      "score_mean": 0.9734885382652283,
      "score_std": 0.028132598473493784,
      "score_p25": 0.9647923856973648,
      "score_p75": 0.9920798242092133,
      "score_iou_correlation": 0.3209157064866333
    },
    "per_source": {
      "hots": {
        "n": 39,
        "n_pos": 39,
        "iou_mean": 0.407642095325849,
        "iou_median": 0.39876285195350647,
        "iou_p25": 0.0,
        "iou_p75": 0.8069216907024384,
        "iou_std": 0.38990530254059363,
        "frac_iou_25": 0.5384615384615384,
        "frac_iou_50": 0.48717948717948717,
        "frac_iou_75": 0.38461538461538464,
        "frac_iou_90": 0.0,
        "containment_mean": 0.5917122029723265,
        "containment_median": 0.8993068337440491,
        "containment_p25": 0.0,
        "containment_p75": 0.9997906386852264,
        "containment_std": 0.4643820409062923,
        "frac_containment_50": 0.5897435897435898,
        "frac_containment_75": 0.5897435897435898,
        "frac_containment_90": 0.48717948717948717,
        "frac_containment_full": 0.3333333333333333,
        "contain_at_iou_50": 0.48717948717948717,
        "contain_at_iou_75": 0.38461538461538464,
        "high_contain_high_iou": 0.38461538461538464,
        "ap_per_iou": {
          "0.50": 0.34006364922206544,
          "0.55": 0.34006364922206544,
          "0.60": 0.34006364922206544,
          "0.65": 0.34006364922206544,
          "0.70": 0.3232791136256481,
          "0.75": 0.23121169259783092,
          "0.80": 0.13612682696841122,
          "0.85": 0.004172560113154173,
          "0.90": 0.0,
          "0.95": 0.0
        },
        "map_50": 0.34006364922206544,
        "map_75": 0.23121169259783092,
        "map_5095": 0.2055044790193306,
        "map_50_containment": 0.42507454413394996,
        "map_90_containment": 0.3039435449052514,
        "mean_pred_box_area": 0.08435503329192014,
        "std_pred_box_area": 0.24096881817449525,
        "frac_pred_box_too_big": 0.07692307692307693,
        "frac_pred_box_too_small": 0.41025641025641024,
        "mean_gt_box_area": 0.010011894089671281,
        "pred_to_gt_area_ratio_mean": 8.843468025203927,
        "pred_to_gt_area_ratio_median": 1.234686960229487,
        "log_area_ratio_mean": 0.45277483077714253,
        "log_area_ratio_std": 1.467637096080918,
        "center_distance_mean": 0.15361655071699812,
        "center_distance_median": 0.027262364569497814,
        "score_mean": 0.9845179105416323,
        "score_std": 0.025959439231669136,
        "score_p25": 0.9834352731704712,
        "score_p75": 0.9967726767063141,
        "score_iou_correlation": 0.23180056616428138
      },
      "insdet": {
        "n": 61,
        "n_pos": 61,
        "iou_mean": 0.1276106078341817,
        "iou_median": 0.0,
        "iou_p25": 0.0,
        "iou_p75": 0.002361395163461566,
        "iou_std": 0.2653971932948923,
        "frac_iou_25": 0.18032786885245902,
        "frac_iou_50": 0.16393442622950818,
        "frac_iou_75": 0.04918032786885246,
        "frac_iou_90": 0.0,
        "containment_mean": 0.20046019618262034,
        "containment_median": 0.0,
        "containment_p25": 0.0,
        "containment_p75": 0.17587251961231232,
        "containment_std": 0.367508231475153,
        "frac_containment_50": 0.21311475409836064,
        "frac_containment_75": 0.19672131147540983,
        "frac_containment_90": 0.11475409836065574,
        "frac_containment_full": 0.08196721311475409,
        "contain_at_iou_50": 0.16393442622950818,
        "contain_at_iou_75": 0.04918032786885246,
        "high_contain_high_iou": 0.08196721311475409,
        "ap_per_iou": {
          "0.50": 0.08786647895558787,
          "0.55": 0.08786647895558787,
          "0.60": 0.06757021856031754,
          "0.65": 0.05742689653580743,
          "0.70": 0.03816150845853816,
          "0.75": 0.02217337118327217,
          "0.80": 0.019801980198019802,
          "0.85": 0.0,
          "0.90": 0.0,
          "0.95": 0.0
        },
        "map_50": 0.08786647895558787,
        "map_75": 0.02217337118327217,
        "map_5095": 0.038086693284713084,
        "map_50_containment": 0.10990839650002736,
        "map_90_containment": 0.048519946334256055,
        "mean_pred_box_area": 0.03012114138467775,
        "std_pred_box_area": 0.1290795376928951,
        "frac_pred_box_too_big": 0.04918032786885246,
        "frac_pred_box_too_small": 0.9344262295081968,
        "mean_gt_box_area": 0.001222132415067954,
        "pred_to_gt_area_ratio_mean": 14.147730733130787,
        "pred_to_gt_area_ratio_median": 1.1417163494746712,
        "log_area_ratio_mean": 0.2607308375258115,
        "log_area_ratio_std": 1.492235061535835,
        "center_distance_mean": 0.16034834776361487,
        "center_distance_median": 0.07709913837218099,
        "score_mean": 0.9664369723835929,
        "score_std": 0.027376242019840766,
        "score_p25": 0.9603049159049988,
        "score_p75": 0.9833847284317017,
        "score_iou_correlation": 0.22907146561891428
      }
    },
    "per_k": {
      "k1": {
        "n": 34,
        "n_pos": 34,
        "iou_mean": 0.23845105981180334,
        "iou_median": 0.0027664494700729847,
        "iou_p25": 0.0,
        "iou_p75": 0.6417054831981659,
        "iou_std": 0.3436119852226944,
        "frac_iou_25": 0.3235294117647059,
        "frac_iou_50": 0.29411764705882354,
        "frac_iou_75": 0.14705882352941177,
        "frac_iou_90": 0.0,
        "containment_mean": 0.4244612402775708,
        "containment_median": 0.17976054549217224,
        "containment_p25": 0.0,
        "containment_p75": 0.9384629279375076,
        "containment_std": 0.4561218501477245,