{
  "stage": "L2",
  "epoch": 1,
  "fold": 1,
  "wall_clock_seconds": 390.03,
  "lr": {
    "fusion": 9.998927110471185e-05,
    "class_head": 4.999464092217339e-05,
    "box_head": 4.999464092217339e-05
  },
  "train": {
    "loss": 7.169182595729828,
    "patch_ce": 4.201744140625,
    "l1": 0.06767223516851664,
    "giou": 1.3145386548042297,
    "grad_norm": 7.778457077026367,
    "n_steps": 250,
    "alpha": 0.03456176072359085
  },
  "val": {
    "overall": {
      "n": 100,
      "n_pos": 100,
      "iou_mean": 0.21184295997489244,
      "iou_median": 0.0,
      "iou_p25": 0.0,
      "iou_p75": 0.5238809883594513,
      "iou_std": 0.3179406819250359,
      "frac_iou_25": 0.29,
      "frac_iou_50": 0.26,
      "frac_iou_75": 0.12,
      "frac_iou_90": 0.0,
      "containment_mean": 0.26588687650859355,
      "containment_median": 0.0,
      "containment_p25": 0.0,
      "containment_p75": 0.7022162824869156,
      "containment_std": 0.3963738039468177,
      "frac_containment_50": 0.27,
      "frac_containment_75": 0.22,
      "frac_containment_90": 0.16,
      "frac_containment_full": 0.12,
      "contain_at_iou_50": 0.26,
      "contain_at_iou_75": 0.12,
      "high_contain_high_iou": 0.16,
      "ap_per_iou": {
        "0.50": 0.14696050891100274,
        "0.55": 0.12977428639606223,
        "0.60": 0.12977428639606223,
        "0.65": 0.1273565284912395,
        "0.70": 0.1016804920957084,
        "0.75": 0.06483741179618421,
        "0.80": 0.03693730957729627,
        "0.85": 0.002398239823982398,
        "0.90": 0.0,
        "0.95": 0.0
      },
      "map_50": 0.14696050891100274,
      "map_75": 0.06483741179618421,
      "map_5095": 0.0739719063487538,
      "map_50_containment": 0.1646030766914974,
      "map_90_containment": 0.08290708279391612,
      "mean_pred_box_area": 0.014622412305239014,
      "std_pred_box_area": 0.08675675694574875,
      "frac_pred_box_too_big": 0.01,
      "frac_pred_box_too_small": 0.82,
      "mean_gt_box_area": 0.007970917979674414,
      "pred_to_gt_area_ratio_mean": 1.1807264042467491,
      "pred_to_gt_area_ratio_median": 0.8705386894921249,
      "log_area_ratio_mean": -0.41832243996453167,
      "log_area_ratio_std": 1.1781646463553608,
      "center_distance_mean": 0.1421353913773593,
      "center_distance_median": 0.080458628092475,
      "score_mean": 0.8571949329972267,
      "score_std": 0.13639982292802613,
      "score_p25": 0.7937148809432983,
      "score_p75": 0.966030016541481,
      "score_iou_correlation": 0.13843526616543642
    },
    "per_source": {
      "hots": {
        "n": 36,
        "n_pos": 36,
        "iou_mean": 0.3858001992209918,
        "iou_median": 0.18181569874286652,
        "iou_p25": 0.0,
        "iou_p75": 0.7524466812610626,
        "iou_std": 0.3714187274756495,
        "frac_iou_25": 0.4722222222222222,
        "frac_iou_50": 0.4722222222222222,
        "frac_iou_75": 0.2777777777777778,
        "frac_iou_90": 0.0,
        "containment_mean": 0.4902106085274782,
        "containment_median": 0.4546738564968109,
        "containment_p25": 0.0,
        "containment_p75": 0.9995487183332443,
        "containment_std": 0.4596848884938826,
        "frac_containment_50": 0.5,
        "frac_containment_75": 0.4722222222222222,
        "frac_containment_90": 0.3611111111111111,
        "frac_containment_full": 0.2777777777777778,
        "contain_at_iou_50": 0.4722222222222222,
        "contain_at_iou_75": 0.2777777777777778,
        "high_contain_high_iou": 0.3611111111111111,
        "ap_per_iou": {
          "0.50": 0.3169699431531906,
          "0.55": 0.3169699431531906,
          "0.60": 0.3169699431531906,
          "0.65": 0.3169699431531906,
          "0.70": 0.26047769822748884,
          "0.75": 0.15951595159515955,
          "0.80": 0.07948294829482948,
          "0.85": 0.0049504950495049506,
          "0.90": 0.0,
          "0.95": 0.0
        },
        "map_50": 0.3169699431531906,
        "map_75": 0.15951595159515955,
        "map_5095": 0.17723068657797453,
        "map_50_containment": 0.36445576112040756,
        "map_90_containment": 0.20444386543917534,
        "mean_pred_box_area": 0.03911796866686171,
        "std_pred_box_area": 0.1425634215367621,
        "frac_pred_box_too_big": 0.027777777777777776,
        "frac_pred_box_too_small": 0.5,
        "mean_gt_box_area": 0.01944763216099495,
        "pred_to_gt_area_ratio_mean": 1.4010255933542375,
        "pred_to_gt_area_ratio_median": 1.1114413841831015,
        "log_area_ratio_mean": -0.3087445403612572,
        "log_area_ratio_std": 1.3545262430439426,
        "center_distance_mean": 0.13543481899332763,
        "center_distance_median": 0.022852637158518978,
        "score_mean": 0.9413636649648348,
        "score_std": 0.11563328813138403,
        "score_p25": 0.9538185447454453,
        "score_p75": 0.9914611577987671,
        "score_iou_correlation": -0.08244621346704693
      },
      "insdet": {
        "n": 64,
        "n_pos": 64,
        "iou_mean": 0.11399201289896155,
        "iou_median": 0.0,
        "iou_p25": 0.0,
        "iou_p75": 0.026333298068493605,
        "iou_std": 0.2349278137962753,
        "frac_iou_25": 0.1875,
        "frac_iou_50": 0.140625,
        "frac_iou_75": 0.03125,
        "frac_iou_90": 0.0,
        "containment_mean": 0.13970477724797092,
        "containment_median": 0.0,
        "containment_p25": 0.0,
        "containment_p75": 0.02692848304286599,
        "containment_std": 0.29080310870979165,
        "frac_containment_50": 0.140625,
        "frac_containment_75": 0.078125,
        "frac_containment_90": 0.046875,
        "frac_containment_full": 0.03125,
        "contain_at_iou_50": 0.140625,
        "contain_at_iou_75": 0.03125,
        "high_contain_high_iou": 0.046875,
        "ap_per_iou": {
          "0.50": 0.031467604178000215,
          "0.55": 0.009618104667609617,
          "0.60": 0.009618104667609617,
          "0.65": 0.007374530556503928,
          "0.70": 0.0026364705436060843,
          "0.75": 0.002115596175002115,
          "0.80": 0.0011001100110011,
          "0.85": 0.0,
          "0.90": 0.0,
          "0.95": 0.0
        },
        "map_50": 0.031467604178000215,
        "map_75": 0.002115596175002115,
        "map_5095": 0.006393052079933267,
        "map_50_containment": 0.031467604178000215,
        "map_90_containment": 0.0026364705436060843,
        "mean_pred_box_area": 0.0008436618518262519,
        "std_pred_box_area": 0.0008301487416884093,
        "frac_pred_box_too_big": 0.0,
        "frac_pred_box_too_small": 1.0,
        "mean_gt_box_area": 0.001515266252681613,
        "pred_to_gt_area_ratio_mean": 1.0568081103737867,
        "pred_to_gt_area_ratio_median": 0.7227606939554561,
        "log_area_ratio_mean": -0.47996000849137355,
        "log_area_ratio_std": 1.072955885425386,
        "center_distance_mean": 0.14590446334337714,
        "center_distance_median": 0.10837091779118442,
        "score_mean": 0.8098500212654471,
        "score_std": 0.12442905372483334,
        "score_p25": 0.7443493753671646,
        "score_p75": 0.9064162522554398,
        "score_iou_correlation": -0.05718759387138129
      }
    },
    "per_k": {
      "k1": {
        "n": 34,
        "n_pos": 34,
        "iou_mean": 0.2718159385463771,
        "iou_median": 0.0,
        "iou_p25": 0.0,
        "iou_p75": 0.7011071294546127,
        "iou_std": 0.3593305594550211,
        "frac_iou_25": 0.38235294117647056,
        "frac_iou_50": 0.35294117647058826,
        "frac_iou_75": 0.17647058823529413,
        "frac_iou_90": 0.0,
        "containment_mean": 0.32964897999430404,
        "containment_median": 0.0,
        "containment_p25": 0.0,
        "containment_p75": 0.808001697063446,
        "containment_std": 0.43761413961794077,
        "frac_containment_50": 0.35294117647058826,
        "frac_containment_75": 0.29411764705882354,
        "frac_containment_90": 0.20588235294117646,