{
  "stage": "L2",
  "epoch": 1,
  "fold": 2,
  "wall_clock_seconds": 384.59,
  "lr": {
    "fusion": 9.968414814191812e-05,
    "class_head": 4.984223215497214e-05,
    "box_head": 4.984223215497214e-05
  },
  "train": {
    "loss": 6.508600160121918,
    "patch_ce": 3.7014765625,
    "l1": 0.06088876925595105,
    "giou": 1.2513398718833924,
    "grad_norm": NaN,
    "n_steps": 250,
    "alpha": 0.03557990491390228
  },
  "val": {
    "overall": {
      "n": 100,
      "n_pos": 100,
      "iou_mean": 0.23841707748826593,
      "iou_median": 0.0,
      "iou_p25": 0.0,
      "iou_p75": 0.6860240250825882,
      "iou_std": 0.3408375804219613,
      "frac_iou_25": 0.31,
      "frac_iou_50": 0.29,
      "frac_iou_75": 0.18,
      "frac_iou_90": 0.0,
      "containment_mean": 0.3149861316010356,
      "containment_median": 0.0,
      "containment_p25": 0.0,
      "containment_p75": 0.9063027501106262,
      "containment_std": 0.4356245221328434,
      "frac_containment_50": 0.31,
      "frac_containment_75": 0.31,
      "frac_containment_90": 0.26,
      "frac_containment_full": 0.13,
      "contain_at_iou_50": 0.29,
      "contain_at_iou_75": 0.18,
      "high_contain_high_iou": 0.24,
      "ap_per_iou": {
        "0.50": 0.16399027934519791,
        "0.55": 0.16399027934519791,
        "0.60": 0.15808205941529474,
        "0.65": 0.15808205941529474,
        "0.70": 0.13852458657819683,
        "0.75": 0.09534238484824091,
        "0.80": 0.011787497431061784,
        "0.85": 0.00242024202420242,
        "0.90": 0.0,
        "0.95": 0.0
      },
      "map_50": 0.16399027934519791,
      "map_75": 0.09534238484824091,
      "map_5095": 0.08922193884026872,
      "map_50_containment": 0.18252269539794008,
      "map_90_containment": 0.15581212755334475,
      "mean_pred_box_area": 0.029318550154948383,
      "std_pred_box_area": 0.1215639444951304,
      "frac_pred_box_too_big": 0.02,
      "frac_pred_box_too_small": 0.77,
      "mean_gt_box_area": 0.010584575189615131,
      "pred_to_gt_area_ratio_mean": 7.546195359195676,
      "pred_to_gt_area_ratio_median": 1.022949908296328,
      "log_area_ratio_mean": -0.514958176360215,
      "log_area_ratio_std": 1.6383915370070279,
      "center_distance_mean": 0.15130329290713218,
      "center_distance_median": 0.0595495493321387,
      "score_mean": 0.8085379989445209,
      "score_std": 0.1792534960560961,
      "score_p25": 0.727061003446579,
      "score_p75": 0.9441623538732529,
      "score_iou_correlation": 0.19552272697914072
    },
    "per_source": {
      "hots": {
        "n": 36,
        "n_pos": 36,
        "iou_mean": 0.38276811901273,
        "iou_median": 0.3352561444044113,
        "iou_p25": 0.0,
        "iou_p75": 0.7547907829284668,
        "iou_std": 0.3710769231633214,
        "frac_iou_25": 0.5277777777777778,
        "frac_iou_50": 0.4722222222222222,
        "frac_iou_75": 0.3055555555555556,
        "frac_iou_90": 0.0,
        "containment_mean": 0.5114219741274914,
        "containment_median": 0.6398434340953827,
        "containment_p25": 0.0,
        "containment_p75": 0.9997054785490036,
        "containment_std": 0.4780850988183594,
        "frac_containment_50": 0.5,
        "frac_containment_75": 0.5,
        "frac_containment_90": 0.4722222222222222,
        "frac_containment_full": 0.3055555555555556,
        "contain_at_iou_50": 0.4722222222222222,
        "contain_at_iou_75": 0.3055555555555556,
        "high_contain_high_iou": 0.4444444444444444,
        "ap_per_iou": {
          "0.50": 0.340952092243814,
          "0.55": 0.340952092243814,
          "0.60": 0.340952092243814,
          "0.65": 0.340952092243814,
          "0.70": 0.2952997112904864,
          "0.75": 0.1936560322698937,
          "0.80": 0.013775290572535511,
          "0.85": 0.0037128712871287127,
          "0.90": 0.0,
          "0.95": 0.0
        },
        "map_50": 0.340952092243814,
        "map_75": 0.1936560322698937,
        "map_5095": 0.18702522743953004,
        "map_50_containment": 0.35865505886973137,
        "map_90_containment": 0.3291351832551677,
        "mean_pred_box_area": 0.04695273580347468,
        "std_pred_box_area": 0.1332756201880579,
        "frac_pred_box_too_big": 0.027777777777777776,
        "frac_pred_box_too_small": 0.4166666666666667,
        "mean_gt_box_area": 0.02592183429738118,
        "pred_to_gt_area_ratio_mean": 2.347305704158604,
        "pred_to_gt_area_ratio_median": 1.2064663736838113,
        "log_area_ratio_mean": -0.35961015974973953,
        "log_area_ratio_std": 1.7563550535644192,
        "center_distance_mean": 0.15110365219373878,
        "center_distance_median": 0.025754798382870404,
        "score_mean": 0.8496887423098087,
        "score_std": 0.2117590808596448,
        "score_p25": 0.8311244398355484,
        "score_p75": 0.9789253920316696,
        "score_iou_correlation": 0.3025081810781065
      },
      "insdet": {
        "n": 64,
        "n_pos": 64,
        "iou_mean": 0.1572196166307549,
        "iou_median": 0.0,
        "iou_p25": 0.0,
        "iou_p75": 0.09457893669605255,
        "iou_std": 0.29571888894361537,
        "frac_iou_25": 0.1875,
        "frac_iou_50": 0.1875,
        "frac_iou_75": 0.109375,
        "frac_iou_90": 0.0,
        "containment_mean": 0.20449097017990425,
        "containment_median": 0.0,
        "containment_p25": 0.0,
        "containment_p75": 0.12550018168985844,
        "containment_std": 0.36983039938002443,
        "frac_containment_50": 0.203125,
        "frac_containment_75": 0.203125,
        "frac_containment_90": 0.140625,
        "frac_containment_full": 0.03125,
        "contain_at_iou_50": 0.1875,
        "contain_at_iou_75": 0.109375,
        "high_contain_high_iou": 0.125,
        "ap_per_iou": {
          "0.50": 0.053413825545450475,
          "0.55": 0.053413825545450475,
          "0.60": 0.0443364542902254,
          "0.65": 0.0443364542902254,
          "0.70": 0.03720978355984229,
          "0.75": 0.027831205545587157,
          "0.80": 0.011501671679553876,
          "0.85": 0.0003356267830172848,
          "0.90": 0.0,
          "0.95": 0.0
        },
        "map_50": 0.053413825545450475,
        "map_75": 0.027831205545587157,
        "map_5095": 0.027237884723935235,
        "map_50_containment": 0.08207441638025016,
        "map_90_containment": 0.06261747985191514,
        "mean_pred_box_area": 0.01939932072765234,
        "std_pred_box_area": 0.11435297841925027,
        "frac_pred_box_too_big": 0.015625,
        "frac_pred_box_too_small": 0.96875,
        "mean_gt_box_area": 0.00195736694149673,
        "pred_to_gt_area_ratio_mean": 10.47057079015403,
        "pred_to_gt_area_ratio_median": 0.6314009097274373,
        "log_area_ratio_mean": -0.6023414357036075,
        "log_area_ratio_std": 1.5757259190121884,
        "center_distance_mean": 0.15141559080841596,
        "center_distance_median": 0.09658557330023228,
        "score_mean": 0.7853907058015466,
        "score_std": 0.15514100834268896,
        "score_p25": 0.7241484671831131,
        "score_p75": 0.8856943100690842,
        "score_iou_correlation": 0.005714264780250752
      }
    },
    "per_k": {
      "k1": {
        "n": 34,
        "n_pos": 34,
        "iou_mean": 0.21501399520510697,
        "iou_median": 0.0,
        "iou_p25": 0.0,
        "iou_p75": 0.6118256226181984,
        "iou_std": 0.33670550694680335,
        "frac_iou_25": 0.29411764705882354,
        "frac_iou_50": 0.2647058823529412,
        "frac_iou_75": 0.14705882352941177,
        "frac_iou_90": 0.0,
        "containment_mean": 0.32980350930901137,
        "containment_median": 0.0,
        "containment_p25": 0.0,
        "containment_p75": 0.9265997856855392,
        "containment_std": 0.4523614153995878,
        "frac_containment_50": 0.3235294117647059,
        "frac_containment_75": 0.3235294117647059,
        "frac_containment_90": 0.2647058823529412,
        "frac_containment_full": 0.14705882352941177,