{
  "stage": "L2",
  "phase": "insdet",
  "epoch": 1,
  "fold": 1,
  "wall_clock_seconds": 414.24,
  "lr": {
    "fusion": 0.0002889039691860013,
    "class_head": 9.630378966882806e-05,
    "box_head": 9.630378966882806e-05
  },
  "train": {
    "loss": 8.515390578309695,
    "patch_ce": 4.2526131345828375,
    "l1": 0.03678967873177801,
    "giou": 0.9968545059363048,
    "log_area": 0.6726002754509833,
    "grad_norm": 72.77928450300887,
    "n_steps": 300,
    "grad_steps": 37,
    "grad_nan_steps": 0,
    "alpha": 0.9647850394248962,
    "bg_bias": -0.014900324866175652
  },
  "val": {
    "overall": {
      "n": 100,
      "n_pos": 76,
      "n_neg": 24,
      "iou_mean": 0.1623429795236964,
      "iou_median": 0.0,
      "iou_p25": 0.0,
      "iou_p75": 0.16713676042854786,
      "iou_std": 0.28633407039517755,
      "frac_iou_25": 0.25,
      "frac_iou_50": 0.21052631578947367,
      "frac_iou_75": 0.05263157894736842,
      "frac_iou_90": 0.013157894736842105,
      "containment_mean": 0.18154742009937763,
      "containment_median": 0.0,
      "containment_p25": 0.0,
      "containment_p75": 0.21333682909607887,
      "containment_std": 0.31758444783681616,
      "frac_containment_50": 0.23684210526315788,
      "frac_containment_75": 0.10526315789473684,
      "frac_containment_90": 0.02631578947368421,
      "frac_containment_full": 0.0,
      "contain_at_iou_50": 0.21052631578947367,
      "contain_at_iou_75": 0.05263157894736842,
      "high_contain_high_iou": 0.02631578947368421,
      "ap_per_iou": {
        "0.50": 0.12086622196054192,
        "0.55": 0.08299606478866507,
        "0.60": 0.07448634973387448,
        "0.65": 0.07173003014587172,
        "0.70": 0.05336962267655336,
        "0.75": 0.01940908376551941,
        "0.80": 0.0066006600660066,
        "0.85": 0.0066006600660066,
        "0.90": 0.0066006600660066,
        "0.95": 0.0
      },
      "map_50": 0.12086622196054192,
      "map_75": 0.01940908376551941,
      "map_5095": 0.04426593532690458,
      "map_50_containment": 0.1336077679485705,
      "map_90_containment": 0.01485148514851485,
      "mean_pred_box_area": 0.0008833622693695522,
      "std_pred_box_area": 0.0007479253234115233,
      "frac_pred_box_too_big": 0.0,
      "frac_pred_box_too_small": 0.9868421052631579,
      "mean_gt_box_area": 0.0017553446324248064,
      "pred_to_gt_area_ratio_mean": 1.0525128165272364,
      "pred_to_gt_area_ratio_median": 0.7138255422602267,
      "log_area_ratio_mean": -0.38278824155470914,
      "log_area_ratio_std": 0.8666483883868737,
      "center_distance_mean": 0.17162301389073284,
      "center_distance_median": 0.10496353957263832,
      "score_mean": 0.11290420949655144,
      "score_std": 0.07052210262956886,
      "score_p25": 0.05824659764766693,
      "score_p75": 0.14055654034018517,
      "score_iou_correlation": 0.37088850589299827,
      "bg_prob_pos_mean": 0.050779019035153874,
      "bg_prob_pos_median": 0.03734400309622288,
      "abstain_rate_pos": 0.0,
      "bg_prob_neg_mean": 0.09408996859565377,
      "bg_prob_neg_median": 0.056687936186790466,
      "abstain_rate_neg": 0.0,
      "score_neg_mean": 0.09609663401109476,
      "score_neg_p75": 0.10836153477430344,
      "tn_rate": 0.0,
      "fp_rate": 1.0,
      "abstain_gap": 0.0433109495604999
    },
    "per_source": {
      "insdet": {
        "n": 100,
        "n_pos": 76,
        "n_neg": 24,
        "iou_mean": 0.1623429795236964,
        "iou_median": 0.0,
        "iou_p25": 0.0,
        "iou_p75": 0.16713676042854786,
        "iou_std": 0.28633407039517755,
        "frac_iou_25": 0.25,
        "frac_iou_50": 0.21052631578947367,
        "frac_iou_75": 0.05263157894736842,
        "frac_iou_90": 0.013157894736842105,
        "containment_mean": 0.18154742009937763,
        "containment_median": 0.0,
        "containment_p25": 0.0,
        "containment_p75": 0.21333682909607887,
        "containment_std": 0.31758444783681616,
        "frac_containment_50": 0.23684210526315788,
        "frac_containment_75": 0.10526315789473684,
        "frac_containment_90": 0.02631578947368421,
        "frac_containment_full": 0.0,
        "contain_at_iou_50": 0.21052631578947367,
        "contain_at_iou_75": 0.05263157894736842,
        "high_contain_high_iou": 0.02631578947368421,
        "ap_per_iou": {
          "0.50": 0.12086622196054192,
          "0.55": 0.08299606478866507,
          "0.60": 0.07448634973387448,
          "0.65": 0.07173003014587172,
          "0.70": 0.05336962267655336,
          "0.75": 0.01940908376551941,
          "0.80": 0.0066006600660066,
          "0.85": 0.0066006600660066,
          "0.90": 0.0066006600660066,
          "0.95": 0.0
        },
        "map_50": 0.12086622196054192,
        "map_75": 0.01940908376551941,
        "map_5095": 0.04426593532690458,
        "map_50_containment": 0.1336077679485705,
        "map_90_containment": 0.01485148514851485,
        "mean_pred_box_area": 0.0008833622693695522,
        "std_pred_box_area": 0.0007479253234115233,
        "frac_pred_box_too_big": 0.0,
        "frac_pred_box_too_small": 0.9868421052631579,
        "mean_gt_box_area": 0.0017553446324248064,
        "pred_to_gt_area_ratio_mean": 1.0525128165272364,
        "pred_to_gt_area_ratio_median": 0.7138255422602267,
        "log_area_ratio_mean": -0.38278824155470914,
        "log_area_ratio_std": 0.8666483883868737,
        "center_distance_mean": 0.17162301389073284,
        "center_distance_median": 0.10496353957263832,
        "score_mean": 0.11290420949655144,
        "score_std": 0.07052210262956886,
        "score_p25": 0.05824659764766693,
        "score_p75": 0.14055654034018517,
        "score_iou_correlation": 0.37088850589299827,
        "bg_prob_pos_mean": 0.050779019035153874,
        "bg_prob_pos_median": 0.03734400309622288,
        "abstain_rate_pos": 0.0,
        "bg_prob_neg_mean": 0.09408996859565377,
        "bg_prob_neg_median": 0.056687936186790466,
        "abstain_rate_neg": 0.0,
        "score_neg_mean": 0.09609663401109476,
        "score_neg_p75": 0.10836153477430344,
        "tn_rate": 0.0,
        "fp_rate": 1.0,
        "abstain_gap": 0.0433109495604999
      }
    },
    "per_k": {
      "k1": {
        "n": 34,
        "n_pos": 22,
        "n_neg": 12,
        "iou_mean": 0.07441875474019484,
        "iou_median": 0.0,
        "iou_p25": 0.0,
        "iou_p75": 0.0,
        "iou_std": 0.1922779716187112,
        "frac_iou_25": 0.13636363636363635,
        "frac_iou_50": 0.09090909090909091,
        "frac_iou_75": 0.0,
        "frac_iou_90": 0.0,
        "containment_mean": 0.07794468375769528,
        "containment_median": 0.0,
        "containment_p25": 0.0,
        "containment_p75": 0.0,
        "containment_std": 0.20241271136801062,
        "frac_containment_50": 0.09090909090909091,
        "frac_containment_75": 0.0,
        "frac_containment_90": 0.0,
        "frac_containment_full": 0.0,
        "contain_at_iou_50": 0.09090909090909091,
        "contain_at_iou_75": 0.0,
        "high_contain_high_iou": 0.0,
        "ap_per_iou": {
          "0.50": 0.012751275127512748,
          "0.55": 0.012751275127512748,
          "0.60": 0.0,
          "0.65": 0.0,
          "0.70": 0.0,
          "0.75": 0.0,
          "0.80": 0.0,
          "0.85": 0.0,
          "0.90": 0.0,
          "0.95": 0.0
        },
        "map_50": 0.012751275127512748,
        "map_75": 0.0,
        "map_5095": 0.0025502550255025497,
        "map_50_containment": 0.012751275127512748,
        "map_90_containment": 0.0,
        "mean_pred_box_area": 0.0007863994503594014,
        "std_pred_box_area": 0.0004881796302798424,
        "frac_pred_box_too_big": 0.0,
        "frac_pred_box_too_small": 1.0,
        "mean_gt_box_area": 0.0016869245605035262,
        "pred_to_gt_area_ratio_mean": 0.7811113446975436,
        "pred_to_gt_area_ratio_median": 0.4745102034416987,
        "log_area_ratio_mean": -0.6124728081518556,