{
  "stage": "L2",
  "phase": "insdet",
  "epoch": 1,
  "fold": 2,
  "wall_clock_seconds": 414.83,
  "lr": {
    "fusion": 0.0002682732770809189,
    "class_head": 8.943147842742179e-05,
    "box_head": 8.943147842742179e-05
  },
  "train": {
    "loss": 8.607476800282797,
    "patch_ce": 4.194780700206756,
    "l1": 0.03674553614653026,
    "giou": 1.0317060806353886,
    "log_area": 0.7079356985869405,
    "grad_norm": 76.4970138137405,
    "n_steps": 300,
    "grad_steps": 37,
    "grad_nan_steps": 0,
    "alpha": 0.9623007774353027,
    "bg_bias": -0.01440510991960764
  },
  "val": {
    "overall": {
      "n": 100,
      "n_pos": 75,
      "n_neg": 25,
      "iou_mean": 0.1392847711398887,
      "iou_median": 0.0,
      "iou_p25": 0.0,
      "iou_p75": 0.06470326147973537,
      "iou_std": 0.2752824405856693,
      "frac_iou_25": 0.2,
      "frac_iou_50": 0.16,
      "frac_iou_75": 0.05333333333333334,
      "frac_iou_90": 0.013333333333333334,
      "containment_mean": 0.18259140550314137,
      "containment_median": 0.0,
      "containment_p25": 0.0,
      "containment_p75": 0.21011760830879211,
      "containment_std": 0.33044677736468214,
      "frac_containment_50": 0.16,
      "frac_containment_75": 0.13333333333333333,
      "frac_containment_90": 0.09333333333333334,
      "frac_containment_full": 0.04,
      "contain_at_iou_50": 0.16,
      "contain_at_iou_75": 0.05333333333333334,
      "high_contain_high_iou": 0.09333333333333334,
      "ap_per_iou": {
        "0.50": 0.06764461366119208,
        "0.55": 0.06764461366119208,
        "0.60": 0.04067629421647381,
        "0.65": 0.04067629421647381,
        "0.70": 0.02318970269119935,
        "0.75": 0.01485148514851485,
        "0.80": 0.01485148514851485,
        "0.85": 0.011138613861386138,
        "0.90": 0.0012376237623762376,
        "0.95": 0.0
      },
      "map_50": 0.06764461366119208,
      "map_75": 0.01485148514851485,
      "map_5095": 0.028191072636732324,
      "map_50_containment": 0.06764461366119208,
      "map_90_containment": 0.04207920792079208,
      "mean_pred_box_area": 0.00123932595241095,
      "std_pred_box_area": 0.0007739203889275296,
      "frac_pred_box_too_big": 0.0,
      "frac_pred_box_too_small": 1.0,
      "mean_gt_box_area": 0.001746994654337565,
      "pred_to_gt_area_ratio_mean": 1.206060229311288,
      "pred_to_gt_area_ratio_median": 0.8999140092877385,
      "log_area_ratio_mean": -0.12250032998760406,
      "log_area_ratio_std": 0.8188532678368394,
      "center_distance_mean": 0.20119511296941595,
      "center_distance_median": 0.15014556864156345,
      "score_mean": 0.09939090948551893,
      "score_std": 0.075361391518976,
      "score_p25": 0.04829103499650955,
      "score_p75": 0.14018375426530838,
      "score_iou_correlation": 0.35085477964486905,
      "bg_prob_pos_mean": 0.2293897333741188,
      "bg_prob_pos_median": 0.20833823084831238,
      "abstain_rate_pos": 0.04,
      "bg_prob_neg_mean": 0.2993450739979744,
      "bg_prob_neg_median": 0.25450044870376587,
      "abstain_rate_neg": 0.12,
      "score_neg_mean": 0.07813448946923017,
      "score_neg_p75": 0.09261147677898407,
      "tn_rate": 0.12,
      "fp_rate": 0.88,
      "abstain_gap": 0.06995534062385558
    },
    "per_source": {
      "insdet": {
        "n": 100,
        "n_pos": 75,
        "n_neg": 25,
        "iou_mean": 0.1392847711398887,
        "iou_median": 0.0,
        "iou_p25": 0.0,
        "iou_p75": 0.06470326147973537,
        "iou_std": 0.2752824405856693,
        "frac_iou_25": 0.2,
        "frac_iou_50": 0.16,
        "frac_iou_75": 0.05333333333333334,
        "frac_iou_90": 0.013333333333333334,
        "containment_mean": 0.18259140550314137,
        "containment_median": 0.0,
        "containment_p25": 0.0,
        "containment_p75": 0.21011760830879211,
        "containment_std": 0.33044677736468214,
        "frac_containment_50": 0.16,
        "frac_containment_75": 0.13333333333333333,
        "frac_containment_90": 0.09333333333333334,
        "frac_containment_full": 0.04,
        "contain_at_iou_50": 0.16,
        "contain_at_iou_75": 0.05333333333333334,
        "high_contain_high_iou": 0.09333333333333334,
        "ap_per_iou": {
          "0.50": 0.06764461366119208,
          "0.55": 0.06764461366119208,
          "0.60": 0.04067629421647381,
          "0.65": 0.04067629421647381,
          "0.70": 0.02318970269119935,
          "0.75": 0.01485148514851485,
          "0.80": 0.01485148514851485,
          "0.85": 0.011138613861386138,
          "0.90": 0.0012376237623762376,
          "0.95": 0.0
        },
        "map_50": 0.06764461366119208,
        "map_75": 0.01485148514851485,
        "map_5095": 0.028191072636732324,
        "map_50_containment": 0.06764461366119208,
        "map_90_containment": 0.04207920792079208,
        "mean_pred_box_area": 0.00123932595241095,
        "std_pred_box_area": 0.0007739203889275296,
        "frac_pred_box_too_big": 0.0,
        "frac_pred_box_too_small": 1.0,
        "mean_gt_box_area": 0.001746994654337565,
        "pred_to_gt_area_ratio_mean": 1.206060229311288,
        "pred_to_gt_area_ratio_median": 0.8999140092877385,
        "log_area_ratio_mean": -0.12250032998760406,
        "log_area_ratio_std": 0.8188532678368394,
        "center_distance_mean": 0.20119511296941595,
        "center_distance_median": 0.15014556864156345,
        "score_mean": 0.09939090948551893,
        "score_std": 0.075361391518976,
        "score_p25": 0.04829103499650955,
        "score_p75": 0.14018375426530838,
        "score_iou_correlation": 0.35085477964486905,
        "bg_prob_pos_mean": 0.2293897333741188,
        "bg_prob_pos_median": 0.20833823084831238,
        "abstain_rate_pos": 0.04,
        "bg_prob_neg_mean": 0.2993450739979744,
        "bg_prob_neg_median": 0.25450044870376587,
        "abstain_rate_neg": 0.12,
        "score_neg_mean": 0.07813448946923017,
        "score_neg_p75": 0.09261147677898407,
        "tn_rate": 0.12,
        "fp_rate": 0.88,
        "abstain_gap": 0.06995534062385558
      }
    },
    "per_k": {
      "k1": {
        "n": 34,
        "n_pos": 29,
        "n_neg": 5,
        "iou_mean": 0.07555416828334524,
        "iou_median": 0.0,
        "iou_p25": 0.0,
        "iou_p75": 0.0002684159844648093,
        "iou_std": 0.20693634534819982,
        "frac_iou_25": 0.10344827586206896,
        "frac_iou_50": 0.10344827586206896,
        "frac_iou_75": 0.0,
        "frac_iou_90": 0.0,
        "containment_mean": 0.10693260896870674,
        "containment_median": 0.0,
        "containment_p25": 0.0,
        "containment_p75": 0.0004650724004022777,
        "containment_std": 0.25923751812022683,
        "frac_containment_50": 0.10344827586206896,
        "frac_containment_75": 0.06896551724137931,
        "frac_containment_90": 0.034482758620689655,
        "frac_containment_full": 0.0,
        "contain_at_iou_50": 0.10344827586206896,
        "contain_at_iou_75": 0.0,
        "high_contain_high_iou": 0.034482758620689655,
        "ap_per_iou": {
          "0.50": 0.049831356762049854,
          "0.55": 0.049831356762049854,
          "0.60": 0.0066006600660066,
          "0.65": 0.0066006600660066,
          "0.70": 0.0066006600660066,
          "0.75": 0.0,
          "0.80": 0.0,
          "0.85": 0.0,
          "0.90": 0.0,
          "0.95": 0.0
        },
        "map_50": 0.049831356762049854,
        "map_75": 0.0,
        "map_5095": 0.011946469372211952,
        "map_50_containment": 0.049831356762049854,
        "map_90_containment": 0.039603960396039604,
        "mean_pred_box_area": 0.0012369757273852477,
        "std_pred_box_area": 0.0006190608052406864,
        "frac_pred_box_too_big": 0.0,
        "frac_pred_box_too_small": 1.0,
        "mean_gt_box_area": 0.001686231329523284,
        "pred_to_gt_area_ratio_mean": 1.307920309375944,
        "pred_to_gt_area_ratio_median": 0.8094925590442982,
        "log_area_ratio_mean": -0.06391906573719064,