{
  "stage": "S1",
  "epoch": 4,
  "fold": 0,
  "wall_clock_seconds": 247.45,
  "lr": {
    "head": 0.0007961380145698542
  },
  "train": {
    "loss": 0.08718016482889653,
    "focal": 0.053324054582044485,
    "variance": 0.0065477085113525395,
    "decorrelation": 0.6640268099308014,
    "grad_norm": 0.3460906973481178,
    "n_steps": 100,
    "grad_steps": 50,
    "grad_nan_steps": 0
  },
  "val": {
    "overall": {
      "n": 200,
      "n_pos": 53,
      "n_neg": 147,
      "threshold": 0.5,
      "tp": 0,
      "fp": 0,
      "fn": 53,
      "tn": 147,
      "accuracy": 0.735,
      "acc_pos": 0.0,
      "acc_neg": 1.0,
      "precision": 0.0,
      "recall": 0.0,
      "f1": 0.0,
      "fpr": 0.0,
      "fnr": 1.0,
      "tpr": 0.0,
      "tnr": 1.0,
      "youden_j": 0.0,
      "mcc": 0.0,
      "auroc": 0.590809908869208,
      "pr_auc": 0.35750472174265846,
      "avg_precision": 0.3856253822849606,
      "brier": 0.19248709576285367,
      "best_f1": 0.4761904761904762,
      "best_f1_threshold": 0.2912941873073578,
      "fpr_at_recall_95": 0.7619047619047619,
      "recall_at_fpr_05": 0.07547169811320754,
      "recall_at_fpr_10": 0.16981132075471697,
      "mean_score_pos": 0.32182780526719,
      "mean_score_neg": 0.30581054588158924,
      "std_score_pos": 0.04417311471480864,
      "std_score_neg": 0.043231721353956726,
      "score_gap": 0.01601725938560078,
      "median_score_pos": 0.3068748116493225,
      "median_score_neg": 0.30334851145744324,
      "frac_high_score": 0.0,
      "frac_low_score": 0.0,
      "frac_uncertain": 0.05
    },
    "per_source": {
      "hots": {
        "n": 65,
        "n_pos": 22,
        "n_neg": 43,
        "threshold": 0.5,
        "tp": 0,
        "fp": 0,
        "fn": 22,
        "tn": 43,
        "accuracy": 0.6615384615384615,
        "acc_pos": 0.0,
        "acc_neg": 1.0,
        "precision": 0.0,
        "recall": 0.0,
        "f1": 0.0,
        "fpr": 0.0,
        "fnr": 1.0,
        "tpr": 0.0,
        "tnr": 1.0,
        "youden_j": 0.0,
        "mcc": 0.0,
        "auroc": 0.5591966173361522,
        "pr_auc": 0.35624424884144945,
        "avg_precision": 0.4264133356238776,
        "brier": 0.22487300593655427,
        "best_f1": 0.5454545454545455,
        "best_f1_threshold": 0.27051955461502075,
        "fpr_at_recall_95": 0.7906976744186046,
        "recall_at_fpr_05": 0.0,
        "recall_at_fpr_10": 0.0,
        "mean_score_pos": 0.2998230809515173,
        "mean_score_neg": 0.29681652125924135,
        "std_score_pos": 0.020795944389539953,
        "std_score_neg": 0.028415145037938603,
        "score_gap": 0.003006559692275923,
        "median_score_pos": 0.3027843236923218,
        "median_score_neg": 0.2930067181587219,
        "frac_high_score": 0.0,
        "frac_low_score": 0.0,
        "frac_uncertain": 0.0
      },
      "insdet": {
        "n": 135,
        "n_pos": 31,
        "n_neg": 104,
        "threshold": 0.5,
        "tp": 0,
        "fp": 0,
        "fn": 31,
        "tn": 104,
        "accuracy": 0.7703703703703704,
        "acc_pos": 0.0,
        "acc_neg": 1.0,
        "precision": 0.0,
        "recall": 0.0,
        "f1": 0.0,
        "fpr": 0.0,
        "fnr": 1.0,
        "tpr": 0.0,
        "tnr": 1.0,
        "youden_j": 0.0,
        "mcc": 0.0,
        "auroc": 0.6411290322580645,
        "pr_auc": 0.3896474953857657,
        "avg_precision": 0.40418941175272194,
        "brier": 0.17689387975329413,
        "best_f1": 0.453125,
        "best_f1_threshold": 0.2914194166660309,
        "fpr_at_recall_95": 0.7211538461538461,
        "recall_at_fpr_05": 0.12903225806451613,
        "recall_at_fpr_10": 0.22580645161290322,
        "mean_score_pos": 0.33744406123315135,
        "mean_score_neg": 0.3095292291389062,
        "std_score_pos": 0.04972302261952977,
        "std_score_neg": 0.047668263199226485,
        "score_gap": 0.027914832094245168,
        "median_score_pos": 0.3177701532840729,
        "median_score_neg": 0.30934298038482666,
        "frac_high_score": 0.0,
        "frac_low_score": 0.0,
        "frac_uncertain": 0.07407407407407407
      }
    },
    "per_k": {
      "k1": {
        "n": 67,
        "n_pos": 24,
        "n_neg": 43,
        "threshold": 0.5,
        "tp": 0,
        "fp": 0,
        "fn": 24,
        "tn": 43,
        "accuracy": 0.6417910447761194,
        "acc_pos": 0.0,
        "acc_neg": 1.0,
        "precision": 0.0,
        "recall": 0.0,
        "f1": 0.0,
        "fpr": 0.0,
        "fnr": 1.0,
        "tpr": 0.0,
        "tnr": 1.0,
        "youden_j": 0.0,
        "mcc": 0.0,
        "auroc": 0.5901162790697675,
        "pr_auc": 0.47097244466541266,
        "avg_precision": 0.5073547466728757,
        "brier": 0.22658595376430696,
        "best_f1": 0.5945945945945945,
        "best_f1_threshold": 0.2914194166660309,
        "fpr_at_recall_95": 0.7906976744186046,
        "recall_at_fpr_05": 0.08333333333333333,
        "recall_at_fpr_10": 0.20833333333333334,
        "mean_score_pos": 0.32518533741434413,
        "mean_score_neg": 0.30955226823341014,
        "std_score_pos": 0.04611611048758805,
        "std_score_neg": 0.04444818254398243,
        "score_gap": 0.01563306918093399,
        "median_score_pos": 0.3075901120901108,
        "median_score_neg": 0.30510276556015015,
        "frac_high_score": 0.0,
        "frac_low_score": 0.0,
        "frac_uncertain": 0.07462686567164178
      },
      "k4": {
        "n": 67,
        "n_pos": 15,
        "n_neg": 52,
        "threshold": 0.5,
        "tp": 0,
        "fp": 0,
        "fn": 15,
        "tn": 52,
        "accuracy": 0.7761194029850746,
        "acc_pos": 0.0,
        "acc_neg": 1.0,
        "precision": 0.0,
        "recall": 0.0,
        "f1": 0.0,
        "fpr": 0.0,
        "fnr": 1.0,
        "tpr": 0.0,
        "tnr": 1.0,
        "youden_j": 0.0,
        "mcc": 0.0,
        "auroc": 0.6602564102564102,
        "pr_auc": 0.3713488943488944,
        "avg_precision": 0.39768976897689773,
        "brier": 0.17522129147124055,
        "best_f1": 0.5,
        "best_f1_threshold": 0.2912941873073578,
        "fpr_at_recall_95": 0.5769230769230769,
        "recall_at_fpr_05": 0.13333333333333333,
        "recall_at_fpr_10": 0.2,
        "mean_score_pos": 0.3321388443311056,
        "mean_score_neg": 0.3073026374555551,
        "std_score_pos": 0.04740285985974675,
        "std_score_neg": 0.045841772360466757,
        "score_gap": 0.024836206875550493,
        "median_score_pos": 0.31240028142929077,
        "median_score_neg": 0.29965710639953613,
        "frac_high_score": 0.0,
        "frac_low_score": 0.0,
        "frac_uncertain": 0.05970149253731343
      },
      "k10": {
        "n": 66,
        "n_pos": 14,
        "n_neg": 52,
        "threshold": 0.5,
        "tp": 0,
        "fp": 0,
        "fn": 14,
        "tn": 52,
        "accuracy": 0.7878787878787878,
        "acc_pos": 0.0,
        "acc_neg": 1.0,
        "precision": 0.0,
        "recall": 0.0,
        "f1": 0.0,
        "fpr": 0.0,
        "fnr": 1.0,
        "tpr": 0.0,
        "tnr": 1.0,
        "youden_j": 0.0,
        "mcc": 0.0,
        "auroc": 0.5164835164835165,
        "pr_auc": 0.24224052296983345,
        "avg_precision": 0.27721094143312697,
        "brier": 0.17539899578468263,
        "best_f1": 0.40625,
        "best_f1_threshold": 0.27472546696662903,
        "fpr_at_recall_95": 0.8653846153846154,
        "recall_at_fpr_05": 0.07142857142857142,
        "recall_at_fpr_10": 0.07142857142857142,
        "mean_score_pos": 0.3050244940178735,
        "mean_score_neg": 0.3012243377474638,
        "std_score_pos": 0.034278343155090506,
        "std_score_neg": 0.039830035612566615,
        "score_gap": 0.0038001562704096936,
        "median_score_pos": 0.3023979365825653,
        "median_score_neg": 0.3018990010023117,
        "frac_high_score": 0.0,
        "frac_low_score": 0.0,
        "frac_uncertain": 0.015151515151515152
      }
    }
  }
}