{
  "stage": "S1",
  "epoch": 4,
  "fold": 2,
  "wall_clock_seconds": 248.33,
  "lr": {
    "head": 0.0007008776275552492
  },
  "train": {
    "loss": 0.0894970889016986,
    "focal": 0.0558162422850728,
    "variance": 0.007161769866943359,
    "decorrelation": 0.6592936092615127,
    "grad_norm": 0.31643279373645783,
    "n_steps": 100,
    "grad_steps": 50,
    "grad_nan_steps": 0
  },
  "val": {
    "overall": {
      "n": 200,
      "n_pos": 52,
      "n_neg": 148,
      "threshold": 0.5,
      "tp": 0,
      "fp": 0,
      "fn": 52,
      "tn": 148,
      "accuracy": 0.74,
      "acc_pos": 0.0,
      "acc_neg": 1.0,
      "precision": 0.0,
      "recall": 0.0,
      "f1": 0.0,
      "fpr": 0.0,
      "fnr": 1.0,
      "tpr": 0.0,
      "tnr": 1.0,
      "youden_j": 0.0,
      "mcc": 0.0,
      "auroc": 0.6535862785862786,
      "pr_auc": 0.39154636917639546,
      "avg_precision": 0.4082964827077313,
      "brier": 0.18844324389609038,
      "best_f1": 0.4855491329479769,
      "best_f1_threshold": 0.3047694265842438,
      "fpr_at_recall_95": 0.7432432432432432,
      "recall_at_fpr_05": 0.11538461538461539,
      "recall_at_fpr_10": 0.23076923076923078,
      "mean_score_pos": 0.33134400328764546,
      "mean_score_neg": 0.30918081487352783,
      "std_score_pos": 0.036024715322345156,
      "std_score_neg": 0.039165384744898155,
      "score_gap": 0.02216318841411763,
      "median_score_pos": 0.32762324810028076,
      "median_score_neg": 0.3078323006629944,
      "frac_high_score": 0.0,
      "frac_low_score": 0.0,
      "frac_uncertain": 0.02
    },
    "per_source": {
      "hots": {
        "n": 70,
        "n_pos": 17,
        "n_neg": 53,
        "threshold": 0.5,
        "tp": 0,
        "fp": 0,
        "fn": 17,
        "tn": 53,
        "accuracy": 0.7571428571428571,
        "acc_pos": 0.0,
        "acc_neg": 1.0,
        "precision": 0.0,
        "recall": 0.0,
        "f1": 0.0,
        "fpr": 0.0,
        "fnr": 1.0,
        "tpr": 0.0,
        "tnr": 1.0,
        "youden_j": 0.0,
        "mcc": 0.0,
        "auroc": 0.6892341842397336,
        "pr_auc": 0.4082654168755289,
        "avg_precision": 0.4330881952933497,
        "brier": 0.18252671654032213,
        "best_f1": 0.5,
        "best_f1_threshold": 0.3047694265842438,
        "fpr_at_recall_95": 0.8867924528301887,
        "recall_at_fpr_05": 0.11764705882352941,
        "recall_at_fpr_10": 0.23529411764705882,
        "mean_score_pos": 0.31564541073406444,
        "mean_score_neg": 0.3002236935327638,
        "std_score_pos": 0.022345890598310932,
        "std_score_neg": 0.02400487320694095,
        "score_gap": 0.015421717201300644,
        "median_score_pos": 0.31653517484664917,
        "median_score_neg": 0.3018941581249237,
        "frac_high_score": 0.0,
        "frac_low_score": 0.0,
        "frac_uncertain": 0.0
      },
      "insdet": {
        "n": 130,
        "n_pos": 35,
        "n_neg": 95,
        "threshold": 0.5,
        "tp": 0,
        "fp": 0,
        "fn": 35,
        "tn": 95,
        "accuracy": 0.7307692307692307,
        "acc_pos": 0.0,
        "acc_neg": 1.0,
        "precision": 0.0,
        "recall": 0.0,
        "f1": 0.0,
        "fpr": 0.0,
        "fnr": 1.0,
        "tpr": 0.0,
        "tnr": 1.0,
        "youden_j": 0.0,
        "mcc": 0.0,
        "auroc": 0.6427067669172932,
        "pr_auc": 0.40841806432938266,
        "avg_precision": 0.42696509850995923,
        "brier": 0.19162906631842713,
        "best_f1": 0.4927536231884058,
        "best_f1_threshold": 0.28496119379997253,
        "fpr_at_recall_95": 0.7263157894736842,
        "recall_at_fpr_05": 0.14285714285714285,
        "recall_at_fpr_10": 0.2571428571428571,
        "mean_score_pos": 0.3389690339565277,
        "mean_score_neg": 0.3141779457267962,
        "std_score_pos": 0.03909748284639601,
        "std_score_neg": 0.0448281222512503,
        "score_gap": 0.024791088229731528,
        "median_score_pos": 0.33626899123191833,
        "median_score_neg": 0.3254094421863556,
        "frac_high_score": 0.0,
        "frac_low_score": 0.0,
        "frac_uncertain": 0.03076923076923077
      }
    },
    "per_k": {
      "k1": {
        "n": 67,
        "n_pos": 14,
        "n_neg": 53,
        "threshold": 0.5,
        "tp": 0,
        "fp": 0,
        "fn": 14,
        "tn": 53,
        "accuracy": 0.7910447761194029,
        "acc_pos": 0.0,
        "acc_neg": 1.0,
        "precision": 0.0,
        "recall": 0.0,
        "f1": 0.0,
        "fpr": 0.0,
        "fnr": 1.0,
        "tpr": 0.0,
        "tnr": 1.0,
        "youden_j": 0.0,
        "mcc": 0.0,
        "auroc": 0.6078167115902965,
        "pr_auc": 0.43402645820197355,
        "avg_precision": 0.4448818052536954,
        "brier": 0.17147736847042322,
        "best_f1": 0.4117647058823529,
        "best_f1_threshold": 0.33626899123191833,
        "fpr_at_recall_95": 0.8301886792452831,
        "recall_at_fpr_05": 0.21428571428571427,
        "recall_at_fpr_10": 0.2857142857142857,
        "mean_score_pos": 0.33245229508195606,
        "mean_score_neg": 0.312583493455401,
        "std_score_pos": 0.04134851486837794,
        "std_score_neg": 0.030862946010216073,
        "score_gap": 0.019868801626555077,
        "median_score_pos": 0.3243427574634552,
        "median_score_neg": 0.3099471926689148,
        "frac_high_score": 0.0,
        "frac_low_score": 0.0,
        "frac_uncertain": 0.014925373134328358
      },
      "k4": {
        "n": 67,
        "n_pos": 17,
        "n_neg": 50,
        "threshold": 0.5,
        "tp": 0,
        "fp": 0,
        "fn": 17,
        "tn": 50,
        "accuracy": 0.746268656716418,
        "acc_pos": 0.0,
        "acc_neg": 1.0,
        "precision": 0.0,
        "recall": 0.0,
        "f1": 0.0,
        "fpr": 0.0,
        "fnr": 1.0,
        "tpr": 0.0,
        "tnr": 1.0,
        "youden_j": 0.0,
        "mcc": 0.0,
        "auroc": 0.7458823529411764,
        "pr_auc": 0.4304582039839735,
        "avg_precision": 0.45517181129877626,
        "brier": 0.18227699332035124,
        "best_f1": 0.5882352941176471,
        "best_f1_threshold": 0.31919118762016296,
        "fpr_at_recall_95": 0.66,
        "recall_at_fpr_05": 0.058823529411764705,
        "recall_at_fpr_10": 0.23529411764705882,
        "mean_score_pos": 0.3412425149889553,
        "mean_score_neg": 0.30774066656827925,
        "std_score_pos": 0.029688252154255815,
        "std_score_neg": 0.04186864138166889,
        "score_gap": 0.03350184842067605,
        "median_score_pos": 0.33902400732040405,
        "median_score_neg": 0.3033737242221832,
        "frac_high_score": 0.0,
        "frac_low_score": 0.0,
        "frac_uncertain": 0.029850746268656716
      },
      "k10": {
        "n": 66,
        "n_pos": 21,
        "n_neg": 45,
        "threshold": 0.5,
        "tp": 0,
        "fp": 0,
        "fn": 21,
        "tn": 45,
        "accuracy": 0.6818181818181818,
        "acc_pos": 0.0,
        "acc_neg": 1.0,
        "precision": 0.0,
        "recall": 0.0,
        "f1": 0.0,
        "fpr": 0.0,
        "fnr": 1.0,
        "tpr": 0.0,
        "tnr": 1.0,
        "youden_j": 0.0,
        "mcc": 0.0,
        "auroc": 0.5989417989417989,
        "pr_auc": 0.39848290532578284,
        "avg_precision": 0.43591125628133687,
        "brier": 0.21192585665509375,
        "best_f1": 0.5352112676056339,
        "best_f1_threshold": 0.2852085530757904,
        "fpr_at_recall_95": 0.7777777777777778,
        "recall_at_fpr_05": 0.047619047619047616,
        "recall_at_fpr_10": 0.23809523809523808,
        "mean_score_pos": 0.3225920611903781,
        "mean_score_neg": 0.30677338043848673,
        "std_score_pos": 0.03644655070888607,
        "std_score_neg": 0.0449954236819062,
        "score_gap": 0.015818680751891356,
        "median_score_pos": 0.3255242109298706,
        "median_score_neg": 0.3067845106124878,
        "frac_high_score": 0.0,
        "frac_low_score": 0.0,