{
  "stage": "L3",
  "phase": "hots",
  "epoch": 5,
  "fold": 2,
  "wall_clock_seconds": 532.28,
  "lr": {
    "fusion": 3.377704123873642e-05,
    "class_head": 1.353032305913534e-05,
    "box_head": 1.353032305913534e-05,
    "lora": 0.0001350106321367414
  },
  "train": {
    "loss": 5.035035389463107,
    "patch_ce": 3.0585238466660183,
    "l1": 0.033535021084050334,
    "giou": 0.4637194603681564,
    "log_area": 0.1818788184391815,
    "grad_norm": 99.29426471607105,
    "n_steps": 300,
    "grad_steps": 37,
    "grad_nan_steps": 0,
    "alpha": 0.9496503472328186,
    "bg_bias": -0.012895811349153519
  },
  "val": {
    "overall": {
      "n": 100,
      "n_pos": 71,
      "n_neg": 29,
      "iou_mean": 0.48934021550165097,
      "iou_median": 0.6847331523895264,
      "iou_p25": 0.0,
      "iou_p75": 0.8638086020946503,
      "iou_std": 0.4197455724276654,
      "frac_iou_25": 0.5915492957746479,
      "frac_iou_50": 0.5774647887323944,
      "frac_iou_75": 0.4788732394366197,
      "frac_iou_90": 0.16901408450704225,
      "containment_mean": 0.5405363692364222,
      "containment_median": 0.8049196600914001,
      "containment_p25": 0.0,
      "containment_p75": 0.9657618999481201,
      "containment_std": 0.4621931885341894,
      "frac_containment_50": 0.5774647887323944,
      "frac_containment_75": 0.5211267605633803,
      "frac_containment_90": 0.4647887323943662,
      "frac_containment_full": 0.09859154929577464,
      "contain_at_iou_50": 0.5774647887323944,
      "contain_at_iou_75": 0.4788732394366197,
      "high_contain_high_iou": 0.4647887323943662,
      "ap_per_iou": {
        "0.50": 0.4745989202981977,
        "0.55": 0.4745989202981977,
        "0.60": 0.4677555889062349,
        "0.65": 0.44462298563307123,
        "0.70": 0.3660515485129872,
        "0.75": 0.3660515485129872,
        "0.80": 0.35027031958880944,
        "0.85": 0.16896136576070717,
        "0.90": 0.04967025448189421,
        "0.95": 0.0036146471790036144
      },
      "map_50": 0.4745989202981977,
      "map_75": 0.3660515485129872,
      "map_5095": 0.31661960991720906,
      "map_50_containment": 0.4745989202981977,
      "map_90_containment": 0.35582263643251427,
      "mean_pred_box_area": 0.02006675605747595,
      "std_pred_box_area": 0.020935263149536178,
      "frac_pred_box_too_big": 0.0,
      "frac_pred_box_too_small": 0.2676056338028169,
      "mean_gt_box_area": 0.0244754757279281,
      "pred_to_gt_area_ratio_mean": 1.3095577848371829,
      "pred_to_gt_area_ratio_median": 1.0225594525547717,
      "log_area_ratio_mean": -0.023437943215661634,
      "log_area_ratio_std": 0.6898580630983211,
      "center_distance_mean": 0.20160548215519866,
      "center_distance_median": 0.024070256842838374,
      "score_mean": 0.1460437742586602,
      "score_std": 0.11633807380853388,
      "score_p25": 0.0646168477833271,
      "score_p75": 0.2194622978568077,
      "score_iou_correlation": 0.40746428518470634,
      "bg_prob_pos_mean": 0.20682992709433318,
      "bg_prob_pos_median": 0.13262343406677246,
      "abstain_rate_pos": 0.09859154929577464,
      "bg_prob_neg_mean": 0.7097327313546477,
      "bg_prob_neg_median": 0.8078271746635437,
      "abstain_rate_neg": 0.7931034482758621,
      "score_neg_mean": 0.06121275510341893,
      "score_neg_p75": 0.03457394987344742,
      "tn_rate": 0.7931034482758621,
      "fp_rate": 0.2068965517241379,
      "abstain_gap": 0.5029028042603145
    },
    "per_source": {
      "hots": {
        "n": 100,
        "n_pos": 71,
        "n_neg": 29,
        "iou_mean": 0.48934021550165097,
        "iou_median": 0.6847331523895264,
        "iou_p25": 0.0,
        "iou_p75": 0.8638086020946503,
        "iou_std": 0.4197455724276654,
        "frac_iou_25": 0.5915492957746479,
        "frac_iou_50": 0.5774647887323944,
        "frac_iou_75": 0.4788732394366197,
        "frac_iou_90": 0.16901408450704225,
        "containment_mean": 0.5405363692364222,
        "containment_median": 0.8049196600914001,
        "containment_p25": 0.0,
        "containment_p75": 0.9657618999481201,
        "containment_std": 0.4621931885341894,
        "frac_containment_50": 0.5774647887323944,
        "frac_containment_75": 0.5211267605633803,
        "frac_containment_90": 0.4647887323943662,
        "frac_containment_full": 0.09859154929577464,
        "contain_at_iou_50": 0.5774647887323944,
        "contain_at_iou_75": 0.4788732394366197,
        "high_contain_high_iou": 0.4647887323943662,
        "ap_per_iou": {
          "0.50": 0.4745989202981977,
          "0.55": 0.4745989202981977,
          "0.60": 0.4677555889062349,
          "0.65": 0.44462298563307123,
          "0.70": 0.3660515485129872,
          "0.75": 0.3660515485129872,
          "0.80": 0.35027031958880944,
          "0.85": 0.16896136576070717,
          "0.90": 0.04967025448189421,
          "0.95": 0.0036146471790036144
        },
        "map_50": 0.4745989202981977,
        "map_75": 0.3660515485129872,
        "map_5095": 0.31661960991720906,
        "map_50_containment": 0.4745989202981977,
        "map_90_containment": 0.35582263643251427,
        "mean_pred_box_area": 0.02006675605747595,
        "std_pred_box_area": 0.020935263149536178,
        "frac_pred_box_too_big": 0.0,
        "frac_pred_box_too_small": 0.2676056338028169,
        "mean_gt_box_area": 0.0244754757279281,
        "pred_to_gt_area_ratio_mean": 1.3095577848371829,
        "pred_to_gt_area_ratio_median": 1.0225594525547717,
        "log_area_ratio_mean": -0.023437943215661634,
        "log_area_ratio_std": 0.6898580630983211,
        "center_distance_mean": 0.20160548215519866,
        "center_distance_median": 0.024070256842838374,
        "score_mean": 0.1460437742586602,
        "score_std": 0.11633807380853388,
        "score_p25": 0.0646168477833271,
        "score_p75": 0.2194622978568077,
        "score_iou_correlation": 0.40746428518470634,
        "bg_prob_pos_mean": 0.20682992709433318,
        "bg_prob_pos_median": 0.13262343406677246,
        "abstain_rate_pos": 0.09859154929577464,
        "bg_prob_neg_mean": 0.7097327313546477,
        "bg_prob_neg_median": 0.8078271746635437,
        "abstain_rate_neg": 0.7931034482758621,
        "score_neg_mean": 0.06121275510341893,
        "score_neg_p75": 0.03457394987344742,
        "tn_rate": 0.7931034482758621,
        "fp_rate": 0.2068965517241379,
        "abstain_gap": 0.5029028042603145
      }
    },
    "per_k": {
      "k1": {
        "n": 34,
        "n_pos": 22,
        "n_neg": 12,
        "iou_mean": 0.3059001781723716,
        "iou_median": 0.0,
        "iou_p25": 0.0,
        "iou_p75": 0.8280370384454727,
        "iou_std": 0.41701198919805027,
        "frac_iou_25": 0.36363636363636365,
        "frac_iou_50": 0.36363636363636365,
        "frac_iou_75": 0.3181818181818182,
        "frac_iou_90": 0.045454545454545456,
        "containment_mean": 0.34559584747661243,
        "containment_median": 0.0,
        "containment_p25": 0.0,
        "containment_p75": 0.9368066489696503,
        "containment_std": 0.46892738136315726,
        "frac_containment_50": 0.36363636363636365,
        "frac_containment_75": 0.36363636363636365,
        "frac_containment_90": 0.3181818181818182,
        "frac_containment_full": 0.045454545454545456,
        "contain_at_iou_50": 0.36363636363636365,
        "contain_at_iou_75": 0.3181818181818182,
        "high_contain_high_iou": 0.3181818181818182,
        "ap_per_iou": {
          "0.50": 0.16930693069306932,
          "0.55": 0.16930693069306932,
          "0.60": 0.16930693069306932,
          "0.65": 0.16930693069306932,
          "0.70": 0.12029702970297028,
          "0.75": 0.12029702970297028,
          "0.80": 0.10198019801980206,
          "0.85": 0.06386138613861385,
          "0.90": 0.009900990099009901,
          "0.95": 0.0
        },
        "map_50": 0.16930693069306932,
        "map_75": 0.12029702970297028,
        "map_5095": 0.10935643564356437,