{
  "stage": "L3",
  "epoch": 5,
  "fold": 1,
  "wall_clock_seconds": 484.73,
  "lr": {
    "fusion": 2.0257275337435353e-05,
    "class_head": 8.138672930159601e-06,
    "box_head": 8.138672930159601e-06,
    "lora": 4.0454946016228335e-05
  },
  "train": {
    "loss": 3.733241851806641,
    "patch_ce": 2.1518791732788087,
    "l1": 0.032070944039151075,
    "giou": 0.7105039749145508,
    "grad_norm": 15.998994537353516,
    "n_steps": 250,
    "alpha": 0.054348286241292953
  },
  "val": {
    "overall": {
      "n": 100,
      "n_pos": 100,
      "iou_mean": 0.51386929520173,
      "iou_median": 0.7036380767822266,
      "iou_p25": 0.00041424710070714355,
      "iou_p75": 0.869359627366066,
      "iou_std": 0.38818367006953497,
      "frac_iou_25": 0.65,
      "frac_iou_50": 0.59,
      "frac_iou_75": 0.48,
      "frac_iou_90": 0.17,
      "containment_mean": 0.5671495860209689,
      "containment_median": 0.814888596534729,
      "containment_p25": 0.0022538724588230252,
      "containment_p75": 0.9558988064527512,
      "containment_std": 0.420709455167253,
      "frac_containment_50": 0.6,
      "frac_containment_75": 0.53,
      "frac_containment_90": 0.38,
      "frac_containment_full": 0.09,
      "contain_at_iou_50": 0.59,
      "contain_at_iou_75": 0.48,
      "high_contain_high_iou": 0.38,
      "ap_per_iou": {
        "0.50": 0.3773790632223948,
        "0.55": 0.33057965908622344,
        "0.60": 0.32146122053717435,
        "0.65": 0.308752949320648,
        "0.70": 0.2926055001663972,
        "0.75": 0.2732494290049507,
        "0.80": 0.20518615306685334,
        "0.85": 0.1088717604202994,
        "0.90": 0.043252907311251164,
        "0.95": 0.004171055403412682
      },
      "map_50": 0.3773790632223948,
      "map_75": 0.2732494290049507,
      "map_5095": 0.2265509697539605,
      "map_50_containment": 0.38938706429604236,
      "map_90_containment": 0.1664514711213423,
      "mean_pred_box_area": 0.013604077119814534,
      "std_pred_box_area": 0.06503053243968124,
      "frac_pred_box_too_big": 0.01,
      "frac_pred_box_too_small": 0.81,
      "mean_gt_box_area": 0.009877136257331581,
      "pred_to_gt_area_ratio_mean": 1.4086333724475693,
      "pred_to_gt_area_ratio_median": 0.9251797489503316,
      "log_area_ratio_mean": -0.3161455888839004,
      "log_area_ratio_std": 0.8666632324056892,
      "center_distance_mean": 0.08802252013174483,
      "center_distance_median": 0.006140333837680176,
      "score_mean": 0.8860254190862179,
      "score_std": 0.16054618471950452,
      "score_p25": 0.8526850044727325,
      "score_p75": 0.983869269490242,
      "score_iou_correlation": 0.10815603875578285
    },
    "per_source": {
      "hots": {
        "n": 36,
        "n_pos": 36,
        "iou_mean": 0.41522397206345985,
        "iou_median": 0.24256553500890732,
        "iou_p25": 0.0,
        "iou_p75": 0.8643538802862167,
        "iou_std": 0.4215329207379724,
        "frac_iou_25": 0.5,
        "frac_iou_50": 0.4444444444444444,
        "frac_iou_75": 0.4166666666666667,
        "frac_iou_90": 0.19444444444444445,
        "containment_mean": 0.4539461293542344,
        "containment_median": 0.26820822060108185,
        "containment_p25": 0.0,
        "containment_p75": 0.9640489667654037,
        "containment_std": 0.4479710612479013,
        "frac_containment_50": 0.4444444444444444,
        "frac_containment_75": 0.4166666666666667,
        "frac_containment_90": 0.3055555555555556,
        "frac_containment_full": 0.1111111111111111,
        "contain_at_iou_50": 0.4444444444444444,
        "contain_at_iou_75": 0.4166666666666667,
        "high_contain_high_iou": 0.3055555555555556,
        "ap_per_iou": {
          "0.50": 0.2532244633132043,
          "0.55": 0.2532244633132043,
          "0.60": 0.2532244633132043,
          "0.65": 0.2532244633132043,
          "0.70": 0.23248883711900598,
          "0.75": 0.23248883711900598,
          "0.80": 0.23248883711900598,
          "0.85": 0.08030398628098105,
          "0.90": 0.04400734191066166,
          "0.95": 0.0
        },
        "map_50": 0.2532244633132043,
        "map_75": 0.23248883711900598,
        "map_5095": 0.1834675692801478,
        "map_50_containment": 0.2532244633132043,
        "map_90_containment": 0.10268526852685267,
        "mean_pred_box_area": 0.0355672032698236,
        "std_pred_box_area": 0.10575038991557907,
        "frac_pred_box_too_big": 0.027777777777777776,
        "frac_pred_box_too_small": 0.5,
        "mean_gt_box_area": 0.02407667387702126,
        "pred_to_gt_area_ratio_mean": 2.348420408090694,
        "pred_to_gt_area_ratio_median": 0.8797634237746393,
        "log_area_ratio_mean": -0.41901588824293834,
        "log_area_ratio_std": 1.2140289930237875,
        "center_distance_mean": 0.17080010912563248,
        "center_distance_median": 0.01415398739613157,
        "score_mean": 0.9145202711224556,
        "score_std": 0.12338163071443088,
        "score_p25": 0.8629739284515381,
        "score_p75": 0.9931150823831558,
        "score_iou_correlation": 0.04814765391208911
      },
      "insdet": {
        "n": 64,
        "n_pos": 64,
        "iou_mean": 0.5693572894670069,
        "iou_median": 0.7622466683387756,
        "iou_p25": 0.19453663378953934,
        "iou_p75": 0.8731434494256973,
        "iou_std": 0.35970570824758363,
        "frac_iou_25": 0.734375,
        "frac_iou_50": 0.671875,
        "frac_iou_75": 0.515625,
        "frac_iou_90": 0.15625,
        "containment_mean": 0.630826530396007,
        "containment_median": 0.84371617436409,
        "containment_p25": 0.19453663751482964,
        "containment_p75": 0.9551372230052948,
        "containment_std": 0.3939637923431827,
        "frac_containment_50": 0.6875,
        "frac_containment_75": 0.59375,
        "frac_containment_90": 0.421875,
        "frac_containment_full": 0.078125,
        "contain_at_iou_50": 0.671875,
        "contain_at_iou_75": 0.515625,
        "high_contain_high_iou": 0.421875,
        "ap_per_iou": {
          "0.50": 0.5009439604932356,
          "0.55": 0.41709941163021036,
          "0.60": 0.3977664403695123,
          "0.65": 0.373382532461796,
          "0.70": 0.3612381037332089,
          "0.75": 0.3249610305419676,
          "0.80": 0.20538750616916318,
          "0.85": 0.13254849024208915,
          "0.90": 0.047924008502545176,
          "0.95": 0.00727191363204117
        },
        "map_50": 0.5009439604932356,
        "map_75": 0.3249610305419676,
        "map_5095": 0.27685233977757695,
        "map_50_containment": 0.5141574937069109,
        "map_90_containment": 0.22359356772627342,
        "mean_pred_box_area": 0.001249818660434436,
        "std_pred_box_area": 0.0014038339268977675,
        "frac_pred_box_too_big": 0.0,
        "frac_pred_box_too_small": 0.984375,
        "mean_gt_box_area": 0.001889896346256137,
        "pred_to_gt_area_ratio_mean": 0.880003164898312,
        "pred_to_gt_area_ratio_median": 0.9262193837492859,
        "log_area_ratio_mean": -0.25828104549444153,
        "log_area_ratio_std": 0.5933337685301618,
        "center_distance_mean": 0.04146012632268302,
        "center_distance_median": 0.003707923629997927,
        "score_mean": 0.8699970648158342,
        "score_std": 0.17697879745297232,
        "score_p25": 0.8410306423902512,
        "score_p75": 0.980974867939949,
        "score_iou_correlation": 0.18395532434524953
      }
    },
    "per_k": {
      "k1": {
        "n": 34,
        "n_pos": 34,
        "iou_mean": 0.5362076806863222,
        "iou_median": 0.6136454939842224,
        "iou_p25": 0.10916981101036072,
        "iou_p75": 0.8807823657989502,
        "iou_std": 0.3761197593945087,
        "frac_iou_25": 0.7058823529411765,
        "frac_iou_50": 0.6176470588235294,
        "frac_iou_75": 0.47058823529411764,
        "frac_iou_90": 0.17647058823529413,
        "containment_mean": 0.5979185382671216,
        "containment_median": 0.7618362903594971,