{
  "stage": "L3",
  "phase": "hots",
  "epoch": 5,
  "fold": 0,
  "wall_clock_seconds": 531.66,
  "lr": {
    "fusion": 3.7898430911912207e-05,
    "class_head": 1.5173923349640312e-05,
    "box_head": 1.5173923349640312e-05,
    "lora": 0.00015152096872327132
  },
  "train": {
    "loss": 5.833086389700572,
    "patch_ce": 3.5431351200739543,
    "l1": 0.0414488714079683,
    "giou": 0.5277400781710943,
    "log_area": 0.32031059729111194,
    "grad_norm": 98.91241011748443,
    "n_steps": 300,
    "grad_steps": 37,
    "grad_nan_steps": 0,
    "alpha": 0.9499707818031311,
    "bg_bias": -0.012920146808028221
  },
  "val": {
    "overall": {
      "n": 100,
      "n_pos": 76,
      "n_neg": 24,
      "iou_mean": 0.5534895521245504,
      "iou_median": 0.8097434937953949,
      "iou_p25": 0.0,
      "iou_p75": 0.9054767191410065,
      "iou_std": 0.42079832880343004,
      "frac_iou_25": 0.6447368421052632,
      "frac_iou_50": 0.631578947368421,
      "frac_iou_75": 0.5789473684210527,
      "frac_iou_90": 0.2631578947368421,
      "containment_mean": 0.5977888115142521,
      "containment_median": 0.9034684002399445,
      "containment_p25": 0.0,
      "containment_p75": 0.9483969360589981,
      "containment_std": 0.4498051224859855,
      "frac_containment_50": 0.6447368421052632,
      "frac_containment_75": 0.631578947368421,
      "frac_containment_90": 0.5131578947368421,
      "frac_containment_full": 0.11842105263157894,
      "contain_at_iou_50": 0.631578947368421,
      "contain_at_iou_75": 0.5789473684210527,
      "high_contain_high_iou": 0.5,
      "ap_per_iou": {
        "0.50": 0.5181317351119512,
        "0.55": 0.5181317351119512,
        "0.60": 0.5181317351119512,
        "0.65": 0.5181317351119512,
        "0.70": 0.49072718902210405,
        "0.75": 0.45829737056686587,
        "0.80": 0.41772081541931966,
        "0.85": 0.3071413732240057,
        "0.90": 0.13685539398283766,
        "0.95": 0.0
      },
      "map_50": 0.5181317351119512,
      "map_75": 0.45829737056686587,
      "map_5095": 0.3883269082662938,
      "map_50_containment": 0.5442339148985104,
      "map_90_containment": 0.38286245207102115,
      "mean_pred_box_area": 0.0077927842665222345,
      "std_pred_box_area": 0.005571465329355303,
      "frac_pred_box_too_big": 0.0,
      "frac_pred_box_too_small": 0.40789473684210525,
      "mean_gt_box_area": 0.00845385103920738,
      "pred_to_gt_area_ratio_mean": 1.1931419530291805,
      "pred_to_gt_area_ratio_median": 0.9797890099227782,
      "log_area_ratio_mean": 0.034486327674210546,
      "log_area_ratio_std": 0.48679027965327815,
      "center_distance_mean": 0.13435527863189847,
      "center_distance_median": 0.005014721890275652,
      "score_mean": 0.15191967741243148,
      "score_std": 0.0832267695248324,
      "score_p25": 0.09398594498634338,
      "score_p75": 0.19320881366729736,
      "score_iou_correlation": 0.39048983539492843,
      "bg_prob_pos_mean": 0.1675651763002143,
      "bg_prob_pos_median": 0.13596101850271225,
      "abstain_rate_pos": 0.0,
      "bg_prob_neg_mean": 0.4842447646272679,
      "bg_prob_neg_median": 0.4558836370706558,
      "abstain_rate_neg": 0.5,
      "score_neg_mean": 0.06559042197477538,
      "score_neg_p75": 0.06877772696316242,
      "tn_rate": 0.5,
      "fp_rate": 0.5,
      "abstain_gap": 0.31667958832705356
    },
    "per_source": {
      "hots": {
        "n": 100,
        "n_pos": 76,
        "n_neg": 24,
        "iou_mean": 0.5534895521245504,
        "iou_median": 0.8097434937953949,
        "iou_p25": 0.0,
        "iou_p75": 0.9054767191410065,
        "iou_std": 0.42079832880343004,
        "frac_iou_25": 0.6447368421052632,
        "frac_iou_50": 0.631578947368421,
        "frac_iou_75": 0.5789473684210527,
        "frac_iou_90": 0.2631578947368421,
        "containment_mean": 0.5977888115142521,
        "containment_median": 0.9034684002399445,
        "containment_p25": 0.0,
        "containment_p75": 0.9483969360589981,
        "containment_std": 0.4498051224859855,
        "frac_containment_50": 0.6447368421052632,
        "frac_containment_75": 0.631578947368421,
        "frac_containment_90": 0.5131578947368421,
        "frac_containment_full": 0.11842105263157894,
        "contain_at_iou_50": 0.631578947368421,
        "contain_at_iou_75": 0.5789473684210527,
        "high_contain_high_iou": 0.5,
        "ap_per_iou": {
          "0.50": 0.5181317351119512,
          "0.55": 0.5181317351119512,
          "0.60": 0.5181317351119512,
          "0.65": 0.5181317351119512,
          "0.70": 0.49072718902210405,
          "0.75": 0.45829737056686587,
          "0.80": 0.41772081541931966,
          "0.85": 0.3071413732240057,
          "0.90": 0.13685539398283766,
          "0.95": 0.0
        },
        "map_50": 0.5181317351119512,
        "map_75": 0.45829737056686587,
        "map_5095": 0.3883269082662938,
        "map_50_containment": 0.5442339148985104,
        "map_90_containment": 0.38286245207102115,
        "mean_pred_box_area": 0.0077927842665222345,
        "std_pred_box_area": 0.005571465329355303,
        "frac_pred_box_too_big": 0.0,
        "frac_pred_box_too_small": 0.40789473684210525,
        "mean_gt_box_area": 0.00845385103920738,
        "pred_to_gt_area_ratio_mean": 1.1931419530291805,
        "pred_to_gt_area_ratio_median": 0.9797890099227782,
        "log_area_ratio_mean": 0.034486327674210546,
        "log_area_ratio_std": 0.48679027965327815,
        "center_distance_mean": 0.13435527863189847,
        "center_distance_median": 0.005014721890275652,
        "score_mean": 0.15191967741243148,
        "score_std": 0.0832267695248324,
        "score_p25": 0.09398594498634338,
        "score_p75": 0.19320881366729736,
        "score_iou_correlation": 0.39048983539492843,
        "bg_prob_pos_mean": 0.1675651763002143,
        "bg_prob_pos_median": 0.13596101850271225,
        "abstain_rate_pos": 0.0,
        "bg_prob_neg_mean": 0.4842447646272679,
        "bg_prob_neg_median": 0.4558836370706558,
        "abstain_rate_neg": 0.5,
        "score_neg_mean": 0.06559042197477538,
        "score_neg_p75": 0.06877772696316242,
        "tn_rate": 0.5,
        "fp_rate": 0.5,
        "abstain_gap": 0.31667958832705356
      }
    },
    "per_k": {
      "k1": {
        "n": 34,
        "n_pos": 25,
        "n_neg": 9,
        "iou_mean": 0.654993965625763,
        "iou_median": 0.8406041264533997,
        "iou_p25": 0.6751012802124023,
        "iou_p75": 0.9035772681236267,
        "iou_std": 0.38074161868454653,
        "frac_iou_25": 0.76,
        "frac_iou_50": 0.76,
        "frac_iou_75": 0.68,
        "frac_iou_90": 0.28,
        "containment_mean": 0.6974190664291382,
        "containment_median": 0.9111750721931458,
        "containment_p25": 0.7070374488830566,
        "containment_p75": 0.945450484752655,
        "containment_std": 0.40575992494737595,
        "frac_containment_50": 0.76,
        "frac_containment_75": 0.72,
        "frac_containment_90": 0.6,
        "frac_containment_full": 0.16,
        "contain_at_iou_50": 0.76,
        "contain_at_iou_75": 0.68,
        "high_contain_high_iou": 0.6,
        "ap_per_iou": {
          "0.50": 0.6452862677572112,
          "0.55": 0.6452862677572112,
          "0.60": 0.6452862677572112,
          "0.65": 0.6452862677572112,
          "0.70": 0.5850193715023674,
          "0.75": 0.5286267757210507,
          "0.80": 0.48931317684198145,
          "0.85": 0.329944254929695,
          "0.90": 0.16154976842222046,
          "0.95": 0.0
        },
        "map_50": 0.6452862677572112,
        "map_75": 0.5286267757210507,
        "map_5095": 0.46755984184461596,
        "map_50_containment": 0.6452862677572112,
        "map_90_containment": 0.43277371215382404,
        "mean_pred_box_area": 0.008171458303716753,
        "std_pred_box_area": 0.005178161453644507,
        "frac_pred_box_too_big": 0.0,
        "frac_pred_box_too_small": 0.36,