{
  "stage": "L3",
  "phase": "hots",
  "epoch": 5,
  "fold": 1,
  "wall_clock_seconds": 532.08,
  "lr": {
    "fusion": 3.5883367512146965e-05,
    "class_head": 1.437032091165778e-05,
    "box_head": 1.437032091165778e-05,
    "lora": 0.00014344860051459244
  },
  "train": {
    "loss": 5.553234240611395,
    "patch_ce": 3.258395829598109,
    "l1": 0.039588210699148474,
    "giou": 0.5344368461767832,
    "log_area": 0.2597153400200379,
    "grad_norm": 98.29241747469516,
    "n_steps": 300,
    "grad_steps": 37,
    "grad_nan_steps": 0,
    "alpha": 0.949863076210022,
    "bg_bias": -0.012909214943647385
  },
  "val": {
    "overall": {
      "n": 100,
      "n_pos": 67,
      "n_neg": 33,
      "iou_mean": 0.5352489623560834,
      "iou_median": 0.7907903790473938,
      "iou_p25": 0.0,
      "iou_p75": 0.8697121441364288,
      "iou_std": 0.4095534396031231,
      "frac_iou_25": 0.6417910447761194,
      "frac_iou_50": 0.6268656716417911,
      "frac_iou_75": 0.5522388059701493,
      "frac_iou_90": 0.11940298507462686,
      "containment_mean": 0.5744539374735818,
      "containment_median": 0.8162630796432495,
      "containment_p25": 0.0,
      "containment_p75": 0.9321483969688416,
      "containment_std": 0.4396730248979375,
      "frac_containment_50": 0.6268656716417911,
      "frac_containment_75": 0.5970149253731343,
      "frac_containment_90": 0.40298507462686567,
      "frac_containment_full": 0.04477611940298507,
      "contain_at_iou_50": 0.6268656716417911,
      "contain_at_iou_75": 0.5522388059701493,
      "high_contain_high_iou": 0.40298507462686567,
      "ap_per_iou": {
        "0.50": 0.4735657170154857,
        "0.55": 0.4735657170154857,
        "0.60": 0.4735657170154857,
        "0.65": 0.4592968309339354,
        "0.70": 0.4592968309339354,
        "0.75": 0.3783373375580232,
        "0.80": 0.28310021583679085,
        "0.85": 0.14150581674584423,
        "0.90": 0.014186493276193288,
        "0.95": 0.0009143638244421457
      },
      "map_50": 0.4735657170154857,
      "map_75": 0.3783373375580232,
      "map_5095": 0.31573350401556216,
      "map_50_containment": 0.4735657170154857,
      "map_90_containment": 0.16954510149026722,
      "mean_pred_box_area": 0.01608914102329223,
      "std_pred_box_area": 0.02209371306017812,
      "frac_pred_box_too_big": 0.0,
      "frac_pred_box_too_small": 0.2835820895522388,
      "mean_gt_box_area": 0.020199466507417958,
      "pred_to_gt_area_ratio_mean": 1.0712286812176652,
      "pred_to_gt_area_ratio_median": 0.9526384087334556,
      "log_area_ratio_mean": -0.03656864188548488,
      "log_area_ratio_std": 0.43244357746948264,
      "center_distance_mean": 0.1406701898431141,
      "center_distance_median": 0.0066117366597346185,
      "score_mean": 0.15601233726561958,
      "score_std": 0.11462201280096478,
      "score_p25": 0.07371962815523148,
      "score_p75": 0.20742545276880264,
      "score_iou_correlation": 0.16664367491047194,
      "bg_prob_pos_mean": 0.07284078978474683,
      "bg_prob_pos_median": 0.04648074135184288,
      "abstain_rate_pos": 0.0,
      "bg_prob_neg_mean": 0.4415056872548479,
      "bg_prob_neg_median": 0.4680705666542053,
      "abstain_rate_neg": 0.45454545454545453,
      "score_neg_mean": 0.08808979172626454,
      "score_neg_p75": 0.14059147238731384,
      "tn_rate": 0.45454545454545453,
      "fp_rate": 0.5454545454545454,
      "abstain_gap": 0.36866489747010106
    },
    "per_source": {
      "hots": {
        "n": 100,
        "n_pos": 67,
        "n_neg": 33,
        "iou_mean": 0.5352489623560834,
        "iou_median": 0.7907903790473938,
        "iou_p25": 0.0,
        "iou_p75": 0.8697121441364288,
        "iou_std": 0.4095534396031231,
        "frac_iou_25": 0.6417910447761194,
        "frac_iou_50": 0.6268656716417911,
        "frac_iou_75": 0.5522388059701493,
        "frac_iou_90": 0.11940298507462686,
        "containment_mean": 0.5744539374735818,
        "containment_median": 0.8162630796432495,
        "containment_p25": 0.0,
        "containment_p75": 0.9321483969688416,
        "containment_std": 0.4396730248979375,
        "frac_containment_50": 0.6268656716417911,
        "frac_containment_75": 0.5970149253731343,
        "frac_containment_90": 0.40298507462686567,
        "frac_containment_full": 0.04477611940298507,
        "contain_at_iou_50": 0.6268656716417911,
        "contain_at_iou_75": 0.5522388059701493,
        "high_contain_high_iou": 0.40298507462686567,
        "ap_per_iou": {
          "0.50": 0.4735657170154857,
          "0.55": 0.4735657170154857,
          "0.60": 0.4735657170154857,
          "0.65": 0.4592968309339354,
          "0.70": 0.4592968309339354,
          "0.75": 0.3783373375580232,
          "0.80": 0.28310021583679085,
          "0.85": 0.14150581674584423,
          "0.90": 0.014186493276193288,
          "0.95": 0.0009143638244421457
        },
        "map_50": 0.4735657170154857,
        "map_75": 0.3783373375580232,
        "map_5095": 0.31573350401556216,
        "map_50_containment": 0.4735657170154857,
        "map_90_containment": 0.16954510149026722,
        "mean_pred_box_area": 0.01608914102329223,
        "std_pred_box_area": 0.02209371306017812,
        "frac_pred_box_too_big": 0.0,
        "frac_pred_box_too_small": 0.2835820895522388,
        "mean_gt_box_area": 0.020199466507417958,
        "pred_to_gt_area_ratio_mean": 1.0712286812176652,
        "pred_to_gt_area_ratio_median": 0.9526384087334556,
        "log_area_ratio_mean": -0.03656864188548488,
        "log_area_ratio_std": 0.43244357746948264,
        "center_distance_mean": 0.1406701898431141,
        "center_distance_median": 0.0066117366597346185,
        "score_mean": 0.15601233726561958,
        "score_std": 0.11462201280096478,
        "score_p25": 0.07371962815523148,
        "score_p75": 0.20742545276880264,
        "score_iou_correlation": 0.16664367491047194,
        "bg_prob_pos_mean": 0.07284078978474683,
        "bg_prob_pos_median": 0.04648074135184288,
        "abstain_rate_pos": 0.0,
        "bg_prob_neg_mean": 0.4415056872548479,
        "bg_prob_neg_median": 0.4680705666542053,
        "abstain_rate_neg": 0.45454545454545453,
        "score_neg_mean": 0.08808979172626454,
        "score_neg_p75": 0.14059147238731384,
        "tn_rate": 0.45454545454545453,
        "fp_rate": 0.5454545454545454,
        "abstain_gap": 0.36866489747010106
      }
    },
    "per_k": {
      "k1": {
        "n": 34,
        "n_pos": 21,
        "n_neg": 13,
        "iou_mean": 0.6974728079069228,
        "iou_median": 0.8651090264320374,
        "iou_p25": 0.7425380945205688,
        "iou_p75": 0.8981735110282898,
        "iou_std": 0.3520031902912983,
        "frac_iou_25": 0.8095238095238095,
        "frac_iou_50": 0.8095238095238095,
        "frac_iou_75": 0.7142857142857143,
        "frac_iou_90": 0.23809523809523808,
        "containment_mean": 0.7425114484060378,
        "containment_median": 0.9240724444389343,
        "containment_p25": 0.7907904386520386,
        "containment_p75": 0.9627296328544617,
        "containment_std": 0.3750678626787068,
        "frac_containment_50": 0.8095238095238095,
        "frac_containment_75": 0.7619047619047619,
        "frac_containment_90": 0.5714285714285714,
        "frac_containment_full": 0.047619047619047616,
        "contain_at_iou_50": 0.8095238095238095,
        "contain_at_iou_75": 0.7142857142857143,
        "high_contain_high_iou": 0.5714285714285714,
        "ap_per_iou": {
          "0.50": 0.7193975036601412,
          "0.55": 0.7193975036601412,
          "0.60": 0.7193975036601412,
          "0.65": 0.7193975036601412,
          "0.70": 0.7193975036601412,
          "0.75": 0.6307647212089631,
          "0.80": 0.5244050720861559,
          "0.85": 0.41888136182039204,
          "0.90": 0.06948063227375373,
          "0.95": 0.0
        },
        "map_50": 0.7193975036601412,
        "map_75": 0.6307647212089631,