{
  "stage": "L3",
  "epoch": 5,
  "fold": 2,
  "wall_clock_seconds": 483.89,
  "lr": {
    "fusion": 1.6940470351791183e-05,
    "class_head": 6.815939078169244e-06,
    "box_head": 6.815939078169244e-06,
    "lora": 3.3814689141161154e-05
  },
  "train": {
    "loss": 3.8415192918777468,
    "patch_ce": 2.188906982421875,
    "l1": 0.036471301434561613,
    "giou": 0.735127897977829,
    "grad_norm": 15.574587860107421,
    "n_steps": 250,
    "alpha": 0.054509662091732025
  },
  "val": {
    "overall": {
      "n": 100,
      "n_pos": 100,
      "iou_mean": 0.4446044549718499,
      "iou_median": 0.411622554063797,
      "iou_p25": 0.0,
      "iou_p75": 0.8457598239183426,
      "iou_std": 0.3744047841651839,
      "frac_iou_25": 0.61,
      "frac_iou_50": 0.45,
      "frac_iou_75": 0.35,
      "frac_iou_90": 0.11,
      "containment_mean": 0.4912177641689777,
      "containment_median": 0.4196957051753998,
      "containment_p25": 0.0,
      "containment_p75": 0.9579813927412033,
      "containment_std": 0.41724851068087454,
      "frac_containment_50": 0.46,
      "frac_containment_75": 0.41,
      "frac_containment_90": 0.32,
      "frac_containment_full": 0.15,
      "contain_at_iou_50": 0.45,
      "contain_at_iou_75": 0.35,
      "high_contain_high_iou": 0.31,
      "ap_per_iou": {
        "0.50": 0.2635263574277265,
        "0.55": 0.24043563149517572,
        "0.60": 0.24043563149517572,
        "0.65": 0.235402800415292,
        "0.70": 0.22960599263587678,
        "0.75": 0.19253383976841626,
        "0.80": 0.18803338972341174,
        "0.85": 0.12868248265688345,
        "0.90": 0.04050533893948274,
        "0.95": 0.0014144271570014143
      },
      "map_50": 0.2635263574277265,
      "map_75": 0.19253383976841626,
      "map_5095": 0.17605758917144423,
      "map_50_containment": 0.2727820240518523,
      "map_90_containment": 0.1585469376280807,
      "mean_pred_box_area": 0.0057599230774638575,
      "std_pred_box_area": 0.011615427328720503,
      "frac_pred_box_too_big": 0.0,
      "frac_pred_box_too_small": 0.74,
      "mean_gt_box_area": 0.010932852422952421,
      "pred_to_gt_area_ratio_mean": 1.0253611070882755,
      "pred_to_gt_area_ratio_median": 0.9105029532644524,
      "log_area_ratio_mean": -0.3686993240580459,
      "log_area_ratio_std": 0.9248153694487103,
      "center_distance_mean": 0.08607791317012303,
      "center_distance_median": 0.00762360765260134,
      "score_mean": 0.8550047912448645,
      "score_std": 0.20461224569799324,
      "score_p25": 0.8003910630941391,
      "score_p75": 0.9874347597360611,
      "score_iou_correlation": 0.23253439476260077
    },
    "per_source": {
      "hots": {
        "n": 36,
        "n_pos": 36,
        "iou_mean": 0.5514738593871394,
        "iou_median": 0.8118725121021271,
        "iou_p25": 0.1880059577524662,
        "iou_p75": 0.8870524168014526,
        "iou_std": 0.38128409706417093,
        "frac_iou_25": 0.7222222222222222,
        "frac_iou_50": 0.5555555555555556,
        "frac_iou_75": 0.5277777777777778,
        "frac_iou_90": 0.19444444444444445,
        "containment_mean": 0.5893810523880852,
        "containment_median": 0.853413850069046,
        "containment_p25": 0.1880059577524662,
        "containment_p75": 0.9739890396595001,
        "containment_std": 0.41535934866193774,
        "frac_containment_50": 0.5555555555555556,
        "frac_containment_75": 0.5277777777777778,
        "frac_containment_90": 0.4166666666666667,
        "frac_containment_full": 0.19444444444444445,
        "contain_at_iou_50": 0.5555555555555556,
        "contain_at_iou_75": 0.5277777777777778,
        "high_contain_high_iou": 0.4166666666666667,
        "ap_per_iou": {
          "0.50": 0.3526762132546395,
          "0.55": 0.3526762132546395,
          "0.60": 0.3526762132546395,
          "0.65": 0.3356230793698224,
          "0.70": 0.3356230793698224,
          "0.75": 0.3356230793698224,
          "0.80": 0.3356230793698224,
          "0.85": 0.2752028586317277,
          "0.90": 0.08024516737388025,
          "0.95": 0.0
        },
        "map_50": 0.3526762132546395,
        "map_75": 0.3356230793698224,
        "map_5095": 0.2755968983248816,
        "map_50_containment": 0.3526762132546395,
        "map_90_containment": 0.23914415330687383,
        "mean_pred_box_area": 0.013585724242995941,
        "std_pred_box_area": 0.01675997243858458,
        "frac_pred_box_too_big": 0.0,
        "frac_pred_box_too_small": 0.3055555555555556,
        "mean_gt_box_area": 0.02684210929539405,
        "pred_to_gt_area_ratio_mean": 0.7595564780608601,
        "pred_to_gt_area_ratio_median": 0.8939905124981278,
        "log_area_ratio_mean": -0.630307079921413,
        "log_area_ratio_std": 0.9820088434292072,
        "center_distance_mean": 0.07070225312851192,
        "center_distance_median": 0.0054177979619035475,
        "score_mean": 0.9442567146486707,
        "score_std": 0.08564017464992665,
        "score_p25": 0.9233907461166382,
        "score_p75": 0.9958661049604416,
        "score_iou_correlation": 0.03186000506324378
      },
      "insdet": {
        "n": 64,
        "n_pos": 64,
        "iou_mean": 0.38449041498824954,
        "iou_median": 0.37327875196933746,
        "iou_p25": 0.0,
        "iou_p75": 0.735693097114563,
        "iou_std": 0.35960881390879706,
        "frac_iou_25": 0.546875,
        "frac_iou_50": 0.390625,
        "frac_iou_75": 0.25,
        "frac_iou_90": 0.0625,
        "containment_mean": 0.43600091454572976,
        "containment_median": 0.38362622261047363,
        "containment_p25": 0.0,
        "containment_p75": 0.925697535276413,
        "containment_std": 0.4112541850268683,
        "frac_containment_50": 0.40625,
        "frac_containment_75": 0.34375,
        "frac_containment_90": 0.265625,
        "frac_containment_full": 0.125,
        "contain_at_iou_50": 0.390625,
        "contain_at_iou_75": 0.25,
        "high_contain_high_iou": 0.25,
        "ap_per_iou": {
          "0.50": 0.21069872024796482,
          "0.55": 0.17360231696314757,
          "0.60": 0.17360231696314757,
          "0.65": 0.17360231696314757,
          "0.70": 0.162872297948879,
          "0.75": 0.1097704729290617,
          "0.80": 0.10267164983920558,
          "0.85": 0.039382848849110606,
          "0.90": 0.0111011101110111,
          "0.95": 0.0066006600660066
        },
        "map_50": 0.21069872024796482,
        "map_75": 0.1097704729290617,
        "map_5095": 0.11639047108806821,
        "map_50_containment": 0.22283025329035827,
        "map_90_containment": 0.09930635920734933,
        "mean_pred_box_area": 0.0013579099218520602,
        "std_pred_box_area": 0.001130987891592168,
        "frac_pred_box_too_big": 0.0,
        "frac_pred_box_too_small": 0.984375,
        "mean_gt_box_area": 0.001983895432204008,
        "pred_to_gt_area_ratio_mean": 1.174876210916197,
        "pred_to_gt_area_ratio_median": 0.9393977064627768,
        "log_area_ratio_mean": -0.22154496138490198,
        "log_area_ratio_std": 0.8643875079966681,
        "center_distance_mean": 0.09472672194352928,
        "center_distance_median": 0.009798688656454994,
        "score_mean": 0.8048005843302235,
        "score_std": 0.23367221486063586,
        "score_p25": 0.6844372153282166,
        "score_p75": 0.9719538539648056,
        "score_iou_correlation": 0.224906759706184
      }
    },
    "per_k": {
      "k1": {
        "n": 34,
        "n_pos": 34,
        "iou_mean": 0.44014570336131487,
        "iou_median": 0.4294966757297516,
        "iou_p25": 0.0,
        "iou_p75": 0.8332256525754929,
        "iou_std": 0.3795244240893073,
        "frac_iou_25": 0.6176470588235294,
        "frac_iou_50": 0.4117647058823529,
        "frac_iou_75": 0.35294117647058826,
        "frac_iou_90": 0.17647058823529413,
        "containment_mean": 0.4849474752212272,
        "containment_median": 0.4409080743789673,
        "containment_p25": 0.0,