{
  "stage": "2_3",
  "epoch": 7,
  "fold": 0,
  "wall_clock_seconds": 271.15,
  "lr": {
    "aggregator": 1.016315179964445e-05,
    "existence_head": 2.0246470236161816e-05,
    "class_head": 4.1131607377338906e-06,
    "box_head": 4.1131607377338906e-06,
    "lora": 2.0246470236161816e-05
  },
  "train": {
    "loss": 0.8941031762771309,
    "focal": 0.06897760504670442,
    "l1": 0.018178182072937487,
    "giou": 0.2814078035354614,
    "box_loss": 0.6537065213918686,
    "box_area_penalty": 0.0,
    "existence_kl": 0.0,
    "margin": 0.342838095664978,
    "nt_xent": 0.0,
    "grad_norm": 2.6499948387145995,
    "n_steps": 250,
    "aggregator_alpha": -0.024635301902890205
  },
  "val": {
    "overall": {
      "n": 100,
      "n_pos": 46,
      "n_neg": 54,
      "iou_mean": 0.33241396016724734,
      "iou_median": 0.0,
      "iou_p25": 0.0,
      "iou_p75": 0.782528281211853,
      "contain_mean": 0.44478426161019696,
      "contain_at_iou_50": 0.391304347826087,
      "contain_at_iou_75": 0.2826086956521739,
      "ap_per_iou": {
        "0.50": 0.11797206506364923,
        "0.55": 0.11797206506364923,
        "0.60": 0.10466760961810466,
        "0.65": 0.09405940594059406,
        "0.70": 0.08446782178217822,
        "0.75": 0.06743859482102058,
        "0.80": 0.04671255413829671,
        "0.85": 0.042959759503994575,
        "0.90": 0.009388869921474908,
        "0.95": 0.0008027829810008029
      },
      "map_50": 0.11797206506364923,
      "map_75": 0.06743859482102058,
      "map_5095": 0.06864415288339629,
      "map_50_existence_only": 0.1229508196721311,
      "map_5095_existence_only": 0.07128226825685563,
      "map_50_score_only": 0.11663063328665368,
      "map_5095_score_only": 0.06864044301087531,
      "precision_50": 0.24324324324324326,
      "recall_50": 0.1956521739130435,
      "f1_50": 0.21686746987951808,
      "existence_acc": 0.77,
      "existence_acc_pos": 0.6521739130434783,
      "existence_acc_neg": 0.8703703703703703,
      "existence_auroc": 0.8313204508856683,
      "existence_pr_auc": 0.7768553577369685,
      "existence_brier": 0.2012507418859987,
      "existence_f1": 0.21686746987951808,
      "false_positive_rate": 0.12962962962962962,
      "false_negative_rate": 0.34782608695652173,
      "mean_score_pos": 0.5140025019645691,
      "mean_score_neg": 0.39688731729984283,
      "proto_score_pos": 0.9841681731783826,
      "proto_score_neg": 0.8441329399744669,
      "proto_score_gap": 0.14003523320391564,
      "mean_pred_box_area": 0.009422261397121474,
      "frac_pred_box_too_big": 0.0,
      "mean_existence_prob": 0.4507603022456169,
      "frac_high_existence": 0.0,
      "prototype_norm_mean": 1.6795794212818145,
      "prototype_norm_std": 0.3197889003011368
    },
    "per_source": {
      "hots": {
        "n": 36,
        "n_pos": 21,
        "n_neg": 15,
        "iou_mean": 0.641756656624022,
        "iou_median": 0.7891690135002136,
        "iou_p25": 0.6579517126083374,
        "iou_p75": 0.8991798758506775,
        "contain_mean": 0.7176563711393447,
        "contain_at_iou_50": 0.7619047619047619,
        "contain_at_iou_75": 0.6190476190476191,
        "ap_per_iou": {
          "0.50": 0.5082508250825077,
          "0.55": 0.5082508250825077,
          "0.60": 0.5082508250825077,
          "0.65": 0.5082508250825077,
          "0.70": 0.44554455445544555,
          "0.75": 0.33250825082508273,
          "0.80": 0.21782178217821793,
          "0.85": 0.19242359018510546,
          "0.90": 0.054005400540054004,
          "0.95": 0.003094059405940594
        },
        "map_50": 0.5082508250825077,
        "map_75": 0.33250825082508273,
        "map_5095": 0.32784009379198775,
        "map_50_existence_only": 0.5082508250825077,
        "map_5095_existence_only": 0.32868286828682847,
        "map_50_score_only": 0.48354739320085804,
        "map_5095_score_only": 0.3099191649934222,
        "precision_50": 0.5,
        "recall_50": 0.38095238095238093,
        "f1_50": 0.4324324324324324,
        "existence_acc": 0.6944444444444444,
        "existence_acc_pos": 0.6190476190476191,
        "existence_acc_neg": 0.8,
        "existence_auroc": 0.8571428571428571,
        "existence_pr_auc": 0.855288115745926,
        "existence_brier": 0.20325396264091647,
        "existence_f1": 0.4324324324324324,
        "false_positive_rate": 0.2,
        "false_negative_rate": 0.38095238095238093,
        "mean_score_pos": 0.5119517062391553,
        "mean_score_neg": 0.36814696391423546,
        "proto_score_pos": 0.9821598529815674,
        "proto_score_neg": 0.7127654542525609,
        "proto_score_gap": 0.2693943987290065,
        "mean_pred_box_area": 0.01558642516223093,
        "frac_pred_box_too_big": 0.0,
        "mean_existence_prob": 0.45203306360377205,
        "frac_high_existence": 0.0,
        "prototype_norm_mean": 1.9897939364115398,
        "prototype_norm_std": 0.23737389116678453
      },
      "insdet": {
        "n": 64,
        "n_pos": 25,
        "n_neg": 39,
        "iou_mean": 0.0725660951435566,
        "iou_median": 0.0,
        "iou_p25": 0.0,
        "iou_p75": 0.0,
        "contain_mean": 0.21557168960571288,
        "contain_at_iou_50": 0.08,
        "contain_at_iou_75": 0.0,
        "ap_per_iou": {
          "0.50": 0.01485148514851485,
          "0.55": 0.01485148514851485,
          "0.60": 0.012376237623762377,
          "0.65": 0.0,
          "0.70": 0.0,
          "0.75": 0.0,
          "0.80": 0.0,
          "0.85": 0.0,
          "0.90": 0.0,
          "0.95": 0.0
        },
        "map_50": 0.01485148514851485,
        "map_75": 0.0,
        "map_5095": 0.004207920792079207,
        "map_50_existence_only": 0.014776477647764774,
        "map_5095_existence_only": 0.0041929192919291924,
        "map_50_score_only": 0.01485148514851485,
        "map_5095_score_only": 0.004207920792079207,
        "precision_50": 0.047619047619047616,
        "recall_50": 0.04,
        "f1_50": 0.043478260869565216,
        "existence_acc": 0.8125,
        "existence_acc_pos": 0.68,
        "existence_acc_neg": 0.8974358974358975,
        "existence_auroc": 0.8153846153846154,
        "existence_pr_auc": 0.7263325094283233,
        "existence_brier": 0.20012393021135746,
        "existence_f1": 0.043478260869565216,
        "false_positive_rate": 0.10256410256410256,
        "false_negative_rate": 0.32,
        "mean_score_pos": 0.5157251703739166,
        "mean_score_neg": 0.4079412993712303,
        "proto_score_pos": 0.9858551621437073,
        "proto_score_neg": 0.8946588960213538,
        "proto_score_gap": 0.09119626612235343,
        "mean_pred_box_area": 0.005954919279247406,
        "frac_pred_box_too_big": 0.0,
        "mean_existence_prob": 0.45004437398165464,
        "frac_high_existence": 0.0,
        "prototype_norm_mean": 1.5050837565213442,
        "prototype_norm_std": 0.20850935740740473
      }
    },
    "tile_cfg": {
      "mode": "off",
      "levels": [
        1,
        2
      ],
      "overlap": 0.3,
      "for_sources": [
        "insdet"
      ],
      "nms_iou": 0.5,
      "top_k": 100,
      "score_combo": "existence_x_score",
      "edge_score_penalty": 0.5,
      "edge_px": 4,
      "merge_partial_boxes": true,
      "merge_min_score": 0.2
    }
  }
}