{
  "stage": "2_3",
  "epoch": 7,
  "fold": 1,
  "wall_clock_seconds": 271.18,
  "lr": {
    "aggregator": 1.3784242710143433e-05,
    "existence_head": 2.7495908752371165e-05,
    "class_head": 5.557243084806607e-06,
    "box_head": 5.557243084806607e-06,
    "lora": 2.7495908752371165e-05
  },
  "train": {
    "loss": 0.8298936661705375,
    "focal": 0.0693949487907812,
    "l1": 0.015114597532898188,
    "giou": 0.25253968334197996,
    "box_loss": 0.5806523568034172,
    "box_area_penalty": 0.0,
    "existence_kl": 0.0,
    "margin": 0.3596927251815796,
    "nt_xent": 0.0,
    "grad_norm": 2.6294148635864256,
    "n_steps": 250,
    "aggregator_alpha": -0.02479058876633644
  },
  "val": {
    "overall": {
      "n": 100,
      "n_pos": 45,
      "n_neg": 55,
      "iou_mean": 0.24204888264131214,
      "iou_median": 0.0,
      "iou_p25": 0.0,
      "iou_p75": 0.5288880467414856,
      "contain_mean": 0.34281681937476,
      "contain_at_iou_50": 0.26666666666666666,
      "contain_at_iou_75": 0.2222222222222222,
      "ap_per_iou": {
        "0.50": 0.06589617865896176,
        "0.55": 0.06236979862369798,
        "0.60": 0.06236979862369798,
        "0.65": 0.06236979862369798,
        "0.70": 0.05151748051517482,
        "0.75": 0.05151748051517482,
        "0.80": 0.030175380551753807,
        "0.85": 0.020386642382437852,
        "0.90": 0.007001898820018987,
        "0.95": 0.0
      },
      "map_50": 0.06589617865896176,
      "map_75": 0.05151748051517482,
      "map_5095": 0.041360445731461595,
      "map_50_existence_only": 0.0650152609245887,
      "map_5095_existence_only": 0.040853433087669665,
      "map_50_score_only": 0.12520104039854843,
      "map_5095_score_only": 0.08768244971193,
      "precision_50": 0.17777777777777778,
      "recall_50": 0.17777777777777778,
      "f1_50": 0.17777777777777778,
      "existence_acc": 0.66,
      "existence_acc_pos": 0.6222222222222222,
      "existence_acc_neg": 0.6909090909090909,
      "existence_auroc": 0.72,
      "existence_pr_auc": 0.6299714889056356,
      "existence_brier": 0.21749389404929473,
      "existence_f1": 0.17777777777777778,
      "false_positive_rate": 0.3090909090909091,
      "false_negative_rate": 0.37777777777777777,
      "mean_score_pos": 0.5206183864010705,
      "mean_score_neg": 0.4307408048347993,
      "proto_score_pos": 0.9789010683695475,
      "proto_score_neg": 0.8502474475990642,
      "proto_score_gap": 0.12865362077048326,
      "mean_pred_box_area": 0.031792362969135866,
      "frac_pred_box_too_big": 0.02,
      "mean_existence_prob": 0.4711857165396214,
      "frac_high_existence": 0.0,
      "prototype_norm_mean": 1.6216927003860473,
      "prototype_norm_std": 0.30052658410663163
    },
    "per_source": {
      "hots": {
        "n": 36,
        "n_pos": 17,
        "n_neg": 19,
        "iou_mean": 0.5010083808618433,
        "iou_median": 0.7989761233329773,
        "iou_p25": 0.0,
        "iou_p75": 0.8505616188049316,
        "contain_mean": 0.536430348368252,
        "contain_at_iou_50": 0.5882352941176471,
        "contain_at_iou_75": 0.5882352941176471,
        "ap_per_iou": {
          "0.50": 0.303476994758299,
          "0.55": 0.303476994758299,
          "0.60": 0.303476994758299,
          "0.65": 0.303476994758299,
          "0.70": 0.303476994758299,
          "0.75": 0.303476994758299,
          "0.80": 0.17316249271986017,
          "0.85": 0.11386138613861382,
          "0.90": 0.04554455445544552,
          "0.95": 0.0
        },
        "map_50": 0.303476994758299,
        "map_75": 0.303476994758299,
        "map_5095": 0.21534304018637135,
        "map_50_existence_only": 0.3019689978047576,
        "map_5095_existence_only": 0.2144093006585725,
        "map_50_score_only": 0.3547668363327567,
        "map_5095_score_only": 0.2601914138782303,
        "precision_50": 0.35,
        "recall_50": 0.4117647058823529,
        "f1_50": 0.37837837837837834,
        "existence_acc": 0.6388888888888888,
        "existence_acc_pos": 0.7058823529411765,
        "existence_acc_neg": 0.5789473684210527,
        "existence_auroc": 0.6625386996904025,
        "existence_pr_auc": 0.5696888564399035,
        "existence_brier": 0.22615152223057391,
        "existence_f1": 0.37837837837837834,
        "false_positive_rate": 0.42105263157894735,
        "false_negative_rate": 0.29411764705882354,
        "mean_score_pos": 0.5347392576582292,
        "mean_score_neg": 0.46149326547196035,
        "proto_score_pos": 0.9908653287326589,
        "proto_score_neg": 0.846842105451383,
        "proto_score_gap": 0.14402322328127581,
        "mean_pred_box_area": 0.03422208211203623,
        "frac_pred_box_too_big": 0.0,
        "mean_existence_prob": 0.4960816506710317,
        "frac_high_existence": 0.0,
        "prototype_norm_mean": 1.9559538894229465,
        "prototype_norm_std": 0.24325137919548198
      },
      "insdet": {
        "n": 64,
        "n_pos": 28,
        "n_neg": 36,
        "iou_mean": 0.08482347300741822,
        "iou_median": 0.0,
        "iou_p25": 0.0,
        "iou_p75": 0.016895312815904617,
        "contain_mean": 0.22526574820013984,
        "contain_at_iou_50": 0.07142857142857142,
        "contain_at_iou_75": 0.0,
        "ap_per_iou": {
          "0.50": 0.005532260543127485,
          "0.55": 0.0036003600360036006,
          "0.60": 0.0036003600360036006,
          "0.65": 0.0036003600360036006,
          "0.70": 0.0,
          "0.75": 0.0,
          "0.80": 0.0,
          "0.85": 0.0,
          "0.90": 0.0,
          "0.95": 0.0
        },
        "map_50": 0.005532260543127485,
        "map_75": 0.0,
        "map_5095": 0.0016333340651138288,
        "map_50_existence_only": 0.005442404705586837,
        "map_5095_existence_only": 0.001624348481359764,
        "map_50_score_only": 0.006290040768782762,
        "map_5095_score_only": 0.001817122888759464,
        "precision_50": 0.04,
        "recall_50": 0.03571428571428571,
        "f1_50": 0.03773584905660378,
        "existence_acc": 0.671875,
        "existence_acc_pos": 0.5714285714285714,
        "existence_acc_neg": 0.75,
        "existence_auroc": 0.746031746031746,
        "existence_pr_auc": 0.669534580885623,
        "existence_brier": 0.21262397819732523,
        "existence_f1": 0.03773584905660378,
        "false_positive_rate": 0.25,
        "false_negative_rate": 0.42857142857142855,
        "mean_score_pos": 0.5120450002806527,
        "mean_score_neg": 0.4145103394985199,
        "proto_score_pos": 0.9716370531490871,
        "proto_score_neg": 0.8520447115103403,
        "proto_score_gap": 0.11959234163874677,
        "mean_pred_box_area": 0.03042564595125441,
        "frac_pred_box_too_big": 0.03125,
        "mean_existence_prob": 0.457181753590703,
        "frac_high_existence": 0.0,
        "prototype_norm_mean": 1.4336707815527916,
        "prototype_norm_std": 0.09640114275875772
      }
    },
    "tile_cfg": {
      "mode": "off",
      "levels": [
        1,
        2
      ],
      "overlap": 0.3,
      "for_sources": [
        "insdet"
      ],
      "nms_iou": 0.5,
      "top_k": 100,
      "score_combo": "existence_x_score",
      "edge_score_penalty": 0.5,
      "edge_px": 4,
      "merge_partial_boxes": true,
      "merge_min_score": 0.2
    }
  }
}