{
  "stage": "2_3",
  "epoch": 7,
  "fold": 4,
  "wall_clock_seconds": 271.95,
  "lr": {
    "aggregator": 2.6149752157131798e-05,
    "existence_head": 5.2251708226401825e-05,
    "class_head": 1.0488578515569415e-05,
    "box_head": 1.0488578515569415e-05,
    "lora": 5.2251708226401825e-05
  },
  "train": {
    "loss": 1.0355661498457194,
    "focal": 0.06873419158440083,
    "l1": 0.02226977337896824,
    "giou": 0.3461521792411804,
    "box_loss": 0.8036532238721847,
    "box_area_penalty": 1.318845897912979e-06,
    "existence_kl": 0.0,
    "margin": 0.32635720252990724,
    "nt_xent": 0.0,
    "grad_norm": 3.0040104217529295,
    "n_steps": 250,
    "aggregator_alpha": -0.024952463805675507
  },
  "val": {
    "overall": {
      "n": 100,
      "n_pos": 53,
      "n_neg": 47,
      "iou_mean": 0.27218414540841895,
      "iou_median": 0.08144444972276688,
      "iou_p25": 0.0,
      "iou_p75": 0.5174840688705444,
      "contain_mean": 0.4863439123585539,
      "contain_at_iou_50": 0.2641509433962264,
      "contain_at_iou_75": 0.16981132075471697,
      "ap_per_iou": {
        "0.50": 0.11934808023855245,
        "0.55": 0.11487666535512861,
        "0.60": 0.08506162200026376,
        "0.65": 0.08506162200026376,
        "0.70": 0.06392738955761959,
        "0.75": 0.06392738955761959,
        "0.80": 0.06392738955761959,
        "0.85": 0.04675659203551017,
        "0.90": 0.011786892975011789,
        "0.95": 0.0
      },
      "map_50": 0.11934808023855245,
      "map_75": 0.06392738955761959,
      "map_5095": 0.06546736432775893,
      "map_50_existence_only": 0.11920852962144989,
      "map_5095_existence_only": 0.06455587501903706,
      "map_50_score_only": 0.15543182603019023,
      "map_5095_score_only": 0.0903368596284733,
      "precision_50": 0.4,
      "recall_50": 0.18867924528301888,
      "f1_50": 0.2564102564102564,
      "existence_acc": 0.66,
      "existence_acc_pos": 0.41509433962264153,
      "existence_acc_neg": 0.9361702127659575,
      "existence_auroc": 0.8048976314733038,
      "existence_pr_auc": 0.8431498004010762,
      "existence_brier": 0.21607528495159134,
      "existence_f1": 0.2564102564102564,
      "false_positive_rate": 0.06382978723404255,
      "false_negative_rate": 0.5849056603773585,
      "mean_score_pos": 0.49096294619002434,
      "mean_score_neg": 0.39355161310510434,
      "proto_score_pos": 0.9772778468311958,
      "proto_score_neg": 0.8538370365475086,
      "proto_score_gap": 0.12344081028368714,
      "mean_pred_box_area": 0.017727990662679077,
      "frac_pred_box_too_big": 0.0,
      "mean_existence_prob": 0.44517961964011193,
      "frac_high_existence": 0.0,
      "prototype_norm_mean": 1.59395214676857,
      "prototype_norm_std": 0.2345157816174651
    },
    "per_source": {
      "hots": {
        "n": 35,
        "n_pos": 15,
        "n_neg": 20,
        "iou_mean": 0.5733720382054647,
        "iou_median": 0.8427885174751282,
        "iou_p25": 0.0,
        "iou_p75": 0.8888323307037354,
        "contain_mean": 0.611694065729777,
        "contain_at_iou_50": 0.6666666666666666,
        "contain_at_iou_75": 0.6,
        "ap_per_iou": {
          "0.50": 0.5792579257925787,
          "0.55": 0.5792579257925787,
          "0.60": 0.5792579257925787,
          "0.65": 0.5792579257925787,
          "0.70": 0.46932693269326964,
          "0.75": 0.46932693269326964,
          "0.80": 0.46932693269326964,
          "0.85": 0.3214521452145216,
          "0.90": 0.08470847084708469,
          "0.95": 0.0
        },
        "map_50": 0.5792579257925787,
        "map_75": 0.46932693269326964,
        "map_5095": 0.41311731173117305,
        "map_50_existence_only": 0.5792579257925787,
        "map_5095_existence_only": 0.41330983098309815,
        "map_50_score_only": 0.5371287128712869,
        "map_5095_score_only": 0.38926449787835926,
        "precision_50": 0.8181818181818182,
        "recall_50": 0.6,
        "f1_50": 0.6923076923076923,
        "existence_acc": 0.8285714285714286,
        "existence_acc_pos": 0.6666666666666666,
        "existence_acc_neg": 0.95,
        "existence_auroc": 0.9333333333333333,
        "existence_pr_auc": 0.9267827341740386,
        "existence_brier": 0.1814403320934131,
        "existence_f1": 0.6923076923076923,
        "false_positive_rate": 0.05,
        "false_negative_rate": 0.3333333333333333,
        "mean_score_pos": 0.5347751617431641,
        "mean_score_neg": 0.381339555978775,
        "proto_score_pos": 0.9838704228401184,
        "proto_score_neg": 0.7660394091159105,
        "proto_score_gap": 0.21783101372420788,
        "mean_pred_box_area": 0.024570892478472422,
        "frac_pred_box_too_big": 0.0,
        "mean_existence_prob": 0.4470976727349418,
        "frac_high_existence": 0.0,
        "prototype_norm_mean": 1.826361152103969,
        "prototype_norm_std": 0.1396077288049912
      },
      "insdet": {
        "n": 65,
        "n_pos": 38,
        "n_neg": 27,
        "iou_mean": 0.15329418772537456,
        "iou_median": 0.02613954432308674,
        "iou_p25": 0.0,
        "iou_p75": 0.28215739876031876,
        "contain_mean": 0.4368635886593869,
        "contain_at_iou_50": 0.10526315789473684,
        "contain_at_iou_75": 0.0,
        "ap_per_iou": {
          "0.50": 0.018068650366362897,
          "0.55": 0.015022191874359849,
          "0.60": 0.0014144271570014143,
          "0.65": 0.0014144271570014143,
          "0.70": 0.0,
          "0.75": 0.0,
          "0.80": 0.0,
          "0.85": 0.0,
          "0.90": 0.0,
          "0.95": 0.0
        },
        "map_50": 0.018068650366362897,
        "map_75": 0.0,
        "map_5095": 0.0035919696554725573,
        "map_50_existence_only": 0.017785258878734705,
        "map_5095_existence_only": 0.003577774778279753,
        "map_50_score_only": 0.025776715602594737,
        "map_5095_score_only": 0.004844967255346224,
        "precision_50": 0.07142857142857142,
        "recall_50": 0.02631578947368421,
        "f1_50": 0.038461538461538464,
        "existence_acc": 0.5692307692307692,
        "existence_acc_pos": 0.3157894736842105,
        "existence_acc_neg": 0.9259259259259259,
        "existence_auroc": 0.7426900584795322,
        "existence_pr_auc": 0.8205961125170423,
        "existence_brier": 0.23472487495214886,
        "existence_f1": 0.038461538461538464,
        "false_positive_rate": 0.07407407407407407,
        "false_negative_rate": 0.6842105263157895,
        "mean_score_pos": 0.47366865057694285,
        "mean_score_neg": 0.4025975813468297,
        "proto_score_pos": 0.9746755141960947,
        "proto_score_neg": 0.9188723161264702,
        "proto_score_gap": 0.055803198069624416,
        "mean_pred_box_area": 0.014043351223405737,
        "frac_pred_box_too_big": 0.0,
        "mean_existence_prob": 0.44414682181981896,
        "frac_high_existence": 0.0,
        "prototype_norm_mean": 1.4688088362033551,
        "prototype_norm_std": 0.17110182858198633
      }
    },
    "tile_cfg": {
      "mode": "off",
      "levels": [
        1,
        2
      ],
      "overlap": 0.3,
      "for_sources": [
        "insdet"
      ],
      "nms_iou": 0.5,
      "top_k": 100,
      "score_combo": "existence_x_score",
      "edge_score_penalty": 0.5,
      "edge_px": 4,
      "merge_partial_boxes": true,
      "merge_min_score": 0.2
    }
  }
}