{
  "stage": "2_3",
  "epoch": 1,
  "fold": 0,
  "wall_clock_seconds": 820.57,
  "lr": {
    "aggregator": 2.6250000000000008e-05,
    "existence_head": 5.2500000000000016e-05,
    "class_head": 1.0500000000000001e-05,
    "box_head": 1.0500000000000001e-05,
    "lora": 5.2500000000000016e-05
  },
  "train": {
    "loss": 0.8581504507735371,
    "focal": 0.07119139685854316,
    "l1": 0.018559936821460725,
    "giou": 0.24282278251647949,
    "box_loss": 0.5784452515542508,
    "box_area_penalty": 0.00024345165491104125,
    "existence_kl": 0.0,
    "margin": 0.4169789276123047,
    "nt_xent": 0.0,
    "grad_norm": NaN,
    "n_steps": 250,
    "aggregator_alpha": -0.024729730561375618
  },
  "val": {
    "overall": {
      "n": 100,
      "n_pos": 51,
      "n_neg": 49,
      "iou_mean": 0.2767160791611555,
      "iou_median": 0.010292695835232735,
      "iou_p25": 0.0,
      "iou_p75": 0.6473700106143951,
      "contain_mean": 0.42700646072626114,
      "contain_at_iou_50": 0.3137254901960784,
      "contain_at_iou_75": 0.23529411764705882,
      "ap_per_iou": {
        "0.50": 0.16150663339432417,
        "0.55": 0.16150663339432417,
        "0.60": 0.1563964449561255,
        "0.65": 0.08527049749309908,
        "0.70": 0.08527049749309908,
        "0.75": 0.08527049749309908,
        "0.80": 0.028556648768325112,
        "0.85": 0.015461152026532702,
        "0.90": 0.0,
        "0.95": 0.0
      },
      "map_50": 0.16150663339432417,
      "map_75": 0.08527049749309908,
      "map_5095": 0.07792390050189288,
      "map_50_existence_only": 0.15967652665887705,
      "map_5095_existence_only": 0.0773969073926026,
      "map_50_score_only": 0.1620394278463716,
      "map_5095_score_only": 0.08276691073044326,
      "precision_50": 0.2857142857142857,
      "recall_50": 0.23529411764705882,
      "f1_50": 0.2580645161290323,
      "existence_acc": 0.67,
      "existence_acc_pos": 0.5882352941176471,
      "existence_acc_neg": 0.7551020408163265,
      "existence_auroc": 0.7442977190876351,
      "existence_pr_auc": 0.73754616686299,
      "existence_brier": 0.2232584904724689,
      "existence_f1": 0.2580645161290323,
      "false_positive_rate": 0.24489795918367346,
      "false_negative_rate": 0.4117647058823529,
      "mean_score_pos": 0.5121851166089376,
      "mean_score_neg": 0.4433955252170563,
      "proto_score_pos": 0.980582196338504,
      "proto_score_neg": 0.9253563376105561,
      "proto_score_gap": 0.05522585872794783,
      "mean_pred_box_area": 0.020706755761057138,
      "frac_pred_box_too_big": 0.0,
      "mean_existence_prob": 0.4784782168269157,
      "frac_high_existence": 0.0,
      "prototype_norm_mean": 1.654122234582901,
      "prototype_norm_std": 0.3298344291731084
    },
    "per_source": {
      "hots": {
        "n": 36,
        "n_pos": 21,
        "n_neg": 15,
        "iou_mean": 0.5883719807579404,
        "iou_median": 0.7906985878944397,
        "iou_p25": 0.4938253164291382,
        "iou_p75": 0.826785147190094,
        "contain_mean": 0.7295631681169782,
        "contain_at_iou_50": 0.7142857142857143,
        "contain_at_iou_75": 0.5714285714285714,
        "ap_per_iou": {
          "0.50": 0.5102554373084368,
          "0.55": 0.5102554373084368,
          "0.60": 0.5102554373084368,
          "0.65": 0.293249324932493,
          "0.70": 0.293249324932493,
          "0.75": 0.293249324932493,
          "0.80": 0.1144114411441143,
          "0.85": 0.0504050405040504,
          "0.90": 0.0,
          "0.95": 0.0
        },
        "map_50": 0.5102554373084368,
        "map_75": 0.293249324932493,
        "map_5095": 0.2575330768370954,
        "map_50_existence_only": 0.5071051222769336,
        "map_5095_existence_only": 0.25658798232764446,
        "map_50_score_only": 0.5047751022566759,
        "map_5095_score_only": 0.26696024398151214,
        "precision_50": 0.5,
        "recall_50": 0.5714285714285714,
        "f1_50": 0.5333333333333333,
        "existence_acc": 0.75,
        "existence_acc_pos": 0.8571428571428571,
        "existence_acc_neg": 0.6,
        "existence_auroc": 0.8666666666666667,
        "existence_pr_auc": 0.9084429260370073,
        "existence_brier": 0.19903570882195346,
        "existence_f1": 0.5333333333333333,
        "false_positive_rate": 0.4,
        "false_negative_rate": 0.14285714285714285,
        "mean_score_pos": 0.565238580817268,
        "mean_score_neg": 0.4488033274809519,
        "proto_score_pos": 0.9917168957846505,
        "proto_score_neg": 0.873474758863449,
        "proto_score_gap": 0.11824213692120145,
        "mean_pred_box_area": 0.025528537607493088,
        "frac_pred_box_too_big": 0.0,
        "mean_existence_prob": 0.5167238919271363,
        "frac_high_existence": 0.0,
        "prototype_norm_mean": 1.9472205340862274,
        "prototype_norm_std": 0.24604209369063157
      },
      "insdet": {
        "n": 64,
        "n_pos": 30,
        "n_neg": 34,
        "iou_mean": 0.05855694804340601,
        "iou_median": 0.0,
        "iou_p25": 0.0,
        "iou_p75": 0.021639407612383366,
        "contain_mean": 0.21521676555275918,
        "contain_at_iou_50": 0.03333333333333333,
        "contain_at_iou_75": 0.0,
        "ap_per_iou": {
          "0.50": 0.0011648223645894002,
          "0.55": 0.0011648223645894002,
          "0.60": 0.0,
          "0.65": 0.0,
          "0.70": 0.0,
          "0.75": 0.0,
          "0.80": 0.0,
          "0.85": 0.0,
          "0.90": 0.0,
          "0.95": 0.0
        },
        "map_50": 0.0011648223645894002,
        "map_75": 0.0,
        "map_5095": 0.00023296447291788004,
        "map_50_existence_only": 0.0011001100110011,
        "map_5095_existence_only": 0.00022002200220022002,
        "map_50_score_only": 0.0012376237623762376,
        "map_5095_score_only": 0.00024752475247524753,
        "precision_50": 0.0,
        "recall_50": 0.0,
        "f1_50": 0.0,
        "existence_acc": 0.625,
        "existence_acc_pos": 0.4,
        "existence_acc_neg": 0.8235294117647058,
        "existence_auroc": 0.653921568627451,
        "existence_pr_auc": 0.5986379631409536,
        "existence_brier": 0.23688380515088386,
        "existence_f1": 0.0,
        "false_positive_rate": 0.17647058823529413,
        "false_negative_rate": 0.6,
        "mean_score_pos": 0.4750476916631063,
        "mean_score_neg": 0.4410097301006317,
        "proto_score_pos": 0.9727879067262014,
        "proto_score_neg": 0.9482452694107505,
        "proto_score_gap": 0.02454263731545092,
        "mean_pred_box_area": 0.017994503472436918,
        "frac_pred_box_too_big": 0.0,
        "mean_existence_prob": 0.45696502458304167,
        "frac_high_existence": 0.0,
        "prototype_norm_mean": 1.48925444111228,
        "prototype_norm_std": 0.24621749353889175
      }
    },
    "tile_cfg": {
      "mode": "off",
      "levels": [
        1,
        2
      ],
      "overlap": 0.3,
      "for_sources": [
        "insdet"
      ],
      "nms_iou": 0.5,
      "top_k": 100,
      "score_combo": "existence_x_score",
      "edge_score_penalty": 0.5,
      "edge_px": 4,
      "merge_partial_boxes": true,
      "merge_min_score": 0.2
    }
  }
}