{
  "stage": "2_3",
  "epoch": 1,
  "fold": 2,
  "wall_clock_seconds": 625.87,
  "lr": {
    "aggregator": 4.9914783100516416e-05,
    "existence_head": 9.982939542568321e-05,
    "class_head": 1.996601570541637e-05,
    "box_head": 1.996601570541637e-05,
    "lora": 9.982939542568321e-05
  },
  "train": {
    "loss": 0.7931640672758221,
    "focal": 0.065175925264135,
    "l1": 0.015353684440255165,
    "giou": 0.22513852524757386,
    "box_loss": 0.5270454719662666,
    "box_area_penalty": 3.308206796646118e-05,
    "existence_kl": 0.0,
    "margin": 0.40187872314453127,
    "nt_xent": 0.0,
    "grad_norm": 0.7609037113189697,
    "n_steps": 250,
    "aggregator_alpha": -0.024656260386109352
  },
  "val": {
    "overall": {
      "n": 100,
      "n_pos": 48,
      "n_neg": 52,
      "iou_mean": 0.24360615542779365,
      "iou_median": 0.0,
      "iou_p25": 0.0,
      "iou_p75": 0.5828774869441986,
      "contain_mean": 0.35964866789678734,
      "contain_at_iou_50": 0.2916666666666667,
      "contain_at_iou_75": 0.14583333333333334,
      "ap_per_iou": {
        "0.50": 0.15552026550053685,
        "0.55": 0.15552026550053685,
        "0.60": 0.1310454577626988,
        "0.65": 0.11943299920054118,
        "0.70": 0.08068896951806984,
        "0.75": 0.08068896951806984,
        "0.80": 0.08068896951806984,
        "0.85": 0.07601521021667385,
        "0.90": 0.0429042904290429,
        "0.95": 0.009900990099009901
      },
      "map_50": 0.15552026550053685,
      "map_75": 0.08068896951806984,
      "map_5095": 0.09324063872632499,
      "map_50_existence_only": 0.1551011946837189,
      "map_5095_existence_only": 0.09319533721993409,
      "map_50_score_only": 0.17940722643692944,
      "map_5095_score_only": 0.11487720200591486,
      "precision_50": 0.3333333333333333,
      "recall_50": 0.20833333333333334,
      "f1_50": 0.25641025641025644,
      "existence_acc": 0.58,
      "existence_acc_pos": 0.375,
      "existence_acc_neg": 0.7692307692307693,
      "existence_auroc": 0.6185897435897436,
      "existence_pr_auc": 0.5833985070861984,
      "existence_brier": 0.23743580713552576,
      "existence_f1": 0.25641025641025644,
      "false_positive_rate": 0.23076923076923078,
      "false_negative_rate": 0.625,
      "mean_score_pos": 0.48051553902526695,
      "mean_score_neg": 0.43886277595391643,
      "proto_score_pos": 0.9726588055491447,
      "proto_score_neg": 0.8567406428404726,
      "proto_score_gap": 0.11591816270867217,
      "mean_pred_box_area": 0.0663624511519447,
      "frac_pred_box_too_big": 0.06,
      "mean_existence_prob": 0.4588561022281647,
      "frac_high_existence": 0.0,
      "prototype_norm_mean": 1.6279581832885741,
      "prototype_norm_std": 0.2733054791334621
    },
    "per_source": {
      "hots": {
        "n": 35,
        "n_pos": 13,
        "n_neg": 22,
        "iou_mean": 0.56613506262119,
        "iou_median": 0.6994161605834961,
        "iou_p25": 0.0,
        "iou_p75": 0.8883852958679199,
        "contain_mean": 0.6526514704410846,
        "contain_at_iou_50": 0.6923076923076923,
        "contain_at_iou_75": 0.46153846153846156,
        "ap_per_iou": {
          "0.50": 0.5589580386610091,
          "0.55": 0.5589580386610091,
          "0.60": 0.5092959295929594,
          "0.65": 0.5092959295929594,
          "0.70": 0.35907590759075936,
          "0.75": 0.35907590759075936,
          "0.80": 0.35907590759075936,
          "0.85": 0.33267326732673275,
          "0.90": 0.20594059405940604,
          "0.95": 0.039603960396039604
        },
        "map_50": 0.5589580386610091,
        "map_75": 0.35907590759075936,
        "map_5095": 0.37919534810623934,
        "map_50_existence_only": 0.5589580386610091,
        "map_5095_existence_only": 0.37919534810623934,
        "map_50_score_only": 0.5582178217821786,
        "map_5095_score_only": 0.38259185918591887,
        "precision_50": 0.47368421052631576,
        "recall_50": 0.6923076923076923,
        "f1_50": 0.5625,
        "existence_acc": 0.7714285714285715,
        "existence_acc_pos": 0.9230769230769231,
        "existence_acc_neg": 0.6818181818181818,
        "existence_auroc": 0.8566433566433567,
        "existence_pr_auc": 0.7914737223560753,
        "existence_brier": 0.19653729151170216,
        "existence_f1": 0.5625,
        "false_positive_rate": 0.3181818181818182,
        "false_negative_rate": 0.07692307692307693,
        "mean_score_pos": 0.578844801737712,
        "mean_score_neg": 0.4405958611856807,
        "proto_score_pos": 0.9951600478245661,
        "proto_score_neg": 0.7838099482045933,
        "proto_score_gap": 0.21135009961997286,
        "mean_pred_box_area": 0.0557478287057685,
        "frac_pred_box_too_big": 0.02857142857142857,
        "mean_existence_prob": 0.4919454676764352,
        "frac_high_existence": 0.0,
        "prototype_norm_mean": 1.9532092605318343,
        "prototype_norm_std": 0.1439287137492125
      },
      "insdet": {
        "n": 65,
        "n_pos": 35,
        "n_neg": 30,
        "iou_mean": 0.12380970418453216,
        "iou_median": 0.0,
        "iou_p25": 0.0,
        "iou_p75": 0.09115392714738846,
        "contain_mean": 0.25081905552319117,
        "contain_at_iou_50": 0.14285714285714285,
        "contain_at_iou_75": 0.02857142857142857,
        "ap_per_iou": {
          "0.50": 0.02094815392869336,
          "0.55": 0.02094815392869336,
          "0.60": 0.009665252239509663,
          "0.65": 0.0014144271570014143,
          "0.70": 0.0014144271570014143,
          "0.75": 0.0014144271570014143,
          "0.80": 0.0014144271570014143,
          "0.85": 0.0014144271570014143,
          "0.90": 0.0,
          "0.95": 0.0
        },
        "map_50": 0.02094815392869336,
        "map_75": 0.0014144271570014143,
        "map_5095": 0.005863369588190346,
        "map_50_existence_only": 0.019456709052684772,
        "map_5095_existence_only": 0.005415082894322752,
        "map_50_score_only": 0.029008163974292168,
        "map_5095_score_only": 0.00872692532411136,
        "precision_50": 0.09090909090909091,
        "recall_50": 0.02857142857142857,
        "f1_50": 0.043478260869565216,
        "existence_acc": 0.47692307692307695,
        "existence_acc_pos": 0.17142857142857143,
        "existence_acc_neg": 0.8333333333333334,
        "existence_auroc": 0.540952380952381,
        "existence_pr_auc": 0.5523182041818341,
        "existence_brier": 0.2594580847791231,
        "existence_f1": 0.043478260869565216,
        "false_positive_rate": 0.16666666666666666,
        "false_negative_rate": 0.8285714285714286,
        "mean_score_pos": 0.4439932414463588,
        "mean_score_neg": 0.4375918467839559,
        "proto_score_pos": 0.9643012012754167,
        "proto_score_neg": 0.9102231522401174,
        "proto_score_gap": 0.054078049035299336,
        "mean_pred_box_area": 0.07207801708450111,
        "frac_pred_box_too_big": 0.07692307692307693,
        "mean_existence_prob": 0.4410387516021729,
        "frac_high_existence": 0.0,
        "prototype_norm_mean": 1.4528229878498957,
        "prototype_norm_std": 0.12464169721005282
      }
    },
    "tile_cfg": {
      "mode": "off",
      "levels": [
        1,
        2
      ],
      "overlap": 0.3,
      "for_sources": [
        "insdet"
      ],
      "nms_iou": 0.5,
      "top_k": 100,
      "score_combo": "existence_x_score",
      "edge_score_penalty": 0.5,
      "edge_px": 4,
      "merge_partial_boxes": true,
      "merge_min_score": 0.2
    }
  }
}