{
  "stage": "2_3",
  "epoch": 1,
  "fold": 4,
  "wall_clock_seconds": 560.69,
  "lr": {
    "aggregator": 4.92365366351863e-05,
    "existence_head": 9.847154328366965e-05,
    "class_head": 1.9695532646096345e-05,
    "box_head": 1.9695532646096345e-05,
    "lora": 9.847154328366965e-05
  },
  "train": {
    "loss": 1.0771145435646177,
    "focal": 0.0660159363411367,
    "l1": 0.026647434934973718,
    "giou": 0.35836843013763425,
    "box_loss": 0.8499740351140499,
    "box_area_penalty": 0.0005236444473266602,
    "existence_kl": 0.0,
    "margin": 0.32214442825317385,
    "nt_xent": 0.0,
    "grad_norm": 0.8457224025726319,
    "n_steps": 250,
    "aggregator_alpha": -0.024741867557168007
  },
  "val": {
    "overall": {
      "n": 100,
      "n_pos": 51,
      "n_neg": 49,
      "iou_mean": 0.2516788855941473,
      "iou_median": 0.03302915021777153,
      "iou_p25": 0.0,
      "iou_p75": 0.5071424245834351,
      "contain_mean": 0.42769481826062294,
      "contain_at_iou_50": 0.2549019607843137,
      "contain_at_iou_75": 0.21568627450980393,
      "ap_per_iou": {
        "0.50": 0.06209396449849068,
        "0.55": 0.06209396449849068,
        "0.60": 0.06209396449849068,
        "0.65": 0.055193274429483755,
        "0.70": 0.055193274429483755,
        "0.75": 0.05044790193305045,
        "0.80": 0.03287471604303288,
        "0.85": 0.009600960096009602,
        "0.90": 0.000825082508250825,
        "0.95": 0.0
      },
      "map_50": 0.06209396449849068,
      "map_75": 0.05044790193305045,
      "map_5095": 0.03904171029347833,
      "map_50_existence_only": 0.06829662558092545,
      "map_5095_existence_only": 0.04163058475484634,
      "map_50_score_only": 0.060826583962366135,
      "map_5095_score_only": 0.039006934736245405,
      "precision_50": 0.21875,
      "recall_50": 0.13725490196078433,
      "f1_50": 0.16867469879518074,
      "existence_acc": 0.69,
      "existence_acc_pos": 0.5098039215686274,
      "existence_acc_neg": 0.8775510204081632,
      "existence_auroc": 0.771108443377351,
      "existence_pr_auc": 0.7554815244956065,
      "existence_brier": 0.2198290659403146,
      "existence_f1": 0.16867469879518074,
      "false_positive_rate": 0.12244897959183673,
      "false_negative_rate": 0.49019607843137253,
      "mean_score_pos": 0.4960487391434464,
      "mean_score_neg": 0.41583682262167637,
      "proto_score_pos": 0.9772909435571409,
      "proto_score_neg": 0.863279900076438,
      "proto_score_gap": 0.1140110434807029,
      "mean_pred_box_area": 0.03169391917763278,
      "frac_pred_box_too_big": 0.02,
      "mean_existence_prob": 0.45674490004777907,
      "frac_high_existence": 0.0,
      "prototype_norm_mean": 1.5550203919410706,
      "prototype_norm_std": 0.21852784606496606
    },
    "per_source": {
      "hots": {
        "n": 35,
        "n_pos": 18,
        "n_neg": 17,
        "iou_mean": 0.4923401673634847,
        "iou_median": 0.7615574598312378,
        "iou_p25": 0.0,
        "iou_p75": 0.8257535696029663,
        "contain_mean": 0.541277011235555,
        "contain_at_iou_50": 0.6111111111111112,
        "contain_at_iou_75": 0.5,
        "ap_per_iou": {
          "0.50": 0.3376760176017602,
          "0.55": 0.3376760176017602,
          "0.60": 0.3376760176017602,
          "0.65": 0.28910891089108925,
          "0.70": 0.28910891089108925,
          "0.75": 0.2609900990099012,
          "0.80": 0.1531353135313531,
          "0.85": 0.04207920792079208,
          "0.90": 0.0,
          "0.95": 0.0
        },
        "map_50": 0.3376760176017602,
        "map_75": 0.2609900990099012,
        "map_5095": 0.20474504950495054,
        "map_50_existence_only": 0.35539343408025004,
        "map_5095_existence_only": 0.2151331934812915,
        "map_50_score_only": 0.3308910891089112,
        "map_5095_score_only": 0.20250515783266892,
        "precision_50": 0.5454545454545454,
        "recall_50": 0.3333333333333333,
        "f1_50": 0.41379310344827586,
        "existence_acc": 0.8,
        "existence_acc_pos": 0.6111111111111112,
        "existence_acc_neg": 1.0,
        "existence_auroc": 0.9575163398692811,
        "existence_pr_auc": 0.9652477257959715,
        "existence_brier": 0.19573138001998394,
        "existence_f1": 0.41379310344827586,
        "false_positive_rate": 0.0,
        "false_negative_rate": 0.3888888888888889,
        "mean_score_pos": 0.5084166559908125,
        "mean_score_neg": 0.3753776217208189,
        "proto_score_pos": 0.9833163917064667,
        "proto_score_neg": 0.7257363559568629,
        "proto_score_gap": 0.25758003574960375,
        "mean_pred_box_area": 0.02012845728479858,
        "frac_pred_box_too_big": 0.0,
        "mean_existence_prob": 0.4437976964882442,
        "frac_high_existence": 0.0,
        "prototype_norm_mean": 1.7592041969299317,
        "prototype_norm_std": 0.12084522071153317
      },
      "insdet": {
        "n": 65,
        "n_pos": 33,
        "n_neg": 32,
        "iou_mean": 0.1204090955381451,
        "iou_median": 0.0008977797697298229,
        "iou_p25": 0.0,
        "iou_p75": 0.13460686802864075,
        "contain_mean": 0.3657408948197509,
        "contain_at_iou_50": 0.06060606060606061,
        "contain_at_iou_75": 0.06060606060606061,
        "ap_per_iou": {
          "0.50": 0.005133846718005134,
          "0.55": 0.005133846718005134,
          "0.60": 0.005133846718005134,
          "0.65": 0.005133846718005134,
          "0.70": 0.005133846718005134,
          "0.75": 0.005133846718005134,
          "0.80": 0.005133846718005134,
          "0.85": 0.0020844189682126106,
          "0.90": 0.0020844189682126106,
          "0.95": 0.0
        },
        "map_50": 0.005133846718005134,
        "map_75": 0.005133846718005134,
        "map_5095": 0.0040105764962461155,
        "map_50_existence_only": 0.00495049504950495,
        "map_5095_existence_only": 0.0038822303282959867,
        "map_50_score_only": 0.009727288518325517,
        "map_5095_score_only": 0.008129233976029182,
        "precision_50": 0.047619047619047616,
        "recall_50": 0.030303030303030304,
        "f1_50": 0.037037037037037035,
        "existence_acc": 0.6307692307692307,
        "existence_acc_pos": 0.45454545454545453,
        "existence_acc_neg": 0.8125,
        "existence_auroc": 0.665719696969697,
        "existence_pr_auc": 0.6884178386369576,
        "existence_brier": 0.23280474297433879,
        "existence_f1": 0.037037037037037035,
        "false_positive_rate": 0.1875,
        "false_negative_rate": 0.5454545454545454,
        "mean_score_pos": 0.48930260268124665,
        "mean_score_neg": 0.4373307731002569,
        "proto_score_pos": 0.9740043354756904,
        "proto_score_neg": 0.9363499078899622,
        "proto_score_gap": 0.037654427585728234,
        "mean_pred_box_area": 0.03792147558146658,
        "frac_pred_box_too_big": 0.03076923076923077,
        "mean_existence_prob": 0.46371647119522097,
        "frac_high_existence": 0.0,
        "prototype_norm_mean": 1.4450752661778377,
        "prototype_norm_std": 0.17616863497362625
      }
    },
    "tile_cfg": {
      "mode": "off",
      "levels": [
        1,
        2
      ],
      "overlap": 0.3,
      "for_sources": [
        "insdet"
      ],
      "nms_iou": 0.5,
      "top_k": 100,
      "score_combo": "existence_x_score",
      "edge_score_penalty": 0.5,
      "edge_px": 4,
      "merge_partial_boxes": true,
      "merge_min_score": 0.2
    }
  }
}