{
  "stage": "L3",
  "phase": "mixed",
  "epoch": 7,
  "fold": 1,
  "wall_clock_seconds": 534.2,
  "lr": {
    "fusion": 2.251591572451181e-05,
    "class_head": 9.039413284925538e-06,
    "box_head": 9.039413284925538e-06,
    "lora": 8.9898427922443e-05
  },
  "train": {
    "loss": 5.13874839425087,
    "patch_ce": 3.0509243094921112,
    "l1": 0.02126703369858054,
    "giou": 0.4934284895658493,
    "log_area": 0.2385868644028748,
    "grad_norm": 95.87275293711069,
    "n_steps": 300,
    "grad_steps": 37,
    "grad_nan_steps": 0,
    "alpha": 0.9493529200553894,
    "bg_bias": -0.012793432921171188
  },
  "val": {
    "overall": {
      "n": 100,
      "n_pos": 70,
      "n_neg": 30,
      "iou_mean": 0.5827258050308696,
      "iou_median": 0.8220475912094116,
      "iou_p25": 0.0020561518613249063,
      "iou_p75": 0.8992690742015839,
      "iou_std": 0.4038182780616156,
      "frac_iou_25": 0.6714285714285714,
      "frac_iou_50": 0.6714285714285714,
      "frac_iou_75": 0.6285714285714286,
      "frac_iou_90": 0.2571428571428571,
      "containment_mean": 0.6426741469385369,
      "containment_median": 0.9052732586860657,
      "containment_p25": 0.004626953508704901,
      "containment_p75": 0.9684849232435226,
      "containment_std": 0.4333555788225468,
      "frac_containment_50": 0.6857142857142857,
      "frac_containment_75": 0.6714285714285714,
      "frac_containment_90": 0.5,
      "frac_containment_full": 0.14285714285714285,
      "contain_at_iou_50": 0.6714285714285714,
      "contain_at_iou_75": 0.6285714285714286,
      "high_contain_high_iou": 0.5,
      "ap_per_iou": {
        "0.50": 0.5570627945447836,
        "0.55": 0.5570627945447836,
        "0.60": 0.5570627945447836,
        "0.65": 0.5570627945447836,
        "0.70": 0.5409307233069899,
        "0.75": 0.4913908775640669,
        "0.80": 0.4132177689737684,
        "0.85": 0.2136436122603857,
        "0.90": 0.09561101023386802,
        "0.95": 0.000825082508250825
      },
      "map_50": 0.5570627945447836,
      "map_75": 0.4913908775640669,
      "map_5095": 0.3983870253026464,
      "map_50_containment": 0.5727871976990955,
      "map_90_containment": 0.30039074714568936,
      "mean_pred_box_area": 0.004383947329858404,
      "std_pred_box_area": 0.005231735191237827,
      "frac_pred_box_too_big": 0.0,
      "frac_pred_box_too_small": 0.7428571428571429,
      "mean_gt_box_area": 0.006484834785880854,
      "pred_to_gt_area_ratio_mean": 1.076486280299029,
      "pred_to_gt_area_ratio_median": 1.014940194728518,
      "log_area_ratio_mean": -0.05486180468699394,
      "log_area_ratio_std": 0.5668523623060406,
      "center_distance_mean": 0.10780647844573044,
      "center_distance_median": 0.0027882351117671567,
      "score_mean": 0.19312344270625284,
      "score_std": 0.13286556263380775,
      "score_p25": 0.09632963500916958,
      "score_p75": 0.26359301805496216,
      "score_iou_correlation": 0.2713454689203915,
      "bg_prob_pos_mean": 0.23506258672901562,
      "bg_prob_pos_median": 0.2100827321410179,
      "abstain_rate_pos": 0.08571428571428572,
      "bg_prob_neg_mean": 0.45792848865191144,
      "bg_prob_neg_median": 0.4308258146047592,
      "abstain_rate_neg": 0.43333333333333335,
      "score_neg_mean": 0.1179573296996144,
      "score_neg_p75": 0.2076086439192295,
      "tn_rate": 0.43333333333333335,
      "fp_rate": 0.5666666666666667,
      "abstain_gap": 0.22286590192289582
    },
    "per_source": {
      "hots": {
        "n": 36,
        "n_pos": 27,
        "n_neg": 9,
        "iou_mean": 0.650952488977324,
        "iou_median": 0.8625550866127014,
        "iou_p25": 0.35517346439883113,
        "iou_p75": 0.9254211783409119,
        "iou_std": 0.3960074896573145,
        "frac_iou_25": 0.7407407407407407,
        "frac_iou_50": 0.7407407407407407,
        "frac_iou_75": 0.7037037037037037,
        "frac_iou_90": 0.4074074074074074,
        "containment_mean": 0.7026008021224428,
        "containment_median": 0.9253625869750977,
        "containment_p25": 0.4146722946316004,
        "containment_p75": 0.9780416190624237,
        "containment_std": 0.4221989255900758,
        "frac_containment_50": 0.7407407407407407,
        "frac_containment_75": 0.7407407407407407,
        "frac_containment_90": 0.6296296296296297,
        "frac_containment_full": 0.14814814814814814,
        "contain_at_iou_50": 0.7407407407407407,
        "contain_at_iou_75": 0.7037037037037037,
        "high_contain_high_iou": 0.6296296296296297,
        "ap_per_iou": {
          "0.50": 0.6494106553512494,
          "0.55": 0.6494106553512494,
          "0.60": 0.6494106553512494,
          "0.65": 0.6494106553512494,
          "0.70": 0.6494106553512494,
          "0.75": 0.6084740880103046,
          "0.80": 0.4716865351948728,
          "0.85": 0.342969552594357,
          "0.90": 0.23207920792079223,
          "0.95": 0.0
        },
        "map_50": 0.6494106553512494,
        "map_75": 0.6084740880103046,
        "map_5095": 0.49022626604765734,
        "map_50_containment": 0.6494106553512494,
        "map_90_containment": 0.45036903690369046,
        "mean_pred_box_area": 0.00870701526949296,
        "std_pred_box_area": 0.006064905799365509,
        "frac_pred_box_too_big": 0.0,
        "frac_pred_box_too_small": 0.4074074074074074,
        "mean_gt_box_area": 0.013699363061438178,
        "pred_to_gt_area_ratio_mean": 1.0756127270775782,
        "pred_to_gt_area_ratio_median": 1.0029520389502307,
        "log_area_ratio_mean": -0.09086071207577205,
        "log_area_ratio_std": 0.6820362536208008,
        "center_distance_mean": 0.10738900603352147,
        "center_distance_median": 0.0037682370877432244,
        "score_mean": 0.17006611548088216,
        "score_std": 0.09543269542521957,
        "score_p25": 0.09264712780714035,
        "score_p75": 0.2312433049082756,
        "score_iou_correlation": 0.25484862328686725,
        "bg_prob_pos_mean": 0.21229601741113044,
        "bg_prob_pos_median": 0.19135932624340057,
        "abstain_rate_pos": 0.037037037037037035,
        "bg_prob_neg_mean": 0.4945847267905871,
        "bg_prob_neg_median": 0.6871684789657593,
        "abstain_rate_neg": 0.5555555555555556,
        "score_neg_mean": 0.04747996318878399,
        "score_neg_p75": 0.09134721755981445,
        "tn_rate": 0.5555555555555556,
        "fp_rate": 0.4444444444444444,
        "abstain_gap": 0.2822887093794567
      },
      "insdet": {
        "n": 64,
        "n_pos": 43,
        "n_neg": 21,
        "iou_mean": 0.5398857941807702,
        "iou_median": 0.8062657713890076,
        "iou_p25": 0.0,
        "iou_p75": 0.8691450655460358,
        "iou_std": 0.40736687737776817,
        "frac_iou_25": 0.627906976744186,
        "frac_iou_50": 0.627906976744186,
        "frac_iou_75": 0.5813953488372093,
        "frac_iou_90": 0.16279069767441862,
        "containment_mean": 0.6050457820556191,
        "containment_median": 0.8799413442611694,
        "containment_p25": 0.0,
        "containment_p75": 0.9525411427021027,
        "containment_std": 0.44092977482488577,
        "frac_containment_50": 0.6511627906976745,
        "frac_containment_75": 0.627906976744186,
        "frac_containment_90": 0.4186046511627907,
        "frac_containment_full": 0.13953488372093023,
        "contain_at_iou_50": 0.627906976744186,
        "contain_at_iou_75": 0.5813953488372093,
        "high_contain_high_iou": 0.4186046511627907,
        "ap_per_iou": {
          "0.50": 0.509510998995823,
          "0.55": 0.509510998995823,
          "0.60": 0.509510998995823,
          "0.65": 0.509510998995823,
          "0.70": 0.49360731803539243,
          "0.75": 0.44286784275993946,
          "0.80": 0.38477399697338044,
          "0.85": 0.153046680718492,
          "0.90": 0.047484514461298345,
          "0.95": 0.0017472335468841
        },
        "map_50": 0.509510998995823,
        "map_75": 0.44286784275993946,
        "map_5095": 0.35615715824786787,