{
  "stage": "L3",
  "phase": "mixed",
  "epoch": 7,
  "fold": 2,
  "wall_clock_seconds": 535.19,
  "lr": {
    "fusion": 2.0250829889391908e-05,
    "class_head": 8.136102500979926e-06,
    "box_head": 8.136102500979926e-06,
    "lora": 8.082446683145164e-05
  },
  "train": {
    "loss": 5.385071294903756,
    "patch_ce": 3.1182117158174516,
    "l1": 0.021396534902354082,
    "giou": 0.536309015750885,
    "log_area": 0.26276816136821557,
    "grad_norm": 96.20299932119009,
    "n_steps": 300,
    "grad_steps": 37,
    "grad_nan_steps": 0,
    "alpha": 0.9493799209594727,
    "bg_bias": -0.012758666649460793
  },
  "val": {
    "overall": {
      "n": 100,
      "n_pos": 64,
      "n_neg": 36,
      "iou_mean": 0.5083698238013312,
      "iou_median": 0.7220085263252258,
      "iou_p25": 0.0,
      "iou_p75": 0.8474389165639877,
      "iou_std": 0.38521717548984746,
      "frac_iou_25": 0.640625,
      "frac_iou_50": 0.59375,
      "frac_iou_75": 0.46875,
      "frac_iou_90": 0.09375,
      "containment_mean": 0.606946331099607,
      "containment_median": 0.9137367308139801,
      "containment_p25": 0.0,
      "containment_p75": 0.9909186512231827,
      "containment_std": 0.4454509936667163,
      "frac_containment_50": 0.625,
      "frac_containment_75": 0.59375,
      "frac_containment_90": 0.515625,
      "frac_containment_full": 0.265625,
      "contain_at_iou_50": 0.59375,
      "contain_at_iou_75": 0.46875,
      "high_contain_high_iou": 0.5,
      "ap_per_iou": {
        "0.50": 0.48936289438760655,
        "0.55": 0.4361557006591134,
        "0.60": 0.4361557006591134,
        "0.65": 0.41228079954690144,
        "0.70": 0.3783832930164698,
        "0.75": 0.29408609757296783,
        "0.80": 0.2302285752469957,
        "0.85": 0.0845516502869799,
        "0.90": 0.014977497749774978,
        "0.95": 0.00165016501650165
      },
      "map_50": 0.48936289438760655,
      "map_75": 0.29408609757296783,
      "map_5095": 0.2777832374142425,
      "map_50_containment": 0.5122942970891025,
      "map_90_containment": 0.36474661902077166,
      "mean_pred_box_area": 0.009971249258200374,
      "std_pred_box_area": 0.023306861336221667,
      "frac_pred_box_too_big": 0.0,
      "frac_pred_box_too_small": 0.671875,
      "mean_gt_box_area": 0.011056172603712184,
      "pred_to_gt_area_ratio_mean": 1.1889052622972183,
      "pred_to_gt_area_ratio_median": 1.0844502315396356,
      "log_area_ratio_mean": 0.002910202492603746,
      "log_area_ratio_std": 0.5939189501966128,
      "center_distance_mean": 0.08648248198533356,
      "center_distance_median": 0.005069341944262968,
      "score_mean": 0.17075953948369715,
      "score_std": 0.13614796432555476,
      "score_p25": 0.08502829074859619,
      "score_p75": 0.18785147368907928,
      "score_iou_correlation": 0.33457016729405514,
      "bg_prob_pos_mean": 0.22365751676261425,
      "bg_prob_pos_median": 0.1828129068017006,
      "abstain_rate_pos": 0.09375,
      "bg_prob_neg_mean": 0.5642861675264107,
      "bg_prob_neg_median": 0.559407502412796,
      "abstain_rate_neg": 0.6111111111111112,
      "score_neg_mean": 0.0595455359903604,
      "score_neg_p75": 0.10228010267019272,
      "tn_rate": 0.6111111111111112,
      "fp_rate": 0.38888888888888884,
      "abstain_gap": 0.34062865076379645
    },
    "per_source": {
      "hots": {
        "n": 36,
        "n_pos": 22,
        "n_neg": 14,
        "iou_mean": 0.5323317267678,
        "iou_median": 0.7669310867786407,
        "iou_p25": 0.0,
        "iou_p75": 0.8686272203922272,
        "iou_std": 0.4047170775353292,
        "frac_iou_25": 0.6363636363636364,
        "frac_iou_50": 0.5909090909090909,
        "frac_iou_75": 0.5454545454545454,
        "frac_iou_90": 0.18181818181818182,
        "containment_mean": 0.5792564255270091,
        "containment_median": 0.816456526517868,
        "containment_p25": 0.0,
        "containment_p75": 0.9791122674942017,
        "containment_std": 0.446210375326812,
        "frac_containment_50": 0.5909090909090909,
        "frac_containment_75": 0.5454545454545454,
        "frac_containment_90": 0.4090909090909091,
        "frac_containment_full": 0.22727272727272727,
        "contain_at_iou_50": 0.5909090909090909,
        "contain_at_iou_75": 0.5454545454545454,
        "high_contain_high_iou": 0.4090909090909091,
        "ap_per_iou": {
          "0.50": 0.4766023970818131,
          "0.55": 0.4766023970818131,
          "0.60": 0.4766023970818131,
          "0.65": 0.4766023970818131,
          "0.70": 0.4766023970818131,
          "0.75": 0.4121417404898379,
          "0.80": 0.34127149557060976,
          "0.85": 0.14629147125238845,
          "0.90": 0.08861386138613861,
          "0.95": 0.0
        },
        "map_50": 0.4766023970818131,
        "map_75": 0.4121417404898379,
        "map_5095": 0.337133055410804,
        "map_50_containment": 0.4766023970818131,
        "map_90_containment": 0.2936425221469515,
        "mean_pred_box_area": 0.024224504583553182,
        "std_pred_box_area": 0.03587908118496611,
        "frac_pred_box_too_big": 0.0,
        "frac_pred_box_too_small": 0.2727272727272727,
        "mean_gt_box_area": 0.027503883806057273,
        "pred_to_gt_area_ratio_mean": 0.9108602902473133,
        "pred_to_gt_area_ratio_median": 0.9694406104277808,
        "log_area_ratio_mean": -0.23259369314399905,
        "log_area_ratio_std": 0.5747732105082181,
        "center_distance_mean": 0.10802973480004167,
        "center_distance_median": 0.007492436849438047,
        "score_mean": 0.14202568176287142,
        "score_std": 0.10983134559458943,
        "score_p25": 0.07283130660653114,
        "score_p75": 0.15938077121973038,
        "score_iou_correlation": 0.3025973869967167,
        "bg_prob_pos_mean": 0.16859575039283795,
        "bg_prob_pos_median": 0.13103391975164413,
        "abstain_rate_pos": 0.045454545454545456,
        "bg_prob_neg_mean": 0.6564739950533424,
        "bg_prob_neg_median": 0.7977314293384552,
        "abstain_rate_neg": 0.7142857142857143,
        "score_neg_mean": 0.03394283789592529,
        "score_neg_p75": 0.07096250588074327,
        "tn_rate": 0.7142857142857143,
        "fp_rate": 0.2857142857142857,
        "abstain_gap": 0.48787824466050445
      },
      "insdet": {
        "n": 64,
        "n_pos": 42,
        "n_neg": 22,
        "iou_mean": 0.49581835081889514,
        "iou_median": 0.6717532575130463,
        "iou_p25": 0.006776946596801281,
        "iou_p75": 0.8414977788925171,
        "iou_std": 0.37901510766027563,
        "frac_iou_25": 0.6428571428571429,
        "frac_iou_50": 0.5952380952380952,
        "frac_iou_75": 0.42857142857142855,
        "frac_iou_90": 0.047619047619047616,
        "containment_mean": 0.6214505673519203,
        "containment_median": 0.928404301404953,
        "containment_p25": 0.011105822399258614,
        "containment_p75": 0.9919274300336838,
        "containment_std": 0.4497694154243613,
        "frac_containment_50": 0.6428571428571429,
        "frac_containment_75": 0.6190476190476191,
        "frac_containment_90": 0.5714285714285714,
        "frac_containment_full": 0.2857142857142857,
        "contain_at_iou_50": 0.5952380952380952,
        "contain_at_iou_75": 0.42857142857142855,
        "high_contain_high_iou": 0.5476190476190477,
        "ap_per_iou": {
          "0.50": 0.5032562283857431,
          "0.55": 0.4251699383985223,
          "0.60": 0.4251699383985223,
          "0.65": 0.3937530492179651,
          "0.70": 0.34672491914743303,
          "0.75": 0.25670110489309794,
          "0.80": 0.19356319923717472,
          "0.85": 0.07500507172156498,
          "0.90": 0.006188118811881188,
          "0.95": 0.0033003300330033
        },
        "map_50": 0.5032562283857431,
        "map_75": 0.25670110489309794,
        "map_5095": 0.2628831898244908,
        "map_50_containment": 0.5401099137542797,
        "map_90_containment": 0.4163715501984984,