{
  "stage": "L3",
  "epoch": 7,
  "fold": 0,
  "wall_clock_seconds": 480.52,
  "lr": {
    "fusion": 5.78758867209264e-06,
    "class_head": 2.368196684862597e-06,
    "box_head": 2.368196684862597e-06,
    "lora": 1.1486575317476061e-05
  },
  "train": {
    "loss": 5.55518029165268,
    "patch_ce": 3.5606005859375,
    "l1": 0.04934495857730508,
    "giou": 0.8739274516105652,
    "grad_norm": 10.10229624938965,
    "n_steps": 250,
    "alpha": 0.056353017687797546
  },
  "val": {
    "overall": {
      "n": 100,
      "n_pos": 100,
      "iou_mean": 0.47498609699308875,
      "iou_median": 0.6205636262893677,
      "iou_p25": 0.0,
      "iou_p75": 0.8729810118675232,
      "iou_std": 0.4065186315762922,
      "frac_iou_25": 0.58,
      "frac_iou_50": 0.53,
      "frac_iou_75": 0.45,
      "frac_iou_90": 0.12,
      "containment_mean": 0.5335878329724073,
      "containment_median": 0.7670082747936249,
      "containment_p25": 0.0,
      "containment_p75": 0.9695366472005844,
      "containment_std": 0.4467158750770546,
      "frac_containment_50": 0.56,
      "frac_containment_75": 0.51,
      "frac_containment_90": 0.42,
      "frac_containment_full": 0.17,
      "contain_at_iou_50": 0.53,
      "contain_at_iou_75": 0.45,
      "high_contain_high_iou": 0.4,
      "ap_per_iou": {
        "0.50": 0.3661132094108885,
        "0.55": 0.3661132094108885,
        "0.60": 0.35877295866711795,
        "0.65": 0.3301945437565539,
        "0.70": 0.32246191667718155,
        "0.75": 0.279781116546113,
        "0.80": 0.25636909832665744,
        "0.85": 0.13908762467622415,
        "0.90": 0.02282136815832121,
        "0.95": 0.0018763973171510699
      },
      "map_50": 0.3661132094108885,
      "map_75": 0.279781116546113,
      "map_5095": 0.24435914429470973,
      "map_50_containment": 0.4106713705691423,
      "map_90_containment": 0.22790427328010718,
      "mean_pred_box_area": 0.012658205181135397,
      "std_pred_box_area": 0.07026749680880912,
      "frac_pred_box_too_big": 0.01,
      "frac_pred_box_too_small": 0.77,
      "mean_gt_box_area": 0.004876343088177963,
      "pred_to_gt_area_ratio_mean": 2.4575647225383808,
      "pred_to_gt_area_ratio_median": 1.05139292159583,
      "log_area_ratio_mean": 0.0884664719723516,
      "log_area_ratio_std": 1.029340468028847,
      "center_distance_mean": 0.09875499659471396,
      "center_distance_median": 0.004823577129181529,
      "score_mean": 0.9263952368497849,
      "score_std": 0.0597964127965067,
      "score_p25": 0.9062330722808838,
      "score_p75": 0.9663587212562561,
      "score_iou_correlation": 0.25145803340394396
    },
    "per_source": {
      "hots": {
        "n": 39,
        "n_pos": 39,
        "iou_mean": 0.5022695455222558,
        "iou_median": 0.700630784034729,
        "iou_p25": 0.0,
        "iou_p75": 0.8885633051395416,
        "iou_std": 0.4082929870326026,
        "frac_iou_25": 0.6153846153846154,
        "frac_iou_50": 0.5384615384615384,
        "frac_iou_75": 0.46153846153846156,
        "frac_iou_90": 0.20512820512820512,
        "containment_mean": 0.5626792649810131,
        "containment_median": 0.8088486790657043,
        "containment_p25": 0.0,
        "containment_p75": 0.9452517926692963,
        "containment_std": 0.43217369160665325,
        "frac_containment_50": 0.6153846153846154,
        "frac_containment_75": 0.5384615384615384,
        "frac_containment_90": 0.41025641025641024,
        "frac_containment_full": 0.1282051282051282,
        "contain_at_iou_50": 0.5384615384615384,
        "contain_at_iou_75": 0.46153846153846156,
        "high_contain_high_iou": 0.358974358974359,
        "ap_per_iou": {
          "0.50": 0.3918931646391035,
          "0.55": 0.3918931646391035,
          "0.60": 0.3918931646391035,
          "0.65": 0.3812305599170928,
          "0.70": 0.3812305599170928,
          "0.75": 0.3114642037257985,
          "0.80": 0.3114642037257985,
          "0.85": 0.15696318666615688,
          "0.90": 0.05075690966780074,
          "0.95": 0.003771805752003772
        },
        "map_50": 0.3918931646391035,
        "map_75": 0.3114642037257985,
        "map_5095": 0.27725609232890547,
        "map_50_containment": 0.47469392421673345,
        "map_90_containment": 0.22666363842834417,
        "mean_pred_box_area": 0.030031196244919924,
        "std_pred_box_area": 0.11111539793537269,
        "frac_pred_box_too_big": 0.02564102564102564,
        "frac_pred_box_too_small": 0.46153846153846156,
        "mean_gt_box_area": 0.010148863193387977,
        "pred_to_gt_area_ratio_mean": 3.4520371236500944,
        "pred_to_gt_area_ratio_median": 0.9716031000270281,
        "log_area_ratio_mean": -0.05086941990957671,
        "log_area_ratio_std": 1.2590693308611232,
        "center_distance_mean": 0.11488949951429787,
        "center_distance_median": 0.0051419727786495405,
        "score_mean": 0.956418072566008,
        "score_std": 0.036284380489282335,
        "score_p25": 0.9429100453853607,
        "score_p75": 0.9819089472293854,
        "score_iou_correlation": -0.016150639990018204
      },
      "insdet": {
        "n": 61,
        "n_pos": 61,
        "iou_mean": 0.4575425807203426,
        "iou_median": 0.607384204864502,
        "iou_p25": 0.0,
        "iou_p75": 0.8572093844413757,
        "iou_std": 0.40780244915742714,
        "frac_iou_25": 0.5573770491803278,
        "frac_iou_50": 0.5245901639344263,
        "frac_iou_75": 0.4426229508196721,
        "frac_iou_90": 0.06557377049180328,
        "containment_mean": 0.5149883928357578,
        "containment_median": 0.7014644145965576,
        "containment_p25": 0.0,
        "containment_p75": 0.9744466543197632,
        "containment_std": 0.45833808495991973,
        "frac_containment_50": 0.5245901639344263,
        "frac_containment_75": 0.4918032786885246,
        "frac_containment_90": 0.4262295081967213,
        "frac_containment_full": 0.19672131147540983,
        "contain_at_iou_50": 0.5245901639344263,
        "contain_at_iou_75": 0.4426229508196721,
        "high_contain_high_iou": 0.4262295081967213,
        "ap_per_iou": {
          "0.50": 0.4033214100805082,
          "0.55": 0.4033214100805082,
          "0.60": 0.38785493534309773,
          "0.65": 0.3365471336119462,
          "0.70": 0.32060269781514,
          "0.75": 0.31313805064120276,
          "0.80": 0.2637455528092735,
          "0.85": 0.15334477961771986,
          "0.90": 0.007242390905757241,
          "0.95": 0.0003667033370003667
        },
        "map_50": 0.4033214100805082,
        "map_75": 0.31313805064120276,
        "map_5095": 0.2589485064242154,
        "map_50_containment": 0.4033214100805082,
        "map_90_containment": 0.2840411992805455,
        "mean_pred_box_area": 0.0015508830256010298,
        "std_pred_box_area": 0.0024008533135112106,
        "frac_pred_box_too_big": 0.0,
        "frac_pred_box_too_small": 0.9672131147540983,
        "mean_gt_box_area": 0.00150538761107648,
        "pred_to_gt_area_ratio_mean": 1.821754498876794,
        "pred_to_gt_area_ratio_median": 1.078679121682013,
        "log_area_ratio_mean": 0.17755007497883038,
        "log_area_ratio_std": 0.8506240037818658,
        "center_distance_mean": 0.08843949472809473,
        "center_distance_median": 0.0037103215024951964,
        "score_mean": 0.9072003090967897,
        "score_std": 0.06407388091541148,
        "score_p25": 0.8727540969848633,
        "score_p75": 0.9544692635536194,
        "score_iou_correlation": 0.3583833404971748
      }
    },
    "per_k": {
      "k1": {
        "n": 34,
        "n_pos": 34,
        "iou_mean": 0.48242317227756276,
        "iou_median": 0.7226707935333252,
        "iou_p25": 0.0,
        "iou_p75": 0.8750517964363098,
        "iou_std": 0.41984680658289203,
        "frac_iou_25": 0.5588235294117647,
        "frac_iou_50": 0.5294117647058824,
        "frac_iou_75": 0.5,
        "frac_iou_90": 0.11764705882352941,