{
  "stage": "L3",
  "epoch": 7,
  "fold": 1,
  "wall_clock_seconds": 479.61,
  "lr": {
    "fusion": 3.7925738894958213e-06,
    "class_head": 1.572589587193727e-06,
    "box_head": 1.572589587193727e-06,
    "lora": 7.4925477266659885e-06
  },
  "train": {
    "loss": 5.157290935516357,
    "patch_ce": 3.371427734375,
    "l1": 0.03483832826465368,
    "giou": 0.8058357727527619,
    "grad_norm": NaN,
    "n_steps": 250,
    "alpha": 0.056548964232206345
  },
  "val": {
    "overall": {
      "n": 100,
      "n_pos": 100,
      "iou_mean": 0.46432551857084037,
      "iou_median": 0.7070942521095276,
      "iou_p25": 0.0,
      "iou_p75": 0.8833098411560059,
      "iou_std": 0.42365335524592784,
      "frac_iou_25": 0.55,
      "frac_iou_50": 0.52,
      "frac_iou_75": 0.49,
      "frac_iou_90": 0.17,
      "containment_mean": 0.5163262318074703,
      "containment_median": 0.7506981790065765,
      "containment_p25": 0.0,
      "containment_p75": 0.9720727056264877,
      "containment_std": 0.4627702783400476,
      "frac_containment_50": 0.53,
      "frac_containment_75": 0.5,
      "frac_containment_90": 0.46,
      "frac_containment_full": 0.13,
      "contain_at_iou_50": 0.52,
      "contain_at_iou_75": 0.49,
      "high_contain_high_iou": 0.45,
      "ap_per_iou": {
        "0.50": 0.3039484006767429,
        "0.55": 0.3039484006767429,
        "0.60": 0.2937936658869758,
        "0.65": 0.2937936658869758,
        "0.70": 0.2752752399620369,
        "0.75": 0.2625863088797592,
        "0.80": 0.2075022334322984,
        "0.85": 0.14245141997361654,
        "0.90": 0.043079278679719606,
        "0.95": 0.0
      },
      "map_50": 0.3039484006767429,
      "map_75": 0.2625863088797592,
      "map_5095": 0.21263786140548682,
      "map_50_containment": 0.3305295129553491,
      "map_90_containment": 0.24254013905786417,
      "mean_pred_box_area": 0.019812024236667166,
      "std_pred_box_area": 0.08454809872881776,
      "frac_pred_box_too_big": 0.01,
      "frac_pred_box_too_small": 0.76,
      "mean_gt_box_area": 0.009594001929240766,
      "pred_to_gt_area_ratio_mean": 3.315507428857854,
      "pred_to_gt_area_ratio_median": 1.020985512216393,
      "log_area_ratio_mean": -0.11220993062430722,
      "log_area_ratio_std": 1.004497640728865,
      "center_distance_mean": 0.11438817113345921,
      "center_distance_median": 0.0068240095348556015,
      "score_mean": 0.9151739856600761,
      "score_std": 0.08058500874092213,
      "score_p25": 0.8826442509889603,
      "score_p75": 0.9673530757427216,
      "score_iou_correlation": 0.1435709251417696
    },
    "per_source": {
      "hots": {
        "n": 36,
        "n_pos": 36,
        "iou_mean": 0.4321418998556005,
        "iou_median": 0.3435332328081131,
        "iou_p25": 0.0,
        "iou_p75": 0.8862942457199097,
        "iou_std": 0.4237522897017344,
        "frac_iou_25": 0.5277777777777778,
        "frac_iou_50": 0.4722222222222222,
        "frac_iou_75": 0.4166666666666667,
        "frac_iou_90": 0.19444444444444445,
        "containment_mean": 0.4860823183423943,
        "containment_median": 0.5635088533163071,
        "containment_p25": 0.0,
        "containment_p75": 0.9541977047920227,
        "containment_std": 0.45456262351381116,
        "frac_containment_50": 0.5,
        "frac_containment_75": 0.4444444444444444,
        "frac_containment_90": 0.4166666666666667,
        "frac_containment_full": 0.05555555555555555,
        "contain_at_iou_50": 0.4722222222222222,
        "contain_at_iou_75": 0.4166666666666667,
        "high_contain_high_iou": 0.3888888888888889,
        "ap_per_iou": {
          "0.50": 0.24710042432814708,
          "0.55": 0.24710042432814708,
          "0.60": 0.24710042432814708,
          "0.65": 0.24710042432814708,
          "0.70": 0.21122112211221103,
          "0.75": 0.18345952242283056,
          "0.80": 0.15899825276645319,
          "0.85": 0.14006988934187548,
          "0.90": 0.04312436482991001,
          "0.95": 0.0
        },
        "map_50": 0.24710042432814708,
        "map_75": 0.18345952242283056,
        "map_5095": 0.17252748487858688,
        "map_50_containment": 0.30153798952939925,
        "map_90_containment": 0.20005824111822956,
        "mean_pred_box_area": 0.0529170586045913,
        "std_pred_box_area": 0.13585249070774785,
        "frac_pred_box_too_big": 0.027777777777777776,
        "frac_pred_box_too_small": 0.3611111111111111,
        "mean_gt_box_area": 0.02406541592069617,
        "pred_to_gt_area_ratio_mean": 7.411391424925918,
        "pred_to_gt_area_ratio_median": 0.9816520270883693,
        "log_area_ratio_mean": 0.00838667897786999,
        "log_area_ratio_std": 1.386184473522788,
        "center_distance_mean": 0.18065133383479667,
        "center_distance_median": 0.04679209450122874,
        "score_mean": 0.9394067037436697,
        "score_std": 0.1038092458402141,
        "score_p25": 0.9212708175182343,
        "score_p75": 0.9865550398826599,
        "score_iou_correlation": 0.15869688163284448
      },
      "insdet": {
        "n": 64,
        "n_pos": 64,
        "iou_mean": 0.4824288040981628,
        "iou_median": 0.7918257713317871,
        "iou_p25": 0.0,
        "iou_p75": 0.8814470022916794,
        "iou_std": 0.42586348035771776,
        "frac_iou_25": 0.5625,
        "frac_iou_50": 0.546875,
        "frac_iou_75": 0.53125,
        "frac_iou_90": 0.15625,
        "containment_mean": 0.5333384331315756,
        "containment_median": 0.857359766960144,
        "containment_p25": 0.0,
        "containment_p75": 0.9753429740667343,
        "containment_std": 0.47002319956515554,
        "frac_containment_50": 0.546875,
        "frac_containment_75": 0.53125,
        "frac_containment_90": 0.484375,
        "frac_containment_full": 0.171875,
        "contain_at_iou_50": 0.546875,
        "contain_at_iou_75": 0.53125,
        "high_contain_high_iou": 0.484375,
        "ap_per_iou": {
          "0.50": 0.36786236000649286,
          "0.55": 0.36786236000649286,
          "0.60": 0.3511108777222947,
          "0.65": 0.3511108777222947,
          "0.70": 0.3511108777222947,
          "0.75": 0.3511108777222947,
          "0.80": 0.27732745359286937,
          "0.85": 0.1614283073091166,
          "0.90": 0.05708187278355164,
          "0.95": 0.0
        },
        "map_50": 0.36786236000649286,
        "map_75": 0.3511108777222947,
        "map_5095": 0.2636005864587702,
        "map_50_containment": 0.36786236000649286,
        "map_90_containment": 0.29676053670940844,
        "mean_pred_box_area": 0.001190442404709841,
        "std_pred_box_area": 0.001171318016763173,
        "frac_pred_box_too_big": 0.0,
        "frac_pred_box_too_small": 0.984375,
        "mean_gt_box_area": 0.001453831559047103,
        "pred_to_gt_area_ratio_mean": 1.0115726810695678,
        "pred_to_gt_area_ratio_median": 1.039185612935393,
        "log_area_ratio_mean": -0.18004552352553188,
        "log_area_ratio_std": 0.7107083706279934,
        "center_distance_mean": 0.0771151421139569,
        "center_distance_median": 0.003445553949337262,
        "score_mean": 0.9015430817380548,
        "score_std": 0.060774949319286405,
        "score_p25": 0.8694868981838226,
        "score_p75": 0.9441663473844528,
        "score_iou_correlation": 0.1746558341993476
      }
    },
    "per_k": {
      "k1": {
        "n": 34,
        "n_pos": 34,
        "iou_mean": 0.5097281216260265,
        "iou_median": 0.8038338422775269,
        "iou_p25": 0.0,
        "iou_p75": 0.8834850639104843,
        "iou_std": 0.4230678214944994,
        "frac_iou_25": 0.6176470588235294,
        "frac_iou_50": 0.5882352941176471,
        "frac_iou_75": 0.5588235294117647,
        "frac_iou_90": 0.14705882352941177,
        "containment_mean": 0.5864785629160264,
        "containment_median": 0.933601975440979,
        "containment_p25": 0.0,
        "containment_p75": 0.9747321456670761,
        "containment_std": 0.46026774070209425,