{
  "stage": "1_1",
  "epoch": 1,
  "fold": 1,
  "wall_clock_seconds": 308.94,
  "lr": {
    "aggregator": 0.0004901550249648443,
    "existence_head": 0.0004901550249648443
  },
  "train": {
    "loss": 0.07619574535638093,
    "focal": 0.07522235652431845,
    "l1": 0.0,
    "giou": 0.0,
    "box_loss": 0.0,
    "box_area_penalty": 0.00973388866521418,
    "existence_kl": 0.0,
    "grad_norm": 0.01387553734704852,
    "n_steps": 200
  },
  "val": {
    "overall": {
      "n": 100,
      "n_pos": 47,
      "n_neg": 53,
      "iou_mean": 0.16575858678566255,
      "iou_median": 0.0,
      "iou_p25": 0.0,
      "iou_p75": 0.013751810416579247,
      "contain_mean": 0.4039422087470426,
      "contain_at_iou_50": 0.2127659574468085,
      "contain_at_iou_75": 0.1276595744680851,
      "ap_per_iou": {
        "0.50": 0.09332639551987651,
        "0.55": 0.09332639551987651,
        "0.60": 0.09332639551987651,
        "0.65": 0.09332639551987651,
        "0.70": 0.07887612290640829,
        "0.75": 0.04372294372294372,
        "0.80": 0.017958938751017953,
        "0.85": 0.0014144271570014143,
        "0.90": 0.0,
        "0.95": 0.0
      },
      "map_50": 0.09332639551987651,
      "map_75": 0.04372294372294372,
      "map_5095": 0.05152780146168774,
      "precision_50": 0.0,
      "recall_50": 0.0,
      "f1_50": 0.0,
      "existence_acc": 0.53,
      "existence_acc_pos": 0.0,
      "existence_acc_neg": 1.0,
      "existence_auroc": 0.49578482537133683,
      "existence_pr_auc": 0.4709292440628557,
      "existence_brier": 0.25267386828152644,
      "existence_f1": 0.0,
      "false_positive_rate": 0.0,
      "false_negative_rate": 1.0,
      "mean_score_pos": 0.4107904757591004,
      "mean_score_neg": 0.41093435883522034,
      "mean_pred_box_area": 0.1922085967869498,
      "frac_pred_box_too_big": 0.13,
      "mean_existence_prob": 0.410866733789444,
      "frac_high_existence": 0.0,
      "prototype_norm_mean": 2.2559538304805757,
      "prototype_norm_std": 0.17920759879184536
    },
    "per_source": {
      "hots": {
        "n": 36,
        "n_pos": 16,
        "n_neg": 20,
        "iou_mean": 0.4828741326928139,
        "iou_median": 0.6984671950340271,
        "iou_p25": 0.0,
        "iou_p75": 0.7968694567680359,
        "contain_mean": 0.6080225929617882,
        "contain_at_iou_50": 0.625,
        "contain_at_iou_75": 0.375,
        "ap_per_iou": {
          "0.50": 0.28017968463513004,
          "0.55": 0.28017968463513004,
          "0.60": 0.28017968463513004,
          "0.65": 0.28017968463513004,
          "0.70": 0.22879591880756706,
          "0.75": 0.1275577557755775,
          "0.80": 0.051191785845251164,
          "0.85": 0.003465346534653465,
          "0.90": 0.0,
          "0.95": 0.0
        },
        "map_50": 0.28017968463513004,
        "map_75": 0.1275577557755775,
        "map_5095": 0.15317295455035693,
        "precision_50": 0.0,
        "recall_50": 0.0,
        "f1_50": 0.0,
        "existence_acc": 0.5555555555555556,
        "existence_acc_pos": 0.0,
        "existence_acc_neg": 1.0,
        "existence_auroc": 0.5125,
        "existence_pr_auc": 0.46834682598899274,
        "existence_brier": 0.24791430932699404,
        "existence_f1": 0.0,
        "false_positive_rate": 0.0,
        "false_negative_rate": 1.0,
        "mean_score_pos": 0.41303807497024536,
        "mean_score_neg": 0.4130563110113144,
        "mean_pred_box_area": 0.030805832027302433,
        "frac_pred_box_too_big": 0.0,
        "mean_existence_prob": 0.4130482061041726,
        "frac_high_existence": 0.0,
        "prototype_norm_mean": 2.0965890718830957,
        "prototype_norm_std": 0.18353989279853603
      },
      "insdet": {
        "n": 64,
        "n_pos": 31,
        "n_neg": 33,
        "iou_mean": 0.0020860469626167023,
        "iou_median": 0.0,
        "iou_p25": 0.0,
        "iou_p75": 0.0014883697731420398,
        "contain_mean": 0.298610397539432,
        "contain_at_iou_50": 0.0,
        "contain_at_iou_75": 0.0,
        "ap_per_iou": {
          "0.50": 0.0,
          "0.55": 0.0,
          "0.60": 0.0,
          "0.65": 0.0,
          "0.70": 0.0,
          "0.75": 0.0,
          "0.80": 0.0,
          "0.85": 0.0,
          "0.90": 0.0,
          "0.95": 0.0
        },
        "map_50": 0.0,
        "map_75": 0.0,
        "map_5095": 0.0,
        "precision_50": 0.0,
        "recall_50": 0.0,
        "f1_50": 0.0,
        "existence_acc": 0.515625,
        "existence_acc_pos": 0.0,
        "existence_acc_neg": 1.0,
        "existence_auroc": 0.5053763440860215,
        "existence_pr_auc": 0.503951579196585,
        "existence_brier": 0.2553511201934509,
        "existence_f1": 0.0,
        "false_positive_rate": 0.0,
        "false_negative_rate": 1.0,
        "mean_score_pos": 0.4096304245533482,
        "mean_score_neg": 0.40964832721334515,
        "mean_pred_box_area": 0.2829976519642514,
        "frac_pred_box_too_big": 0.203125,
        "mean_existence_prob": 0.4096396556124091,
        "frac_high_existence": 0.0,
        "prototype_norm_mean": 2.345596507191658,
        "prototype_norm_std": 0.09526832622953603
      }
    },
    "tile_cfg": {
      "mode": "off",
      "levels": [
        1,
        2
      ],
      "overlap": 0.3,
      "for_sources": [
        "insdet"
      ],
      "nms_iou": 0.5,
      "top_k": 100,
      "score_combo": "existence_x_score",
      "edge_score_penalty": 0.5,
      "edge_px": 4,
      "merge_partial_boxes": true,
      "merge_min_score": 0.2
    }
  }
}