{
  "stage": "1_1",
  "epoch": 1,
  "fold": 0,
  "wall_clock_seconds": 277.41,
  "lr": {
    "aggregator": 0.0005,
    "existence_head": 0.002
  },
  "train": {
    "loss": 0.3335112449526787,
    "focal": 0.07455494344234466,
    "l1": 0.0,
    "giou": 0.0,
    "box_loss": 0.0,
    "box_area_penalty": 0.016895289644598962,
    "existence_kl": 0.0,
    "margin": 0.5144187927246093,
    "nt_xent": 0.0005737622827291489,
    "grad_norm": 0.07671855479478835,
    "n_steps": 50,
    "aggregator_alpha": 7.077490590745583e-05
  },
  "val": {
    "overall": {
      "n": 100,
      "n_pos": 51,
      "n_neg": 49,
      "iou_mean": 0.19694084516445667,
      "iou_median": 0.0005294312140904367,
      "iou_p25": 0.0,
      "iou_p75": 0.3574794987216592,
      "contain_mean": 0.545730776646558,
      "contain_at_iou_50": 0.2549019607843137,
      "contain_at_iou_75": 0.1568627450980392,
      "ap_per_iou": {
        "0.50": 0.10230769230769228,
        "0.55": 0.10230769230769228,
        "0.60": 0.10230769230769228,
        "0.65": 0.10230769230769228,
        "0.70": 0.09083015993907086,
        "0.75": 0.06164268248687217,
        "0.80": 0.010856348792774015,
        "0.85": 0.0,
        "0.90": 0.0,
        "0.95": 0.0
      },
      "map_50": 0.10230769230769228,
      "map_75": 0.06164268248687217,
      "map_5095": 0.05725599604494862,
      "map_50_existence_only": 0.11091361236964035,
      "map_5095_existence_only": 0.062267026422530215,
      "map_50_score_only": 0.09321138055337075,
      "map_5095_score_only": 0.05143081208542995,
      "precision_50": 0.0,
      "recall_50": 0.0,
      "f1_50": 0.0,
      "existence_acc": 0.49,
      "existence_acc_pos": 0.0,
      "existence_acc_neg": 1.0,
      "existence_auroc": 0.5486194477791116,
      "existence_pr_auc": 0.5663447796936065,
      "existence_brier": 0.2521284436366218,
      "existence_f1": 0.0,
      "false_positive_rate": 0.0,
      "false_negative_rate": 1.0,
      "mean_score_pos": 0.4610524843720829,
      "mean_score_neg": 0.4606321076957547,
      "proto_score_pos": 0.9466618860469145,
      "proto_score_neg": 0.9398027062416077,
      "proto_score_gap": 0.006859179805306814,
      "mean_pred_box_area": 0.2727632194373291,
      "frac_pred_box_too_big": 0.29,
      "mean_existence_prob": 0.46084649980068204,
      "frac_high_existence": 0.0,
      "prototype_norm_mean": 2.234867812395096,
      "prototype_norm_std": 0.24130198244015613
    },
    "per_source": {
      "hots": {
        "n": 36,
        "n_pos": 21,
        "n_neg": 15,
        "iou_mean": 0.47680231937695117,
        "iou_median": 0.7268916368484497,
        "iou_p25": 0.0,
        "iou_p75": 0.780493438243866,
        "contain_mean": 0.6598858464331854,
        "contain_at_iou_50": 0.6190476190476191,
        "contain_at_iou_75": 0.38095238095238093,
        "ap_per_iou": {
          "0.50": 0.437160486234959,
          "0.55": 0.437160486234959,
          "0.60": 0.437160486234959,
          "0.65": 0.437160486234959,
          "0.70": 0.3870590164606525,
          "0.75": 0.2358351219737358,
          "0.80": 0.05764037942255764,
          "0.85": 0.0,
          "0.90": 0.0,
          "0.95": 0.0
        },
        "map_50": 0.437160486234959,
        "map_75": 0.2358351219737358,
        "map_5095": 0.24291764627967818,
        "map_50_existence_only": 0.43005901575379246,
        "map_5095_existence_only": 0.239430532630655,
        "map_50_score_only": 0.440011648223646,
        "map_5095_score_only": 0.24383553201258512,
        "precision_50": 0.0,
        "recall_50": 0.0,
        "f1_50": 0.0,
        "existence_acc": 0.4166666666666667,
        "existence_acc_pos": 0.0,
        "existence_acc_neg": 1.0,
        "existence_auroc": 0.5936507936507937,
        "existence_pr_auc": 0.6857864443354538,
        "existence_brier": 0.2572845007763436,
        "existence_f1": 0.0,
        "false_positive_rate": 0.0,
        "false_negative_rate": 1.0,
        "mean_score_pos": 0.4620529597713834,
        "mean_score_neg": 0.4607002854347229,
        "proto_score_pos": 0.9260162143480211,
        "proto_score_neg": 0.9021854797999064,
        "proto_score_gap": 0.023830734548114685,
        "mean_pred_box_area": 0.08437118593267062,
        "frac_pred_box_too_big": 0.05555555555555555,
        "mean_existence_prob": 0.46148934546444154,
        "frac_high_existence": 0.0,
        "prototype_norm_mean": 1.9826146066188812,
        "prototype_norm_std": 0.17109888452712532
      },
      "insdet": {
        "n": 64,
        "n_pos": 30,
        "n_neg": 34,
        "iou_mean": 0.0010378132157105333,
        "iou_median": 0.0,
        "iou_p25": 0.0,
        "iou_p75": 0.0009845590975601226,
        "contain_mean": 0.4658222277959188,
        "contain_at_iou_50": 0.0,
        "contain_at_iou_75": 0.0,
        "ap_per_iou": {
          "0.50": 0.0,
          "0.55": 0.0,
          "0.60": 0.0,
          "0.65": 0.0,
          "0.70": 0.0,
          "0.75": 0.0,
          "0.80": 0.0,
          "0.85": 0.0,
          "0.90": 0.0,
          "0.95": 0.0
        },
        "map_50": 0.0,
        "map_75": 0.0,
        "map_5095": 0.0,
        "map_50_existence_only": 0.0,
        "map_5095_existence_only": 0.0,
        "map_50_score_only": 0.0,
        "map_5095_score_only": 0.0,
        "precision_50": 0.0,
        "recall_50": 0.0,
        "f1_50": 0.0,
        "existence_acc": 0.53125,
        "existence_acc_pos": 0.0,
        "existence_acc_neg": 1.0,
        "existence_auroc": 0.5117647058823529,
        "existence_pr_auc": 0.4839644748832357,
        "existence_brier": 0.2492281614955283,
        "existence_f1": 0.0,
        "false_positive_rate": 0.0,
        "false_negative_rate": 1.0,
        "mean_score_pos": 0.46035215159257253,
        "mean_score_neg": 0.460602029281504,
        "proto_score_pos": 0.96111385623614,
        "proto_score_neg": 0.9563985414364758,
        "proto_score_gap": 0.004715314799664139,
        "mean_pred_box_area": 0.3787337382836995,
        "frac_pred_box_too_big": 0.421875,
        "mean_existence_prob": 0.4604848991148174,
        "frac_high_existence": 0.0,
        "prototype_norm_mean": 2.3767602406442165,
        "prototype_norm_std": 0.13572480596279643
      }
    },
    "tile_cfg": {
      "mode": "off",
      "levels": [
        1,
        2
      ],
      "overlap": 0.3,
      "for_sources": [
        "insdet"
      ],
      "nms_iou": 0.5,
      "top_k": 100,
      "score_combo": "existence_x_score",
      "edge_score_penalty": 0.5,
      "edge_px": 4,
      "merge_partial_boxes": true,
      "merge_min_score": 0.2
    }
  }
}