{
  "stage": "1_1",
  "epoch": 1,
  "fold": 0,
  "wall_clock_seconds": 278.86,
  "lr": {
    "aggregator": 0.0005,
    "existence_head": 0.002
  },
  "train": {
    "loss": 0.3313863092660904,
    "focal": 0.07831182882189751,
    "l1": 0.0,
    "giou": 0.0,
    "box_loss": 0.0,
    "box_area_penalty": 0.0,
    "existence_kl": 0.0,
    "margin": 0.5041891956329345,
    "nt_xent": 0.009798792600631713,
    "grad_norm": 0.08416228979825974,
    "n_steps": 50,
    "aggregator_alpha": -0.0011769721750169992
  },
  "val": {
    "overall": {
      "n": 100,
      "n_pos": 51,
      "n_neg": 49,
      "iou_mean": 0.021716927892674563,
      "iou_median": 0.0,
      "iou_p25": 0.0,
      "iou_p75": 0.0,
      "contain_mean": 0.151084146955434,
      "contain_at_iou_50": 0.0,
      "contain_at_iou_75": 0.0,
      "ap_per_iou": {
        "0.50": 0.0,
        "0.55": 0.0,
        "0.60": 0.0,
        "0.65": 0.0,
        "0.70": 0.0,
        "0.75": 0.0,
        "0.80": 0.0,
        "0.85": 0.0,
        "0.90": 0.0,
        "0.95": 0.0
      },
      "map_50": 0.0,
      "map_75": 0.0,
      "map_5095": 0.0,
      "map_50_existence_only": 0.0,
      "map_5095_existence_only": 0.0,
      "map_50_score_only": 0.0,
      "map_5095_score_only": 0.0,
      "precision_50": 0.0,
      "recall_50": 0.0,
      "f1_50": 0.0,
      "existence_acc": 0.49,
      "existence_acc_pos": 0.0,
      "existence_acc_neg": 1.0,
      "existence_auroc": 0.513405362144858,
      "existence_pr_auc": 0.5731407851284679,
      "existence_brier": 0.2561552909327171,
      "existence_f1": 0.0,
      "false_positive_rate": 0.0,
      "false_negative_rate": 1.0,
      "mean_score_pos": 0.43018532149931965,
      "mean_score_neg": 0.4298920290810721,
      "proto_score_pos": 0.9996417959531149,
      "proto_score_neg": 0.9996442356888129,
      "proto_score_gap": -2.4397356980232487e-06,
      "mean_pred_box_area": 0.10052845430065645,
      "frac_pred_box_too_big": 0.0,
      "mean_existence_prob": 0.43004160821437837,
      "frac_high_existence": 0.0,
      "prototype_norm_mean": 0.9988813149929047,
      "prototype_norm_std": 0.0007749580848456836
    },
    "per_source": {
      "hots": {
        "n": 36,
        "n_pos": 21,
        "n_neg": 15,
        "iou_mean": 0.04774299907010226,
        "iou_median": 0.0,
        "iou_p25": 0.0,
        "iou_p75": 0.0,
        "contain_mean": 0.13159266327108657,
        "contain_at_iou_50": 0.0,
        "contain_at_iou_75": 0.0,
        "ap_per_iou": {
          "0.50": 0.0,
          "0.55": 0.0,
          "0.60": 0.0,
          "0.65": 0.0,
          "0.70": 0.0,
          "0.75": 0.0,
          "0.80": 0.0,
          "0.85": 0.0,
          "0.90": 0.0,
          "0.95": 0.0
        },
        "map_50": 0.0,
        "map_75": 0.0,
        "map_5095": 0.0,
        "map_50_existence_only": 0.0,
        "map_5095_existence_only": 0.0,
        "map_50_score_only": 0.0,
        "map_5095_score_only": 0.0,
        "precision_50": 0.0,
        "recall_50": 0.0,
        "f1_50": 0.0,
        "existence_acc": 0.4166666666666667,
        "existence_acc_pos": 0.0,
        "existence_acc_neg": 1.0,
        "existence_auroc": 0.5365079365079365,
        "existence_pr_auc": 0.6687037598164145,
        "existence_brier": 0.2657431696210678,
        "existence_f1": 0.0,
        "false_positive_rate": 0.0,
        "false_negative_rate": 1.0,
        "mean_score_pos": 0.4325766052518572,
        "mean_score_neg": 0.4324443499247233,
        "proto_score_pos": 0.9998124951408023,
        "proto_score_neg": 0.9998800754547119,
        "proto_score_gap": -6.758031390963204e-05,
        "mean_pred_box_area": 0.04617992571891389,
        "frac_pred_box_too_big": 0.0,
        "mean_existence_prob": 0.4325214988655514,
        "frac_high_existence": 0.0,
        "prototype_norm_mean": 0.9983242005109787,
        "prototype_norm_std": 0.0004908922077695126
      },
      "insdet": {
        "n": 64,
        "n_pos": 30,
        "n_neg": 34,
        "iou_mean": 0.0034986780684751768,
        "iou_median": 0.0,
        "iou_p25": 0.0,
        "iou_p75": 0.0,
        "contain_mean": 0.16472818553447724,
        "contain_at_iou_50": 0.0,
        "contain_at_iou_75": 0.0,
        "ap_per_iou": {
          "0.50": 0.0,
          "0.55": 0.0,
          "0.60": 0.0,
          "0.65": 0.0,
          "0.70": 0.0,
          "0.75": 0.0,
          "0.80": 0.0,
          "0.85": 0.0,
          "0.90": 0.0,
          "0.95": 0.0
        },
        "map_50": 0.0,
        "map_75": 0.0,
        "map_5095": 0.0,
        "map_50_existence_only": 0.0,
        "map_5095_existence_only": 0.0,
        "map_50_score_only": 0.0,
        "map_5095_score_only": 0.0,
        "precision_50": 0.0,
        "recall_50": 0.0,
        "f1_50": 0.0,
        "existence_acc": 0.53125,
        "existence_acc_pos": 0.0,
        "existence_acc_neg": 1.0,
        "existence_auroc": 0.4549019607843137,
        "existence_pr_auc": 0.453207485416015,
        "existence_brier": 0.2507621091705199,
        "existence_f1": 0.0,
        "false_positive_rate": 0.0,
        "false_negative_rate": 1.0,
        "mean_score_pos": 0.42851142287254335,
        "mean_score_neg": 0.4287660051794613,
        "proto_score_pos": 0.9995223065217336,
        "proto_score_neg": 0.9995401887332692,
        "proto_score_gap": -1.7882211535646952e-05,
        "mean_pred_box_area": 0.13109950162788664,
        "frac_pred_box_too_big": 0.0,
        "mean_existence_prob": 0.4286466697230935,
        "frac_high_existence": 0.0,
        "prototype_norm_mean": 0.999194691888988,
        "prototype_norm_std": 0.0007298905331589424
      }
    },
    "tile_cfg": {
      "mode": "off",
      "levels": [
        1,
        2
      ],
      "overlap": 0.3,
      "for_sources": [
        "insdet"
      ],
      "nms_iou": 0.5,
      "top_k": 100,
      "score_combo": "existence_x_score",
      "edge_score_penalty": 0.5,
      "edge_px": 4,
      "merge_partial_boxes": true,
      "merge_min_score": 0.2
    }
  }
}