{
  "stage": "1_1",
  "epoch": 1,
  "fold": 3,
  "wall_clock_seconds": 280.76,
  "lr": {
    "aggregator": 0.000469874464114062,
    "existence_head": 0.0018794797775189289
  },
  "train": {
    "loss": 0.3077326168119907,
    "focal": 0.07208392076194287,
    "l1": 0.0,
    "giou": 0.0,
    "box_loss": 0.0,
    "box_area_penalty": 0.025919670712028164,
    "existence_kl": 0.0,
    "margin": 0.4659906005859375,
    "nt_xent": 0.0006142766028642654,
    "grad_norm": 0.09273976564407349,
    "n_steps": 50,
    "aggregator_alpha": -0.003945927135646343
  },
  "val": {
    "overall": {
      "n": 100,
      "n_pos": 55,
      "n_neg": 45,
      "iou_mean": 0.18257746634666217,
      "iou_median": 0.0002629983937367797,
      "iou_p25": 0.0,
      "iou_p75": 0.009727645432576537,
      "contain_mean": 0.47943360764871945,
      "contain_at_iou_50": 0.23636363636363636,
      "contain_at_iou_75": 0.14545454545454545,
      "ap_per_iou": {
        "0.50": 0.14965254289404092,
        "0.55": 0.14965254289404092,
        "0.60": 0.14965254289404092,
        "0.65": 0.14965254289404092,
        "0.70": 0.12193983373492631,
        "0.75": 0.07155715571557156,
        "0.80": 0.026702670267026697,
        "0.85": 0.0088008800880088,
        "0.90": 0.0,
        "0.95": 0.0
      },
      "map_50": 0.14965254289404092,
      "map_75": 0.07155715571557156,
      "map_5095": 0.0827610711381697,
      "map_50_existence_only": 0.13858399178988465,
      "map_5095_existence_only": 0.0766790784069801,
      "map_50_score_only": 0.13416274289537178,
      "map_5095_score_only": 0.07468761371000673,
      "precision_50": 0.0,
      "recall_50": 0.0,
      "f1_50": 0.0,
      "existence_acc": 0.45,
      "existence_acc_pos": 0.0,
      "existence_acc_neg": 1.0,
      "existence_auroc": 0.7155555555555555,
      "existence_pr_auc": 0.7447557682496961,
      "existence_brier": 0.27546327090562317,
      "existence_f1": 0.0,
      "false_positive_rate": 0.0,
      "false_negative_rate": 1.0,
      "mean_score_pos": 0.3780092694542625,
      "mean_score_neg": 0.37306039796935186,
      "proto_score_pos": 0.9598055406050249,
      "proto_score_neg": 0.8922606143686507,
      "proto_score_gap": 0.0675449262363742,
      "mean_pred_box_area": 0.25653907753294336,
      "frac_pred_box_too_big": 0.23,
      "mean_existence_prob": 0.3757822772860527,
      "frac_high_existence": 0.0,
      "prototype_norm_mean": 2.196352733373642,
      "prototype_norm_std": 0.24540946063813218
    },
    "per_source": {
      "hots": {
        "n": 35,
        "n_pos": 19,
        "n_neg": 16,
        "iou_mean": 0.5261224916106776,
        "iou_median": 0.7339920401573181,
        "iou_p25": 0.0,
        "iou_p75": 0.7666973173618317,
        "contain_mean": 0.6453230443753695,
        "contain_at_iou_50": 0.6842105263157895,
        "contain_at_iou_75": 0.42105263157894735,
        "ap_per_iou": {
          "0.50": 0.46378650470089045,
          "0.55": 0.46378650470089045,
          "0.60": 0.46378650470089045,
          "0.65": 0.46378650470089045,
          "0.70": 0.3605679895720663,
          "0.75": 0.21112405358182867,
          "0.80": 0.07668413900213548,
          "0.85": 0.02420242024202421,
          "0.90": 0.0,
          "0.95": 0.0
        },
        "map_50": 0.46378650470089045,
        "map_75": 0.21112405358182867,
        "map_5095": 0.25277246212016163,
        "map_50_existence_only": 0.4305577109435087,
        "map_5095_existence_only": 0.23457369443840959,
        "map_50_score_only": 0.46121434803578915,
        "map_5095_score_only": 0.2540205498382352,
        "precision_50": 0.0,
        "recall_50": 0.0,
        "f1_50": 0.0,
        "existence_acc": 0.45714285714285713,
        "existence_acc_pos": 0.0,
        "existence_acc_neg": 1.0,
        "existence_auroc": 0.8552631578947368,
        "existence_pr_auc": 0.8181337675975909,
        "existence_brier": 0.2687574080069875,
        "existence_f1": 0.0,
        "false_positive_rate": 0.0,
        "false_negative_rate": 1.0,
        "mean_score_pos": 0.3859733186270061,
        "mean_score_neg": 0.374169347807765,
        "proto_score_pos": 0.9720805852036727,
        "proto_score_neg": 0.8070978503674269,
        "proto_score_gap": 0.16498273483624581,
        "mean_pred_box_area": 0.1322680284967646,
        "frac_pred_box_too_big": 0.11428571428571428,
        "mean_existence_prob": 0.38057721768106734,
        "frac_high_existence": 0.0,
        "prototype_norm_mean": 1.889017060824803,
        "prototype_norm_std": 0.10998823492301468
      },
      "insdet": {
        "n": 65,
        "n_pos": 36,
        "n_neg": 29,
        "iou_mean": 0.0012620363462095459,
        "iou_median": 0.0,
        "iou_p25": 0.0,
        "iou_p75": 0.0014366198156494647,
        "contain_mean": 0.39188084937632084,
        "contain_at_iou_50": 0.0,
        "contain_at_iou_75": 0.0,
        "ap_per_iou": {
          "0.50": 0.0,
          "0.55": 0.0,
          "0.60": 0.0,
          "0.65": 0.0,
          "0.70": 0.0,
          "0.75": 0.0,
          "0.80": 0.0,
          "0.85": 0.0,
          "0.90": 0.0,
          "0.95": 0.0
        },
        "map_50": 0.0,
        "map_75": 0.0,
        "map_5095": 0.0,
        "map_50_existence_only": 0.0,
        "map_5095_existence_only": 0.0,
        "map_50_score_only": 0.0,
        "map_5095_score_only": 0.0,
        "precision_50": 0.0,
        "recall_50": 0.0,
        "f1_50": 0.0,
        "existence_acc": 0.4461538461538462,
        "existence_acc_pos": 0.0,
        "existence_acc_neg": 1.0,
        "existence_auroc": 0.6015325670498084,
        "existence_pr_auc": 0.6710499964732736,
        "existence_brier": 0.2790741201587346,
        "existence_f1": 0.0,
        "false_positive_rate": 0.0,
        "false_negative_rate": 1.0,
        "mean_score_pos": 0.37380602127975887,
        "mean_score_neg": 0.37244856357574463,
        "proto_score_pos": 0.9533270448446274,
        "proto_score_neg": 0.9392469669210499,
        "proto_score_gap": 0.014080077923577461,
        "mean_pred_box_area": 0.3234542577831934,
        "frac_pred_box_too_big": 0.2923076923076923,
        "mean_existence_prob": 0.3732003863041218,
        "frac_high_existence": 0.0,
        "prototype_norm_mean": 2.3618411724384014,
        "prototype_norm_std": 0.08523794451657851
      }
    },
    "tile_cfg": {
      "mode": "off",
      "levels": [
        1,
        2
      ],
      "overlap": 0.3,
      "for_sources": [
        "insdet"
      ],
      "nms_iou": 0.5,
      "top_k": 100,
      "score_combo": "existence_x_score",
      "edge_score_penalty": 0.5,
      "edge_px": 4,
      "merge_partial_boxes": true,
      "merge_min_score": 0.2
    }
  }
}