{
  "stage": "1_1",
  "epoch": 1,
  "fold": 1,
  "wall_clock_seconds": 327.26,
  "lr": {
    "aggregator": 0.0004965910077855105,
    "existence_head": 0.0019863619853375523
  },
  "train": {
    "loss": 0.3133064615726471,
    "focal": 0.07223324455320836,
    "l1": 0.0,
    "giou": 0.0,
    "box_loss": 0.0,
    "box_area_penalty": 0.014924045000225306,
    "existence_kl": 0.0,
    "margin": 0.4716229248046875,
    "nt_xent": 0.03769350096583366,
    "grad_norm": 0.10985070556402206,
    "n_steps": 50,
    "aggregator_alpha": -0.001304100500419736
  },
  "val": {
    "overall": {
      "n": 100,
      "n_pos": 47,
      "n_neg": 53,
      "iou_mean": 0.1820756213066411,
      "iou_median": 0.00022385144256986678,
      "iou_p25": 0.0,
      "iou_p75": 0.019226979464292526,
      "contain_mean": 0.4684841886083496,
      "contain_at_iou_50": 0.23404255319148937,
      "contain_at_iou_75": 0.14893617021276595,
      "ap_per_iou": {
        "0.50": 0.128815437934771,
        "0.55": 0.128815437934771,
        "0.60": 0.128815437934771,
        "0.65": 0.128815437934771,
        "0.70": 0.10479002787496794,
        "0.75": 0.08248509061432462,
        "0.80": 0.016081383419240806,
        "0.85": 0.009900990099009901,
        "0.90": 0.0,
        "0.95": 0.0
      },
      "map_50": 0.128815437934771,
      "map_75": 0.08248509061432462,
      "map_5095": 0.07285192437466273,
      "map_50_existence_only": 0.12185102418803062,
      "map_5095_existence_only": 0.06852903802258306,
      "map_50_score_only": 0.12809250849897025,
      "map_5095_score_only": 0.07222643325412209,
      "precision_50": 0.0,
      "recall_50": 0.0,
      "f1_50": 0.0,
      "existence_acc": 0.53,
      "existence_acc_pos": 0.0,
      "existence_acc_neg": 1.0,
      "existence_auroc": 0.5375351264552388,
      "existence_pr_auc": 0.536669339162828,
      "existence_brier": 0.2572668147748254,
      "existence_f1": 0.0,
      "false_positive_rate": 0.0,
      "false_negative_rate": 1.0,
      "mean_score_pos": 0.374185378247119,
      "mean_score_neg": 0.3713087608229439,
      "proto_score_pos": 0.9433581410570347,
      "proto_score_neg": 0.9014963963121738,
      "proto_score_gap": 0.04186174474486093,
      "mean_pred_box_area": 0.2576887019339483,
      "frac_pred_box_too_big": 0.21,
      "mean_existence_prob": 0.3726607710123062,
      "frac_high_existence": 0.0,
      "prototype_norm_mean": 2.3435302531719207,
      "prototype_norm_std": 0.26916799484871823
    },
    "per_source": {
      "hots": {
        "n": 36,
        "n_pos": 16,
        "n_neg": 20,
        "iou_mean": 0.5302501618862152,
        "iou_median": 0.7269634306430817,
        "iou_p25": 0.0,
        "iou_p75": 0.796869084239006,
        "contain_mean": 0.6655511111021042,
        "contain_at_iou_50": 0.6875,
        "contain_at_iou_75": 0.4375,
        "ap_per_iou": {
          "0.50": 0.44240151298599156,
          "0.55": 0.44240151298599156,
          "0.60": 0.44240151298599156,
          "0.65": 0.44240151298599156,
          "0.70": 0.3435282320622469,
          "0.75": 0.2591646261400334,
          "0.80": 0.05537220388705535,
          "0.85": 0.0231023102310231,
          "0.90": 0.0,
          "0.95": 0.0
        },
        "map_50": 0.44240151298599156,
        "map_75": 0.2591646261400334,
        "map_5095": 0.24507734242643248,
        "map_50_existence_only": 0.41537010843941513,
        "map_5095_existence_only": 0.22930650207877923,
        "map_50_score_only": 0.47477013446352373,
        "map_5095_score_only": 0.2614435944362488,
        "precision_50": 0.0,
        "recall_50": 0.0,
        "f1_50": 0.0,
        "existence_acc": 0.5555555555555556,
        "existence_acc_pos": 0.0,
        "existence_acc_neg": 1.0,
        "existence_auroc": 0.659375,
        "existence_pr_auc": 0.6309590143149926,
        "existence_brier": 0.24720041694882638,
        "existence_f1": 0.0,
        "false_positive_rate": 0.0,
        "false_negative_rate": 1.0,
        "mean_score_pos": 0.3822725936770439,
        "mean_score_neg": 0.3732072666287422,
        "proto_score_pos": 0.9335893578827381,
        "proto_score_neg": 0.8112973377108574,
        "proto_score_gap": 0.12229202017188068,
        "mean_pred_box_area": 0.0790418734605838,
        "frac_pred_box_too_big": 0.05555555555555555,
        "mean_existence_prob": 0.3772363008724319,
        "frac_high_existence": 0.0,
        "prototype_norm_mean": 2.0460265378157296,
        "prototype_norm_std": 0.17386672497937988
      },
      "insdet": {
        "n": 64,
        "n_pos": 31,
        "n_neg": 33,
        "iou_mean": 0.002372632620409281,
        "iou_median": 0.0,
        "iou_p25": 0.0,
        "iou_p75": 0.001951793150510639,
        "contain_mean": 0.3667722286115731,
        "contain_at_iou_50": 0.0,
        "contain_at_iou_75": 0.0,
        "ap_per_iou": {
          "0.50": 0.0,
          "0.55": 0.0,
          "0.60": 0.0,
          "0.65": 0.0,
          "0.70": 0.0,
          "0.75": 0.0,
          "0.80": 0.0,
          "0.85": 0.0,
          "0.90": 0.0,
          "0.95": 0.0
        },
        "map_50": 0.0,
        "map_75": 0.0,
        "map_5095": 0.0,
        "map_50_existence_only": 0.0,
        "map_5095_existence_only": 0.0,
        "map_50_score_only": 0.0,
        "map_5095_score_only": 0.0,
        "precision_50": 0.0,
        "recall_50": 0.0,
        "f1_50": 0.0,
        "existence_acc": 0.515625,
        "existence_acc_pos": 0.0,
        "existence_acc_neg": 1.0,
        "existence_auroc": 0.46236559139784944,
        "existence_pr_auc": 0.49598685026114936,
        "existence_brier": 0.26292916355194984,
        "existence_f1": 0.0,
        "false_positive_rate": 0.0,
        "false_negative_rate": 1.0,
        "mean_score_pos": 0.3700113315736094,
        "mean_score_neg": 0.37015815124367224,
        "proto_score_pos": 0.9484000936631234,
        "proto_score_neg": 0.9561624924341837,
        "proto_score_gap": -0.00776239877106033,
        "mean_pred_box_area": 0.35817754295021587,
        "frac_pred_box_too_big": 0.296875,
        "mean_existence_prob": 0.37008703546598554,
        "frac_high_existence": 0.0,
        "prototype_norm_mean": 2.510876093059778,
        "prototype_norm_std": 0.13428536849620382
      }
    },
    "tile_cfg": {
      "mode": "off",
      "levels": [
        1,
        2
      ],
      "overlap": 0.3,
      "for_sources": [
        "insdet"
      ],
      "nms_iou": 0.5,
      "top_k": 100,
      "score_combo": "existence_x_score",
      "edge_score_penalty": 0.5,
      "edge_px": 4,
      "merge_partial_boxes": true,
      "merge_min_score": 0.2
    }
  }
}