{
  "stage": "1_1",
  "epoch": 1,
  "fold": 4,
  "wall_clock_seconds": 278.78,
  "lr": {
    "aggregator": 0.0004472956703236287,
    "existence_head": 0.0017891510523709243
  },
  "train": {
    "loss": 0.33211693465709685,
    "focal": 0.07354894265532494,
    "l1": 0.0,
    "giou": 0.0,
    "box_loss": 0.0,
    "box_area_penalty": 0.01704208133276552,
    "existence_kl": 0.0,
    "margin": 0.5061279296875,
    "nt_xent": 0.03799817141145468,
    "grad_norm": 0.0813561338186264,
    "n_steps": 50
  },
  "val": {
    "overall": {
      "n": 100,
      "n_pos": 51,
      "n_neg": 49,
      "iou_mean": 0.13701740114900565,
      "iou_median": 0.000505422183778137,
      "iou_p25": 0.0,
      "iou_p75": 0.007951651234179735,
      "contain_mean": 0.5465786779189811,
      "contain_at_iou_50": 0.17647058823529413,
      "contain_at_iou_75": 0.11764705882352941,
      "ap_per_iou": {
        "0.50": 0.07908858682478416,
        "0.55": 0.07573231899461132,
        "0.60": 0.07573231899461132,
        "0.65": 0.07573231899461132,
        "0.70": 0.07573231899461132,
        "0.75": 0.04601816113814769,
        "0.80": 0.01062818146221402,
        "0.85": 0.0,
        "0.90": 0.0,
        "0.95": 0.0
      },
      "map_50": 0.07908858682478416,
      "map_75": 0.04601816113814769,
      "map_5095": 0.043866420540359115,
      "map_50_existence_only": 0.08053427476346836,
      "map_5095_existence_only": 0.04480659431845476,
      "map_50_score_only": 0.06816681668166819,
      "map_5095_score_only": 0.03760584238054921,
      "precision_50": 0.0,
      "recall_50": 0.0,
      "f1_50": 0.0,
      "existence_acc": 0.49,
      "existence_acc_pos": 0.0,
      "existence_acc_neg": 1.0,
      "existence_auroc": 0.6330532212885154,
      "existence_pr_auc": 0.673319098646021,
      "existence_brier": 0.2526717642869546,
      "existence_f1": 0.0,
      "false_positive_rate": 0.0,
      "false_negative_rate": 1.0,
      "mean_score_pos": 0.4415370430432114,
      "mean_score_neg": 0.43693806565537746,
      "mean_pred_box_area": 0.3393089922238141,
      "frac_pred_box_too_big": 0.32,
      "mean_existence_prob": 0.4392835441231728,
      "frac_high_existence": 0.0,
      "prototype_norm_mean": 2.122285168170929,
      "prototype_norm_std": 0.2047886125033126
    },
    "per_source": {
      "hots": {
        "n": 35,
        "n_pos": 18,
        "n_neg": 17,
        "iou_mean": 0.35519664941562545,
        "iou_median": 0.0036098770797252655,
        "iou_p25": 0.0,
        "iou_p75": 0.7835920006036758,
        "contain_mean": 0.431835010026892,
        "contain_at_iou_50": 0.4444444444444444,
        "contain_at_iou_75": 0.3333333333333333,
        "ap_per_iou": {
          "0.50": 0.25654565456545636,
          "0.55": 0.25654565456545636,
          "0.60": 0.25654565456545636,
          "0.65": 0.25654565456545636,
          "0.70": 0.25654565456545636,
          "0.75": 0.16600660066006614,
          "0.80": 0.053465346534653485,
          "0.85": 0.0,
          "0.90": 0.0,
          "0.95": 0.0
        },
        "map_50": 0.25654565456545636,
        "map_75": 0.16600660066006614,
        "map_5095": 0.15022002200220014,
        "map_50_existence_only": 0.24414741474147436,
        "map_5095_existence_only": 0.14244664466446655,
        "map_50_score_only": 0.25756325632563226,
        "map_5095_score_only": 0.15050880088008786,
        "precision_50": 0.0,
        "recall_50": 0.0,
        "f1_50": 0.0,
        "existence_acc": 0.4857142857142857,
        "existence_acc_pos": 0.0,
        "existence_acc_neg": 1.0,
        "existence_auroc": 0.8627450980392157,
        "existence_pr_auc": 0.8500534374657183,
        "existence_brier": 0.24785315115805528,
        "existence_f1": 0.0,
        "false_positive_rate": 0.0,
        "false_negative_rate": 1.0,
        "mean_score_pos": 0.4502633081542121,
        "mean_score_neg": 0.4360656668158138,
        "mean_pred_box_area": 0.14345607640487806,
        "frac_pred_box_too_big": 0.11428571428571428,
        "mean_existence_prob": 0.4433673109327044,
        "frac_high_existence": 0.0,
        "prototype_norm_mean": 1.8898530278887067,
        "prototype_norm_std": 0.0846839885281007
      },
      "insdet": {
        "n": 65,
        "n_pos": 33,
        "n_neg": 32,
        "iou_mean": 0.018010538458122137,
        "iou_median": 0.000505422183778137,
        "iou_p25": 0.0,
        "iou_p75": 0.002847380703315139,
        "contain_mean": 0.6091661331328478,
        "contain_at_iou_50": 0.030303030303030304,
        "contain_at_iou_75": 0.0,
        "ap_per_iou": {
          "0.50": 0.0010422094841063053,
          "0.55": 0.0,
          "0.60": 0.0,
          "0.65": 0.0,
          "0.70": 0.0,
          "0.75": 0.0,
          "0.80": 0.0,
          "0.85": 0.0,
          "0.90": 0.0,
          "0.95": 0.0
        },
        "map_50": 0.0010422094841063053,
        "map_75": 0.0,
        "map_5095": 0.00010422094841063052,
        "map_50_existence_only": 0.0014144271570014143,
        "map_5095_existence_only": 0.00014144271570014144,
        "map_50_score_only": 0.000942951438000943,
        "map_5095_score_only": 9.42951438000943e-05,
        "precision_50": 0.0,
        "recall_50": 0.0,
        "f1_50": 0.0,
        "existence_acc": 0.49230769230769234,
        "existence_acc_pos": 0.0,
        "existence_acc_neg": 1.0,
        "existence_auroc": 0.4621212121212121,
        "existence_pr_auc": 0.5178847520133172,
        "existence_brier": 0.25526640212559265,
        "existence_f1": 0.0,
        "false_positive_rate": 0.0,
        "false_negative_rate": 1.0,
        "mean_score_pos": 0.43677726207357465,
        "mean_score_neg": 0.4374015275388956,
        "mean_pred_box_area": 0.4447682545878566,
        "frac_pred_box_too_big": 0.4307692307692308,
        "mean_existence_prob": 0.4370845927641942,
        "frac_high_existence": 0.0,
        "prototype_norm_mean": 2.2474409360152023,
        "prototype_norm_std": 0.12494061447958259
      }
    },
    "tile_cfg": {
      "mode": "off",
      "levels": [
        1,
        2
      ],
      "overlap": 0.3,
      "for_sources": [
        "insdet"
      ],
      "nms_iou": 0.5,
      "top_k": 100,
      "score_combo": "existence_x_score",
      "edge_score_penalty": 0.5,
      "edge_px": 4,
      "merge_partial_boxes": true,
      "merge_min_score": 0.2
    }
  }
}