{
  "stage": "1_1",
  "epoch": 1,
  "fold": 2,
  "wall_clock_seconds": 309.62,
  "lr": {
    "aggregator": 0.00046920988976422275,
    "existence_head": 0.00046920988976422275
  },
  "train": {
    "loss": 0.07410592626780271,
    "focal": 0.07327629640698433,
    "l1": 0.0,
    "giou": 0.0,
    "box_loss": 0.0,
    "box_area_penalty": 0.008296298831701278,
    "existence_kl": 0.0,
    "grad_norm": 0.011538305673748256,
    "n_steps": 200
  },
  "val": {
    "overall": {
      "n": 100,
      "n_pos": 48,
      "n_neg": 52,
      "iou_mean": 0.16793217297527008,
      "iou_median": 0.004494065069593489,
      "iou_p25": 0.0,
      "iou_p75": 0.019543198868632317,
      "contain_mean": 0.7237215625743071,
      "contain_at_iou_50": 0.20833333333333334,
      "contain_at_iou_75": 0.16666666666666666,
      "ap_per_iou": {
        "0.50": 0.0884981258306826,
        "0.55": 0.0884981258306826,
        "0.60": 0.0884981258306826,
        "0.65": 0.0884981258306826,
        "0.70": 0.08165199438495886,
        "0.75": 0.0671897167092275,
        "0.80": 0.021325209444021328,
        "0.85": 0.008441228738258442,
        "0.90": 0.0,
        "0.95": 0.0
      },
      "map_50": 0.0884981258306826,
      "map_75": 0.0671897167092275,
      "map_5095": 0.05326006525991965,
      "precision_50": 0.0,
      "recall_50": 0.0,
      "f1_50": 0.0,
      "existence_acc": 0.52,
      "existence_acc_pos": 0.0,
      "existence_acc_neg": 1.0,
      "existence_auroc": 0.47836538461538464,
      "existence_pr_auc": 0.47971033496640275,
      "existence_brier": 0.2559444463881655,
      "existence_f1": 0.0,
      "false_positive_rate": 0.0,
      "false_negative_rate": 1.0,
      "mean_score_pos": 0.4005950043598811,
      "mean_score_neg": 0.40064630600122303,
      "mean_pred_box_area": 0.36698635809938424,
      "frac_pred_box_too_big": 0.36,
      "mean_existence_prob": 0.40062168121337893,
      "frac_high_existence": 0.0,
      "prototype_norm_mean": 2.2444867551326753,
      "prototype_norm_std": 0.1539180680045435
    },
    "per_source": {
      "hots": {
        "n": 35,
        "n_pos": 13,
        "n_neg": 22,
        "iou_mean": 0.6055384415846604,
        "iou_median": 0.7730438113212585,
        "iou_p25": 0.6693159341812134,
        "iou_p75": 0.780817985534668,
        "contain_mean": 0.7660213938126197,
        "contain_at_iou_50": 0.7692307692307693,
        "contain_at_iou_75": 0.6153846153846154,
        "ap_per_iou": {
          "0.50": 0.349352627570449,
          "0.55": 0.349352627570449,
          "0.60": 0.349352627570449,
          "0.65": 0.349352627570449,
          "0.70": 0.3186595582635185,
          "0.75": 0.26042142675806,
          "0.80": 0.07185289957567184,
          "0.85": 0.025459688826025475,
          "0.90": 0.0,
          "0.95": 0.0
        },
        "map_50": 0.349352627570449,
        "map_75": 0.26042142675806,
        "map_5095": 0.20738040837050717,
        "precision_50": 0.0,
        "recall_50": 0.0,
        "f1_50": 0.0,
        "existence_acc": 0.6285714285714286,
        "existence_acc_pos": 0.0,
        "existence_acc_neg": 1.0,
        "existence_auroc": 0.583916083916084,
        "existence_pr_auc": 0.46968741348355547,
        "existence_brier": 0.23366322295408873,
        "existence_f1": 0.0,
        "false_positive_rate": 0.0,
        "false_negative_rate": 1.0,
        "mean_score_pos": 0.4051222182237185,
        "mean_score_neg": 0.4032091647386551,
        "mean_pred_box_area": 0.1380031399462106,
        "frac_pred_box_too_big": 0.08571428571428572,
        "mean_existence_prob": 0.40391972746167865,
        "frac_high_existence": 0.0,
        "prototype_norm_mean": 2.116176186289106,
        "prototype_norm_std": 0.11576144556032067
      },
      "insdet": {
        "n": 65,
        "n_pos": 35,
        "n_neg": 30,
        "iou_mean": 0.005392701777496508,
        "iou_median": 0.0024640357587486506,
        "iou_p25": 0.0,
        "iou_p75": 0.006623932160437107,
        "contain_mean": 0.708010196685791,
        "contain_at_iou_50": 0.0,
        "contain_at_iou_75": 0.0,
        "ap_per_iou": {
          "0.50": 0.0,
          "0.55": 0.0,
          "0.60": 0.0,
          "0.65": 0.0,
          "0.70": 0.0,
          "0.75": 0.0,
          "0.80": 0.0,
          "0.85": 0.0,
          "0.90": 0.0,
          "0.95": 0.0
        },
        "map_50": 0.0,
        "map_75": 0.0,
        "map_5095": 0.0,
        "precision_50": 0.0,
        "recall_50": 0.0,
        "f1_50": 0.0,
        "existence_acc": 0.46153846153846156,
        "existence_acc_pos": 0.0,
        "existence_acc_neg": 1.0,
        "existence_auroc": 0.5323809523809524,
        "existence_pr_auc": 0.600866174898318,
        "existence_brier": 0.2679420282372837,
        "existence_f1": 0.0,
        "false_positive_rate": 0.0,
        "false_negative_rate": 1.0,
        "mean_score_pos": 0.39891346778188436,
        "mean_score_neg": 0.39876687626043955,
        "mean_pred_box_area": 0.49028501402801616,
        "frac_pred_box_too_big": 0.5076923076923077,
        "mean_existence_prob": 0.39884581015660214,
        "frac_high_existence": 0.0,
        "prototype_norm_mean": 2.3135770614330586,
        "prototype_norm_std": 0.12520361706097632
      }
    },
    "tile_cfg": {
      "mode": "off",
      "levels": [
        1,
        2
      ],
      "overlap": 0.3,
      "for_sources": [
        "insdet"
      ],
      "nms_iou": 0.5,
      "top_k": 100,
      "score_combo": "existence_x_score",
      "edge_score_penalty": 0.5,
      "edge_px": 4,
      "merge_partial_boxes": true,
      "merge_min_score": 0.2
    }
  }
}