{
  "stage": "1_1",
  "epoch": 1,
  "fold": 3,
  "wall_clock_seconds": 310.24,
  "lr": {
    "aggregator": 0.00043770017907787825,
    "existence_head": 0.00043770017907787825
  },
  "train": {
    "loss": 0.07410814316943287,
    "focal": 0.07160836409777403,
    "l1": 0.0,
    "giou": 0.0,
    "box_loss": 0.0,
    "box_area_penalty": 0.024997790856286884,
    "existence_kl": 0.0,
    "grad_norm": 0.009777742624282836,
    "n_steps": 200
  },
  "val": {
    "overall": {
      "n": 100,
      "n_pos": 55,
      "n_neg": 45,
      "iou_mean": 0.18305277366148817,
      "iou_median": 0.00026301637990400195,
      "iou_p25": 0.0,
      "iou_p75": 0.01736671756953001,
      "contain_mean": 0.47943377007137644,
      "contain_at_iou_50": 0.23636363636363636,
      "contain_at_iou_75": 0.14545454545454545,
      "ap_per_iou": {
        "0.50": 0.14988704752828222,
        "0.55": 0.14988704752828222,
        "0.60": 0.14988704752828222,
        "0.65": 0.14988704752828222,
        "0.70": 0.11174617461746174,
        "0.75": 0.07742488534567742,
        "0.80": 0.04446444644464448,
        "0.85": 0.015841584158415842,
        "0.90": 0.0,
        "0.95": 0.0
      },
      "map_50": 0.14988704752828222,
      "map_75": 0.07742488534567742,
      "map_5095": 0.08490252806793283,
      "precision_50": 0.0,
      "recall_50": 0.0,
      "f1_50": 0.0,
      "existence_acc": 0.45,
      "existence_acc_pos": 0.0,
      "existence_acc_neg": 1.0,
      "existence_auroc": 0.5632323232323232,
      "existence_pr_auc": 0.6462136014650706,
      "existence_brier": 0.2707692808409217,
      "existence_f1": 0.0,
      "false_positive_rate": 0.0,
      "false_negative_rate": 1.0,
      "mean_score_pos": 0.39633123820478267,
      "mean_score_neg": 0.39534209966659545,
      "mean_pred_box_area": 0.2443657635722775,
      "frac_pred_box_too_big": 0.2,
      "mean_existence_prob": 0.3958861258625984,
      "frac_high_existence": 0.0,
      "prototype_norm_mean": 2.2283198189735414,
      "prototype_norm_std": 0.219459063294946
    },
    "per_source": {
      "hots": {
        "n": 35,
        "n_pos": 19,
        "n_neg": 16,
        "iou_mean": 0.5261226265054,
        "iou_median": 0.7339920401573181,
        "iou_p25": 0.0,
        "iou_p75": 0.7666977047920227,
        "contain_mean": 0.6453230726091486,
        "contain_at_iou_50": 0.6842105263157895,
        "contain_at_iou_75": 0.42105263157894735,
        "ap_per_iou": {
          "0.50": 0.4494328424439088,
          "0.55": 0.4494328424439088,
          "0.60": 0.4494328424439088,
          "0.65": 0.4494328424439088,
          "0.70": 0.3267402370489149,
          "0.75": 0.23003161660703875,
          "0.80": 0.12580081537565516,
          "0.85": 0.04356435643564356,
          "0.90": 0.0,
          "0.95": 0.0
        },
        "map_50": 0.4494328424439088,
        "map_75": 0.23003161660703875,
        "map_5095": 0.25238683952428875,
        "precision_50": 0.0,
        "recall_50": 0.0,
        "f1_50": 0.0,
        "existence_acc": 0.45714285714285713,
        "existence_acc_pos": 0.0,
        "existence_acc_neg": 1.0,
        "existence_auroc": 0.756578947368421,
        "existence_pr_auc": 0.763709682717004,
        "existence_brier": 0.2676913925262318,
        "existence_f1": 0.0,
        "false_positive_rate": 0.0,
        "false_negative_rate": 1.0,
        "mean_score_pos": 0.3995165887631868,
        "mean_score_neg": 0.39668929018080235,
        "mean_pred_box_area": 0.13213562894213413,
        "frac_pred_box_too_big": 0.11428571428571428,
        "mean_existence_prob": 0.39822410941123965,
        "frac_high_existence": 0.0,
        "prototype_norm_mean": 1.9592490332467216,
        "prototype_norm_std": 0.10649891887180941
      },
      "insdet": {
        "n": 65,
        "n_pos": 36,
        "n_neg": 29,
        "iou_mean": 0.0019881291049791295,
        "iou_median": 0.0,
        "iou_p25": 0.0,
        "iou_p75": 0.0015290848969016224,
        "contain_mean": 0.3918810826208856,
        "contain_at_iou_50": 0.0,
        "contain_at_iou_75": 0.0,
        "ap_per_iou": {
          "0.50": 0.0,
          "0.55": 0.0,
          "0.60": 0.0,
          "0.65": 0.0,
          "0.70": 0.0,
          "0.75": 0.0,
          "0.80": 0.0,
          "0.85": 0.0,
          "0.90": 0.0,
          "0.95": 0.0
        },
        "map_50": 0.0,
        "map_75": 0.0,
        "map_5095": 0.0,
        "precision_50": 0.0,
        "recall_50": 0.0,
        "f1_50": 0.0,
        "existence_acc": 0.4461538461538462,
        "existence_acc_pos": 0.0,
        "existence_acc_neg": 1.0,
        "existence_auroc": 0.4904214559386973,
        "existence_pr_auc": 0.5839692635028314,
        "existence_brier": 0.2724266053180624,
        "existence_f1": 0.0,
        "false_positive_rate": 0.0,
        "false_negative_rate": 1.0,
        "mean_score_pos": 0.3946500809656249,
        "mean_score_neg": 0.3945988221415158,
        "mean_pred_box_area": 0.3047973745269701,
        "frac_pred_box_too_big": 0.24615384615384617,
        "mean_existence_prob": 0.3946272116440993,
        "frac_high_existence": 0.0,
        "prototype_norm_mean": 2.3732040882110597,
        "prototype_norm_std": 0.08696485271884963
      }
    },
    "tile_cfg": {
      "mode": "off",
      "levels": [
        1,
        2
      ],
      "overlap": 0.3,
      "for_sources": [
        "insdet"
      ],
      "nms_iou": 0.5,
      "top_k": 100,
      "score_combo": "existence_x_score",
      "edge_score_penalty": 0.5,
      "edge_px": 4,
      "merge_partial_boxes": true,
      "merge_min_score": 0.2
    }
  }
}