{
  "stage": "1_1",
  "epoch": 1,
  "fold": 4,
  "wall_clock_seconds": 308.39,
  "lr": {
    "aggregator": 0.00039714481462746926,
    "existence_head": 0.00039714481462746926
  },
  "train": {
    "loss": 0.07319797676056623,
    "focal": 0.0720953617990017,
    "l1": 0.0,
    "giou": 0.0,
    "box_loss": 0.0,
    "box_area_penalty": 0.01102614925504895,
    "existence_kl": 0.0,
    "grad_norm": 0.011130720768123865,
    "n_steps": 200
  },
  "val": {
    "overall": {
      "n": 100,
      "n_pos": 51,
      "n_neg": 49,
      "iou_mean": 0.13733539100098377,
      "iou_median": 0.00021014935919083655,
      "iou_p25": 0.0,
      "iou_p75": 0.009037116076797247,
      "contain_mean": 0.494215679300182,
      "contain_at_iou_50": 0.17647058823529413,
      "contain_at_iou_75": 0.11764705882352941,
      "ap_per_iou": {
        "0.50": 0.08980243999632159,
        "0.55": 0.0863079729025534,
        "0.60": 0.0863079729025534,
        "0.65": 0.0863079729025534,
        "0.70": 0.0863079729025534,
        "0.75": 0.05661092425031977,
        "0.80": 0.017688610966359795,
        "0.85": 0.0,
        "0.90": 0.0,
        "0.95": 0.0
      },
      "map_50": 0.08980243999632159,
      "map_75": 0.05661092425031977,
      "map_5095": 0.05093338668232148,
      "precision_50": 0.0,
      "recall_50": 0.0,
      "f1_50": 0.0,
      "existence_acc": 0.49,
      "existence_acc_pos": 0.0,
      "existence_acc_neg": 1.0,
      "existence_auroc": 0.5726290516206483,
      "existence_pr_auc": 0.6516977606364669,
      "existence_brier": 0.26363896198884,
      "existence_f1": 0.0,
      "false_positive_rate": 0.0,
      "false_negative_rate": 1.0,
      "mean_score_pos": 0.39097658676259656,
      "mean_score_neg": 0.3898371178276685,
      "mean_pred_box_area": 0.2849773868941702,
      "frac_pred_box_too_big": 0.25,
      "mean_existence_prob": 0.3904182469844818,
      "frac_high_existence": 0.0,
      "prototype_norm_mean": 2.151521815061569,
      "prototype_norm_std": 0.18437962542284644
    },
    "per_source": {
      "hots": {
        "n": 35,
        "n_pos": 18,
        "n_neg": 17,
        "iou_mean": 0.35519666806794703,
        "iou_median": 0.003609836334362626,
        "iou_p25": 0.0,
        "iou_p75": 0.783592090010643,
        "contain_mean": 0.4318350187192361,
        "contain_at_iou_50": 0.4444444444444444,
        "contain_at_iou_75": 0.3333333333333333,
        "ap_per_iou": {
          "0.50": 0.24752475247524736,
          "0.55": 0.24752475247524736,
          "0.60": 0.24752475247524736,
          "0.65": 0.24752475247524736,
          "0.70": 0.24752475247524736,
          "0.75": 0.165016501650165,
          "0.80": 0.052255225522552275,
          "0.85": 0.0,
          "0.90": 0.0,
          "0.95": 0.0
        },
        "map_50": 0.24752475247524736,
        "map_75": 0.165016501650165,
        "map_5095": 0.1454895489548954,
        "precision_50": 0.0,
        "recall_50": 0.0,
        "f1_50": 0.0,
        "existence_acc": 0.4857142857142857,
        "existence_acc_pos": 0.0,
        "existence_acc_neg": 1.0,
        "existence_auroc": 0.8790849673202614,
        "existence_pr_auc": 0.8601558245198596,
        "existence_brier": 0.26277588578814914,
        "existence_f1": 0.0,
        "false_positive_rate": 0.0,
        "false_negative_rate": 1.0,
        "mean_score_pos": 0.39473878343900043,
        "mean_score_neg": 0.39128444825901704,
        "mean_pred_box_area": 0.07944469073388194,
        "frac_pred_box_too_big": 0.05714285714285714,
        "mean_existence_prob": 0.3930609634944371,
        "frac_high_existence": 0.0,
        "prototype_norm_mean": 1.9519805227007185,
        "prototype_norm_std": 0.08754984741363311
      },
      "insdet": {
        "n": 65,
        "n_pos": 33,
        "n_neg": 32,
        "iou_mean": 0.018501967146276554,
        "iou_median": 0.00021014935919083655,
        "iou_p25": 0.0,
        "iou_p75": 0.0052705444395542145,
        "contain_mean": 0.5282414941625162,
        "contain_at_iou_50": 0.030303030303030304,
        "contain_at_iou_75": 0.0,
        "ap_per_iou": {
          "0.50": 0.001885902876001886,
          "0.55": 0.0,
          "0.60": 0.0,
          "0.65": 0.0,
          "0.70": 0.0,
          "0.75": 0.0,
          "0.80": 0.0,
          "0.85": 0.0,
          "0.90": 0.0,
          "0.95": 0.0
        },
        "map_50": 0.001885902876001886,
        "map_75": 0.0,
        "map_5095": 0.0001885902876001886,
        "precision_50": 0.0,
        "recall_50": 0.0,
        "f1_50": 0.0,
        "existence_acc": 0.49230769230769234,
        "existence_acc_pos": 0.0,
        "existence_acc_neg": 1.0,
        "existence_auroc": 0.4810606060606061,
        "existence_pr_auc": 0.504415565693755,
        "existence_brier": 0.2641036953276735,
        "existence_f1": 0.0,
        "false_positive_rate": 0.0,
        "false_negative_rate": 1.0,
        "mean_score_pos": 0.3889244794845581,
        "mean_score_neg": 0.38906822353601456,
        "mean_pred_box_area": 0.39564883867278694,
        "frac_pred_box_too_big": 0.35384615384615387,
        "mean_existence_prob": 0.3889952457868136,
        "frac_high_existence": 0.0,
        "prototype_norm_mean": 2.2589671263327964,
        "prototype_norm_std": 0.12253838539701509
      }
    },
    "tile_cfg": {
      "mode": "off",
      "levels": [
        1,
        2
      ],
      "overlap": 0.3,
      "for_sources": [
        "insdet"
      ],
      "nms_iou": 0.5,
      "top_k": 100,
      "score_combo": "existence_x_score",
      "edge_score_penalty": 0.5,
      "edge_px": 4,
      "merge_partial_boxes": true,
      "merge_min_score": 0.2
    }
  }
}