{
  "stage": "L2",
  "epoch": 9,
  "fold": 0,
  "wall_clock_seconds": 393.88,
  "lr": {
    "fusion": 2.3470525389865718e-05,
    "class_head": 1.1773565735278291e-05,
    "box_head": 1.1773565735278291e-05
  },
  "train": {
    "loss": 4.396429877758026,
    "patch_ce": 2.5694678955078123,
    "l1": 0.037209207145497206,
    "giou": 0.8204579699039459,
    "grad_norm": 10.745613113403321,
    "n_steps": 250,
    "alpha": 0.04786960035562515
  },
  "val": {
    "overall": {
      "n": 100,
      "n_pos": 100,
      "iou_mean": 0.42677738934755327,
      "iou_median": 0.510148674249649,
      "iou_p25": 0.0,
      "iou_p75": 0.7981037497520447,
      "iou_std": 0.37130071973250234,
      "frac_iou_25": 0.6,
      "frac_iou_50": 0.51,
      "frac_iou_75": 0.29,
      "frac_iou_90": 0.1,
      "containment_mean": 0.503680280148983,
      "containment_median": 0.7168610692024231,
      "containment_p25": 0.0,
      "containment_p75": 0.9273182600736618,
      "containment_std": 0.42655100034941007,
      "frac_containment_50": 0.55,
      "frac_containment_75": 0.46,
      "frac_containment_90": 0.3,
      "frac_containment_full": 0.06,
      "contain_at_iou_50": 0.51,
      "contain_at_iou_75": 0.29,
      "high_contain_high_iou": 0.27,
      "ap_per_iou": {
        "0.50": 0.31198151840062277,
        "0.55": 0.25614849198290696,
        "0.60": 0.25158528055972385,
        "0.65": 0.21218864158569603,
        "0.70": 0.166978123550033,
        "0.75": 0.13211127803482642,
        "0.80": 0.11707445532978555,
        "0.85": 0.06569167427802007,
        "0.90": 0.0361537167472952,
        "0.95": 0.0004829751267809708
      },
      "map_50": 0.31198151840062277,
      "map_75": 0.13211127803482642,
      "map_5095": 0.15503961555956908,
      "map_50_containment": 0.340197239240106,
      "map_90_containment": 0.1368095105356346,
      "mean_pred_box_area": 0.003956720938339305,
      "std_pred_box_area": 0.0069568071295494594,
      "frac_pred_box_too_big": 0.0,
      "frac_pred_box_too_small": 0.79,
      "mean_gt_box_area": 0.004080236967641394,
      "pred_to_gt_area_ratio_mean": 1.375747799969871,
      "pred_to_gt_area_ratio_median": 1.0411840041920126,
      "log_area_ratio_mean": 0.08220313953808259,
      "log_area_ratio_std": 0.6650413491941211,
      "center_distance_mean": 0.10923443797771512,
      "center_distance_median": 0.011211171244677806,
      "score_mean": 0.7613402854651212,
      "score_std": 0.22738007068669114,
      "score_p25": 0.6163450926542282,
      "score_p75": 0.9446520060300827,
      "score_iou_correlation": 0.15320349241409895
    },
    "per_source": {
      "hots": {
        "n": 39,
        "n_pos": 39,
        "iou_mean": 0.42657898098994523,
        "iou_median": 0.5234712362289429,
        "iou_p25": 0.0,
        "iou_p75": 0.8274359405040741,
        "iou_std": 0.4010973637798933,
        "frac_iou_25": 0.5641025641025641,
        "frac_iou_50": 0.5128205128205128,
        "frac_iou_75": 0.358974358974359,
        "frac_iou_90": 0.10256410256410256,
        "containment_mean": 0.4666501772709382,
        "containment_median": 0.5838832855224609,
        "containment_p25": 0.0,
        "containment_p75": 0.9420707821846008,
        "containment_std": 0.4411859418023291,
        "frac_containment_50": 0.5128205128205128,
        "frac_containment_75": 0.38461538461538464,
        "frac_containment_90": 0.3333333333333333,
        "frac_containment_full": 0.05128205128205128,
        "contain_at_iou_50": 0.5128205128205128,
        "contain_at_iou_75": 0.358974358974359,
        "high_contain_high_iou": 0.3333333333333333,
        "ap_per_iou": {
          "0.50": 0.3160505369422391,
          "0.55": 0.2951392933410989,
          "0.60": 0.28523830324208904,
          "0.65": 0.28523830324208904,
          "0.70": 0.2161038257525943,
          "0.75": 0.19785885609433795,
          "0.80": 0.18970509954221218,
          "0.85": 0.10386458000638775,
          "0.90": 0.05346534653465346,
          "0.95": 0.0
        },
        "map_50": 0.3160505369422391,
        "map_75": 0.19785885609433795,
        "map_5095": 0.19426641446977017,
        "map_50_containment": 0.3160505369422391,
        "map_90_containment": 0.1929566343731146,
        "mean_pred_box_area": 0.008142472371124159,
        "std_pred_box_area": 0.0097527178447852,
        "frac_pred_box_too_big": 0.0,
        "frac_pred_box_too_small": 0.48717948717948717,
        "mean_gt_box_area": 0.008281249944568395,
        "pred_to_gt_area_ratio_mean": 1.2101185345329764,
        "pred_to_gt_area_ratio_median": 1.039591222171695,
        "log_area_ratio_mean": -0.018278494837957182,
        "log_area_ratio_std": 0.6601533624289322,
        "center_distance_mean": 0.1864020645070578,
        "center_distance_median": 0.018580345579658493,
        "score_mean": 0.7603992964976873,
        "score_std": 0.2575199601896483,
        "score_p25": 0.5327786803245544,
        "score_p75": 0.9828599393367767,
        "score_iou_correlation": 0.18909727094949175
      },
      "insdet": {
        "n": 61,
        "n_pos": 61,
        "iou_mean": 0.4269042405925813,
        "iou_median": 0.5023983120918274,
        "iou_p25": 0.0,
        "iou_p75": 0.7440310716629028,
        "iou_std": 0.35438091764122004,
        "frac_iou_25": 0.6229508196721312,
        "frac_iou_50": 0.5081967213114754,
        "frac_iou_75": 0.2459016393442623,
        "frac_iou_90": 0.09836065573770492,
        "containment_mean": 0.5273552639562575,
        "containment_median": 0.752839982509613,
        "containment_p25": 0.0,
        "containment_p75": 0.9220653176307678,
        "containment_std": 0.41889636320007423,
        "frac_containment_50": 0.5737704918032787,
        "frac_containment_75": 0.5081967213114754,
        "frac_containment_90": 0.2786885245901639,
        "frac_containment_full": 0.06557377049180328,
        "contain_at_iou_50": 0.5081967213114754,
        "contain_at_iou_75": 0.2459016393442623,
        "high_contain_high_iou": 0.22950819672131148,
        "ap_per_iou": {
          "0.50": 0.31444185356945603,
          "0.55": 0.2297770758116081,
          "0.60": 0.2297770758116081,
          "0.65": 0.16611875105477383,
          "0.70": 0.14361268939741884,
          "0.75": 0.08293033410005968,
          "0.80": 0.06612346114183232,
          "0.85": 0.030717000590080663,
          "0.90": 0.019114223452420427,
          "0.95": 0.0009000900090009002
        },
        "map_50": 0.31444185356945603,
        "map_75": 0.08293033410005968,
        "map_5095": 0.1283512554938259,
        "map_50_containment": 0.3672275000527923,
        "map_90_containment": 0.09097133460111044,
        "mean_pred_box_area": 0.0012805847763948902,
        "std_pred_box_area": 0.0009726775522491688,
        "frac_pred_box_too_big": 0.0,
        "frac_pred_box_too_small": 0.9836065573770492,
        "mean_gt_box_area": 0.0013943434250159343,
        "pred_to_gt_area_ratio_mean": 1.4816419204950986,
        "pred_to_gt_area_ratio_median": 1.0427767862123303,
        "log_area_ratio_mean": 0.1464454959424359,
        "log_area_ratio_std": 0.6655788003396174,
        "center_distance_mean": 0.059897758721250124,
        "center_distance_median": 0.009129610284056905,
        "score_mean": 0.7619419013623332,
        "score_std": 0.20810186650451687,
        "score_p25": 0.6358774304389954,
        "score_p75": 0.9265376925468445,
        "score_iou_correlation": 0.12164974026805464
      }
    },
    "per_k": {
      "k1": {
        "n": 34,
        "n_pos": 34,
        "iou_mean": 0.33174009752624173,
        "iou_median": 0.022985048592090607,
        "iou_p25": 0.0,
        "iou_p75": 0.6864339411258698,
        "iou_std": 0.38384890093138546,
        "frac_iou_25": 0.4411764705882353,
        "frac_iou_50": 0.4117647058823529,
        "frac_iou_75": 0.20588235294117646,
        "frac_iou_90": 0.11764705882352941,
        "containment_mean": 0.3843048648799167,