{
  "stage": 3,
  "epoch": 8,
  "fold": 0,
  "wall_clock_seconds": 2162.49,
  "lr": {
    "group_0": 2.8583914072590602e-06,
    "group_1": 2.8583914072590602e-06,
    "group_2": 5.6337408486771196e-05
  },
  "train": {
    "loss": 7.995539096093947,
    "qfl": 0.6229341323337247,
    "neg_qfl": 0.00032351464277223475,
    "centerness": 1.1456081040443913,
    "dfl": 0.8829490292456842,
    "giou": 1.5758687190471157,
    "pred_iou": 0.19365310945337819,
    "presence": 0.07525070810750607,
    "attn": 0.15006516489290422,
    "aux": 2.311367029143918,
    "entropy_reg": 0.6884919943348053,
    "reg_l2_prior": 718.5386578959804,
    "proto_norm": 52.16990384747905,
    "contrastive_presence": 0.7397717554723063,
    "feature_spread": 0.0,
    "nt_xent": 1.3300438696338284,
    "vicreg": 0.5614441825497535,
    "barlow": 0.08544990264119641,
    "triplet": 0.0,
    "grad_norm": 37.52962146266814,
    "n_steps": 62
  },
  "val": {
    "overall": {
      "n": 240,
      "n_pos": 120,
      "n_neg": 120,
      "iou_mean": 0.1659,
      "iou_median": 0.0,
      "iou_p25": 0.0,
      "iou_p75": 0.2853,
      "contain_mean": 0.2621,
      "contain_at_iou_50": 0.1667,
      "contain_at_iou_75": 0.0417,
      "map_50": 0.0817,
      "map_5095": 0.021,
      "ap_per_iou": {
        "0.50": 0.0817,
        "0.55": 0.0474,
        "0.60": 0.0333,
        "0.65": 0.0225,
        "0.70": 0.0167,
        "0.75": 0.0062,
        "0.80": 0.0015,
        "0.85": 0.0012,
        "0.90": 0.0,
        "0.95": 0.0
      },
      "f1_50": 0.2222,
      "precision_50": 0.3333,
      "recall_50": 0.1667,
      "presence_acc": 0.7417,
      "presence_acc_pos": 0.8167,
      "presence_acc_neg": 0.6667,
      "mean_score_pos": 0.5743,
      "mean_score_neg": 0.3916,
      "presence_auroc": 0.8616,
      "presence_pr_auc": 0.8504,
      "presence_brier": 0.1815,
      "frac_pred_near_corner": 0.0,
      "frac_pred_tiny_box": 0.1583,
      "conf_map_mean_pos": 0.0329,
      "conf_map_mean_neg": 0.034,
      "conf_map_std_pos": 0.0369,
      "conf_map_std_neg": 0.0366,
      "support_proto_norm_mean": 8.3338,
      "support_proto_norm_std": 0.4086,
      "argmax_cell_entropy": 4.206
    },
    "per_source": {
      "hots": {
        "n": 38,
        "n_pos": 20,
        "n_neg": 18,
        "iou_mean": 0.1681,
        "iou_median": 0.0,
        "iou_p25": 0.0,
        "iou_p75": 0.1383,
        "contain_mean": 0.2379,
        "contain_at_iou_50": 0.25,
        "contain_at_iou_75": 0.1,
        "map_50": 0.1894,
        "map_5095": 0.064,
        "ap_per_iou": {
          "0.50": 0.1894,
          "0.55": 0.1586,
          "0.60": 0.1311,
          "0.65": 0.0768,
          "0.70": 0.0459,
          "0.75": 0.0363,
          "0.80": 0.0021,
          "0.85": 0.0,
          "0.90": 0.0,
          "0.95": 0.0
        },
        "f1_50": 0.3448,
        "precision_50": 0.5556,
        "recall_50": 0.25,
        "presence_acc": 0.8947,
        "presence_acc_pos": 1.0,
        "presence_acc_neg": 0.7778,
        "mean_score_pos": 0.6433,
        "mean_score_neg": 0.2777,
        "presence_auroc": 0.9778,
        "presence_pr_auc": 0.9822,
        "presence_brier": 0.1196,
        "frac_pred_near_corner": 0.0,
        "frac_pred_tiny_box": 0.6316,
        "conf_map_mean_pos": 0.0237,
        "conf_map_mean_neg": 0.0259,
        "conf_map_std_pos": 0.0294,
        "conf_map_std_neg": 0.0235,
        "support_proto_norm_mean": 8.2958,
        "support_proto_norm_std": 0.2394
      },
      "insdet": {
        "n": 89,
        "n_pos": 46,
        "n_neg": 43,
        "iou_mean": 0.0075,
        "iou_median": 0.0,
        "iou_p25": 0.0,
        "iou_p75": 0.0,
        "contain_mean": 0.0123,
        "contain_at_iou_50": 0.0,
        "contain_at_iou_75": 0.0,
        "map_50": 0.0,
        "map_5095": 0.0,
        "ap_per_iou": {
          "0.50": 0.0,
          "0.55": 0.0,
          "0.60": 0.0,
          "0.65": 0.0,
          "0.70": 0.0,
          "0.75": 0.0,
          "0.80": 0.0,
          "0.85": 0.0,
          "0.90": 0.0,
          "0.95": 0.0
        },
        "f1_50": 0.0,
        "precision_50": 0.0,
        "recall_50": 0.0,
        "presence_acc": 0.8427,
        "presence_acc_pos": 1.0,
        "presence_acc_neg": 0.6744,
        "mean_score_pos": 0.59,
        "mean_score_neg": 0.3332,
        "presence_auroc": 0.8822,
        "presence_pr_auc": 0.8259,
        "presence_brier": 0.1554,
        "frac_pred_near_corner": 0.0,
        "frac_pred_tiny_box": 0.1461,
        "conf_map_mean_pos": 0.0158,
        "conf_map_mean_neg": 0.0235,
        "conf_map_std_pos": 0.0173,
        "conf_map_std_neg": 0.0216,
        "support_proto_norm_mean": 8.671,
        "support_proto_norm_std": 0.2842
      },
      "vizwiz_base": {
        "n": 89,
        "n_pos": 49,
        "n_neg": 40,
        "iou_mean": 0.2954,
        "iou_median": 0.2376,
        "iou_p25": 0.0566,
        "iou_p75": 0.5027,
        "contain_mean": 0.4967,
        "contain_at_iou_50": 0.2653,
        "contain_at_iou_75": 0.0612,
        "map_50": 0.1353,
        "map_5095": 0.0508,
        "ap_per_iou": {
          "0.50": 0.1353,
          "0.55": 0.1001,
          "0.60": 0.0696,
          "0.65": 0.0583,
          "0.70": 0.0497,
          "0.75": 0.0361,
          "0.80": 0.0297,
          "0.85": 0.0297,
          "0.90": 0.0,
          "0.95": 0.0
        },
        "f1_50": 0.3421,
        "precision_50": 0.4815,
        "recall_50": 0.2653,
        "presence_acc": 0.618,
        "presence_acc_pos": 0.5918,
        "presence_acc_neg": 0.65,
        "mean_score_pos": 0.5333,
        "mean_score_neg": 0.4693,
        "presence_auroc": 0.727,
        "presence_pr_auc": 0.7932,
        "presence_brier": 0.2243,
        "frac_pred_near_corner": 0.0,
        "frac_pred_tiny_box": 0.0112,
        "conf_map_mean_pos": 0.0516,
        "conf_map_mean_neg": 0.0447,
        "conf_map_std_pos": 0.055,
        "conf_map_std_neg": 0.0463,
        "support_proto_norm_mean": 8.0819,
        "support_proto_norm_std": 0.3508
      },
      "vizwiz_novel": {
        "n": 24,
        "n_pos": 5,
        "n_neg": 19,
        "iou_mean": 0.3443,
        "iou_median": 0.2322,
        "iou_p25": 0.2322,
        "iou_p75": 0.5417,
        "contain_mean": 0.3583,
        "contain_at_iou_50": 0.4,
        "contain_at_iou_75": 0.0,
        "map_50": 0.3069,
        "map_5095": 0.0515,
        "ap_per_iou": {
          "0.50": 0.3069,
          "0.55": 0.052,
          "0.60": 0.052,
          "0.65": 0.052,
          "0.70": 0.052,
          "0.75": 0.0,
          "0.80": 0.0,
          "0.85": 0.0,
          "0.90": 0.0,
          "0.95": 0.0
        },
        "f1_50": 0.2667,
        "precision_50": 0.2,
        "recall_50": 0.4,
        "presence_acc": 0.5833,
        "presence_acc_pos": 0.6,
        "presence_acc_neg": 0.5789,
        "mean_score_pos": 0.5557,
        "mean_score_neg": 0.4678,
        "presence_auroc": 0.8105,
        "presence_pr_auc": 0.733,
        "presence_brier": 0.2182,
        "frac_pred_near_corner": 0.0,
        "frac_pred_tiny_box": 0.0,
        "conf_map_mean_pos": 0.0443,
        "conf_map_mean_neg": 0.0426,
        "conf_map_std_pos": 0.0687,
        "conf_map_std_neg": 0.0626,
        "support_proto_norm_mean": 8.0779,
        "support_proto_norm_std": 0.3135
      }
    },
    "score_thr": 0.5,
    "iou_thr": 0.5,
    "img_size": 224,
    "tta_sizes": [
      224,
      288
    ]
  }
}