{
  "stage": 3,
  "epoch": 7,
  "fold": 2,
  "wall_clock_seconds": 207.14,
  "lr": {
    "group_0": 3.035977516122878e-06,
    "group_1": 3.035977516122878e-06,
    "group_2": 5.995799058381103e-05
  },
  "train": {
    "loss": 8.390573470823226,
    "qfl": 0.5969348191734283,
    "neg_qfl": 0.00023853628085963727,
    "centerness": 1.1327067056009847,
    "dfl": 0.8039379350600704,
    "giou": 1.907519034800991,
    "pred_iou": 0.21750922465035993,
    "presence": 0.08036735846150306,
    "attn": 0.16348782049552088,
    "aux": 2.444619059562683,
    "entropy_reg": 0.8298130842947191,
    "reg_l2_prior": 684.629171063823,
    "proto_norm": 52.433144907797534,
    "contrastive_presence": 0.7350339139661481,
    "feature_spread": 0.0,
    "nt_xent": 1.322541896373995,
    "vicreg": 0.5605426469156819,
    "barlow": 0.08497613572305249,
    "triplet": 0.0,
    "grad_norm": 37.14096939948298,
    "n_steps": 62
  },
  "val": {
    "overall": {
      "n": 240,
      "n_pos": 118,
      "n_neg": 122,
      "iou_mean": 0.1887,
      "iou_median": 0.0,
      "iou_p25": 0.0,
      "iou_p75": 0.3863,
      "contain_mean": 0.2805,
      "contain_at_iou_50": 0.2034,
      "contain_at_iou_75": 0.0508,
      "map_50": 0.1572,
      "map_5095": 0.0419,
      "ap_per_iou": {
        "0.50": 0.1572,
        "0.55": 0.0983,
        "0.60": 0.0689,
        "0.65": 0.0459,
        "0.70": 0.0272,
        "0.75": 0.0126,
        "0.80": 0.0055,
        "0.85": 0.0029,
        "0.90": 0.0001,
        "0.95": 0.0
      },
      "f1_50": 0.2775,
      "precision_50": 0.4364,
      "recall_50": 0.2034,
      "presence_acc": 0.8167,
      "presence_acc_pos": 0.8898,
      "presence_acc_neg": 0.7459,
      "mean_score_pos": 0.5691,
      "mean_score_neg": 0.3841,
      "presence_auroc": 0.8671,
      "presence_pr_auc": 0.8084,
      "presence_brier": 0.1801,
      "frac_pred_near_corner": 0.0,
      "frac_pred_tiny_box": 0.1792,
      "conf_map_mean_pos": 0.0305,
      "conf_map_mean_neg": 0.0317,
      "conf_map_std_pos": 0.0343,
      "conf_map_std_neg": 0.0302,
      "support_proto_norm_mean": 8.2561,
      "support_proto_norm_std": 0.4157,
      "argmax_cell_entropy": 4.2895
    },
    "per_source": {
      "hots": {
        "n": 42,
        "n_pos": 21,
        "n_neg": 21,
        "iou_mean": 0.1418,
        "iou_median": 0.0,
        "iou_p25": 0.0,
        "iou_p75": 0.0,
        "contain_mean": 0.1879,
        "contain_at_iou_50": 0.1905,
        "contain_at_iou_75": 0.0476,
        "map_50": 0.2655,
        "map_5095": 0.1035,
        "ap_per_iou": {
          "0.50": 0.2655,
          "0.55": 0.239,
          "0.60": 0.203,
          "0.65": 0.1922,
          "0.70": 0.0958,
          "0.75": 0.0284,
          "0.80": 0.0065,
          "0.85": 0.0045,
          "0.90": 0.0,
          "0.95": 0.0
        },
        "f1_50": 0.2963,
        "precision_50": 0.6667,
        "recall_50": 0.1905,
        "presence_acc": 0.9524,
        "presence_acc_pos": 1.0,
        "presence_acc_neg": 0.9048,
        "mean_score_pos": 0.6291,
        "mean_score_neg": 0.2614,
        "presence_auroc": 0.9501,
        "presence_pr_auc": 0.8699,
        "presence_brier": 0.113,
        "frac_pred_near_corner": 0.0,
        "frac_pred_tiny_box": 0.3095,
        "conf_map_mean_pos": 0.0293,
        "conf_map_mean_neg": 0.0264,
        "conf_map_std_pos": 0.0375,
        "conf_map_std_neg": 0.0232,
        "support_proto_norm_mean": 8.2859,
        "support_proto_norm_std": 0.2349
      },
      "insdet": {
        "n": 89,
        "n_pos": 47,
        "n_neg": 42,
        "iou_mean": 0.0764,
        "iou_median": 0.0,
        "iou_p25": 0.0,
        "iou_p75": 0.0,
        "contain_mean": 0.1149,
        "contain_at_iou_50": 0.0851,
        "contain_at_iou_75": 0.0,
        "map_50": 0.0374,
        "map_5095": 0.0067,
        "ap_per_iou": {
          "0.50": 0.0374,
          "0.55": 0.0193,
          "0.60": 0.0041,
          "0.65": 0.0019,
          "0.70": 0.0019,
          "0.75": 0.0019,
          "0.80": 0.0,
          "0.85": 0.0,
          "0.90": 0.0,
          "0.95": 0.0
        },
        "f1_50": 0.129,
        "precision_50": 0.2667,
        "recall_50": 0.0851,
        "presence_acc": 0.8764,
        "presence_acc_pos": 1.0,
        "presence_acc_neg": 0.7381,
        "mean_score_pos": 0.5821,
        "mean_score_neg": 0.3245,
        "presence_auroc": 0.8622,
        "presence_pr_auc": 0.8088,
        "presence_brier": 0.156,
        "frac_pred_near_corner": 0.0,
        "frac_pred_tiny_box": 0.2135,
        "conf_map_mean_pos": 0.0162,
        "conf_map_mean_neg": 0.0229,
        "conf_map_std_pos": 0.0187,
        "conf_map_std_neg": 0.0201,
        "support_proto_norm_mean": 8.5409,
        "support_proto_norm_std": 0.3158
      },
      "vizwiz_base": {
        "n": 93,
        "n_pos": 42,
        "n_neg": 51,
        "iou_mean": 0.3152,
        "iou_median": 0.3136,
        "iou_p25": 0.0705,
        "iou_p75": 0.5729,
        "contain_mean": 0.4975,
        "contain_at_iou_50": 0.3095,
        "contain_at_iou_75": 0.0476,
        "map_50": 0.2552,
        "map_5095": 0.0448,
        "ap_per_iou": {
          "0.50": 0.2552,
          "0.55": 0.1059,
          "0.60": 0.0574,
          "0.65": 0.0096,
          "0.70": 0.007,
          "0.75": 0.007,
          "0.80": 0.0054,
          "0.85": 0.0004,
          "0.90": 0.0004,
          "0.95": 0.0
        },
        "f1_50": 0.3714,
        "precision_50": 0.4643,
        "recall_50": 0.3095,
        "presence_acc": 0.7204,
        "presence_acc_pos": 0.7381,
        "presence_acc_neg": 0.7059,
        "mean_score_pos": 0.5236,
        "mean_score_neg": 0.4719,
        "presence_auroc": 0.7218,
        "presence_pr_auc": 0.6845,
        "presence_brier": 0.2296,
        "frac_pred_near_corner": 0.0,
        "frac_pred_tiny_box": 0.0538,
        "conf_map_mean_pos": 0.0477,
        "conf_map_mean_neg": 0.042,
        "conf_map_std_pos": 0.0495,
        "conf_map_std_neg": 0.0416,
        "support_proto_norm_mean": 8.0522,
        "support_proto_norm_std": 0.3729
      },
      "vizwiz_novel": {
        "n": 16,
        "n_pos": 8,
        "n_neg": 8,
        "iou_mean": 0.307,
        "iou_median": 0.0157,
        "iou_p25": 0.0118,
        "iou_p75": 0.7742,
        "contain_mean": 0.3566,
        "contain_at_iou_50": 0.375,
        "contain_at_iou_75": 0.375,
        "map_50": 0.3686,
        "map_5095": 0.1831,
        "ap_per_iou": {
          "0.50": 0.3686,
          "0.55": 0.3191,
          "0.60": 0.2215,
          "0.65": 0.2215,
          "0.70": 0.2215,
          "0.75": 0.2215,
          "0.80": 0.1287,
          "0.85": 0.1287,
          "0.90": 0.0,
          "0.95": 0.0
        },
        "f1_50": 0.4286,
        "precision_50": 0.5,
        "recall_50": 0.375,
        "presence_acc": 0.6875,
        "presence_acc_pos": 0.75,
        "presence_acc_neg": 0.625,
        "mean_score_pos": 0.5745,
        "mean_score_neg": 0.46,
        "presence_auroc": 0.875,
        "presence_pr_auc": 0.8972,
        "presence_brier": 0.2024,
        "frac_pred_near_corner": 0.0,
        "frac_pred_tiny_box": 0.375,
        "conf_map_mean_pos": 0.0264,
        "conf_map_mean_neg": 0.0258,
        "conf_map_std_pos": 0.0384,
        "conf_map_std_neg": 0.0295,
        "support_proto_norm_mean": 7.7788,
        "support_proto_norm_std": 0.4014
      }
    },
    "score_thr": 0.5,
    "iou_thr": 0.5,
    "img_size": 224,
    "tta_sizes": [
      224,
      288
    ]
  }
}