{
  "stage": 3,
  "epoch": 7,
  "fold": 1,
  "wall_clock_seconds": 211.98,
  "lr": {
    "group_0": 3.2109413123781663e-06,
    "group_1": 3.2109413123781663e-06,
    "group_2": 6.352510961358721e-05
  },
  "train": {
    "loss": 8.226746428397394,
    "qfl": 0.5500756667986992,
    "neg_qfl": 0.00024414875717352957,
    "centerness": 1.146654374176456,
    "dfl": 0.8483773306492837,
    "giou": 1.7644798082690085,
    "pred_iou": 0.21701971105029505,
    "presence": 0.08336653914903441,
    "attn": 0.14944762195790967,
    "aux": 2.316418126706154,
    "entropy_reg": 0.6833558390217442,
    "reg_l2_prior": 704.0314360587828,
    "proto_norm": 51.0603885035361,
    "contrastive_presence": 0.8164831587383824,
    "feature_spread": 0.0,
    "nt_xent": 1.3397048538730991,
    "vicreg": 0.5642617325628957,
    "barlow": 0.08590104851511217,
    "triplet": 0.0,
    "grad_norm": 35.68526347990959,
    "n_steps": 62
  },
  "val": {
    "overall": {
      "n": 240,
      "n_pos": 131,
      "n_neg": 109,
      "iou_mean": 0.1506,
      "iou_median": 0.0,
      "iou_p25": 0.0,
      "iou_p75": 0.1193,
      "contain_mean": 0.2087,
      "contain_at_iou_50": 0.1374,
      "contain_at_iou_75": 0.0763,
      "map_50": 0.1118,
      "map_5095": 0.0524,
      "ap_per_iou": {
        "0.50": 0.1118,
        "0.55": 0.0996,
        "0.60": 0.091,
        "0.65": 0.0615,
        "0.70": 0.0505,
        "0.75": 0.0457,
        "0.80": 0.0331,
        "0.85": 0.0306,
        "0.90": 0.0002,
        "0.95": 0.0
      },
      "f1_50": 0.2,
      "precision_50": 0.3673,
      "recall_50": 0.1374,
      "presence_acc": 0.8042,
      "presence_acc_pos": 0.8779,
      "presence_acc_neg": 0.7156,
      "mean_score_pos": 0.5822,
      "mean_score_neg": 0.3913,
      "presence_auroc": 0.8618,
      "presence_pr_auc": 0.8411,
      "presence_brier": 0.1783,
      "frac_pred_near_corner": 0.0,
      "frac_pred_tiny_box": 0.1167,
      "conf_map_mean_pos": 0.0284,
      "conf_map_mean_neg": 0.0327,
      "conf_map_std_pos": 0.0358,
      "conf_map_std_neg": 0.033,
      "support_proto_norm_mean": 8.2159,
      "support_proto_norm_std": 0.4341,
      "argmax_cell_entropy": 4.0777
    },
    "per_source": {
      "hots": {
        "n": 37,
        "n_pos": 15,
        "n_neg": 22,
        "iou_mean": 0.1036,
        "iou_median": 0.0,
        "iou_p25": 0.0,
        "iou_p75": 0.0,
        "contain_mean": 0.1273,
        "contain_at_iou_50": 0.1333,
        "contain_at_iou_75": 0.1333,
        "map_50": 0.1483,
        "map_5095": 0.0685,
        "ap_per_iou": {
          "0.50": 0.1483,
          "0.55": 0.1438,
          "0.60": 0.1074,
          "0.65": 0.1041,
          "0.70": 0.0937,
          "0.75": 0.0858,
          "0.80": 0.002,
          "0.85": 0.0,
          "0.90": 0.0,
          "0.95": 0.0
        },
        "f1_50": 0.1818,
        "precision_50": 0.2857,
        "recall_50": 0.1333,
        "presence_acc": 0.8649,
        "presence_acc_pos": 1.0,
        "presence_acc_neg": 0.7727,
        "mean_score_pos": 0.638,
        "mean_score_neg": 0.3489,
        "presence_auroc": 0.8455,
        "presence_pr_auc": 0.6644,
        "presence_brier": 0.1457,
        "frac_pred_near_corner": 0.0,
        "frac_pred_tiny_box": 0.3514,
        "conf_map_mean_pos": 0.0304,
        "conf_map_mean_neg": 0.0252,
        "conf_map_std_pos": 0.0366,
        "conf_map_std_neg": 0.0242,
        "support_proto_norm_mean": 8.3046,
        "support_proto_norm_std": 0.2482
      },
      "insdet": {
        "n": 106,
        "n_pos": 70,
        "n_neg": 36,
        "iou_mean": 0.0,
        "iou_median": 0.0,
        "iou_p25": 0.0,
        "iou_p75": 0.0,
        "contain_mean": 0.0,
        "contain_at_iou_50": 0.0,
        "contain_at_iou_75": 0.0,
        "map_50": 0.0035,
        "map_5095": 0.0012,
        "ap_per_iou": {
          "0.50": 0.0035,
          "0.55": 0.0035,
          "0.60": 0.0035,
          "0.65": 0.0014,
          "0.70": 0.0,
          "0.75": 0.0,
          "0.80": 0.0,
          "0.85": 0.0,
          "0.90": 0.0,
          "0.95": 0.0
        },
        "f1_50": 0.0,
        "precision_50": 0.0,
        "recall_50": 0.0,
        "presence_acc": 0.934,
        "presence_acc_pos": 1.0,
        "presence_acc_neg": 0.8056,
        "mean_score_pos": 0.5984,
        "mean_score_neg": 0.2932,
        "presence_auroc": 0.9385,
        "presence_pr_auc": 0.9576,
        "presence_brier": 0.1444,
        "frac_pred_near_corner": 0.0,
        "frac_pred_tiny_box": 0.0849,
        "conf_map_mean_pos": 0.0159,
        "conf_map_mean_neg": 0.0238,
        "conf_map_std_pos": 0.0193,
        "conf_map_std_neg": 0.0216,
        "support_proto_norm_mean": 8.491,
        "support_proto_norm_std": 0.3108
      },
      "vizwiz_base": {
        "n": 85,
        "n_pos": 39,
        "n_neg": 46,
        "iou_mean": 0.359,
        "iou_median": 0.3561,
        "iou_p25": 0.0975,
        "iou_p75": 0.5857,
        "contain_mean": 0.532,
        "contain_at_iou_50": 0.2821,
        "contain_at_iou_75": 0.1282,
        "map_50": 0.1508,
        "map_5095": 0.0508,
        "ap_per_iou": {
          "0.50": 0.1508,
          "0.55": 0.1108,
          "0.60": 0.1003,
          "0.65": 0.0706,
          "0.70": 0.0388,
          "0.75": 0.0264,
          "0.80": 0.0082,
          "0.85": 0.0012,
          "0.90": 0.0012,
          "0.95": 0.0
        },
        "f1_50": 0.3284,
        "precision_50": 0.3929,
        "recall_50": 0.2821,
        "presence_acc": 0.6118,
        "presence_acc_pos": 0.5897,
        "presence_acc_neg": 0.6304,
        "mean_score_pos": 0.5105,
        "mean_score_neg": 0.4796,
        "presence_auroc": 0.626,
        "presence_pr_auc": 0.5727,
        "presence_brier": 0.2391,
        "frac_pred_near_corner": 0.0,
        "frac_pred_tiny_box": 0.0471,
        "conf_map_mean_pos": 0.0494,
        "conf_map_mean_neg": 0.0434,
        "conf_map_std_pos": 0.0571,
        "conf_map_std_neg": 0.0459,
        "support_proto_norm_mean": 7.9327,
        "support_proto_norm_std": 0.3609
      },
      "vizwiz_novel": {
        "n": 12,
        "n_pos": 7,
        "n_neg": 5,
        "iou_mean": 0.5964,
        "iou_median": 0.6396,
        "iou_p25": 0.3728,
        "iou_p75": 0.8946,
        "contain_mean": 0.6682,
        "contain_at_iou_50": 0.7143,
        "contain_at_iou_75": 0.4286,
        "map_50": 0.7129,
        "map_5095": 0.4267,
        "ap_per_iou": {
          "0.50": 0.7129,
          "0.55": 0.7129,
          "0.60": 0.7129,
          "0.65": 0.4257,
          "0.70": 0.4257,
          "0.75": 0.4257,
          "0.80": 0.4257,
          "0.85": 0.4257,
          "0.90": 0.0,
          "0.95": 0.0
        },
        "f1_50": 0.7143,
        "precision_50": 0.7143,
        "recall_50": 0.7143,
        "presence_acc": 0.8333,
        "presence_acc_pos": 1.0,
        "presence_acc_neg": 0.6,
        "mean_score_pos": 0.6987,
        "mean_score_neg": 0.4715,
        "presence_auroc": 1.0,
        "presence_pr_auc": 1.0,
        "presence_brier": 0.1487,
        "frac_pred_near_corner": 0.0,
        "frac_pred_tiny_box": 0.1667,
        "conf_map_mean_pos": 0.0328,
        "conf_map_mean_neg": 0.0315,
        "conf_map_std_pos": 0.0804,
        "conf_map_std_neg": 0.0359,
        "support_proto_norm_mean": 7.5178,
        "support_proto_norm_std": 0.2331
      }
    },
    "score_thr": 0.5,
    "iou_thr": 0.5,
    "img_size": 224,
    "tta_sizes": [
      224,
      288
    ]
  }
}