{
  "stage": 3,
  "epoch": 7,
  "fold": 0,
  "wall_clock_seconds": 201.94,
  "lr": {
    "group_0": 3.3823386993255237e-06,
    "group_1": 3.3823386993255237e-06,
    "group_2": 6.701951756379968e-05
  },
  "train": {
    "loss": 8.115292772170037,
    "qfl": 0.6359233861007998,
    "neg_qfl": 0.00033143870361175597,
    "centerness": 1.1463788497832514,
    "dfl": 0.8825151026248932,
    "giou": 1.5952229422907676,
    "pred_iou": 0.21261515179949422,
    "presence": 0.07356855573673401,
    "attn": 0.15548116689728153,
    "aux": 2.3391717307029234,
    "entropy_reg": 0.7208289984733828,
    "reg_l2_prior": 758.1201939736643,
    "proto_norm": 50.359856205601844,
    "contrastive_presence": 0.7875759601593018,
    "feature_spread": 0.0,
    "nt_xent": 1.3203202582174731,
    "vicreg": 0.5656545969747728,
    "barlow": 0.08469867441923387,
    "triplet": 0.0,
    "grad_norm": 33.587285626319144,
    "n_steps": 62
  },
  "val": {
    "overall": {
      "n": 240,
      "n_pos": 109,
      "n_neg": 131,
      "iou_mean": 0.2062,
      "iou_median": 0.0,
      "iou_p25": 0.0,
      "iou_p75": 0.4855,
      "contain_mean": 0.2741,
      "contain_at_iou_50": 0.2294,
      "contain_at_iou_75": 0.0826,
      "map_50": 0.1956,
      "map_5095": 0.0732,
      "ap_per_iou": {
        "0.50": 0.1956,
        "0.55": 0.1604,
        "0.60": 0.112,
        "0.65": 0.0934,
        "0.70": 0.0703,
        "0.75": 0.0538,
        "0.80": 0.0465,
        "0.85": 0.0002,
        "0.90": 0.0,
        "0.95": 0.0
      },
      "f1_50": 0.289,
      "precision_50": 0.3906,
      "recall_50": 0.2294,
      "presence_acc": 0.7542,
      "presence_acc_pos": 0.8165,
      "presence_acc_neg": 0.7023,
      "mean_score_pos": 0.5829,
      "mean_score_neg": 0.3996,
      "presence_auroc": 0.8576,
      "presence_pr_auc": 0.8193,
      "presence_brier": 0.1806,
      "frac_pred_near_corner": 0.0,
      "frac_pred_tiny_box": 0.1708,
      "conf_map_mean_pos": 0.0308,
      "conf_map_mean_neg": 0.0329,
      "conf_map_std_pos": 0.0385,
      "conf_map_std_neg": 0.0347,
      "support_proto_norm_mean": 8.1559,
      "support_proto_norm_std": 0.3444,
      "argmax_cell_entropy": 4.3121
    },
    "per_source": {
      "hots": {
        "n": 46,
        "n_pos": 21,
        "n_neg": 25,
        "iou_mean": 0.1825,
        "iou_median": 0.0,
        "iou_p25": 0.0,
        "iou_p75": 0.0049,
        "contain_mean": 0.223,
        "contain_at_iou_50": 0.2381,
        "contain_at_iou_75": 0.1429,
        "map_50": 0.2715,
        "map_5095": 0.1075,
        "ap_per_iou": {
          "0.50": 0.2715,
          "0.55": 0.2601,
          "0.60": 0.2134,
          "0.65": 0.1791,
          "0.70": 0.0656,
          "0.75": 0.0616,
          "0.80": 0.0208,
          "0.85": 0.0026,
          "0.90": 0.0,
          "0.95": 0.0
        },
        "f1_50": 0.303,
        "precision_50": 0.4167,
        "recall_50": 0.2381,
        "presence_acc": 0.8478,
        "presence_acc_pos": 1.0,
        "presence_acc_neg": 0.72,
        "mean_score_pos": 0.6716,
        "mean_score_neg": 0.3479,
        "presence_auroc": 0.9543,
        "presence_pr_auc": 0.9407,
        "presence_brier": 0.134,
        "frac_pred_near_corner": 0.0,
        "frac_pred_tiny_box": 0.5,
        "conf_map_mean_pos": 0.0251,
        "conf_map_mean_neg": 0.0242,
        "conf_map_std_pos": 0.0334,
        "conf_map_std_neg": 0.0255,
        "support_proto_norm_mean": 8.1577,
        "support_proto_norm_std": 0.1924
      },
      "insdet": {
        "n": 94,
        "n_pos": 45,
        "n_neg": 49,
        "iou_mean": 0.0062,
        "iou_median": 0.0,
        "iou_p25": 0.0,
        "iou_p75": 0.0,
        "contain_mean": 0.0205,
        "contain_at_iou_50": 0.0,
        "contain_at_iou_75": 0.0,
        "map_50": 0.0,
        "map_5095": 0.0,
        "ap_per_iou": {
          "0.50": 0.0,
          "0.55": 0.0,
          "0.60": 0.0,
          "0.65": 0.0,
          "0.70": 0.0,
          "0.75": 0.0,
          "0.80": 0.0,
          "0.85": 0.0,
          "0.90": 0.0,
          "0.95": 0.0
        },
        "f1_50": 0.0,
        "precision_50": 0.0,
        "recall_50": 0.0,
        "presence_acc": 0.8404,
        "presence_acc_pos": 0.9778,
        "presence_acc_neg": 0.7143,
        "mean_score_pos": 0.6013,
        "mean_score_neg": 0.3477,
        "presence_auroc": 0.9002,
        "presence_pr_auc": 0.8673,
        "presence_brier": 0.153,
        "frac_pred_near_corner": 0.0,
        "frac_pred_tiny_box": 0.1596,
        "conf_map_mean_pos": 0.0159,
        "conf_map_mean_neg": 0.0226,
        "conf_map_std_pos": 0.0186,
        "conf_map_std_neg": 0.0213,
        "support_proto_norm_mean": 8.372,
        "support_proto_norm_std": 0.2686
      },
      "vizwiz_base": {
        "n": 85,
        "n_pos": 35,
        "n_neg": 50,
        "iou_mean": 0.3975,
        "iou_median": 0.443,
        "iou_p25": 0.1672,
        "iou_p75": 0.5842,
        "contain_mean": 0.5648,
        "contain_at_iou_50": 0.4,
        "contain_at_iou_75": 0.0571,
        "map_50": 0.2738,
        "map_5095": 0.0637,
        "ap_per_iou": {
          "0.50": 0.2738,
          "0.55": 0.2259,
          "0.60": 0.0829,
          "0.65": 0.0356,
          "0.70": 0.0147,
          "0.75": 0.0033,
          "0.80": 0.0012,
          "0.85": 0.0,
          "0.90": 0.0,
          "0.95": 0.0
        },
        "f1_50": 0.4242,
        "precision_50": 0.4516,
        "recall_50": 0.4,
        "presence_acc": 0.5765,
        "presence_acc_pos": 0.4571,
        "presence_acc_neg": 0.66,
        "mean_score_pos": 0.5073,
        "mean_score_neg": 0.4686,
        "presence_auroc": 0.6366,
        "presence_pr_auc": 0.5998,
        "presence_brier": 0.2341,
        "frac_pred_near_corner": 0.0,
        "frac_pred_tiny_box": 0.0235,
        "conf_map_mean_pos": 0.0492,
        "conf_map_mean_neg": 0.0461,
        "conf_map_std_pos": 0.054,
        "conf_map_std_neg": 0.0494,
        "support_proto_norm_mean": 7.9678,
        "support_proto_norm_std": 0.3507
      },
      "vizwiz_novel": {
        "n": 15,
        "n_pos": 8,
        "n_neg": 7,
        "iou_mean": 0.5559,
        "iou_median": 0.7639,
        "iou_p25": 0.3814,
        "iou_p75": 0.8035,
        "contain_mean": 0.5623,
        "contain_at_iou_50": 0.75,
        "contain_at_iou_75": 0.5,
        "map_50": 0.7525,
        "map_5095": 0.4258,
        "ap_per_iou": {
          "0.50": 0.7525,
          "0.55": 0.6238,
          "0.60": 0.6238,
          "0.65": 0.6238,
          "0.70": 0.6238,
          "0.75": 0.505,
          "0.80": 0.505,
          "0.85": 0.0,
          "0.90": 0.0,
          "0.95": 0.0
        },
        "f1_50": 0.8,
        "precision_50": 0.8571,
        "recall_50": 0.75,
        "presence_acc": 0.9333,
        "presence_acc_pos": 1.0,
        "presence_acc_neg": 0.8571,
        "mean_score_pos": 0.5772,
        "mean_score_neg": 0.4548,
        "presence_auroc": 0.9643,
        "presence_pr_auc": 0.9705,
        "presence_brier": 0.1941,
        "frac_pred_near_corner": 0.0,
        "frac_pred_tiny_box": 0.0667,
        "conf_map_mean_pos": 0.0492,
        "conf_map_mean_neg": 0.0412,
        "conf_map_std_pos": 0.0955,
        "conf_map_std_neg": 0.0565,
        "support_proto_norm_mean": 7.8626,
        "support_proto_norm_std": 0.2374
      }
    },
    "score_thr": 0.5,
    "iou_thr": 0.5,
    "img_size": 224,
    "tta_sizes": [
      224,
      288
    ]
  }
}