{
  "stage": "2_3",
  "epoch": 5,
  "fold": 4,
  "wall_clock_seconds": 269.91,
  "lr": {
    "aggregator": 2.0943863893307433e-07,
    "existence_head": 3.190965937758342e-07,
    "class_head": 1.4364386602741849e-07,
    "box_head": 1.4364386602741849e-07,
    "lora": 3.190965937758342e-07
  },
  "train": {
    "loss": 1.1167305205538869,
    "focal": 0.07094790711253882,
    "l1": 0.024875557404011487,
    "giou": 0.37217615580558777,
    "box_loss": 0.8687301035523415,
    "box_area_penalty": 0.0,
    "existence_kl": 0.0,
    "margin": 0.35410502576828,
    "nt_xent": 0.0,
    "grad_norm": 2.7748279914855956,
    "n_steps": 250,
    "aggregator_alpha": -0.02470463328063488
  },
  "val": {
    "overall": {
      "n": 100,
      "n_pos": 52,
      "n_neg": 48,
      "iou_mean": 0.3363502196824321,
      "iou_median": 0.14895397424697876,
      "iou_p25": 0.0,
      "iou_p75": 0.8001931458711624,
      "contain_mean": 0.5514422540481274,
      "contain_at_iou_50": 0.3269230769230769,
      "contain_at_iou_75": 0.28846153846153844,
      "ap_per_iou": {
        "0.50": 0.12530466345952443,
        "0.55": 0.12069324341341023,
        "0.60": 0.12069324341341023,
        "0.65": 0.11064223831290013,
        "0.70": 0.11064223831290013,
        "0.75": 0.11064223831290013,
        "0.80": 0.09209078802617102,
        "0.85": 0.06455382380343294,
        "0.90": 0.053500086850790385,
        "0.95": 0.0
      },
      "map_50": 0.12530466345952443,
      "map_75": 0.11064223831290013,
      "map_5095": 0.09087625639054396,
      "map_50_existence_only": 0.12370764188604012,
      "map_5095_existence_only": 0.08984502732593957,
      "map_50_score_only": 0.1759589942652244,
      "map_5095_score_only": 0.12382779699600646,
      "precision_50": 0.3111111111111111,
      "recall_50": 0.2692307692307692,
      "f1_50": 0.288659793814433,
      "existence_acc": 0.69,
      "existence_acc_pos": 0.6346153846153846,
      "existence_acc_neg": 0.75,
      "existence_auroc": 0.7443910256410257,
      "existence_pr_auc": 0.753436430870598,
      "existence_brier": 0.21901332070909438,
      "existence_f1": 0.288659793814433,
      "false_positive_rate": 0.25,
      "false_negative_rate": 0.36538461538461536,
      "mean_score_pos": 0.5156510988107095,
      "mean_score_neg": 0.4322622995823622,
      "proto_score_pos": 0.9813597351312637,
      "proto_score_neg": 0.8942397997404138,
      "proto_score_gap": 0.08711993539084995,
      "mean_pred_box_area": 0.013604998091468588,
      "frac_pred_box_too_big": 0.0,
      "mean_existence_prob": 0.47562447518110273,
      "frac_high_existence": 0.0,
      "prototype_norm_mean": 1.6128182888031006,
      "prototype_norm_std": 0.20506972666849052
    },
    "per_source": {
      "hots": {
        "n": 35,
        "n_pos": 19,
        "n_neg": 16,
        "iou_mean": 0.6513720688066984,
        "iou_median": 0.8767502903938293,
        "iou_p25": 0.38733458518981934,
        "iou_p75": 0.9154699444770813,
        "contain_mean": 0.6919431466805307,
        "contain_at_iou_50": 0.7368421052631579,
        "contain_at_iou_75": 0.7368421052631579,
        "ap_per_iou": {
          "0.50": 0.542090261657744,
          "0.55": 0.542090261657744,
          "0.60": 0.542090261657744,
          "0.65": 0.542090261657744,
          "0.70": 0.542090261657744,
          "0.75": 0.542090261657744,
          "0.80": 0.4712115685252742,
          "0.85": 0.3105784262636792,
          "0.90": 0.24541254125412532,
          "0.95": 0.0
        },
        "map_50": 0.542090261657744,
        "map_75": 0.542090261657744,
        "map_5095": 0.42797441059895425,
        "map_50_existence_only": 0.5398795446346244,
        "map_5095_existence_only": 0.426209798105316,
        "map_50_score_only": 0.5778039760497792,
        "map_5095_score_only": 0.45414866020763595,
        "precision_50": 0.631578947368421,
        "recall_50": 0.631578947368421,
        "f1_50": 0.631578947368421,
        "existence_acc": 0.6571428571428571,
        "existence_acc_pos": 0.6842105263157895,
        "existence_acc_neg": 0.625,
        "existence_auroc": 0.7105263157894737,
        "existence_pr_auc": 0.7375618651642556,
        "existence_brier": 0.21562214414067293,
        "existence_f1": 0.631578947368421,
        "false_positive_rate": 0.375,
        "false_negative_rate": 0.3157894736842105,
        "mean_score_pos": 0.5314689623682123,
        "mean_score_neg": 0.4422238040715456,
        "proto_score_pos": 0.9867080387316252,
        "proto_score_neg": 0.8392447521910071,
        "proto_score_gap": 0.14746328654061802,
        "mean_pred_box_area": 0.028297457165483916,
        "frac_pred_box_too_big": 0.0,
        "mean_existence_prob": 0.4906711757183075,
        "frac_high_existence": 0.0,
        "prototype_norm_mean": 1.8202388490949357,
        "prototype_norm_std": 0.12101638680752641
      },
      "insdet": {
        "n": 65,
        "n_pos": 33,
        "n_neg": 32,
        "iou_mean": 0.15497400351997578,
        "iou_median": 0.039033807814121246,
        "iou_p25": 0.0,
        "iou_p75": 0.19022637605667114,
        "contain_mean": 0.4705478007143194,
        "contain_at_iou_50": 0.09090909090909091,
        "contain_at_iou_75": 0.030303030303030304,
        "ap_per_iou": {
          "0.50": 0.007755775577557755,
          "0.55": 0.005775577557755775,
          "0.60": 0.005775577557755775,
          "0.65": 0.00165016501650165,
          "0.70": 0.00165016501650165,
          "0.75": 0.00165016501650165,
          "0.80": 0.0,
          "0.85": 0.0,
          "0.90": 0.0,
          "0.95": 0.0
        },
        "map_50": 0.007755775577557755,
        "map_75": 0.00165016501650165,
        "map_5095": 0.0024257425742574253,
        "map_50_existence_only": 0.00748170469220835,
        "map_5095_existence_only": 0.0023323288850624195,
        "map_50_score_only": 0.018846621504255694,
        "map_5095_score_only": 0.00650512419663019,
        "precision_50": 0.07692307692307693,
        "recall_50": 0.06060606060606061,
        "f1_50": 0.06779661016949153,
        "existence_acc": 0.7076923076923077,
        "existence_acc_pos": 0.6060606060606061,
        "existence_acc_neg": 0.8125,
        "existence_auroc": 0.7301136363636364,
        "existence_pr_auc": 0.7522496756635281,
        "existence_brier": 0.2208393388613213,
        "existence_f1": 0.06779661016949153,
        "false_positive_rate": 0.1875,
        "false_negative_rate": 0.3939393939393939,
        "mean_score_pos": 0.5065438440351775,
        "mean_score_neg": 0.42728154733777046,
        "proto_score_pos": 0.9782804088159041,
        "proto_score_neg": 0.9217373235151172,
        "proto_score_gap": 0.05654308530078689,
        "mean_pred_box_area": 0.005693673974691102,
        "frac_pred_box_too_big": 0.0,
        "mean_existence_prob": 0.46752240566106945,
        "frac_high_existence": 0.0,
        "prototype_norm_mean": 1.5011302947998046,
        "prototype_norm_std": 0.1451689865298862
      }
    },
    "tile_cfg": {
      "mode": "off",
      "levels": [
        1,
        2
      ],
      "overlap": 0.3,
      "for_sources": [
        "insdet"
      ],
      "nms_iou": 0.5,
      "top_k": 100,
      "score_combo": "existence_x_score",
      "edge_score_penalty": 0.5,
      "edge_px": 4,
      "merge_partial_boxes": true,
      "merge_min_score": 0.2
    }
  }
}