{
  "stage": "2_3",
  "epoch": 5,
  "fold": 0,
  "wall_clock_seconds": 270.94,
  "lr": {
    "aggregator": 7.2624352151296524e-06,
    "existence_head": 1.4439224007844748e-05,
    "class_head": 2.9563619395006014e-06,
    "box_head": 2.9563619395006014e-06,
    "lora": 1.4439224007844748e-05
  },
  "train": {
    "loss": 1.16345289760828,
    "focal": 0.07514811720233411,
    "l1": 0.026576186999678612,
    "giou": 0.3818007116317749,
    "box_loss": 0.8964823603034019,
    "box_area_penalty": 1.2653503566980362e-05,
    "existence_kl": 0.0,
    "margin": 0.3836423034667969,
    "nt_xent": 0.0,
    "grad_norm": 2.7722676429748536,
    "n_steps": 250,
    "aggregator_alpha": -0.02469601295888424
  },
  "val": {
    "overall": {
      "n": 100,
      "n_pos": 38,
      "n_neg": 62,
      "iou_mean": 0.2671575277406526,
      "iou_median": 0.007794926408678293,
      "iou_p25": 0.0,
      "iou_p75": 0.6160596609115601,
      "contain_mean": 0.3599510096797818,
      "contain_at_iou_50": 0.2631578947368421,
      "contain_at_iou_75": 0.21052631578947367,
      "ap_per_iou": {
        "0.50": 0.07804742738424784,
        "0.55": 0.07804742738424784,
        "0.60": 0.07804742738424784,
        "0.65": 0.07804742738424784,
        "0.70": 0.06541220159751823,
        "0.75": 0.05750255722234053,
        "0.80": 0.05750255722234053,
        "0.85": 0.05750255722234053,
        "0.90": 0.020872551696388797,
        "0.95": 0.01597235195217635
      },
      "map_50": 0.07804742738424784,
      "map_75": 0.05750255722234053,
      "map_5095": 0.05869544864500964,
      "map_50_existence_only": 0.07314926940103743,
      "map_5095_existence_only": 0.05518427823944091,
      "map_50_score_only": 0.1216816560362236,
      "map_5095_score_only": 0.09566989027069825,
      "precision_50": 0.19047619047619047,
      "recall_50": 0.21052631578947367,
      "f1_50": 0.2,
      "existence_acc": 0.72,
      "existence_acc_pos": 0.6842105263157895,
      "existence_acc_neg": 0.7419354838709677,
      "existence_auroc": 0.7814091680814941,
      "existence_pr_auc": 0.5951325877214853,
      "existence_brier": 0.208661665031749,
      "existence_f1": 0.2,
      "false_positive_rate": 0.25806451612903225,
      "false_negative_rate": 0.3157894736842105,
      "mean_score_pos": 0.5289750554059681,
      "mean_score_neg": 0.4315905460426884,
      "proto_score_pos": 0.9873816135682558,
      "proto_score_neg": 0.8954704836491616,
      "proto_score_gap": 0.09191112991909423,
      "mean_pred_box_area": 0.020411192924948408,
      "frac_pred_box_too_big": 0.01,
      "mean_existence_prob": 0.4685966596007347,
      "frac_high_existence": 0.0,
      "prototype_norm_mean": 1.6838059532642364,
      "prototype_norm_std": 0.30201357122354444
    },
    "per_source": {
      "hots": {
        "n": 36,
        "n_pos": 15,
        "n_neg": 21,
        "iou_mean": 0.5835476497809092,
        "iou_median": 0.857365608215332,
        "iou_p25": 0.040207698941230774,
        "iou_p75": 0.8972096145153046,
        "contain_mean": 0.6713181475798289,
        "contain_at_iou_50": 0.6666666666666666,
        "contain_at_iou_75": 0.5333333333333333,
        "ap_per_iou": {
          "0.50": 0.34749127086621634,
          "0.55": 0.34749127086621634,
          "0.60": 0.34749127086621634,
          "0.65": 0.34749127086621634,
          "0.70": 0.2976036734108191,
          "0.75": 0.2551093618678642,
          "0.80": 0.2551093618678642,
          "0.85": 0.2551093618678642,
          "0.90": 0.1037451571244082,
          "0.95": 0.07533362031855362
        },
        "map_50": 0.34749127086621634,
        "map_75": 0.2551093618678642,
        "map_5095": 0.2631975619922239,
        "map_50_existence_only": 0.34598459845984536,
        "map_5095_existence_only": 0.2613016658808735,
        "map_50_score_only": 0.4092670136578876,
        "map_5095_score_only": 0.3078357963673606,
        "precision_50": 0.42105263157894735,
        "recall_50": 0.5333333333333333,
        "f1_50": 0.47058823529411764,
        "existence_acc": 0.7222222222222222,
        "existence_acc_pos": 0.8,
        "existence_acc_neg": 0.6666666666666666,
        "existence_auroc": 0.7492063492063492,
        "existence_pr_auc": 0.6155517186631737,
        "existence_brier": 0.21124627263932372,
        "existence_f1": 0.47058823529411764,
        "false_positive_rate": 0.3333333333333333,
        "false_negative_rate": 0.2,
        "mean_score_pos": 0.5529674530029297,
        "mean_score_neg": 0.4460216902551197,
        "proto_score_pos": 0.9942244331041972,
        "proto_score_neg": 0.8367184783731189,
        "proto_score_gap": 0.1575059547310783,
        "mean_pred_box_area": 0.020753113944212802,
        "frac_pred_box_too_big": 0.0,
        "mean_existence_prob": 0.4905824247333739,
        "frac_high_existence": 0.0,
        "prototype_norm_mean": 1.964044792784585,
        "prototype_norm_std": 0.2421634212958274
      },
      "insdet": {
        "n": 64,
        "n_pos": 23,
        "n_neg": 41,
        "iou_mean": 0.06081614380135485,
        "iou_median": 0.0,
        "iou_p25": 0.0,
        "iou_p75": 0.04819075856357813,
        "contain_mean": 0.1568854849623597,
        "contain_at_iou_50": 0.0,
        "contain_at_iou_75": 0.0,
        "ap_per_iou": {
          "0.50": 0.0,
          "0.55": 0.0,
          "0.60": 0.0,
          "0.65": 0.0,
          "0.70": 0.0,
          "0.75": 0.0,
          "0.80": 0.0,
          "0.85": 0.0,
          "0.90": 0.0,
          "0.95": 0.0
        },
        "map_50": 0.0,
        "map_75": 0.0,
        "map_5095": 0.0,
        "map_50_existence_only": 0.0,
        "map_5095_existence_only": 0.0,
        "map_50_score_only": 0.0,
        "map_5095_score_only": 0.0,
        "precision_50": 0.0,
        "recall_50": 0.0,
        "f1_50": 0.0,
        "existence_acc": 0.71875,
        "existence_acc_pos": 0.6086956521739131,
        "existence_acc_neg": 0.7804878048780488,
        "existence_auroc": 0.7847295864262991,
        "existence_pr_auc": 0.633425386368721,
        "existence_brier": 0.2072078232524882,
        "existence_f1": 0.0,
        "false_positive_rate": 0.21951219512195122,
        "false_negative_rate": 0.391304347826087,
        "mean_score_pos": 0.5133278395818628,
        "mean_score_neg": 0.4241989843729066,
        "proto_score_pos": 0.9829189051752505,
        "proto_score_neg": 0.925562974156403,
        "proto_score_gap": 0.057355931018847506,
        "mean_pred_box_area": 0.020218862351612188,
        "frac_pred_box_too_big": 0.015625,
        "mean_existence_prob": 0.4562296667136252,
        "frac_high_existence": 0.0,
        "prototype_norm_mean": 1.5261716060340405,
        "prototype_norm_std": 0.20157993325754808
      }
    },
    "tile_cfg": {
      "mode": "off",
      "levels": [
        1,
        2
      ],
      "overlap": 0.3,
      "for_sources": [
        "insdet"
      ],
      "nms_iou": 0.5,
      "top_k": 100,
      "score_combo": "existence_x_score",
      "edge_score_penalty": 0.5,
      "edge_px": 4,
      "merge_partial_boxes": true,
      "merge_min_score": 0.2
    }
  }
}