{
  "stage": "2_3",
  "epoch": 5,
  "fold": 1,
  "wall_clock_seconds": 270.13,
  "lr": {
    "aggregator": 4.546643510130134e-06,
    "existence_head": 9.002198129499016e-06,
    "class_head": 1.8733107385088111e-06,
    "box_head": 1.8733107385088111e-06,
    "lora": 9.002198129499016e-06
  },
  "train": {
    "loss": 1.1840193179994822,
    "focal": 0.07824246077798307,
    "l1": 0.02213402308151126,
    "giou": 0.39820995831489564,
    "box_loss": 0.9070900340676308,
    "box_area_penalty": 4.565153270959854e-06,
    "existence_kl": 0.0,
    "margin": 0.39737272453308103,
    "nt_xent": 0.0,
    "grad_norm": 3.1673359298706054,
    "n_steps": 250,
    "aggregator_alpha": -0.024717722088098526
  },
  "val": {
    "overall": {
      "n": 100,
      "n_pos": 60,
      "n_neg": 40,
      "iou_mean": 0.36659708606700103,
      "iou_median": 0.25440657138824463,
      "iou_p25": 0.0,
      "iou_p75": 0.7932841777801514,
      "contain_mean": 0.5211856881777446,
      "contain_at_iou_50": 0.4,
      "contain_at_iou_75": 0.3,
      "ap_per_iou": {
        "0.50": 0.20326056742381293,
        "0.55": 0.1965707092488063,
        "0.60": 0.1764922196104595,
        "0.65": 0.1591476380670448,
        "0.70": 0.12090882535473857,
        "0.75": 0.12090882535473857,
        "0.80": 0.08684891663813878,
        "0.85": 0.03607285884513608,
        "0.90": 0.011130524817187603,
        "0.95": 0.0
      },
      "map_50": 0.20326056742381293,
      "map_75": 0.12090882535473857,
      "map_5095": 0.11113410853600632,
      "map_50_existence_only": 0.20267804763168887,
      "map_5095_existence_only": 0.11084093010233967,
      "map_50_score_only": 0.2755759133697635,
      "map_5095_score_only": 0.1628663529824807,
      "precision_50": 0.44680851063829785,
      "recall_50": 0.35,
      "f1_50": 0.3925233644859813,
      "existence_acc": 0.69,
      "existence_acc_pos": 0.6333333333333333,
      "existence_acc_neg": 0.775,
      "existence_auroc": 0.7741666666666667,
      "existence_pr_auc": 0.796787987964812,
      "existence_brier": 0.21182663234921661,
      "existence_f1": 0.3925233644859813,
      "false_positive_rate": 0.225,
      "false_negative_rate": 0.36666666666666664,
      "mean_score_pos": 0.5349044491847356,
      "mean_score_neg": 0.4217121921479702,
      "proto_score_pos": 0.9749109253287316,
      "proto_score_neg": 0.8355958476662636,
      "proto_score_gap": 0.13931507766246798,
      "mean_pred_box_area": 0.031663847860181706,
      "frac_pred_box_too_big": 0.02,
      "mean_existence_prob": 0.4896275463700295,
      "frac_high_existence": 0.0,
      "prototype_norm_mean": 1.6484419846534728,
      "prototype_norm_std": 0.2771535534864993
    },
    "per_source": {
      "hots": {
        "n": 36,
        "n_pos": 25,
        "n_neg": 11,
        "iou_mean": 0.6391139698028564,
        "iou_median": 0.8286793231964111,
        "iou_p25": 0.6734001636505127,
        "iou_p75": 0.886796772480011,
        "contain_mean": 0.700461232662201,
        "contain_at_iou_50": 0.76,
        "contain_at_iou_75": 0.68,
        "ap_per_iou": {
          "0.50": 0.6397247464832485,
          "0.55": 0.6397247464832485,
          "0.60": 0.6397247464832485,
          "0.65": 0.6397247464832485,
          "0.70": 0.5160313833581159,
          "0.75": 0.5160313833581159,
          "0.80": 0.4142022993508148,
          "0.85": 0.18605157219018603,
          "0.90": 0.05983026874115985,
          "0.95": 0.0
        },
        "map_50": 0.6397247464832485,
        "map_75": 0.5160313833581159,
        "map_5095": 0.4251045892931387,
        "map_50_existence_only": 0.6348567596845686,
        "map_5095_existence_only": 0.4228053593701463,
        "map_50_score_only": 0.6782178217821783,
        "map_5095_score_only": 0.4506545654565458,
        "precision_50": 0.72,
        "recall_50": 0.72,
        "f1_50": 0.72,
        "existence_acc": 0.7777777777777778,
        "existence_acc_pos": 0.84,
        "existence_acc_neg": 0.6363636363636364,
        "existence_auroc": 0.8254545454545454,
        "existence_pr_auc": 0.8510459639261581,
        "existence_brier": 0.1926406206655869,
        "existence_f1": 0.72,
        "false_positive_rate": 0.36363636363636365,
        "false_negative_rate": 0.16,
        "mean_score_pos": 0.5696628201007843,
        "mean_score_neg": 0.42570447108962317,
        "proto_score_pos": 0.9950245451927185,
        "proto_score_neg": 0.7422602610154585,
        "proto_score_gap": 0.25276428417726005,
        "mean_pred_box_area": 0.022966019505272724,
        "frac_pred_box_too_big": 0.0,
        "mean_existence_prob": 0.5256755467918184,
        "frac_high_existence": 0.0,
        "prototype_norm_mean": 1.952890204058753,
        "prototype_norm_std": 0.2096945016554472
      },
      "insdet": {
        "n": 64,
        "n_pos": 35,
        "n_neg": 29,
        "iou_mean": 0.1719421691128186,
        "iou_median": 0.0,
        "iou_p25": 0.0,
        "iou_p75": 0.31519700586795807,
        "contain_mean": 0.3931317278317043,
        "contain_at_iou_50": 0.14285714285714285,
        "contain_at_iou_75": 0.02857142857142857,
        "ap_per_iou": {
          "0.50": 0.02472944968915497,
          "0.55": 0.020584849182592676,
          "0.60": 0.009993092332489063,
          "0.65": 0.003361731521989408,
          "0.70": 0.0019801980198019802,
          "0.75": 0.0019801980198019802,
          "0.80": 0.0,
          "0.85": 0.0,
          "0.90": 0.0,
          "0.95": 0.0
        },
        "map_50": 0.02472944968915497,
        "map_75": 0.0019801980198019802,
        "map_5095": 0.006262951876583008,
        "map_50_existence_only": 0.024422442244224424,
        "map_5095_existence_only": 0.006204620462046204,
        "map_50_score_only": 0.03602275121129134,
        "map_5095_score_only": 0.009008736819930594,
        "precision_50": 0.13636363636363635,
        "recall_50": 0.08571428571428572,
        "f1_50": 0.10526315789473684,
        "existence_acc": 0.640625,
        "existence_acc_pos": 0.4857142857142857,
        "existence_acc_neg": 0.8275862068965517,
        "existence_auroc": 0.7369458128078817,
        "existence_pr_auc": 0.7660832260395057,
        "existence_brier": 0.22261876392125834,
        "existence_f1": 0.10526315789473684,
        "false_positive_rate": 0.1724137931034483,
        "false_negative_rate": 0.5142857142857142,
        "mean_score_pos": 0.5100770413875579,
        "mean_score_neg": 0.4201978794459639,
        "proto_score_pos": 0.9605440539973122,
        "proto_score_neg": 0.8709990012234655,
        "proto_score_gap": 0.08954505277384672,
        "mean_pred_box_area": 0.036556376309818006,
        "frac_pred_box_too_big": 0.03125,
        "mean_existence_prob": 0.46935054613277316,
        "frac_high_existence": 0.0,
        "prototype_norm_mean": 1.4771898612380028,
        "prototype_norm_std": 0.11628115104932667
      }
    },
    "tile_cfg": {
      "mode": "off",
      "levels": [
        1,
        2
      ],
      "overlap": 0.3,
      "for_sources": [
        "insdet"
      ],
      "nms_iou": 0.5,
      "top_k": 100,
      "score_combo": "existence_x_score",
      "edge_score_penalty": 0.5,
      "edge_px": 4,
      "merge_partial_boxes": true,
      "merge_min_score": 0.2
    }
  }
}