{
  "stage": "2_3",
  "epoch": 5,
  "fold": 3,
  "wall_clock_seconds": 271.09,
  "lr": {
    "aggregator": 9.68037688580156e-07,
    "existence_head": 1.837814931646443e-06,
    "class_head": 4.461713427403834e-07,
    "box_head": 4.461713427403834e-07,
    "lora": 1.837814931646443e-06
  },
  "train": {
    "loss": 1.057083510927856,
    "focal": 0.06707096799649298,
    "l1": 0.021160530500113964,
    "giou": 0.36388410544395444,
    "box_loss": 0.8335708670020103,
    "box_area_penalty": 0.0003857574462890625,
    "existence_kl": 0.0,
    "margin": 0.31280620479583743,
    "nt_xent": 0.0,
    "grad_norm": 2.647992744445801,
    "n_steps": 250,
    "aggregator_alpha": -0.02470332197844982
  },
  "val": {
    "overall": {
      "n": 100,
      "n_pos": 54,
      "n_neg": 46,
      "iou_mean": 0.18689797515118564,
      "iou_median": 0.0,
      "iou_p25": 0.0,
      "iou_p75": 0.21763086691498756,
      "contain_mean": 0.2537480678961233,
      "contain_at_iou_50": 0.2037037037037037,
      "contain_at_iou_75": 0.12962962962962962,
      "ap_per_iou": {
        "0.50": 0.046329422858252214,
        "0.55": 0.046329422858252214,
        "0.60": 0.046329422858252214,
        "0.65": 0.046329422858252214,
        "0.70": 0.039486091466289466,
        "0.75": 0.018483313370182743,
        "0.80": 0.007973486424272681,
        "0.85": 0.007973486424272681,
        "0.90": 0.0005824111822947001,
        "0.95": 0.0
      },
      "map_50": 0.046329422858252214,
      "map_75": 0.018483313370182743,
      "map_5095": 0.025981648030032112,
      "map_50_existence_only": 0.04620462046204622,
      "map_5095_existence_only": 0.025860622325968863,
      "map_50_score_only": 0.04773131159269774,
      "map_5095_score_only": 0.02826773989212108,
      "precision_50": 0.16279069767441862,
      "recall_50": 0.12962962962962962,
      "f1_50": 0.1443298969072165,
      "existence_acc": 0.57,
      "existence_acc_pos": 0.5,
      "existence_acc_neg": 0.6521739130434783,
      "existence_auroc": 0.6658615136876006,
      "existence_pr_auc": 0.6511672433863667,
      "existence_brier": 0.23069862748427372,
      "existence_f1": 0.1443298969072165,
      "false_positive_rate": 0.34782608695652173,
      "false_negative_rate": 0.5,
      "mean_score_pos": 0.5149961864506757,
      "mean_score_neg": 0.4520985063003457,
      "proto_score_pos": 0.9815441049911358,
      "proto_score_neg": 0.8719470602986605,
      "proto_score_gap": 0.10959704469247522,
      "mean_pred_box_area": 0.0092300772247836,
      "frac_pred_box_too_big": 0.0,
      "mean_existence_prob": 0.4860632535815239,
      "frac_high_existence": 0.0,
      "prototype_norm_mean": 1.6452992236614228,
      "prototype_norm_std": 0.22099178735284844
    },
    "per_source": {
      "hots": {
        "n": 35,
        "n_pos": 18,
        "n_neg": 17,
        "iou_mean": 0.4836377633942498,
        "iou_median": 0.7004738450050354,
        "iou_p25": 0.0,
        "iou_p75": 0.7950607240200043,
        "contain_mean": 0.5445113645659553,
        "contain_at_iou_50": 0.6111111111111112,
        "contain_at_iou_75": 0.3888888888888889,
        "ap_per_iou": {
          "0.50": 0.33663366336633666,
          "0.55": 0.33663366336633666,
          "0.60": 0.33663366336633666,
          "0.65": 0.33663366336633666,
          "0.70": 0.28712871287128683,
          "0.75": 0.12871287128712877,
          "0.80": 0.050286607608129204,
          "0.85": 0.050286607608129204,
          "0.90": 0.0037128712871287127,
          "0.95": 0.0
        },
        "map_50": 0.33663366336633666,
        "map_75": 0.12871287128712877,
        "map_5095": 0.18666623241271493,
        "map_50_existence_only": 0.33663366336633666,
        "map_5095_existence_only": 0.18666623241271493,
        "map_50_score_only": 0.29926611082160826,
        "map_5095_score_only": 0.17542351897824623,
        "precision_50": 0.4117647058823529,
        "recall_50": 0.3888888888888889,
        "f1_50": 0.39999999999999997,
        "existence_acc": 0.6285714285714286,
        "existence_acc_pos": 0.6111111111111112,
        "existence_acc_neg": 0.6470588235294118,
        "existence_auroc": 0.7091503267973857,
        "existence_pr_auc": 0.6564101057754308,
        "existence_brier": 0.22091490934935223,
        "existence_f1": 0.39999999999999997,
        "false_positive_rate": 0.35294117647058826,
        "false_negative_rate": 0.3888888888888889,
        "mean_score_pos": 0.5398390160666572,
        "mean_score_neg": 0.4566226250985089,
        "proto_score_pos": 0.9904324842823876,
        "proto_score_neg": 0.8287313891684308,
        "proto_score_gap": 0.1617010951139568,
        "mean_pred_box_area": 0.014225924999586173,
        "frac_pred_box_too_big": 0.0,
        "mean_existence_prob": 0.4994196261678423,
        "frac_high_existence": 0.0,
        "prototype_norm_mean": 1.8874319417136056,
        "prototype_norm_std": 0.14191230928814044
      },
      "insdet": {
        "n": 65,
        "n_pos": 36,
        "n_neg": 29,
        "iou_mean": 0.03852808102965355,
        "iou_median": 0.0,
        "iou_p25": 0.0,
        "iou_p75": 0.0,
        "contain_mean": 0.1083664195612073,
        "contain_at_iou_50": 0.0,
        "contain_at_iou_75": 0.0,
        "ap_per_iou": {
          "0.50": 0.0,
          "0.55": 0.0,
          "0.60": 0.0,
          "0.65": 0.0,
          "0.70": 0.0,
          "0.75": 0.0,
          "0.80": 0.0,
          "0.85": 0.0,
          "0.90": 0.0,
          "0.95": 0.0
        },
        "map_50": 0.0,
        "map_75": 0.0,
        "map_5095": 0.0,
        "map_50_existence_only": 0.0,
        "map_5095_existence_only": 0.0,
        "map_50_score_only": 0.0,
        "map_5095_score_only": 0.0,
        "precision_50": 0.0,
        "recall_50": 0.0,
        "f1_50": 0.0,
        "existence_acc": 0.5384615384615384,
        "existence_acc_pos": 0.4444444444444444,
        "existence_acc_neg": 0.6551724137931034,
        "existence_auroc": 0.6436781609195402,
        "existence_pr_auc": 0.6815531206253022,
        "existence_brier": 0.2359667834030776,
        "existence_f1": 0.0,
        "false_positive_rate": 0.3448275862068966,
        "false_negative_rate": 0.5555555555555556,
        "mean_score_pos": 0.5025747716426849,
        "mean_score_neg": 0.44944643666004314,
        "proto_score_pos": 0.9770999153455099,
        "proto_score_neg": 0.8972803847543125,
        "proto_score_gap": 0.0798195305911974,
        "mean_pred_box_area": 0.006540005346043752,
        "frac_pred_box_too_big": 0.0,
        "mean_existence_prob": 0.47887136065042935,
        "frac_high_existence": 0.0,
        "prototype_norm_mean": 1.5149200677871704,
        "prototype_norm_std": 0.12457829985158313
      }
    },
    "tile_cfg": {
      "mode": "off",
      "levels": [
        1,
        2
      ],
      "overlap": 0.3,
      "for_sources": [
        "insdet"
      ],
      "nms_iou": 0.5,
      "top_k": 100,
      "score_combo": "existence_x_score",
      "edge_score_penalty": 0.5,
      "edge_px": 4,
      "merge_partial_boxes": true,
      "merge_min_score": 0.2
    }
  }
}