{
  "stage": "2_3",
  "epoch": 5,
  "fold": 2,
  "wall_clock_seconds": 271.46,
  "lr": {
    "aggregator": 2.4279442972594374e-06,
    "existence_head": 4.760553813551465e-06,
    "class_head": 1.028378587484228e-06,
    "box_head": 1.028378587484228e-06,
    "lora": 4.760553813551465e-06
  },
  "train": {
    "loss": 1.1167546362131835,
    "focal": 0.07417702518962324,
    "l1": 0.024379759492352604,
    "giou": 0.3693895697593689,
    "box_loss": 0.8606779428720475,
    "box_area_penalty": 0.0001415420174598694,
    "existence_kl": 0.0,
    "margin": 0.36377102756500246,
    "nt_xent": 0.0,
    "grad_norm": 2.720065595626831,
    "n_steps": 250,
    "aggregator_alpha": -0.02470541000366211
  },
  "val": {
    "overall": {
      "n": 100,
      "n_pos": 49,
      "n_neg": 51,
      "iou_mean": 0.23548956549897485,
      "iou_median": 0.0,
      "iou_p25": 0.0,
      "iou_p75": 0.5997195839881897,
      "contain_mean": 0.35516334613975215,
      "contain_at_iou_50": 0.2653061224489796,
      "contain_at_iou_75": 0.1836734693877551,
      "ap_per_iou": {
        "0.50": 0.18479205063363482,
        "0.55": 0.18479205063363482,
        "0.60": 0.17520537768062516,
        "0.65": 0.15499502331185494,
        "0.70": 0.1406317921169406,
        "0.75": 0.1268155386967268,
        "0.80": 0.1268155386967268,
        "0.85": 0.07362641026007362,
        "0.90": 0.011201120112011203,
        "0.95": 0.0027002700270027003
      },
      "map_50": 0.18479205063363482,
      "map_75": 0.1268155386967268,
      "map_5095": 0.11815751721692314,
      "map_50_existence_only": 0.18499094270329286,
      "map_5095_existence_only": 0.11840414555239982,
      "map_50_score_only": 0.1919447732249505,
      "map_5095_score_only": 0.12366514248543103,
      "precision_50": 0.3939393939393939,
      "recall_50": 0.2653061224489796,
      "f1_50": 0.3170731707317074,
      "existence_acc": 0.68,
      "existence_acc_pos": 0.5102040816326531,
      "existence_acc_neg": 0.8431372549019608,
      "existence_auroc": 0.8063225290116046,
      "existence_pr_auc": 0.7848893574656588,
      "existence_brier": 0.207004267939005,
      "existence_f1": 0.3170731707317074,
      "false_positive_rate": 0.1568627450980392,
      "false_negative_rate": 0.4897959183673469,
      "mean_score_pos": 0.5203086593929602,
      "mean_score_neg": 0.4122604651778352,
      "proto_score_pos": 0.9841349915582307,
      "proto_score_neg": 0.8527039251491135,
      "proto_score_gap": 0.13143106640911717,
      "mean_pred_box_area": 0.04642225722782314,
      "frac_pred_box_too_big": 0.04,
      "mean_existence_prob": 0.46520408034324645,
      "frac_high_existence": 0.0,
      "prototype_norm_mean": 1.6111507332324981,
      "prototype_norm_std": 0.2376920140425149
    },
    "per_source": {
      "hots": {
        "n": 35,
        "n_pos": 16,
        "n_neg": 19,
        "iou_mean": 0.6244535259902477,
        "iou_median": 0.8342669308185577,
        "iou_p25": 0.46485552191734314,
        "iou_p75": 0.8817658871412277,
        "contain_mean": 0.6968728117644787,
        "contain_at_iou_50": 0.75,
        "contain_at_iou_75": 0.5625,
        "ap_per_iou": {
          "0.50": 0.6227722772277229,
          "0.55": 0.6227722772277229,
          "0.60": 0.6227722772277229,
          "0.65": 0.5478547854785473,
          "0.70": 0.4938355373998935,
          "0.75": 0.4412287382584412,
          "0.80": 0.4412287382584412,
          "0.85": 0.2369636963696368,
          "0.90": 0.035643564356435634,
          "0.95": 0.00693069306930693
        },
        "map_50": 0.6227722772277229,
        "map_75": 0.4412287382584412,
        "map_5095": 0.40720025848738717,
        "map_50_existence_only": 0.6220532767562469,
        "map_5095_existence_only": 0.40730787364450727,
        "map_50_score_only": 0.5815108029021527,
        "map_5095_score_only": 0.38145752328269267,
        "precision_50": 0.5714285714285714,
        "recall_50": 0.75,
        "f1_50": 0.6486486486486486,
        "existence_acc": 0.8,
        "existence_acc_pos": 0.9375,
        "existence_acc_neg": 0.6842105263157895,
        "existence_auroc": 0.875,
        "existence_pr_auc": 0.8603509595624534,
        "existence_brier": 0.1845124539627103,
        "existence_f1": 0.6486486486486486,
        "false_positive_rate": 0.3157894736842105,
        "false_negative_rate": 0.0625,
        "mean_score_pos": 0.5903218127787113,
        "mean_score_neg": 0.4220946791924928,
        "proto_score_pos": 0.9860511161386967,
        "proto_score_neg": 0.7346520165079519,
        "proto_score_gap": 0.2513990996307448,
        "mean_pred_box_area": 0.04654382216478033,
        "frac_pred_box_too_big": 0.02857142857142857,
        "mean_existence_prob": 0.49899851168904985,
        "frac_high_existence": 0.0,
        "prototype_norm_mean": 1.88363584790911,
        "prototype_norm_std": 0.1315130039383234
      },
      "insdet": {
        "n": 65,
        "n_pos": 33,
        "n_neg": 32,
        "iou_mean": 0.04690097859411529,
        "iou_median": 0.0,
        "iou_p25": 0.0,
        "iou_p75": 0.0,
        "contain_mean": 0.18948602947321805,
        "contain_at_iou_50": 0.030303030303030304,
        "contain_at_iou_75": 0.0,
        "ap_per_iou": {
          "0.50": 0.0039603960396039604,
          "0.55": 0.0039603960396039604,
          "0.60": 0.0,
          "0.65": 0.0,
          "0.70": 0.0,
          "0.75": 0.0,
          "0.80": 0.0,
          "0.85": 0.0,
          "0.90": 0.0,
          "0.95": 0.0
        },
        "map_50": 0.0039603960396039604,
        "map_75": 0.0,
        "map_5095": 0.0007920792079207921,
        "map_50_existence_only": 0.0039603960396039604,
        "map_5095_existence_only": 0.0007920792079207921,
        "map_50_score_only": 0.0044004400440044,
        "map_5095_score_only": 0.0008800880088008801,
        "precision_50": 0.08333333333333333,
        "recall_50": 0.030303030303030304,
        "f1_50": 0.04444444444444444,
        "existence_acc": 0.6153846153846154,
        "existence_acc_pos": 0.30303030303030304,
        "existence_acc_neg": 0.9375,
        "existence_auroc": 0.8267045454545454,
        "existence_pr_auc": 0.819370720900553,
        "existence_brier": 0.21911524469547142,
        "existence_f1": 0.04444444444444444,
        "false_positive_rate": 0.0625,
        "false_negative_rate": 0.696969696969697,
        "mean_score_pos": 0.48636288805441424,
        "mean_score_neg": 0.40642140060663223,
        "proto_score_pos": 0.9832059614586107,
        "proto_score_neg": 0.9227972459048033,
        "proto_score_gap": 0.060408715553807446,
        "mean_pred_box_area": 0.04635679918484619,
        "frac_pred_box_too_big": 0.046153846153846156,
        "mean_existence_prob": 0.4470070788493523,
        "frac_high_existence": 0.0,
        "prototype_norm_mean": 1.464427979175861,
        "prototype_norm_std": 0.12545058956206415
      }
    },
    "tile_cfg": {
      "mode": "off",
      "levels": [
        1,
        2
      ],
      "overlap": 0.3,
      "for_sources": [
        "insdet"
      ],
      "nms_iou": 0.5,
      "top_k": 100,
      "score_combo": "existence_x_score",
      "edge_score_penalty": 0.5,
      "edge_px": 4,
      "merge_partial_boxes": true,
      "merge_min_score": 0.2
    }
  }
}