{
  "stage": "1_2",
  "epoch": 2,
  "fold": 1,
  "wall_clock_seconds": 314.57,
  "lr": {
    "aggregator": 9.847154328366954e-05,
    "existence_head": 9.847154328366954e-05,
    "class_head": 4.923653663518623e-05,
    "box_head": 4.923653663518623e-05
  },
  "train": {
    "loss": 0.882258232803114,
    "focal": 0.06982467425686698,
    "l1": 0.023097626391738173,
    "giou": 0.2287255266020375,
    "box_loss": 0.5729391781553146,
    "box_area_penalty": 0.0027588975818587406,
    "existence_kl": 0.0,
    "margin": 0.4781518982302758,
    "nt_xent": 0.0014254107560601928,
    "grad_norm": 1.616490129501589,
    "n_steps": 62
  },
  "val": {
    "overall": {
      "n": 100,
      "n_pos": 45,
      "n_neg": 55,
      "iou_mean": 0.15448254649786072,
      "iou_median": 0.0,
      "iou_p25": 0.0,
      "iou_p75": 0.0033865731675177813,
      "contain_mean": 0.2811601334147983,
      "contain_at_iou_50": 0.2,
      "contain_at_iou_75": 0.15555555555555556,
      "ap_per_iou": {
        "0.50": 0.10460981582029173,
        "0.55": 0.10460981582029173,
        "0.60": 0.10460981582029173,
        "0.65": 0.08436140388232372,
        "0.70": 0.08436140388232372,
        "0.75": 0.08436140388232372,
        "0.80": 0.026732673267326736,
        "0.85": 0.01485148514851485,
        "0.90": 0.01485148514851485,
        "0.95": 0.0
      },
      "map_50": 0.10460981582029173,
      "map_75": 0.08436140388232372,
      "map_5095": 0.06233493026722028,
      "map_50_existence_only": 0.10528052805280531,
      "map_5095_existence_only": 0.06273927392739274,
      "map_50_score_only": 0.09966885764206675,
      "map_5095_score_only": 0.06281787170313671,
      "precision_50": 0.3333333333333333,
      "recall_50": 0.13333333333333333,
      "f1_50": 0.19047619047619044,
      "existence_acc": 0.57,
      "existence_acc_pos": 0.2222222222222222,
      "existence_acc_neg": 0.8545454545454545,
      "existence_auroc": 0.623030303030303,
      "existence_pr_auc": 0.557351155125569,
      "existence_brier": 0.24162544301738734,
      "existence_f1": 0.19047619047619044,
      "false_positive_rate": 0.14545454545454545,
      "false_negative_rate": 0.7777777777777778,
      "mean_score_pos": 0.45492303835021125,
      "mean_score_neg": 0.43683786392211915,
      "mean_pred_box_area": 0.16499750080518424,
      "frac_pred_box_too_big": 0.13,
      "mean_existence_prob": 0.4449761924147606,
      "frac_high_existence": 0.0,
      "prototype_norm_mean": 2.170456347465515,
      "prototype_norm_std": 0.19075745565096192
    },
    "per_source": {
      "hots": {
        "n": 36,
        "n_pos": 16,
        "n_neg": 20,
        "iou_mean": 0.4316422939300537,
        "iou_median": 0.6204546391963959,
        "iou_p25": 0.0,
        "iou_p75": 0.7929103374481201,
        "contain_mean": 0.5298180468380451,
        "contain_at_iou_50": 0.5625,
        "contain_at_iou_75": 0.4375,
        "ap_per_iou": {
          "0.50": 0.2945925361766948,
          "0.55": 0.2945925361766948,
          "0.60": 0.2945925361766948,
          "0.65": 0.2320978251671323,
          "0.70": 0.2320978251671323,
          "0.75": 0.2320978251671323,
          "0.80": 0.07029702970297032,
          "0.85": 0.034653465346534656,
          "0.90": 0.034653465346534656,
          "0.95": 0.0
        },
        "map_50": 0.2945925361766948,
        "map_75": 0.2320978251671323,
        "map_5095": 0.17196750444275208,
        "map_50_existence_only": 0.2897689768976893,
        "map_5095_existence_only": 0.17099009900990095,
        "map_50_score_only": 0.2973439044309288,
        "map_5095_score_only": 0.17894412344646843,
        "precision_50": 0.3333333333333333,
        "recall_50": 0.375,
        "f1_50": 0.35294117647058826,
        "existence_acc": 0.6111111111111112,
        "existence_acc_pos": 0.625,
        "existence_acc_neg": 0.6,
        "existence_auroc": 0.675,
        "existence_pr_auc": 0.6137004539033328,
        "existence_brier": 0.23211492239522138,
        "existence_f1": 0.35294117647058826,
        "false_positive_rate": 0.4,
        "false_negative_rate": 0.375,
        "mean_score_pos": 0.5173168610781431,
        "mean_score_neg": 0.47457937300205233,
        "mean_pred_box_area": 0.05081162735586986,
        "frac_pred_box_too_big": 0.027777777777777776,
        "mean_existence_prob": 0.49357381214698154,
        "frac_high_existence": 0.0,
        "prototype_norm_mean": 2.0914505455229015,
        "prototype_norm_std": 0.24378664953612292
      },
      "insdet": {
        "n": 64,
        "n_pos": 29,
        "n_neg": 35,
        "iou_mean": 0.0015668237766507886,
        "iou_median": 0.0,
        "iou_p25": 0.0,
        "iou_p75": 0.0,
        "contain_mean": 0.14396956049162765,
        "contain_at_iou_50": 0.0,
        "contain_at_iou_75": 0.0,
        "ap_per_iou": {
          "0.50": 0.0,
          "0.55": 0.0,
          "0.60": 0.0,
          "0.65": 0.0,
          "0.70": 0.0,
          "0.75": 0.0,
          "0.80": 0.0,
          "0.85": 0.0,
          "0.90": 0.0,
          "0.95": 0.0
        },
        "map_50": 0.0,
        "map_75": 0.0,
        "map_5095": 0.0,
        "map_50_existence_only": 0.0,
        "map_5095_existence_only": 0.0,
        "map_50_score_only": 0.0,
        "map_5095_score_only": 0.0,
        "precision_50": 0.0,
        "recall_50": 0.0,
        "f1_50": 0.0,
        "existence_acc": 0.546875,
        "existence_acc_pos": 0.0,
        "existence_acc_neg": 1.0,
        "existence_auroc": 0.594088669950739,
        "existence_pr_auc": 0.5091808047553446,
        "existence_brier": 0.24697511086735568,
        "existence_f1": 0.0,
        "false_positive_rate": 0.0,
        "false_negative_rate": 1.0,
        "mean_score_pos": 0.42049886029342126,
        "mean_score_neg": 0.41527128730501445,
        "mean_pred_box_area": 0.2292270546204236,
        "frac_pred_box_too_big": 0.1875,
        "mean_existence_prob": 0.4176400313153863,
        "frac_high_existence": 0.0,
        "prototype_norm_mean": 2.214897111058235,
        "prototype_norm_std": 0.13634846218748817
      }
    },
    "tile_cfg": {
      "mode": "off",
      "levels": [
        1,
        2
      ],
      "overlap": 0.3,
      "for_sources": [
        "insdet"
      ],
      "nms_iou": 0.5,
      "top_k": 100,
      "score_combo": "existence_x_score",
      "edge_score_penalty": 0.5,
      "edge_px": 4,
      "merge_partial_boxes": true,
      "merge_min_score": 0.2
    }
  }
}