{
  "stage": "1_2",
  "epoch": 2,
  "fold": 3,
  "wall_clock_seconds": 714.01,
  "lr": {
    "aggregator": 9.729357122294669e-05,
    "existence_head": 9.729357122294669e-05,
    "class_head": 4.8648140180430786e-05,
    "box_head": 4.8648140180430786e-05
  },
  "train": {
    "loss": 0.41475800496916615,
    "focal": 0.06928004036026617,
    "l1": 0.0038457566031044528,
    "giou": 0.04342031526950098,
    "box_loss": 0.10606941100089781,
    "box_area_penalty": 0.0040411001950081795,
    "existence_kl": 0.0,
    "margin": 0.47462998667070944,
    "nt_xent": 0.01689451434198887,
    "grad_norm": 1.7921531931046517,
    "n_steps": 62
  },
  "val": {
    "overall": {
      "n": 100,
      "n_pos": 47,
      "n_neg": 53,
      "iou_mean": 0.20799887053509977,
      "iou_median": 0.0,
      "iou_p25": 0.0,
      "iou_p75": 0.36737167835235596,
      "contain_mean": 0.24140466147280754,
      "contain_at_iou_50": 0.2553191489361702,
      "contain_at_iou_75": 0.23404255319148937,
      "ap_per_iou": {
        "0.50": 0.12399860452488304,
        "0.55": 0.12399860452488304,
        "0.60": 0.12399860452488304,
        "0.65": 0.12399860452488304,
        "0.70": 0.12399860452488304,
        "0.75": 0.10444461247322187,
        "0.80": 0.03326546919135034,
        "0.85": 0.013190017631900175,
        "0.90": 0.0,
        "0.95": 0.0
      },
      "map_50": 0.12399860452488304,
      "map_75": 0.10444461247322187,
      "map_5095": 0.07708931219208875,
      "map_50_existence_only": 0.12660135578775267,
      "map_5095_existence_only": 0.07879585784665422,
      "map_50_score_only": 0.10603482828903045,
      "map_5095_score_only": 0.06546663639232139,
      "precision_50": 0.46153846153846156,
      "recall_50": 0.1276595744680851,
      "f1_50": 0.2,
      "existence_acc": 0.58,
      "existence_acc_pos": 0.19148936170212766,
      "existence_acc_neg": 0.9245283018867925,
      "existence_auroc": 0.616218386190285,
      "existence_pr_auc": 0.5873230348023846,
      "existence_brier": 0.24209814050278186,
      "existence_f1": 0.2,
      "false_positive_rate": 0.07547169811320754,
      "false_negative_rate": 0.8085106382978723,
      "mean_score_pos": 0.4453227164897513,
      "mean_score_neg": 0.42380801068162016,
      "mean_pred_box_area": 0.052617852026014586,
      "frac_pred_box_too_big": 0.05,
      "mean_existence_prob": 0.4339199224114418,
      "frac_high_existence": 0.0,
      "prototype_norm_mean": 2.058793629407883,
      "prototype_norm_std": 0.18017512755483597
    },
    "per_source": {
      "hots": {
        "n": 35,
        "n_pos": 20,
        "n_neg": 15,
        "iou_mean": 0.48879734575748446,
        "iou_median": 0.7693080306053162,
        "iou_p25": 0.0,
        "iou_p75": 0.8083652704954147,
        "contain_mean": 0.5673009544610977,
        "contain_at_iou_50": 0.6,
        "contain_at_iou_75": 0.55,
        "ap_per_iou": {
          "0.50": 0.32033151351918165,
          "0.55": 0.32033151351918165,
          "0.60": 0.32033151351918165,
          "0.65": 0.32033151351918165,
          "0.70": 0.32033151351918165,
          "0.75": 0.27187163541927073,
          "0.80": 0.09119290961354198,
          "0.85": 0.03293983244478294,
          "0.90": 0.0,
          "0.95": 0.0
        },
        "map_50": 0.32033151351918165,
        "map_75": 0.27187163541927073,
        "map_5095": 0.1997661945073504,
        "map_50_existence_only": 0.32813531353135306,
        "map_5095_existence_only": 0.20448638613861383,
        "map_50_score_only": 0.3043749984991225,
        "map_5095_score_only": 0.18873702808068832,
        "precision_50": 0.46153846153846156,
        "recall_50": 0.3,
        "f1_50": 0.3636363636363637,
        "existence_acc": 0.5714285714285714,
        "existence_acc_pos": 0.45,
        "existence_acc_neg": 0.7333333333333333,
        "existence_auroc": 0.71,
        "existence_pr_auc": 0.6877979536803066,
        "existence_brier": 0.2383606799497589,
        "existence_f1": 0.3636363636363637,
        "false_positive_rate": 0.26666666666666666,
        "false_negative_rate": 0.55,
        "mean_score_pos": 0.4883166074752808,
        "mean_score_neg": 0.4460995554924011,
        "mean_pred_box_area": 0.029530919206860875,
        "frac_pred_box_too_big": 0.0,
        "mean_existence_prob": 0.47022358519690377,
        "frac_high_existence": 0.0,
        "prototype_norm_mean": 1.8511482204709735,
        "prototype_norm_std": 0.11372121342171562
      },
      "insdet": {
        "n": 65,
        "n_pos": 27,
        "n_neg": 38,
        "iou_mean": 0.0,
        "iou_median": 0.0,
        "iou_p25": 0.0,
        "iou_p75": 0.0,
        "contain_mean": 0.0,
        "contain_at_iou_50": 0.0,
        "contain_at_iou_75": 0.0,
        "ap_per_iou": {
          "0.50": 0.0,
          "0.55": 0.0,
          "0.60": 0.0,
          "0.65": 0.0,
          "0.70": 0.0,
          "0.75": 0.0,
          "0.80": 0.0,
          "0.85": 0.0,
          "0.90": 0.0,
          "0.95": 0.0
        },
        "map_50": 0.0,
        "map_75": 0.0,
        "map_5095": 0.0,
        "map_50_existence_only": 0.0,
        "map_5095_existence_only": 0.0,
        "map_50_score_only": 0.0,
        "map_5095_score_only": 0.0,
        "precision_50": 0.0,
        "recall_50": 0.0,
        "f1_50": 0.0,
        "existence_acc": 0.5846153846153846,
        "existence_acc_pos": 0.0,
        "existence_acc_neg": 1.0,
        "existence_auroc": 0.4766081871345029,
        "existence_pr_auc": 0.414320617519579,
        "existence_brier": 0.24411061926210192,
        "existence_f1": 0.0,
        "false_positive_rate": 0.0,
        "false_negative_rate": 1.0,
        "mean_score_pos": 0.41347538983380355,
        "mean_score_neg": 0.41500871667736455,
        "mean_pred_box_area": 0.06504927739017428,
        "frac_pred_box_too_big": 0.07692307692307693,
        "mean_existence_prob": 0.41437179629619303,
        "frac_high_existence": 0.0,
        "prototype_norm_mean": 2.170602695758526,
        "prototype_norm_std": 0.08408284259769405
      }
    },
    "tile_cfg": {
      "mode": "off",
      "levels": [
        1,
        2
      ],
      "overlap": 0.3,
      "for_sources": [
        "insdet"
      ],
      "nms_iou": 0.5,
      "top_k": 100,
      "score_combo": "existence_x_score",
      "edge_score_penalty": 0.5,
      "edge_px": 4,
      "merge_partial_boxes": true,
      "merge_min_score": 0.2
    }
  }
}