{
  "stage": "1_2",
  "epoch": 2,
  "fold": 1,
  "wall_clock_seconds": 744.99,
  "lr": {
    "aggregator": 9.847154328366954e-05,
    "existence_head": 9.847154328366954e-05,
    "class_head": 4.923653663518623e-05,
    "box_head": 4.923653663518623e-05
  },
  "train": {
    "loss": 0.5825155734294846,
    "focal": 0.06984160882571051,
    "l1": 0.013127907209338681,
    "giou": 0.10261934995651245,
    "box_loss": 0.2708782361399743,
    "box_area_penalty": 0.003862989758471808,
    "existence_kl": 0.0,
    "margin": 0.4824103770717498,
    "nt_xent": 0.0020423975112217087,
    "grad_norm": 1.5488058194037406,
    "n_steps": 62
  },
  "val": {
    "overall": {
      "n": 100,
      "n_pos": 45,
      "n_neg": 55,
      "iou_mean": 0.1542641805821202,
      "iou_median": 0.0,
      "iou_p25": 0.0,
      "iou_p75": 0.010357982479035854,
      "contain_mean": 0.26208209262953863,
      "contain_at_iou_50": 0.2,
      "contain_at_iou_75": 0.15555555555555556,
      "ap_per_iou": {
        "0.50": 0.08564330891293465,
        "0.55": 0.08564330891293465,
        "0.60": 0.08564330891293465,
        "0.65": 0.0762388158320476,
        "0.70": 0.0762388158320476,
        "0.75": 0.0762388158320476,
        "0.80": 0.02217821782178218,
        "0.85": 0.01485148514851485,
        "0.90": 0.01485148514851485,
        "0.95": 0.0
      },
      "map_50": 0.08564330891293465,
      "map_75": 0.0762388158320476,
      "map_5095": 0.05375275623537586,
      "map_50_existence_only": 0.08447060922308444,
      "map_5095_existence_only": 0.053362952674188134,
      "map_50_score_only": 0.08114725168576896,
      "map_5095_score_only": 0.05500120743781696,
      "precision_50": 0.21428571428571427,
      "recall_50": 0.06666666666666667,
      "f1_50": 0.10169491525423728,
      "existence_acc": 0.55,
      "existence_acc_pos": 0.15555555555555556,
      "existence_acc_neg": 0.8727272727272727,
      "existence_auroc": 0.5862626262626263,
      "existence_pr_auc": 0.5334126690688524,
      "existence_brier": 0.24485003104991776,
      "existence_f1": 0.10169491525423728,
      "false_positive_rate": 0.12727272727272726,
      "false_negative_rate": 0.8444444444444444,
      "mean_score_pos": 0.43912118209732903,
      "mean_score_neg": 0.42669755762273615,
      "mean_pred_box_area": 0.14101423478568903,
      "frac_pred_box_too_big": 0.11,
      "mean_existence_prob": 0.432288188636303,
      "frac_high_existence": 0.0,
      "prototype_norm_mean": 2.0288694071769715,
      "prototype_norm_std": 0.1513729254909545
    },
    "per_source": {
      "hots": {
        "n": 36,
        "n_pos": 16,
        "n_neg": 20,
        "iou_mean": 0.4309175908565521,
        "iou_median": 0.6188022494316101,
        "iou_p25": 0.0,
        "iou_p75": 0.7916122823953629,
        "contain_mean": 0.5298095904290676,
        "contain_at_iou_50": 0.5625,
        "contain_at_iou_75": 0.4375,
        "ap_per_iou": {
          "0.50": 0.27192362093352246,
          "0.55": 0.27192362093352246,
          "0.60": 0.27192362093352246,
          "0.65": 0.22029702970297055,
          "0.70": 0.22029702970297055,
          "0.75": 0.22029702970297055,
          "0.80": 0.05841584158415844,
          "0.85": 0.034653465346534656,
          "0.90": 0.034653465346534656,
          "0.95": 0.0
        },
        "map_50": 0.27192362093352246,
        "map_75": 0.22029702970297055,
        "map_5095": 0.16043847241867068,
        "map_50_existence_only": 0.2613861386138617,
        "map_5095_existence_only": 0.1555895589558957,
        "map_50_score_only": 0.27951256664127977,
        "map_5095_score_only": 0.17222763998807925,
        "precision_50": 0.21428571428571427,
        "recall_50": 0.1875,
        "f1_50": 0.19999999999999998,
        "existence_acc": 0.5555555555555556,
        "existence_acc_pos": 0.4375,
        "existence_acc_neg": 0.65,
        "existence_auroc": 0.64375,
        "existence_pr_auc": 0.594912129998447,
        "existence_brier": 0.2355624626520176,
        "existence_f1": 0.19999999999999998,
        "false_positive_rate": 0.35,
        "false_negative_rate": 0.5625,
        "mean_score_pos": 0.49439476802945137,
        "mean_score_neg": 0.45967812836170197,
        "mean_pred_box_area": 0.05347185127256024,
        "frac_pred_box_too_big": 0.027777777777777776,
        "mean_existence_prob": 0.4751077459918128,
        "frac_high_existence": 0.0,
        "prototype_norm_mean": 1.932593779431449,
        "prototype_norm_std": 0.17948955395113628
      },
      "insdet": {
        "n": 64,
        "n_pos": 29,
        "n_neg": 35,
        "iou_mean": 0.0016278162927784283,
        "iou_median": 0.0,
        "iou_p25": 0.0,
        "iou_p75": 0.0,
        "contain_mean": 0.11437036970566059,
        "contain_at_iou_50": 0.0,
        "contain_at_iou_75": 0.0,
        "ap_per_iou": {
          "0.50": 0.0,
          "0.55": 0.0,
          "0.60": 0.0,
          "0.65": 0.0,
          "0.70": 0.0,
          "0.75": 0.0,
          "0.80": 0.0,
          "0.85": 0.0,
          "0.90": 0.0,
          "0.95": 0.0
        },
        "map_50": 0.0,
        "map_75": 0.0,
        "map_5095": 0.0,
        "map_50_existence_only": 0.0,
        "map_5095_existence_only": 0.0,
        "map_50_score_only": 0.0,
        "map_5095_score_only": 0.0,
        "precision_50": 0.0,
        "recall_50": 0.0,
        "f1_50": 0.0,
        "existence_acc": 0.546875,
        "existence_acc_pos": 0.0,
        "existence_acc_neg": 1.0,
        "existence_auroc": 0.5211822660098522,
        "existence_pr_auc": 0.4816952664333691,
        "existence_brier": 0.2500742882737366,
        "existence_f1": 0.0,
        "false_positive_rate": 0.0,
        "false_negative_rate": 1.0,
        "mean_score_pos": 0.4086254105485719,
        "mean_score_neg": 0.40785151720046997,
        "mean_pred_box_area": 0.190256825511824,
        "frac_pred_box_too_big": 0.15625,
        "mean_existence_prob": 0.40820218762382865,
        "frac_high_existence": 0.0,
        "prototype_norm_mean": 2.083024447783828,
        "prototype_norm_std": 0.0991634807316282
      }
    },
    "tile_cfg": {
      "mode": "off",
      "levels": [
        1,
        2
      ],
      "overlap": 0.3,
      "for_sources": [
        "insdet"
      ],
      "nms_iou": 0.5,
      "top_k": 100,
      "score_combo": "existence_x_score",
      "edge_score_penalty": 0.5,
      "edge_px": 4,
      "merge_partial_boxes": true,
      "merge_min_score": 0.2
    }
  }
}