{
  "stage": "1_2",
  "epoch": 2,
  "fold": 4,
  "wall_clock_seconds": 712.91,
  "lr": {
    "aggregator": 9.658297484816139e-05,
    "existence_head": 9.658297484816139e-05,
    "class_head": 4.829319764687936e-05,
    "box_head": 4.829319764687936e-05
  },
  "train": {
    "loss": 0.4948976820995731,
    "focal": 0.07077281098932989,
    "l1": 0.00575662434341446,
    "giou": 0.0778071928408838,
    "box_loss": 0.18439750373363495,
    "box_area_penalty": 0.003042394299090149,
    "existence_kl": 0.0,
    "margin": 0.4746748045567543,
    "nt_xent": 0.02085722045552346,
    "grad_norm": 0.9792131820032673,
    "n_steps": 62
  },
  "val": {
    "overall": {
      "n": 100,
      "n_pos": 46,
      "n_neg": 54,
      "iou_mean": 0.2064435760460227,
      "iou_median": 0.0,
      "iou_p25": 0.0,
      "iou_p75": 0.3935262318700552,
      "contain_mean": 0.4259933777882353,
      "contain_at_iou_50": 0.2608695652173913,
      "contain_at_iou_75": 0.21739130434782608,
      "ap_per_iou": {
        "0.50": 0.1062636050839127,
        "0.55": 0.096713713924584,
        "0.60": 0.096713713924584,
        "0.65": 0.096713713924584,
        "0.70": 0.09207920792079212,
        "0.75": 0.09207920792079212,
        "0.80": 0.08012566641279516,
        "0.85": 0.0012376237623762376,
        "0.90": 0.0,
        "0.95": 0.0
      },
      "map_50": 0.1062636050839127,
      "map_75": 0.09207920792079212,
      "map_5095": 0.06619264528744204,
      "map_50_existence_only": 0.10534026253304067,
      "map_5095_existence_only": 0.06596167286411903,
      "map_50_score_only": 0.0966441238718466,
      "map_5095_score_only": 0.0599011782364451,
      "precision_50": 0.375,
      "recall_50": 0.13043478260869565,
      "f1_50": 0.19354838709677416,
      "existence_acc": 0.6,
      "existence_acc_pos": 0.2391304347826087,
      "existence_acc_neg": 0.9074074074074074,
      "existence_auroc": 0.5825281803542673,
      "existence_pr_auc": 0.5891879319179746,
      "existence_brier": 0.2423363164745041,
      "existence_f1": 0.19354838709677416,
      "false_positive_rate": 0.09259259259259259,
      "false_negative_rate": 0.7608695652173914,
      "mean_score_pos": 0.4523143100997676,
      "mean_score_neg": 0.43374051098470334,
      "mean_pred_box_area": 0.111773114563548,
      "frac_pred_box_too_big": 0.12,
      "mean_existence_prob": 0.4422844585776329,
      "frac_high_existence": 0.0,
      "prototype_norm_mean": 1.9735390138626099,
      "prototype_norm_std": 0.16793004223169303
    },
    "per_source": {
      "hots": {
        "n": 35,
        "n_pos": 17,
        "n_neg": 18,
        "iou_mean": 0.48197391804526835,
        "iou_median": 0.8098520636558533,
        "iou_p25": 0.0,
        "iou_p75": 0.8165598511695862,
        "contain_mean": 0.5835542363279006,
        "contain_at_iou_50": 0.5882352941176471,
        "contain_at_iou_75": 0.5882352941176471,
        "ap_per_iou": {
          "0.50": 0.24554455445544532,
          "0.55": 0.24554455445544532,
          "0.60": 0.24554455445544532,
          "0.65": 0.24554455445544532,
          "0.70": 0.24554455445544532,
          "0.75": 0.24554455445544532,
          "0.80": 0.2108225437928408,
          "0.85": 0.002475247524752475,
          "0.90": 0.0,
          "0.95": 0.0
        },
        "map_50": 0.24554455445544532,
        "map_75": 0.24554455445544532,
        "map_5095": 0.16865651180502653,
        "map_50_existence_only": 0.24554455445544532,
        "map_5095_existence_only": 0.16864661081492752,
        "map_50_score_only": 0.25330033003300345,
        "map_5095_score_only": 0.17353960396039614,
        "precision_50": 0.375,
        "recall_50": 0.35294117647058826,
        "f1_50": 0.3636363636363636,
        "existence_acc": 0.6857142857142857,
        "existence_acc_pos": 0.6470588235294118,
        "existence_acc_neg": 0.7222222222222222,
        "existence_auroc": 0.7189542483660131,
        "existence_pr_auc": 0.7320128819500455,
        "existence_brier": 0.2324077379862545,
        "existence_f1": 0.3636363636363636,
        "false_positive_rate": 0.2777777777777778,
        "false_negative_rate": 0.35294117647058826,
        "mean_score_pos": 0.5189432081054238,
        "mean_score_neg": 0.4788755029439926,
        "mean_pred_box_area": 0.03458084707547512,
        "frac_pred_box_too_big": 0.0,
        "mean_existence_prob": 0.4983369597366878,
        "frac_high_existence": 0.0,
        "prototype_norm_mean": 1.814549320084708,
        "prototype_norm_std": 0.1158240520054452
      },
      "insdet": {
        "n": 65,
        "n_pos": 29,
        "n_neg": 36,
        "iou_mean": 0.04492578935680975,
        "iou_median": 0.0,
        "iou_p25": 0.0,
        "iou_p75": 0.002876951824873686,
        "contain_mean": 0.3336301158856729,
        "contain_at_iou_50": 0.06896551724137931,
        "contain_at_iou_75": 0.0,
        "ap_per_iou": {
          "0.50": 0.011221122112211223,
          "0.55": 0.0022002200220022,
          "0.60": 0.0022002200220022,
          "0.65": 0.0022002200220022,
          "0.70": 0.0,
          "0.75": 0.0,
          "0.80": 0.0,
          "0.85": 0.0,
          "0.90": 0.0,
          "0.95": 0.0
        },
        "map_50": 0.011221122112211223,
        "map_75": 0.0,
        "map_5095": 0.0017821782178217825,
        "map_50_existence_only": 0.011047420531526835,
        "map_5095_existence_only": 0.0017300677436164666,
        "map_50_score_only": 0.0066006600660066,
        "map_5095_score_only": 0.0012258368694012258,
        "precision_50": 0.0,
        "recall_50": 0.0,
        "f1_50": 0.0,
        "existence_acc": 0.5538461538461539,
        "existence_acc_pos": 0.0,
        "existence_acc_neg": 1.0,
        "existence_auroc": 0.5201149425287356,
        "existence_pr_auc": 0.48957490047958163,
        "existence_brier": 0.2476824741220231,
        "existence_f1": 0.0,
        "false_positive_rate": 0.0,
        "false_negative_rate": 1.0,
        "mean_score_pos": 0.4132559905792105,
        "mean_score_neg": 0.4111730150050587,
        "mean_pred_box_area": 0.15333818167251034,
        "frac_pred_box_too_big": 0.18461538461538463,
        "mean_existence_prob": 0.41210234256891104,
        "frac_high_existence": 0.0,
        "prototype_norm_mean": 2.0591488489737877,
        "prototype_norm_std": 0.12340381424279878
      }
    },
    "tile_cfg": {
      "mode": "off",
      "levels": [
        1,
        2
      ],
      "overlap": 0.3,
      "for_sources": [
        "insdet"
      ],
      "nms_iou": 0.5,
      "top_k": 100,
      "score_combo": "existence_x_score",
      "edge_score_penalty": 0.5,
      "edge_px": 4,
      "merge_partial_boxes": true,
      "merge_min_score": 0.2
    }
  }
}