{
  "stage": "1_2",
  "epoch": 2,
  "fold": 0,
  "wall_clock_seconds": 752.76,
  "lr": {
    "aggregator": 9.893690642410135e-05,
    "existence_head": 9.893690642410135e-05,
    "class_head": 4.9468985290917446e-05,
    "box_head": 4.9468985290917446e-05
  },
  "train": {
    "loss": 0.38085500511430925,
    "focal": 0.07142956398667828,
    "l1": 0.0017133157760385544,
    "giou": 0.023412262239763813,
    "box_loss": 0.05539110254856848,
    "box_area_penalty": 0.004051683720571154,
    "existence_kl": 0.0,
    "margin": 0.5036049812070785,
    "nt_xent": 0.018266812192216035,
    "grad_norm": 1.1436121098456844,
    "n_steps": 62
  },
  "val": {
    "overall": {
      "n": 100,
      "n_pos": 46,
      "n_neg": 54,
      "iou_mean": 0.26888794306875713,
      "iou_median": 0.00018399411055725068,
      "iou_p25": 0.0,
      "iou_p75": 0.7677212655544281,
      "contain_mean": 0.40174187853446475,
      "contain_at_iou_50": 0.32608695652173914,
      "contain_at_iou_75": 0.30434782608695654,
      "ap_per_iou": {
        "0.50": 0.18032300888168434,
        "0.55": 0.18032300888168434,
        "0.60": 0.18032300888168434,
        "0.65": 0.18032300888168434,
        "0.70": 0.16857581542697594,
        "0.75": 0.16857581542697594,
        "0.80": 0.07217150286457218,
        "0.85": 0.034103410341034104,
        "0.90": 0.034103410341034104,
        "0.95": 0.0
      },
      "map_50": 0.18032300888168434,
      "map_75": 0.16857581542697594,
      "map_5095": 0.11988219899273296,
      "map_50_existence_only": 0.17764217627870832,
      "map_5095_existence_only": 0.11856029637298779,
      "map_50_score_only": 0.20155447447947972,
      "map_5095_score_only": 0.13336101690599267,
      "precision_50": 0.5384615384615384,
      "recall_50": 0.15217391304347827,
      "f1_50": 0.23728813559322035,
      "existence_acc": 0.57,
      "existence_acc_pos": 0.17391304347826086,
      "existence_acc_neg": 0.9074074074074074,
      "existence_auroc": 0.6549919484702094,
      "existence_pr_auc": 0.6133098815356632,
      "existence_brier": 0.24041430710101036,
      "existence_f1": 0.23728813559322035,
      "false_positive_rate": 0.09259259259259259,
      "false_negative_rate": 0.8260869565217391,
      "mean_score_pos": 0.4511739151633304,
      "mean_score_neg": 0.42966532872782814,
      "mean_pred_box_area": 0.05874015388428234,
      "frac_pred_box_too_big": 0.06,
      "mean_existence_prob": 0.4395592784881592,
      "frac_high_existence": 0.0,
      "prototype_norm_mean": 2.082575672864914,
      "prototype_norm_std": 0.19592332178706146
    },
    "per_source": {
      "hots": {
        "n": 36,
        "n_pos": 17,
        "n_neg": 19,
        "iou_mean": 0.6725212826448328,
        "iou_median": 0.7860749959945679,
        "iou_p25": 0.7597187161445618,
        "iou_p75": 0.8439508080482483,
        "contain_mean": 0.8013217694619122,
        "contain_at_iou_50": 0.8235294117647058,
        "contain_at_iou_75": 0.8235294117647058,
        "ap_per_iou": {
          "0.50": 0.5152075306052775,
          "0.55": 0.5152075306052775,
          "0.60": 0.5152075306052775,
          "0.65": 0.5152075306052775,
          "0.70": 0.5152075306052775,
          "0.75": 0.5152075306052775,
          "0.80": 0.19457597933706428,
          "0.85": 0.07260726072607261,
          "0.90": 0.07260726072607261,
          "0.95": 0.0
        },
        "map_50": 0.5152075306052775,
        "map_75": 0.5152075306052775,
        "map_5095": 0.34310356844208745,
        "map_50_existence_only": 0.49900158083035207,
        "map_5095_existence_only": 0.33391630220749524,
        "map_50_score_only": 0.606825076328822,
        "map_5095_score_only": 0.40096734841217,
        "precision_50": 0.5384615384615384,
        "recall_50": 0.4117647058823529,
        "f1_50": 0.4666666666666667,
        "existence_acc": 0.6111111111111112,
        "existence_acc_pos": 0.47058823529411764,
        "existence_acc_neg": 0.7368421052631579,
        "existence_auroc": 0.7058823529411765,
        "existence_pr_auc": 0.7163166188741635,
        "existence_brier": 0.23166548569217088,
        "existence_f1": 0.4666666666666667,
        "false_positive_rate": 0.2631578947368421,
        "false_negative_rate": 0.5294117647058824,
        "mean_score_pos": 0.49565162728814516,
        "mean_score_neg": 0.45357825724702133,
        "mean_pred_box_area": 0.02007488334331558,
        "frac_pred_box_too_big": 0.0,
        "mean_existence_prob": 0.4734462375442187,
        "frac_high_existence": 0.0,
        "prototype_norm_mean": 1.9351630277103848,
        "prototype_norm_std": 0.18738549020571774
      },
      "insdet": {
        "n": 64,
        "n_pos": 29,
        "n_neg": 35,
        "iou_mean": 0.03227529573105757,
        "iou_median": 0.0,
        "iou_p25": 0.0,
        "iou_p75": 0.005117112770676613,
        "contain_mean": 0.1675053907494093,
        "contain_at_iou_50": 0.034482758620689655,
        "contain_at_iou_75": 0.0,
        "ap_per_iou": {
          "0.50": 0.009900990099009901,
          "0.55": 0.009900990099009901,
          "0.60": 0.009900990099009901,
          "0.65": 0.009900990099009901,
          "0.70": 0.0,
          "0.75": 0.0,
          "0.80": 0.0,
          "0.85": 0.0,
          "0.90": 0.0,
          "0.95": 0.0
        },
        "map_50": 0.009900990099009901,
        "map_75": 0.0,
        "map_5095": 0.0039603960396039604,
        "map_50_existence_only": 0.009900990099009901,
        "map_5095_existence_only": 0.0039603960396039604,
        "map_50_score_only": 0.005657708628005657,
        "map_5095_score_only": 0.002263083451202263,
        "precision_50": 0.0,
        "recall_50": 0.0,
        "f1_50": 0.0,
        "existence_acc": 0.546875,
        "existence_acc_pos": 0.0,
        "existence_acc_neg": 1.0,
        "existence_auroc": 0.645320197044335,
        "existence_pr_auc": 0.5520174317741453,
        "existence_brier": 0.24533551914348256,
        "existence_f1": 0.0,
        "false_positive_rate": 0.0,
        "false_negative_rate": 1.0,
        "mean_score_pos": 0.42510077357292175,
        "mean_score_neg": 0.41668402467455185,
        "mean_pred_box_area": 0.08048936856357614,
        "frac_pred_box_too_big": 0.09375,
        "mean_existence_prob": 0.4204978640191257,
        "frac_high_existence": 0.0,
        "prototype_norm_mean": 2.1654952857643366,
        "prototype_norm_std": 0.14632550357786617
      }
    },
    "tile_cfg": {
      "mode": "off",
      "levels": [
        1,
        2
      ],
      "overlap": 0.3,
      "for_sources": [
        "insdet"
      ],
      "nms_iou": 0.5,
      "top_k": 100,
      "score_combo": "existence_x_score",
      "edge_score_penalty": 0.5,
      "edge_px": 4,
      "merge_partial_boxes": true,
      "merge_min_score": 0.2
    }
  }
}