{
  "stage": "1_2",
  "epoch": 2,
  "fold": 4,
  "wall_clock_seconds": 307.4,
  "lr": {
    "aggregator": 9.658297484816139e-05,
    "existence_head": 9.658297484816139e-05,
    "class_head": 4.829319764687936e-05,
    "box_head": 4.829319764687936e-05
  },
  "train": {
    "loss": 0.4965196376846683,
    "focal": 0.07031978702833576,
    "l1": 0.01211543747734639,
    "giou": 0.06378365428216996,
    "box_loss": 0.18814449156484297,
    "box_area_penalty": 0.009721351890954294,
    "existence_kl": 0.0,
    "margin": 0.4700264161632907,
    "nt_xent": 0.020700176757189534,
    "grad_norm": 1.3218739378836848,
    "n_steps": 62,
    "aggregator_alpha": -0.02384953387081623
  },
  "val": {
    "overall": {
      "n": 100,
      "n_pos": 46,
      "n_neg": 54,
      "iou_mean": 0.1282790128847726,
      "iou_median": 0.0,
      "iou_p25": 0.0,
      "iou_p75": 0.00881427968852222,
      "contain_mean": 0.29318483870314516,
      "contain_at_iou_50": 0.15217391304347827,
      "contain_at_iou_75": 0.15217391304347827,
      "ap_per_iou": {
        "0.50": 0.029736802872670023,
        "0.55": 0.029736802872670023,
        "0.60": 0.029736802872670023,
        "0.65": 0.029736802872670023,
        "0.70": 0.029736802872670023,
        "0.75": 0.029736802872670023,
        "0.80": 0.029736802872670023,
        "0.85": 0.00055005500550055,
        "0.90": 0.0,
        "0.95": 0.0
      },
      "map_50": 0.029736802872670023,
      "map_75": 0.029736802872670023,
      "map_5095": 0.020870767511419072,
      "map_50_existence_only": 0.03261197548326262,
      "map_5095_existence_only": 0.0228943894389439,
      "map_50_score_only": 0.03339366194683985,
      "map_5095_score_only": 0.023423471379396005,
      "precision_50": 0.2857142857142857,
      "recall_50": 0.043478260869565216,
      "f1_50": 0.07547169811320756,
      "existence_acc": 0.57,
      "existence_acc_pos": 0.10869565217391304,
      "existence_acc_neg": 0.9629629629629629,
      "existence_auroc": 0.6143317230273752,
      "existence_pr_auc": 0.5849216102955292,
      "existence_brier": 0.24192924386333226,
      "existence_f1": 0.07547169811320756,
      "false_positive_rate": 0.037037037037037035,
      "false_negative_rate": 0.8913043478260869,
      "mean_score_pos": 0.4432293980017952,
      "mean_score_neg": 0.42536340598706845,
      "proto_score_pos": 0.9240167387153791,
      "proto_score_neg": 0.8666414534328161,
      "proto_score_gap": 0.05737528528256308,
      "mean_pred_box_area": 0.12895572383422405,
      "frac_pred_box_too_big": 0.06,
      "mean_existence_prob": 0.43358176231384277,
      "frac_high_existence": 0.0,
      "prototype_norm_mean": 2.000071470737457,
      "prototype_norm_std": 0.17685229309169948
    },
    "per_source": {
      "hots": {
        "n": 35,
        "n_pos": 17,
        "n_neg": 18,
        "iou_mean": 0.34200312460170074,
        "iou_median": 0.0,
        "iou_p25": 0.0,
        "iou_p75": 0.8187491297721863,
        "contain_mean": 0.4109496789820054,
        "contain_at_iou_50": 0.4117647058823529,
        "contain_at_iou_75": 0.4117647058823529,
        "ap_per_iou": {
          "0.50": 0.14871869539895166,
          "0.55": 0.14871869539895166,
          "0.60": 0.14871869539895166,
          "0.65": 0.14871869539895166,
          "0.70": 0.14871869539895166,
          "0.75": 0.14871869539895166,
          "0.80": 0.14871869539895166,
          "0.85": 0.0039603960396039604,
          "0.90": 0.0,
          "0.95": 0.0
        },
        "map_50": 0.14871869539895166,
        "map_75": 0.14871869539895166,
        "map_5095": 0.10449912638322656,
        "map_50_existence_only": 0.15553555355535556,
        "map_5095_existence_only": 0.10929921563584932,
        "map_50_score_only": 0.15326732673267332,
        "map_5095_score_only": 0.10768316831683171,
        "precision_50": 0.4,
        "recall_50": 0.11764705882352941,
        "f1_50": 0.1818181818181818,
        "existence_acc": 0.6,
        "existence_acc_pos": 0.23529411764705882,
        "existence_acc_neg": 0.9444444444444444,
        "existence_auroc": 0.7581699346405228,
        "existence_pr_auc": 0.7462188442208533,
        "existence_brier": 0.23227313060433508,
        "existence_f1": 0.1818181818181818,
        "false_positive_rate": 0.05555555555555555,
        "false_negative_rate": 0.7647058823529411,
        "mean_score_pos": 0.45717314762227673,
        "mean_score_neg": 0.4103815373447206,
        "proto_score_pos": 0.8686772970592275,
        "proto_score_neg": 0.706785319166051,
        "proto_score_gap": 0.16189197789317644,
        "mean_pred_box_area": 0.06174988493855511,
        "frac_pred_box_too_big": 0.02857142857142857,
        "mean_existence_prob": 0.43310889090810506,
        "frac_high_existence": 0.0,
        "prototype_norm_mean": 1.8276440211704799,
        "prototype_norm_std": 0.15854549542015003
      },
      "insdet": {
        "n": 65,
        "n_pos": 29,
        "n_neg": 36,
        "iou_mean": 0.0029924646369181573,
        "iou_median": 0.0,
        "iou_p25": 0.0,
        "iou_p75": 0.002260671928524971,
        "contain_mean": 0.224150277160365,
        "contain_at_iou_50": 0.0,
        "contain_at_iou_75": 0.0,
        "ap_per_iou": {
          "0.50": 0.0,
          "0.55": 0.0,
          "0.60": 0.0,
          "0.65": 0.0,
          "0.70": 0.0,
          "0.75": 0.0,
          "0.80": 0.0,
          "0.85": 0.0,
          "0.90": 0.0,
          "0.95": 0.0
        },
        "map_50": 0.0,
        "map_75": 0.0,
        "map_5095": 0.0,
        "map_50_existence_only": 0.0,
        "map_5095_existence_only": 0.0,
        "map_50_score_only": 0.0,
        "map_5095_score_only": 0.0,
        "precision_50": 0.0,
        "recall_50": 0.0,
        "f1_50": 0.0,
        "existence_acc": 0.5538461538461539,
        "existence_acc_pos": 0.034482758620689655,
        "existence_acc_neg": 0.9722222222222222,
        "existence_auroc": 0.5038314176245211,
        "existence_pr_auc": 0.47879843799350547,
        "existence_brier": 0.24712868946433078,
        "existence_f1": 0.0,
        "false_positive_rate": 0.027777777777777776,
        "false_negative_rate": 0.9655172413793104,
        "mean_score_pos": 0.4350554758104785,
        "mean_score_neg": 0.4328543403082424,
        "proto_score_pos": 0.956457101065537,
        "proto_score_neg": 0.9465695205661986,
        "proto_score_gap": 0.009887580499338466,
        "mean_pred_box_area": 0.16514348323958425,
        "frac_pred_box_too_big": 0.07692307692307693,
        "mean_existence_prob": 0.4338363853784708,
        "frac_high_existence": 0.0,
        "prototype_norm_mean": 2.092917020504291,
        "prototype_norm_std": 0.10006541365221053
      }
    },
    "tile_cfg": {
      "mode": "off",
      "levels": [
        1,
        2
      ],
      "overlap": 0.3,
      "for_sources": [
        "insdet"
      ],
      "nms_iou": 0.5,
      "top_k": 100,
      "score_combo": "existence_x_score",
      "edge_score_penalty": 0.5,
      "edge_px": 4,
      "merge_partial_boxes": true,
      "merge_min_score": 0.2
    }
  }
}