{
  "stage": "1_2",
  "epoch": 2,
  "fold": 2,
  "wall_clock_seconds": 716.75,
  "lr": {
    "aggregator": 9.79234527487897e-05,
    "existence_head": 9.79234527487897e-05,
    "class_head": 4.8962765687333365e-05,
    "box_head": 4.8962765687333365e-05
  },
  "train": {
    "loss": 0.5326208439805815,
    "focal": 0.06964872555146294,
    "l1": 0.009007788113047999,
    "giou": 0.09403025334881197,
    "box_loss": 0.23309944666201068,
    "box_area_penalty": 0.003073448589402101,
    "existence_kl": 0.0,
    "margin": 0.45774235263947516,
    "nt_xent": 0.006941572042001832,
    "grad_norm": 1.3807858151774253,
    "n_steps": 62
  },
  "val": {
    "overall": {
      "n": 100,
      "n_pos": 56,
      "n_neg": 44,
      "iou_mean": 0.21416260296246037,
      "iou_median": 0.00278363935649395,
      "iou_p25": 0.0,
      "iou_p75": 0.2638861332088709,
      "contain_mean": 0.5252746380865574,
      "contain_at_iou_50": 0.25,
      "contain_at_iou_75": 0.23214285714285715,
      "ap_per_iou": {
        "0.50": 0.19591412343204764,
        "0.55": 0.19591412343204764,
        "0.60": 0.19591412343204764,
        "0.65": 0.19591412343204764,
        "0.70": 0.19591412343204764,
        "0.75": 0.18658865886588658,
        "0.80": 0.13971397139713976,
        "0.85": 0.04271570014144272,
        "0.90": 0.0066006600660066,
        "0.95": 0.0
      },
      "map_50": 0.19591412343204764,
      "map_75": 0.18658865886588658,
      "map_5095": 0.1355189607630714,
      "map_50_existence_only": 0.19809096659191533,
      "map_5095_existence_only": 0.1367210554072485,
      "map_50_score_only": 0.19731337682263214,
      "map_5095_score_only": 0.13860448417675725,
      "precision_50": 0.6666666666666666,
      "recall_50": 0.17857142857142858,
      "f1_50": 0.28169014084507044,
      "existence_acc": 0.55,
      "existence_acc_pos": 0.23214285714285715,
      "existence_acc_neg": 0.9545454545454546,
      "existence_auroc": 0.7504058441558441,
      "existence_pr_auc": 0.806162554355307,
      "existence_brier": 0.23792212244110864,
      "existence_f1": 0.28169014084507044,
      "false_positive_rate": 0.045454545454545456,
      "false_negative_rate": 0.7678571428571429,
      "mean_score_pos": 0.47063383353607996,
      "mean_score_neg": 0.4206886630166661,
      "mean_pred_box_area": 0.19282152379862963,
      "frac_pred_box_too_big": 0.22,
      "mean_existence_prob": 0.44865795850753787,
      "frac_high_existence": 0.0,
      "prototype_norm_mean": 2.0375573790073394,
      "prototype_norm_std": 0.1580653540386781
    },
    "per_source": {
      "hots": {
        "n": 35,
        "n_pos": 18,
        "n_neg": 17,
        "iou_mean": 0.6024978889359368,
        "iou_median": 0.8103209733963013,
        "iou_p25": 0.18754002451896667,
        "iou_p75": 0.857095867395401,
        "contain_mean": 0.7057833704683516,
        "contain_at_iou_50": 0.7222222222222222,
        "contain_at_iou_75": 0.7222222222222222,
        "ap_per_iou": {
          "0.50": 0.6083129741545584,
          "0.55": 0.6083129741545584,
          "0.60": 0.6083129741545584,
          "0.65": 0.6083129741545584,
          "0.70": 0.6083129741545584,
          "0.75": 0.6083129741545584,
          "0.80": 0.4503378909319503,
          "0.85": 0.13033946251768036,
          "0.90": 0.0198019801980198,
          "0.95": 0.0
        },
        "map_50": 0.6083129741545584,
        "map_75": 0.6083129741545584,
        "map_5095": 0.4250357178575001,
        "map_50_existence_only": 0.6059555955595559,
        "map_5095_existence_only": 0.4232818281828183,
        "map_50_score_only": 0.6405559786747902,
        "map_5095_score_only": 0.45201643993202073,
        "precision_50": 0.6666666666666666,
        "recall_50": 0.5555555555555556,
        "f1_50": 0.606060606060606,
        "existence_acc": 0.8,
        "existence_acc_pos": 0.7222222222222222,
        "existence_acc_neg": 0.8823529411764706,
        "existence_auroc": 0.9411764705882353,
        "existence_pr_auc": 0.9289093736978153,
        "existence_brier": 0.1959400307995406,
        "existence_f1": 0.606060606060606,
        "false_positive_rate": 0.11764705882352941,
        "false_negative_rate": 0.2777777777777778,
        "mean_score_pos": 0.5467755794525146,
        "mean_score_neg": 0.42437312708181496,
        "mean_pred_box_area": 0.06694387392407017,
        "frac_pred_box_too_big": 0.02857142857142857,
        "mean_existence_prob": 0.4873229597296034,
        "frac_high_existence": 0.0,
        "prototype_norm_mean": 1.9354439667293004,
        "prototype_norm_std": 0.11835989163772313
      },
      "insdet": {
        "n": 65,
        "n_pos": 38,
        "n_neg": 27,
        "iou_mean": 0.030214309606603103,
        "iou_median": 0.0007592771435156465,
        "iou_p25": 0.0,
        "iou_p75": 0.005313292029313743,
        "contain_mean": 0.43977050169518117,
        "contain_at_iou_50": 0.02631578947368421,
        "contain_at_iou_75": 0.0,
        "ap_per_iou": {
          "0.50": 0.0027002700270027003,
          "0.55": 0.0027002700270027003,
          "0.60": 0.0027002700270027003,
          "0.65": 0.0027002700270027003,
          "0.70": 0.0027002700270027003,
          "0.75": 0.0,
          "0.80": 0.0,
          "0.85": 0.0,
          "0.90": 0.0,
          "0.95": 0.0
        },
        "map_50": 0.0027002700270027003,
        "map_75": 0.0,
        "map_5095": 0.0013501350135013501,
        "map_50_existence_only": 0.0027002700270027003,
        "map_5095_existence_only": 0.0013501350135013501,
        "map_50_score_only": 0.0021216407355021216,
        "map_5095_score_only": 0.0010608203677510608,
        "precision_50": 0.0,
        "recall_50": 0.0,
        "f1_50": 0.0,
        "existence_acc": 0.4153846153846154,
        "existence_acc_pos": 0.0,
        "existence_acc_neg": 1.0,
        "existence_auroc": 0.6491228070175439,
        "existence_pr_auc": 0.7445740408165755,
        "existence_brier": 0.2605278640942607,
        "existence_f1": 0.0,
        "false_positive_rate": 0.0,
        "false_negative_rate": 1.0,
        "mean_score_pos": 0.43456669073355825,
        "mean_score_neg": 0.4183688152719427,
        "mean_pred_box_area": 0.2606017968080078,
        "frac_pred_box_too_big": 0.3230769230769231,
        "mean_existence_prob": 0.42783834246488717,
        "frac_high_existence": 0.0,
        "prototype_norm_mean": 2.0925415240801297,
        "prototype_norm_std": 0.14977644366291054
      }
    },
    "tile_cfg": {
      "mode": "off",
      "levels": [
        1,
        2
      ],
      "overlap": 0.3,
      "for_sources": [
        "insdet"
      ],
      "nms_iou": 0.5,
      "top_k": 100,
      "score_combo": "existence_x_score",
      "edge_score_penalty": 0.5,
      "edge_px": 4,
      "merge_partial_boxes": true,
      "merge_min_score": 0.2
    }
  }
}