{
  "stage": "1_2",
  "epoch": 2,
  "fold": 2,
  "wall_clock_seconds": 304.43,
  "lr": {
    "aggregator": 9.79234527487897e-05,
    "existence_head": 9.79234527487897e-05,
    "class_head": 4.8962765687333365e-05,
    "box_head": 4.8962765687333365e-05
  },
  "train": {
    "loss": 0.9407464136039058,
    "focal": 0.07272851545243494,
    "l1": 0.024560972837911497,
    "giou": 0.2566013499613731,
    "box_loss": 0.6360075642024318,
    "box_area_penalty": 0.007010094554824454,
    "existence_kl": 0.0,
    "margin": 0.461019677500571,
    "nt_xent": 0.00799490186956621,
    "grad_norm": 2.080200664458736,
    "n_steps": 62,
    "aggregator_alpha": -0.02336195297539234
  },
  "val": {
    "overall": {
      "n": 100,
      "n_pos": 56,
      "n_neg": 44,
      "iou_mean": 0.19953351085132454,
      "iou_median": 0.0031806615879759192,
      "iou_p25": 0.0,
      "iou_p75": 0.06991340592503548,
      "contain_mean": 0.566461194306612,
      "contain_at_iou_50": 0.23214285714285715,
      "contain_at_iou_75": 0.21428571428571427,
      "ap_per_iou": {
        "0.50": 0.18839383938393836,
        "0.55": 0.18839383938393836,
        "0.60": 0.18839383938393836,
        "0.65": 0.18839383938393836,
        "0.70": 0.18839383938393836,
        "0.75": 0.17049871653832055,
        "0.80": 0.14255592225889258,
        "0.85": 0.03813714704803814,
        "0.90": 0.0066006600660066,
        "0.95": 0.0
      },
      "map_50": 0.18839383938393836,
      "map_75": 0.17049871653832055,
      "map_5095": 0.12997616428309497,
      "map_50_existence_only": 0.18949576276308946,
      "map_5095_existence_only": 0.13042086259908042,
      "map_50_score_only": 0.18166557157235483,
      "map_5095_score_only": 0.12778397763203958,
      "precision_50": 0.5882352941176471,
      "recall_50": 0.17857142857142858,
      "f1_50": 0.273972602739726,
      "existence_acc": 0.57,
      "existence_acc_pos": 0.26785714285714285,
      "existence_acc_neg": 0.9545454545454546,
      "existence_auroc": 0.6919642857142857,
      "existence_pr_auc": 0.7606496992495159,
      "existence_brier": 0.24364354266909102,
      "existence_f1": 0.273972602739726,
      "false_positive_rate": 0.045454545454545456,
      "false_negative_rate": 0.7321428571428571,
      "mean_score_pos": 0.4631266029817717,
      "mean_score_neg": 0.42377186566591263,
      "proto_score_pos": 0.9708452416317803,
      "proto_score_neg": 0.9194964197548953,
      "proto_score_gap": 0.051348821876885054,
      "mean_pred_box_area": 0.3101079332502559,
      "frac_pred_box_too_big": 0.32,
      "mean_existence_prob": 0.44581051856279375,
      "frac_high_existence": 0.0,
      "prototype_norm_mean": 2.1302860820293428,
      "prototype_norm_std": 0.1984578123610393
    },
    "per_source": {
      "hots": {
        "n": 35,
        "n_pos": 18,
        "n_neg": 17,
        "iou_mean": 0.6044447161257267,
        "iou_median": 0.8119809627532959,
        "iou_p25": 0.20102567039430141,
        "iou_p75": 0.8582814037799835,
        "contain_mean": 0.7609080970287323,
        "contain_at_iou_50": 0.7222222222222222,
        "contain_at_iou_75": 0.6666666666666666,
        "ap_per_iou": {
          "0.50": 0.6330658927961759,
          "0.55": 0.6330658927961759,
          "0.60": 0.6330658927961759,
          "0.65": 0.6330658927961759,
          "0.70": 0.6330658927961759,
          "0.75": 0.565308039424632,
          "0.80": 0.4649589958995899,
          "0.85": 0.1212308730873087,
          "0.90": 0.0198019801980198,
          "0.95": 0.0
        },
        "map_50": 0.6330658927961759,
        "map_75": 0.565308039424632,
        "map_5095": 0.433662935259043,
        "map_50_existence_only": 0.6310561056105609,
        "map_5095_existence_only": 0.4320407040704069,
        "map_50_score_only": 0.6450885236306877,
        "map_5095_score_only": 0.44928012197771483,
        "precision_50": 0.7692307692307693,
        "recall_50": 0.5555555555555556,
        "f1_50": 0.6451612903225806,
        "existence_acc": 0.7428571428571429,
        "existence_acc_pos": 0.6111111111111112,
        "existence_acc_neg": 0.8823529411764706,
        "existence_auroc": 0.8856209150326797,
        "existence_pr_auc": 0.8796440451342413,
        "existence_brier": 0.20817517074572742,
        "existence_f1": 0.6451612903225806,
        "false_positive_rate": 0.11764705882352941,
        "false_negative_rate": 0.3888888888888889,
        "mean_score_pos": 0.5211060212718116,
        "mean_score_neg": 0.4218248830122106,
        "proto_score_pos": 0.9866079423162673,
        "proto_score_neg": 0.8609364067806917,
        "proto_score_gap": 0.12567153553557553,
        "mean_pred_box_area": 0.15307841782591172,
        "frac_pred_box_too_big": 0.11428571428571428,
        "mean_existence_prob": 0.4728837541171483,
        "frac_high_existence": 0.0,
        "prototype_norm_mean": 2.04684465272086,
        "prototype_norm_std": 0.22820892973473395
      },
      "insdet": {
        "n": 65,
        "n_pos": 38,
        "n_neg": 27,
        "iou_mean": 0.007733466247660353,
        "iou_median": 0.001106715586502105,
        "iou_p25": 0.0,
        "iou_p75": 0.005315305199474096,
        "contain_mean": 0.47435476670139715,
        "contain_at_iou_50": 0.0,
        "contain_at_iou_75": 0.0,
        "ap_per_iou": {
          "0.50": 0.0,
          "0.55": 0.0,
          "0.60": 0.0,
          "0.65": 0.0,
          "0.70": 0.0,
          "0.75": 0.0,
          "0.80": 0.0,
          "0.85": 0.0,
          "0.90": 0.0,
          "0.95": 0.0
        },
        "map_50": 0.0,
        "map_75": 0.0,
        "map_5095": 0.0,
        "map_50_existence_only": 0.0,
        "map_5095_existence_only": 0.0,
        "map_50_score_only": 0.0,
        "map_5095_score_only": 0.0,
        "precision_50": 0.0,
        "recall_50": 0.0,
        "f1_50": 0.0,
        "existence_acc": 0.47692307692307695,
        "existence_acc_pos": 0.10526315789473684,
        "existence_acc_neg": 1.0,
        "existence_auroc": 0.5818713450292398,
        "existence_pr_auc": 0.7061902590438726,
        "existence_brier": 0.2627418967816714,
        "existence_f1": 0.0,
        "false_positive_rate": 0.0,
        "false_negative_rate": 0.8947368421052632,
        "mean_score_pos": 0.4356626680022792,
        "mean_score_neg": 0.4249977436330583,
        "proto_score_pos": 0.9633786992022866,
        "proto_score_neg": 0.9563675390349494,
        "proto_score_gap": 0.00701116016733716,
        "mean_pred_box_area": 0.3946622877095181,
        "frac_pred_box_too_big": 0.4307692307692308,
        "mean_existence_prob": 0.4312326224950644,
        "frac_high_existence": 0.0,
        "prototype_norm_mean": 2.1752160824262177,
        "prototype_norm_std": 0.16552783704091273
      }
    },
    "tile_cfg": {
      "mode": "off",
      "levels": [
        1,
        2
      ],
      "overlap": 0.3,
      "for_sources": [
        "insdet"
      ],
      "nms_iou": 0.5,
      "top_k": 100,
      "score_combo": "existence_x_score",
      "edge_score_penalty": 0.5,
      "edge_px": 4,
      "merge_partial_boxes": true,
      "merge_min_score": 0.2
    }
  }
}