{
  "stage": "L3",
  "epoch": 4,
  "fold": 2,
  "wall_clock_seconds": 482.83,
  "lr": {
    "fusion": 2.709872412820006e-05,
    "class_head": 1.0867026255534708e-05,
    "box_head": 1.0867026255534708e-05,
    "lora": 5.41515539159757e-05
  },
  "train": {
    "loss": 4.000418323993683,
    "patch_ce": 2.2724108276367185,
    "l1": 0.037283987276256085,
    "giou": 0.77079376912117,
    "grad_norm": 15.395996002197265,
    "n_steps": 250,
    "alpha": 0.05393281951546669
  },
  "val": {
    "overall": {
      "n": 100,
      "n_pos": 100,
      "iou_mean": 0.5112967552617192,
      "iou_median": 0.5794999003410339,
      "iou_p25": 0.056482710875570774,
      "iou_p75": 0.8996269404888153,
      "iou_std": 0.3881750260251999,
      "frac_iou_25": 0.64,
      "frac_iou_50": 0.54,
      "frac_iou_75": 0.45,
      "frac_iou_90": 0.25,
      "containment_mean": 0.5490805662795901,
      "containment_median": 0.6292100548744202,
      "containment_p25": 0.0728898923844099,
      "containment_p75": 0.9517075419425964,
      "containment_std": 0.40861108010628294,
      "frac_containment_50": 0.56,
      "frac_containment_75": 0.47,
      "frac_containment_90": 0.39,
      "frac_containment_full": 0.07,
      "contain_at_iou_50": 0.54,
      "contain_at_iou_75": 0.45,
      "high_contain_high_iou": 0.39,
      "ap_per_iou": {
        "0.50": 0.3832626602617504,
        "0.55": 0.3635853465061327,
        "0.60": 0.33453015432536254,
        "0.65": 0.31493035579841155,
        "0.70": 0.3047507378448115,
        "0.75": 0.3047507378448115,
        "0.80": 0.2811783147660277,
        "0.85": 0.241666685512427,
        "0.90": 0.10519960565931323,
        "0.95": 0.0015789473684210526
      },
      "map_50": 0.3832626602617504,
      "map_75": 0.3047507378448115,
      "map_5095": 0.26354335458874695,
      "map_50_containment": 0.4108117045002738,
      "map_90_containment": 0.2560714828121093,
      "mean_pred_box_area": 0.005938676155503121,
      "std_pred_box_area": 0.013701307304269297,
      "frac_pred_box_too_big": 0.0,
      "frac_pred_box_too_small": 0.79,
      "mean_gt_box_area": 0.011311714055563788,
      "pred_to_gt_area_ratio_mean": 0.881793379235668,
      "pred_to_gt_area_ratio_median": 0.9377959299709182,
      "log_area_ratio_mean": -0.46229457691383247,
      "log_area_ratio_std": 0.9568923913108897,
      "center_distance_mean": 0.05708033511865216,
      "center_distance_median": 0.005658693082331922,
      "score_mean": 0.8288297239691019,
      "score_std": 0.20493831824705636,
      "score_p25": 0.7828484922647476,
      "score_p75": 0.9767657220363617,
      "score_iou_correlation": 0.3147228262511462
    },
    "per_source": {
      "hots": {
        "n": 36,
        "n_pos": 36,
        "iou_mean": 0.617932735528383,
        "iou_median": 0.8590906858444214,
        "iou_p25": 0.1323677934706211,
        "iou_p75": 0.9047528058290482,
        "iou_std": 0.3874384809603475,
        "frac_iou_25": 0.7222222222222222,
        "frac_iou_50": 0.6666666666666666,
        "frac_iou_75": 0.6388888888888888,
        "frac_iou_90": 0.3055555555555556,
        "containment_mean": 0.6433625564806991,
        "containment_median": 0.8965485394001007,
        "containment_p25": 0.1323677934706211,
        "containment_p75": 0.9580272734165192,
        "containment_std": 0.4067766619659914,
        "frac_containment_50": 0.6666666666666666,
        "frac_containment_75": 0.6388888888888888,
        "frac_containment_90": 0.5,
        "frac_containment_full": 0.027777777777777776,
        "contain_at_iou_50": 0.6666666666666666,
        "contain_at_iou_75": 0.6388888888888888,
        "high_contain_high_iou": 0.5,
        "ap_per_iou": {
          "0.50": 0.5310230464733816,
          "0.55": 0.5310230464733816,
          "0.60": 0.5310230464733816,
          "0.65": 0.5020505497239597,
          "0.70": 0.5020505497239597,
          "0.75": 0.5020505497239597,
          "0.80": 0.4331764278687239,
          "0.85": 0.3692923327855839,
          "0.90": 0.12922608050278706,
          "0.95": 0.0036003600360036006
        },
        "map_50": 0.5310230464733816,
        "map_75": 0.5020505497239597,
        "map_5095": 0.40345159897851224,
        "map_50_containment": 0.5310230464733816,
        "map_90_containment": 0.376784783741532,
        "mean_pred_box_area": 0.013668267714046835,
        "std_pred_box_area": 0.02054505342187011,
        "frac_pred_box_too_big": 0.0,
        "frac_pred_box_too_small": 0.5,
        "mean_gt_box_area": 0.026586167934939217,
        "pred_to_gt_area_ratio_mean": 0.7434292090394958,
        "pred_to_gt_area_ratio_median": 0.9413122895974441,
        "log_area_ratio_mean": -0.5953269797262742,
        "log_area_ratio_std": 1.0221189536438489,
        "center_distance_mean": 0.07036767137550383,
        "center_distance_median": 0.004691747596192047,
        "score_mean": 0.9034854513075616,
        "score_std": 0.16581341485081233,
        "score_p25": 0.9008017033338547,
        "score_p75": 0.9931233674287796,
        "score_iou_correlation": 0.4645432345911669
      },
      "insdet": {
        "n": 64,
        "n_pos": 64,
        "iou_mean": 0.45131401636172086,
        "iou_median": 0.41504397988319397,
        "iou_p25": 0.049343936145305634,
        "iou_p75": 0.8814948052167892,
        "iou_std": 0.3784654318881225,
        "frac_iou_25": 0.59375,
        "frac_iou_50": 0.46875,
        "frac_iou_75": 0.34375,
        "frac_iou_90": 0.21875,
        "containment_mean": 0.4960469467914663,
        "containment_median": 0.4982399344444275,
        "containment_p25": 0.07072250638157129,
        "containment_p75": 0.931476816534996,
        "containment_std": 0.40312220171105123,
        "frac_containment_50": 0.5,
        "frac_containment_75": 0.375,
        "frac_containment_90": 0.328125,
        "frac_containment_full": 0.09375,
        "contain_at_iou_50": 0.46875,
        "contain_at_iou_75": 0.34375,
        "high_contain_high_iou": 0.328125,
        "ap_per_iou": {
          "0.50": 0.2816830590627285,
          "0.55": 0.2517073370474841,
          "0.60": 0.2109756172956486,
          "0.65": 0.19542360056572763,
          "0.70": 0.18267816552661273,
          "0.75": 0.18267816552661273,
          "0.80": 0.18267816552661273,
          "0.85": 0.16165003887776164,
          "0.90": 0.10250530201025249,
          "0.95": 0.000825082508250825
        },
        "map_50": 0.2816830590627285,
        "map_75": 0.18267816552661273,
        "map_5095": 0.1752804533947692,
        "map_50_containment": 0.33166495468173257,
        "map_90_containment": 0.17541743945400548,
        "mean_pred_box_area": 0.0015907809038222824,
        "std_pred_box_area": 0.002674506972845835,
        "frac_pred_box_too_big": 0.0,
        "frac_pred_box_too_small": 0.953125,
        "mean_gt_box_area": 0.0027198337484151125,
        "pred_to_gt_area_ratio_mean": 0.9596232249710148,
        "pred_to_gt_area_ratio_median": 0.9377959299709182,
        "log_area_ratio_mean": -0.3874638503318339,
        "log_area_ratio_std": 0.9179663533555195,
        "center_distance_mean": 0.0496062084741731,
        "center_distance_median": 0.0062253965708722716,
        "score_mean": 0.7868358773412183,
        "score_std": 0.2138895464425335,
        "score_p25": 0.6889189183712006,
        "score_p75": 0.958926796913147,
        "score_iou_correlation": 0.19340207263551604
      }
    },
    "per_k": {
      "k1": {
        "n": 34,
        "n_pos": 34,
        "iou_mean": 0.5085265046971685,
        "iou_median": 0.5669096112251282,
        "iou_p25": 0.05158369243144989,
        "iou_p75": 0.8909516036510468,
        "iou_std": 0.3847954492150695,
        "frac_iou_25": 0.6764705882352942,
        "frac_iou_50": 0.5588235294117647,
        "frac_iou_75": 0.4411764705882353,
        "frac_iou_90": 0.20588235294117646,
        "containment_mean": 0.5621712446651038,
        "containment_median": 0.6269554197788239,