{
  "stage": "L3",
  "epoch": 4,
  "fold": 1,
  "wall_clock_seconds": 483.93,
  "lr": {
    "fusion": 3.0493755833900023e-05,
    "class_head": 1.2220956735362951e-05,
    "box_head": 1.2220956735362951e-05,
    "lora": 6.0948420998128516e-05
  },
  "train": {
    "loss": 3.8998757762908935,
    "patch_ce": 2.213441680908203,
    "l1": 0.03188311001844704,
    "giou": 0.7635092718601226,
    "grad_norm": 14.656523986816406,
    "n_steps": 250,
    "alpha": 0.05380164459347725
  },
  "val": {
    "overall": {
      "n": 100,
      "n_pos": 100,
      "iou_mean": 0.5406765370070934,
      "iou_median": 0.7556264102458954,
      "iou_p25": 0.0,
      "iou_p75": 0.8682239204645157,
      "iou_std": 0.3809808668377427,
      "frac_iou_25": 0.69,
      "frac_iou_50": 0.61,
      "frac_iou_75": 0.5,
      "frac_iou_90": 0.13,
      "containment_mean": 0.6241926598548889,
      "containment_median": 0.8969254493713379,
      "containment_p25": 0.0,
      "containment_p75": 0.9899760037660599,
      "containment_std": 0.42840318320802334,
      "frac_containment_50": 0.64,
      "frac_containment_75": 0.59,
      "frac_containment_90": 0.48,
      "frac_containment_full": 0.25,
      "contain_at_iou_50": 0.61,
      "contain_at_iou_75": 0.5,
      "high_contain_high_iou": 0.47,
      "ap_per_iou": {
        "0.50": 0.4821594778473566,
        "0.55": 0.4722959569508953,
        "0.60": 0.4448302856701832,
        "0.65": 0.4448302856701832,
        "0.70": 0.41798550119233924,
        "0.75": 0.3745863430356875,
        "0.80": 0.3037617124592144,
        "0.85": 0.1948456267158285,
        "0.90": 0.04553704881251336,
        "0.95": 0.0010046666767133334
      },
      "map_50": 0.4821594778473566,
      "map_75": 0.3745863430356875,
      "map_5095": 0.3181836905030915,
      "map_50_containment": 0.5331510381450479,
      "map_90_containment": 0.34057596746984803,
      "mean_pred_box_area": 0.01192729082143394,
      "std_pred_box_area": 0.06629817450438646,
      "frac_pred_box_too_big": 0.01,
      "frac_pred_box_too_small": 0.75,
      "mean_gt_box_area": 0.007018823211564449,
      "pred_to_gt_area_ratio_mean": 1.1516012128048825,
      "pred_to_gt_area_ratio_median": 1.035997855289163,
      "log_area_ratio_mean": -0.09208243198682356,
      "log_area_ratio_std": 0.6635226203518891,
      "center_distance_mean": 0.0848091210967757,
      "center_distance_median": 0.004113435698707485,
      "score_mean": 0.893539919257164,
      "score_std": 0.1312998037006392,
      "score_p25": 0.839263841509819,
      "score_p75": 0.9914620071649551,
      "score_iou_correlation": 0.263477122284881
    },
    "per_source": {
      "hots": {
        "n": 36,
        "n_pos": 36,
        "iou_mean": 0.5772451853586568,
        "iou_median": 0.7999463081359863,
        "iou_p25": 0.22786053642630577,
        "iou_p75": 0.8635732680559158,
        "iou_std": 0.36955118254942915,
        "frac_iou_25": 0.75,
        "frac_iou_50": 0.6111111111111112,
        "frac_iou_75": 0.5277777777777778,
        "frac_iou_90": 0.1111111111111111,
        "containment_mean": 0.6629814199275441,
        "containment_median": 0.8977384865283966,
        "containment_p25": 0.3202272579073906,
        "containment_p75": 0.9915151298046112,
        "containment_std": 0.4077024155579036,
        "frac_containment_50": 0.6388888888888888,
        "frac_containment_75": 0.6388888888888888,
        "frac_containment_90": 0.4722222222222222,
        "frac_containment_full": 0.25,
        "contain_at_iou_50": 0.6111111111111112,
        "contain_at_iou_75": 0.5277777777777778,
        "high_contain_high_iou": 0.4444444444444444,
        "ap_per_iou": {
          "0.50": 0.45798174645050743,
          "0.55": 0.45798174645050743,
          "0.60": 0.45798174645050743,
          "0.65": 0.45798174645050743,
          "0.70": 0.45798174645050743,
          "0.75": 0.39288011029219644,
          "0.80": 0.35875948337539343,
          "0.85": 0.23311152070114174,
          "0.90": 0.040504050405040494,
          "0.95": 0.0009000900090009002
        },
        "map_50": 0.45798174645050743,
        "map_75": 0.39288011029219644,
        "map_5095": 0.33160639870353104,
        "map_50_containment": 0.47998265343775715,
        "map_90_containment": 0.30275737657799395,
        "mean_pred_box_area": 0.03074031884224577,
        "std_pred_box_area": 0.10890876977284455,
        "frac_pred_box_too_big": 0.027777777777777776,
        "frac_pred_box_too_small": 0.3888888888888889,
        "mean_gt_box_area": 0.01671095119354302,
        "pred_to_gt_area_ratio_mean": 1.4123117182382143,
        "pred_to_gt_area_ratio_median": 0.9973206670191357,
        "log_area_ratio_mean": -0.09263374212740079,
        "log_area_ratio_std": 0.9105091891081026,
        "center_distance_mean": 0.11913342130191758,
        "center_distance_median": 0.005198415683334002,
        "score_mean": 0.9438556051916547,
        "score_std": 0.07349870397272691,
        "score_p25": 0.9214577376842499,
        "score_p75": 0.9950056970119476,
        "score_iou_correlation": -0.05012268681458112
      },
      "insdet": {
        "n": 64,
        "n_pos": 64,
        "iou_mean": 0.520106672309339,
        "iou_median": 0.7039454579353333,
        "iou_p25": 0.0,
        "iou_p75": 0.8727843165397644,
        "iou_std": 0.38861560915030097,
        "frac_iou_25": 0.65625,
        "frac_iou_50": 0.609375,
        "frac_iou_75": 0.484375,
        "frac_iou_90": 0.140625,
        "containment_mean": 0.6023739823140204,
        "containment_median": 0.8938344717025757,
        "containment_p25": 0.0,
        "containment_p75": 0.9873479306697845,
        "containment_std": 0.44126483820114815,
        "frac_containment_50": 0.640625,
        "frac_containment_75": 0.5625,
        "frac_containment_90": 0.484375,
        "frac_containment_full": 0.25,
        "contain_at_iou_50": 0.609375,
        "contain_at_iou_75": 0.484375,
        "high_contain_high_iou": 0.484375,
        "ap_per_iou": {
          "0.50": 0.5003659100979373,
          "0.55": 0.4867596799694299,
          "0.60": 0.43737997276794055,
          "0.65": 0.43737997276794055,
          "0.70": 0.39223712107832875,
          "0.75": 0.36152940225341224,
          "0.80": 0.27382902618761257,
          "0.85": 0.17608756754796348,
          "0.90": 0.05769291214835769,
          "0.95": 0.0013201320132013201
        },
        "map_50": 0.5003659100979373,
        "map_75": 0.36152940225341224,
        "map_5095": 0.31245816968321244,
        "map_50_containment": 0.5688967129811403,
        "map_90_containment": 0.37375534845051667,
        "mean_pred_box_area": 0.0013449625597272846,
        "std_pred_box_area": 0.0012697821166432835,
        "frac_pred_box_too_big": 0.0,
        "frac_pred_box_too_small": 0.953125,
        "mean_gt_box_area": 0.0015670012217015028,
        "pred_to_gt_area_ratio_mean": 1.0049515534986335,
        "pred_to_gt_area_ratio_median": 1.0485073427263871,
        "log_area_ratio_mean": -0.09177232003274885,
        "log_area_ratio_std": 0.48090528035795466,
        "center_distance_mean": 0.0655017022313834,
        "center_distance_median": 0.002691664608491873,
        "score_mean": 0.865237345919013,
        "score_std": 0.14774741346057702,
        "score_p25": 0.7926191985607147,
        "score_p75": 0.9874976128339767,
        "score_iou_correlation": 0.34527573454287064
      }
    },
    "per_k": {
      "k1": {
        "n": 34,
        "n_pos": 34,
        "iou_mean": 0.570778042954557,
        "iou_median": 0.8148861229419708,
        "iou_p25": 0.0,
        "iou_p75": 0.8805037289857864,
        "iou_std": 0.3991818805594648,
        "frac_iou_25": 0.6764705882352942,
        "frac_iou_50": 0.6470588235294118,
        "frac_iou_75": 0.5882352941176471,
        "frac_iou_90": 0.20588235294117646,
        "containment_mean": 0.6312245253254386,
        "containment_median": 0.9225271344184875,
        "containment_p25": 0.0,