{
  "stage": "L3",
  "phase": "hots",
  "epoch": 4,
  "fold": 0,
  "wall_clock_seconds": 533.88,
  "lr": {
    "fusion": 4.323098456634706e-05,
    "class_head": 1.7300532923252606e-05,
    "box_head": 1.7300532923252606e-05,
    "lora": 0.00017288324278181896
  },
  "train": {
    "loss": 6.946197505791982,
    "patch_ce": 3.734950024286906,
    "l1": 0.05715914038165162,
    "giou": 0.730184294184049,
    "log_area": 0.5873066893329147,
    "grad_norm": 89.19601399189717,
    "n_steps": 300,
    "grad_steps": 37,
    "grad_nan_steps": 0,
    "alpha": 0.9506998062133789,
    "bg_bias": -0.012999596074223518
  },
  "val": {
    "overall": {
      "n": 100,
      "n_pos": 65,
      "n_neg": 35,
      "iou_mean": 0.3851310867529649,
      "iou_median": 0.0,
      "iou_p25": 0.0,
      "iou_p75": 0.8397402763366699,
      "iou_std": 0.41449435219443465,
      "frac_iou_25": 0.47692307692307695,
      "frac_iou_50": 0.4461538461538462,
      "frac_iou_75": 0.36923076923076925,
      "frac_iou_90": 0.1076923076923077,
      "containment_mean": 0.442958428309514,
      "containment_median": 0.0,
      "containment_p25": 0.0,
      "containment_p75": 0.9394583106040955,
      "containment_std": 0.4697570126622318,
      "frac_containment_50": 0.47692307692307695,
      "frac_containment_75": 0.46153846153846156,
      "frac_containment_90": 0.38461538461538464,
      "frac_containment_full": 0.046153846153846156,
      "contain_at_iou_50": 0.4461538461538462,
      "contain_at_iou_75": 0.36923076923076925,
      "high_contain_high_iou": 0.36923076923076925,
      "ap_per_iou": {
        "0.50": 0.20188737623762376,
        "0.55": 0.20188737623762376,
        "0.60": 0.20188737623762376,
        "0.65": 0.19501414427157007,
        "0.70": 0.19501414427157007,
        "0.75": 0.15021264435441836,
        "0.80": 0.12240918489132449,
        "0.85": 0.04751350711107979,
        "0.90": 0.020927092709270925,
        "0.95": 0.0
      },
      "map_50": 0.20188737623762376,
      "map_75": 0.15021264435441836,
      "map_5095": 0.1336752846322105,
      "map_50_containment": 0.23289111436653873,
      "map_90_containment": 0.1709387456602802,
      "mean_pred_box_area": 0.007688206740816514,
      "std_pred_box_area": 0.005765478521108291,
      "frac_pred_box_too_big": 0.0,
      "frac_pred_box_too_small": 0.4153846153846154,
      "mean_gt_box_area": 0.01048009315167124,
      "pred_to_gt_area_ratio_mean": 1.0818181633434885,
      "pred_to_gt_area_ratio_median": 1.0074682206226222,
      "log_area_ratio_mean": -0.11511779528382589,
      "log_area_ratio_std": 0.7093723401821349,
      "center_distance_mean": 0.19791836345299424,
      "center_distance_median": 0.13322612018941218,
      "score_mean": 0.1167639852143251,
      "score_std": 0.05402428052977231,
      "score_p25": 0.07963351160287857,
      "score_p75": 0.14096255600452423,
      "score_iou_correlation": -0.11915517198879969,
      "bg_prob_pos_mean": 0.1058332305186643,
      "bg_prob_pos_median": 0.05736421421170235,
      "abstain_rate_pos": 0.0,
      "bg_prob_neg_mean": 0.2595200318360834,
      "bg_prob_neg_median": 0.14462123811244965,
      "abstain_rate_neg": 0.22857142857142856,
      "score_neg_mean": 0.08774662720305579,
      "score_neg_p75": 0.10258638113737106,
      "tn_rate": 0.22857142857142856,
      "fp_rate": 0.7714285714285715,
      "abstain_gap": 0.1536868013174191
    },
    "per_source": {
      "hots": {
        "n": 100,
        "n_pos": 65,
        "n_neg": 35,
        "iou_mean": 0.3851310867529649,
        "iou_median": 0.0,
        "iou_p25": 0.0,
        "iou_p75": 0.8397402763366699,
        "iou_std": 0.41449435219443465,
        "frac_iou_25": 0.47692307692307695,
        "frac_iou_50": 0.4461538461538462,
        "frac_iou_75": 0.36923076923076925,
        "frac_iou_90": 0.1076923076923077,
        "containment_mean": 0.442958428309514,
        "containment_median": 0.0,
        "containment_p25": 0.0,
        "containment_p75": 0.9394583106040955,
        "containment_std": 0.4697570126622318,
        "frac_containment_50": 0.47692307692307695,
        "frac_containment_75": 0.46153846153846156,
        "frac_containment_90": 0.38461538461538464,
        "frac_containment_full": 0.046153846153846156,
        "contain_at_iou_50": 0.4461538461538462,
        "contain_at_iou_75": 0.36923076923076925,
        "high_contain_high_iou": 0.36923076923076925,
        "ap_per_iou": {
          "0.50": 0.20188737623762376,
          "0.55": 0.20188737623762376,
          "0.60": 0.20188737623762376,
          "0.65": 0.19501414427157007,
          "0.70": 0.19501414427157007,
          "0.75": 0.15021264435441836,
          "0.80": 0.12240918489132449,
          "0.85": 0.04751350711107979,
          "0.90": 0.020927092709270925,
          "0.95": 0.0
        },
        "map_50": 0.20188737623762376,
        "map_75": 0.15021264435441836,
        "map_5095": 0.1336752846322105,
        "map_50_containment": 0.23289111436653873,
        "map_90_containment": 0.1709387456602802,
        "mean_pred_box_area": 0.007688206740816514,
        "std_pred_box_area": 0.005765478521108291,
        "frac_pred_box_too_big": 0.0,
        "frac_pred_box_too_small": 0.4153846153846154,
        "mean_gt_box_area": 0.01048009315167124,
        "pred_to_gt_area_ratio_mean": 1.0818181633434885,
        "pred_to_gt_area_ratio_median": 1.0074682206226222,
        "log_area_ratio_mean": -0.11511779528382589,
        "log_area_ratio_std": 0.7093723401821349,
        "center_distance_mean": 0.19791836345299424,
        "center_distance_median": 0.13322612018941218,
        "score_mean": 0.1167639852143251,
        "score_std": 0.05402428052977231,
        "score_p25": 0.07963351160287857,
        "score_p75": 0.14096255600452423,
        "score_iou_correlation": -0.11915517198879969,
        "bg_prob_pos_mean": 0.1058332305186643,
        "bg_prob_pos_median": 0.05736421421170235,
        "abstain_rate_pos": 0.0,
        "bg_prob_neg_mean": 0.2595200318360834,
        "bg_prob_neg_median": 0.14462123811244965,
        "abstain_rate_neg": 0.22857142857142856,
        "score_neg_mean": 0.08774662720305579,
        "score_neg_p75": 0.10258638113737106,
        "tn_rate": 0.22857142857142856,
        "fp_rate": 0.7714285714285715,
        "abstain_gap": 0.1536868013174191
      }
    },
    "per_k": {
      "k1": {
        "n": 34,
        "n_pos": 26,
        "n_neg": 8,
        "iou_mean": 0.3437074583310347,
        "iou_median": 0.0,
        "iou_p25": 0.0,
        "iou_p75": 0.8079370111227036,
        "iou_std": 0.41250521296192627,
        "frac_iou_25": 0.4230769230769231,
        "frac_iou_50": 0.4230769230769231,
        "frac_iou_75": 0.34615384615384615,
        "frac_iou_90": 0.07692307692307693,
        "containment_mean": 0.38234479839985186,
        "containment_median": 0.0,
        "containment_p25": 0.0,
        "containment_p75": 0.9217775911092758,
        "containment_std": 0.4589717595368797,
        "frac_containment_50": 0.4230769230769231,
        "frac_containment_75": 0.38461538461538464,
        "frac_containment_90": 0.3076923076923077,
        "frac_containment_full": 0.0,
        "contain_at_iou_50": 0.4230769230769231,
        "contain_at_iou_75": 0.34615384615384615,
        "high_contain_high_iou": 0.3076923076923077,
        "ap_per_iou": {
          "0.50": 0.2087585681645088,
          "0.55": 0.2087585681645088,
          "0.60": 0.2087585681645088,
          "0.65": 0.18629093678598624,
          "0.70": 0.18629093678598624,
          "0.75": 0.16837776085300832,
          "0.80": 0.08756537192180755,
          "0.85": 0.03572335255503574,
          "0.90": 0.013672795851013678,
          "0.95": 0.0
        },
        "map_50": 0.2087585681645088,
        "map_75": 0.16837776085300832,
        "map_5095": 0.13041968592463643,
        "map_50_containment": 0.2087585681645088,
        "map_90_containment": 0.13587204874333594,