{
  "stage": "L3",
  "epoch": 4,
  "fold": 0,
  "wall_clock_seconds": 483.13,
  "lr": {
    "fusion": 3.37856549073252e-05,
    "class_head": 1.3533758169454348e-05,
    "box_head": 1.3533758169454348e-05,
    "lora": 6.753881613710998e-05
  },
  "train": {
    "loss": 4.382043793201446,
    "patch_ce": 2.45083154296875,
    "l1": 0.043225794661790135,
    "giou": 0.8575416395664215,
    "grad_norm": 14.281088653564453,
    "n_steps": 250,
    "alpha": 0.053573187440633774
  },
  "val": {
    "overall": {
      "n": 100,
      "n_pos": 100,
      "iou_mean": 0.4306932344660163,
      "iou_median": 0.4812026768922806,
      "iou_p25": 0.0,
      "iou_p75": 0.8143347799777985,
      "iou_std": 0.3730983451051456,
      "frac_iou_25": 0.57,
      "frac_iou_50": 0.47,
      "frac_iou_75": 0.34,
      "frac_iou_90": 0.1,
      "containment_mean": 0.49430542219430207,
      "containment_median": 0.4913630038499832,
      "containment_p25": 0.0,
      "containment_p75": 0.9315071105957031,
      "containment_std": 0.41224176042412347,
      "frac_containment_50": 0.49,
      "frac_containment_75": 0.41,
      "frac_containment_90": 0.31,
      "frac_containment_full": 0.07,
      "contain_at_iou_50": 0.47,
      "contain_at_iou_75": 0.34,
      "high_contain_high_iou": 0.29,
      "ap_per_iou": {
        "0.50": 0.28709151923251397,
        "0.55": 0.27333794868378636,
        "0.60": 0.25594576594464435,
        "0.65": 0.22708685089325562,
        "0.70": 0.2175110052491702,
        "0.75": 0.18705996473411718,
        "0.80": 0.1506125006927141,
        "0.85": 0.08496845235662945,
        "0.90": 0.0207867432678894,
        "0.95": 0.0
      },
      "map_50": 0.28709151923251397,
      "map_75": 0.18705996473411718,
      "map_5095": 0.17044007510547204,
      "map_50_containment": 0.3088593265543129,
      "map_90_containment": 0.1367582522378007,
      "mean_pred_box_area": 0.0028343162578597513,
      "std_pred_box_area": 0.004672791122500489,
      "frac_pred_box_too_big": 0.0,
      "frac_pred_box_too_small": 0.85,
      "mean_gt_box_area": 0.00449044509130763,
      "pred_to_gt_area_ratio_mean": 1.075810383885095,
      "pred_to_gt_area_ratio_median": 0.9565297446713443,
      "log_area_ratio_mean": -0.2652093808237548,
      "log_area_ratio_std": 0.8660212064824067,
      "center_distance_mean": 0.07929571364679255,
      "center_distance_median": 0.008033049724195565,
      "score_mean": 0.8296968968212605,
      "score_std": 0.22080956589267478,
      "score_p25": 0.7720232456922531,
      "score_p75": 0.9834789782762527,
      "score_iou_correlation": 0.1864538191880324
    },
    "per_source": {
      "hots": {
        "n": 39,
        "n_pos": 39,
        "iou_mean": 0.4246924339960783,
        "iou_median": 0.4014175236225128,
        "iou_p25": 0.0,
        "iou_p75": 0.828676849603653,
        "iou_std": 0.3928240107407269,
        "frac_iou_25": 0.5641025641025641,
        "frac_iou_50": 0.46153846153846156,
        "frac_iou_75": 0.38461538461538464,
        "frac_iou_90": 0.07692307692307693,
        "containment_mean": 0.4574474619749265,
        "containment_median": 0.4304977357387543,
        "containment_p25": 0.0,
        "containment_p75": 0.8886606097221375,
        "containment_std": 0.42699502636695796,
        "frac_containment_50": 0.46153846153846156,
        "frac_containment_75": 0.4358974358974359,
        "frac_containment_90": 0.23076923076923078,
        "frac_containment_full": 0.07692307692307693,
        "contain_at_iou_50": 0.46153846153846156,
        "contain_at_iou_75": 0.38461538461538464,
        "high_contain_high_iou": 0.23076923076923078,
        "ap_per_iou": {
          "0.50": 0.29561979186424375,
          "0.55": 0.29561979186424375,
          "0.60": 0.29561979186424375,
          "0.65": 0.25885462109429336,
          "0.70": 0.25885462109429336,
          "0.75": 0.22460263267706074,
          "0.80": 0.19829482948294816,
          "0.85": 0.11952266655236951,
          "0.90": 0.014295547201779004,
          "0.95": 0.0
        },
        "map_50": 0.29561979186424375,
        "map_75": 0.22460263267706074,
        "map_5095": 0.19612842936954752,
        "map_50_containment": 0.29561979186424375,
        "map_90_containment": 0.08961043163139844,
        "mean_pred_box_area": 0.005752887229125823,
        "std_pred_box_area": 0.0064669691317545954,
        "frac_pred_box_too_big": 0.0,
        "frac_pred_box_too_small": 0.6153846153846154,
        "mean_gt_box_area": 0.009410744635418107,
        "pred_to_gt_area_ratio_mean": 0.8774280255952297,
        "pred_to_gt_area_ratio_median": 0.8839816931139844,
        "log_area_ratio_mean": -0.5372032570513195,
        "log_area_ratio_std": 0.9928384628433806,
        "center_distance_mean": 0.12954221225029508,
        "center_distance_median": 0.007735688483842311,
        "score_mean": 0.9166270425686469,
        "score_std": 0.16209158055320394,
        "score_p25": 0.9435147345066071,
        "score_p75": 0.9958855211734772,
        "score_iou_correlation": 0.14295934287342285
      },
      "insdet": {
        "n": 61,
        "n_pos": 61,
        "iou_mean": 0.43452981181564876,
        "iou_median": 0.48223674297332764,
        "iou_p25": 0.03170410916209221,
        "iou_p75": 0.7936140298843384,
        "iou_std": 0.3632016463259999,
        "frac_iou_25": 0.5737704918032787,
        "frac_iou_50": 0.47540983606557374,
        "frac_iou_75": 0.3114754098360656,
        "frac_iou_90": 0.11475409836065574,
        "containment_mean": 0.5178703475804602,
        "containment_median": 0.5214600563049316,
        "containment_p25": 0.05870352312922478,
        "containment_p75": 0.9484761953353882,
        "containment_std": 0.40433458772561076,
        "frac_containment_50": 0.5081967213114754,
        "frac_containment_75": 0.39344262295081966,
        "frac_containment_90": 0.36065573770491804,
        "frac_containment_full": 0.06557377049180328,
        "contain_at_iou_50": 0.47540983606557374,
        "contain_at_iou_75": 0.3114754098360656,
        "high_contain_high_iou": 0.32786885245901637,
        "ap_per_iou": {
          "0.50": 0.30126960064427477,
          "0.55": 0.27512630962344364,
          "0.60": 0.23082667915914398,
          "0.65": 0.21402894675432452,
          "0.70": 0.19545137471140597,
          "0.75": 0.16683382623976686,
          "0.80": 0.12043497582840995,
          "0.85": 0.0759907106962865,
          "0.90": 0.03266792266271162,
          "0.95": 0.0
        },
        "map_50": 0.30126960064427477,
        "map_75": 0.16683382623976686,
        "map_5095": 0.16126303463197678,
        "map_50_containment": 0.3429464214756247,
        "map_90_containment": 0.22512175489135813,
        "mean_pred_box_area": 0.0009683446532798035,
        "std_pred_box_area": 0.0006811931224391013,
        "frac_pred_box_too_big": 0.0,
        "frac_pred_box_too_small": 1.0,
        "mean_gt_box_area": 0.0013446798090074883,
        "pred_to_gt_area_ratio_mean": 1.2026450063982876,
        "pred_to_gt_area_ratio_median": 0.9822744680111861,
        "log_area_ratio_mean": -0.09131165667826248,
        "log_area_ratio_std": 0.7310004168541081,
        "center_distance_mean": 0.047170903064225375,
        "center_distance_median": 0.008082760417673241,
        "score_mean": 0.7741186069171937,
        "score_std": 0.23612803137032015,
        "score_p25": 0.7037686109542847,
        "score_p75": 0.9491751790046692,
        "score_iou_correlation": 0.23478957602953063
      }
    },
    "per_k": {
      "k1": {
        "n": 34,
        "n_pos": 34,
        "iou_mean": 0.4437197690062663,
        "iou_median": 0.501848429441452,
        "iou_p25": 0.0,
        "iou_p75": 0.792791023850441,
        "iou_std": 0.37224961456969846,
        "frac_iou_25": 0.6176470588235294,
        "frac_iou_50": 0.5,
        "frac_iou_75": 0.3235294117647059,
        "frac_iou_90": 0.058823529411764705,