{
  "stage": "L3",
  "phase": "hots",
  "epoch": 4,
  "fold": 1,
  "wall_clock_seconds": 532.36,
  "lr": {
    "fusion": 4.1587779415197476e-05,
    "class_head": 1.6645226660569705e-05,
    "box_head": 1.6645226660569705e-05,
    "lora": 0.00016630054318833598
  },
  "train": {
    "loss": 6.218597187797228,
    "patch_ce": 3.5399440230925876,
    "l1": 0.049011279842816294,
    "giou": 0.6169539314508438,
    "log_area": 0.37604962917293655,
    "grad_norm": 94.12480359464078,
    "n_steps": 300,
    "grad_steps": 37,
    "grad_nan_steps": 0,
    "alpha": 0.9504168033599854,
    "bg_bias": -0.012974018231034279
  },
  "val": {
    "overall": {
      "n": 100,
      "n_pos": 62,
      "n_neg": 38,
      "iou_mean": 0.49642952375354304,
      "iou_median": 0.7672697007656097,
      "iou_p25": 0.0,
      "iou_p75": 0.8800854980945587,
      "iou_std": 0.4209391222340203,
      "frac_iou_25": 0.5967741935483871,
      "frac_iou_50": 0.5806451612903226,
      "frac_iou_75": 0.5161290322580645,
      "frac_iou_90": 0.1774193548387097,
      "containment_mean": 0.56061608440453,
      "containment_median": 0.9172463417053223,
      "containment_p25": 0.0,
      "containment_p75": 0.9635999798774719,
      "containment_std": 0.4659074857916431,
      "frac_containment_50": 0.5967741935483871,
      "frac_containment_75": 0.5645161290322581,
      "frac_containment_90": 0.532258064516129,
      "frac_containment_full": 0.12903225806451613,
      "contain_at_iou_50": 0.5806451612903226,
      "contain_at_iou_75": 0.5161290322580645,
      "high_contain_high_iou": 0.532258064516129,
      "ap_per_iou": {
        "0.50": 0.43419297742961627,
        "0.55": 0.43419297742961627,
        "0.60": 0.39083213468093364,
        "0.65": 0.37089399098036974,
        "0.70": 0.37089399098036974,
        "0.75": 0.3254243495802942,
        "0.80": 0.22820241588866338,
        "0.85": 0.17319930301854403,
        "0.90": 0.07854858447599317,
        "0.95": 0.005621748615539521
      },
      "map_50": 0.43419297742961627,
      "map_75": 0.3254243495802942,
      "map_5095": 0.281200247307994,
      "map_50_containment": 0.4515693806545224,
      "map_90_containment": 0.38182363764716865,
      "mean_pred_box_area": 0.014839669305320859,
      "std_pred_box_area": 0.020879508846031028,
      "frac_pred_box_too_big": 0.0,
      "frac_pred_box_too_small": 0.20967741935483872,
      "mean_gt_box_area": 0.017996786822510446,
      "pred_to_gt_area_ratio_mean": 1.240432913422106,
      "pred_to_gt_area_ratio_median": 1.065896550865285,
      "log_area_ratio_mean": 0.05306688449778755,
      "log_area_ratio_std": 0.5655293308478587,
      "center_distance_mean": 0.1503010594705597,
      "center_distance_median": 0.01163124064131222,
      "score_mean": 0.12964106203928108,
      "score_std": 0.09044391849640757,
      "score_p25": 0.06924881227314472,
      "score_p75": 0.1664741039276123,
      "score_iou_correlation": 0.2551902356579782,
      "bg_prob_pos_mean": 0.21343919502631312,
      "bg_prob_pos_median": 0.1618269979953766,
      "abstain_rate_pos": 0.06451612903225806,
      "bg_prob_neg_mean": 0.5736217339964289,
      "bg_prob_neg_median": 0.6144149899482727,
      "abstain_rate_neg": 0.6578947368421053,
      "score_neg_mean": 0.06289899235248174,
      "score_neg_p75": 0.08742141164839268,
      "tn_rate": 0.6578947368421053,
      "fp_rate": 0.3421052631578947,
      "abstain_gap": 0.36018253897011576
    },
    "per_source": {
      "hots": {
        "n": 100,
        "n_pos": 62,
        "n_neg": 38,
        "iou_mean": 0.49642952375354304,
        "iou_median": 0.7672697007656097,
        "iou_p25": 0.0,
        "iou_p75": 0.8800854980945587,
        "iou_std": 0.4209391222340203,
        "frac_iou_25": 0.5967741935483871,
        "frac_iou_50": 0.5806451612903226,
        "frac_iou_75": 0.5161290322580645,
        "frac_iou_90": 0.1774193548387097,
        "containment_mean": 0.56061608440453,
        "containment_median": 0.9172463417053223,
        "containment_p25": 0.0,
        "containment_p75": 0.9635999798774719,
        "containment_std": 0.4659074857916431,
        "frac_containment_50": 0.5967741935483871,
        "frac_containment_75": 0.5645161290322581,
        "frac_containment_90": 0.532258064516129,
        "frac_containment_full": 0.12903225806451613,
        "contain_at_iou_50": 0.5806451612903226,
        "contain_at_iou_75": 0.5161290322580645,
        "high_contain_high_iou": 0.532258064516129,
        "ap_per_iou": {
          "0.50": 0.43419297742961627,
          "0.55": 0.43419297742961627,
          "0.60": 0.39083213468093364,
          "0.65": 0.37089399098036974,
          "0.70": 0.37089399098036974,
          "0.75": 0.3254243495802942,
          "0.80": 0.22820241588866338,
          "0.85": 0.17319930301854403,
          "0.90": 0.07854858447599317,
          "0.95": 0.005621748615539521
        },
        "map_50": 0.43419297742961627,
        "map_75": 0.3254243495802942,
        "map_5095": 0.281200247307994,
        "map_50_containment": 0.4515693806545224,
        "map_90_containment": 0.38182363764716865,
        "mean_pred_box_area": 0.014839669305320859,
        "std_pred_box_area": 0.020879508846031028,
        "frac_pred_box_too_big": 0.0,
        "frac_pred_box_too_small": 0.20967741935483872,
        "mean_gt_box_area": 0.017996786822510446,
        "pred_to_gt_area_ratio_mean": 1.240432913422106,
        "pred_to_gt_area_ratio_median": 1.065896550865285,
        "log_area_ratio_mean": 0.05306688449778755,
        "log_area_ratio_std": 0.5655293308478587,
        "center_distance_mean": 0.1503010594705597,
        "center_distance_median": 0.01163124064131222,
        "score_mean": 0.12964106203928108,
        "score_std": 0.09044391849640757,
        "score_p25": 0.06924881227314472,
        "score_p75": 0.1664741039276123,
        "score_iou_correlation": 0.2551902356579782,
        "bg_prob_pos_mean": 0.21343919502631312,
        "bg_prob_pos_median": 0.1618269979953766,
        "abstain_rate_pos": 0.06451612903225806,
        "bg_prob_neg_mean": 0.5736217339964289,
        "bg_prob_neg_median": 0.6144149899482727,
        "abstain_rate_neg": 0.6578947368421053,
        "score_neg_mean": 0.06289899235248174,
        "score_neg_p75": 0.08742141164839268,
        "tn_rate": 0.6578947368421053,
        "fp_rate": 0.3421052631578947,
        "abstain_gap": 0.36018253897011576
      }
    },
    "per_k": {
      "k1": {
        "n": 34,
        "n_pos": 20,
        "n_neg": 14,
        "iou_mean": 0.5714788720011711,
        "iou_median": 0.8124356269836426,
        "iou_p25": 0.0,
        "iou_p75": 0.8850420266389847,
        "iou_std": 0.40198125637266174,
        "frac_iou_25": 0.7,
        "frac_iou_50": 0.65,
        "frac_iou_75": 0.6,
        "frac_iou_90": 0.15,
        "containment_mean": 0.6651937901973725,
        "containment_median": 0.9309709072113037,
        "containment_p25": 0.0,
        "containment_p75": 0.9692750126123428,
        "containment_std": 0.4484339135275833,
        "frac_containment_50": 0.7,
        "frac_containment_75": 0.7,
        "frac_containment_90": 0.6,
        "frac_containment_full": 0.2,
        "contain_at_iou_50": 0.65,
        "contain_at_iou_75": 0.6,
        "high_contain_high_iou": 0.6,
        "ap_per_iou": {
          "0.50": 0.5915841584158412,
          "0.55": 0.5915841584158412,
          "0.60": 0.5915841584158412,
          "0.65": 0.504950495049505,
          "0.70": 0.504950495049505,
          "0.75": 0.504950495049505,
          "0.80": 0.3767680339462517,
          "0.85": 0.28429985855728457,
          "0.90": 0.12033511043412029,
          "0.95": 0.0
        },
        "map_50": 0.5915841584158412,
        "map_75": 0.504950495049505,
        "map_5095": 0.40710069633336954,
        "map_50_containment": 0.6512151215121509,
        "map_90_containment": 0.5495049504950488,
        "mean_pred_box_area": 0.010341547516367042,