{
  "stage": 3,
  "epoch": 4,
  "fold": 0,
  "wall_clock_seconds": 200.82,
  "lr": {
    "group_0": 4.620437140678824e-06,
    "group_1": 4.620437140678824e-06,
    "group_2": 9.226156537832932e-05
  },
  "train": {
    "loss": 7.835338677129438,
    "qfl": 0.5127250754064129,
    "neg_qfl": 0.00017905593308715915,
    "centerness": 1.0997169296587668,
    "dfl": 1.0367809034162951,
    "giou": 2.0905233198596584,
    "pred_iou": 0.25387804534646774,
    "presence": 0.0875603489337429,
    "attn": 0.18090230707199342,
    "aux": 2.607720628861458,
    "entropy_reg": 1.003189471460158,
    "reg_l2_prior": 847.0902769027218,
    "proto_norm": 37.768187922816125,
    "contrastive_presence": 0.9908488142874933,
    "feature_spread": 0.0,
    "nt_xent": 1.3025428268217272,
    "vicreg": 0.5946062216835637,
    "barlow": 0.0866340229347829,
    "triplet": 0.0,
    "grad_norm": 29.208790440713205,
    "n_steps": 62
  },
  "val": {
    "overall": {
      "n": 240,
      "n_pos": 123,
      "n_neg": 117,
      "iou_mean": 0.1338,
      "iou_median": 0.0,
      "iou_p25": 0.0,
      "iou_p75": 0.2049,
      "contain_mean": 0.1931,
      "contain_at_iou_50": 0.1138,
      "contain_at_iou_75": 0.0163,
      "map_50": 0.0585,
      "map_5095": 0.0219,
      "ap_per_iou": {
        "0.50": 0.0585,
        "0.55": 0.0473,
        "0.60": 0.0374,
        "0.65": 0.0352,
        "0.70": 0.032,
        "0.75": 0.0081,
        "0.80": 0.0,
        "0.85": 0.0,
        "0.90": 0.0,
        "0.95": 0.0
      },
      "f1_50": 0.1573,
      "precision_50": 0.2545,
      "recall_50": 0.1138,
      "presence_acc": 0.75,
      "presence_acc_pos": 0.8455,
      "presence_acc_neg": 0.6496,
      "mean_score_pos": 0.5725,
      "mean_score_neg": 0.4184,
      "presence_auroc": 0.834,
      "presence_pr_auc": 0.7898,
      "presence_brier": 0.1898,
      "frac_pred_near_corner": 0.0,
      "frac_pred_tiny_box": 0.1333,
      "conf_map_mean_pos": 0.0248,
      "conf_map_mean_neg": 0.0277,
      "conf_map_std_pos": 0.0283,
      "conf_map_std_neg": 0.0269,
      "support_proto_norm_mean": 7.1991,
      "support_proto_norm_std": 0.3893,
      "argmax_cell_entropy": 4.2085
    },
    "per_source": {
      "hots": {
        "n": 43,
        "n_pos": 22,
        "n_neg": 21,
        "iou_mean": 0.0762,
        "iou_median": 0.0,
        "iou_p25": 0.0,
        "iou_p75": 0.0,
        "contain_mean": 0.1065,
        "contain_at_iou_50": 0.0909,
        "contain_at_iou_75": 0.0,
        "map_50": 0.0474,
        "map_5095": 0.0084,
        "ap_per_iou": {
          "0.50": 0.0474,
          "0.55": 0.0213,
          "0.60": 0.0107,
          "0.65": 0.0028,
          "0.70": 0.0015,
          "0.75": 0.0002,
          "0.80": 0.0,
          "0.85": 0.0,
          "0.90": 0.0,
          "0.95": 0.0
        },
        "f1_50": 0.1429,
        "precision_50": 0.3333,
        "recall_50": 0.0909,
        "presence_acc": 0.907,
        "presence_acc_pos": 1.0,
        "presence_acc_neg": 0.8095,
        "mean_score_pos": 0.6398,
        "mean_score_neg": 0.3528,
        "presence_auroc": 0.9048,
        "presence_pr_auc": 0.8759,
        "presence_brier": 0.1398,
        "frac_pred_near_corner": 0.0,
        "frac_pred_tiny_box": 0.5814,
        "conf_map_mean_pos": 0.0214,
        "conf_map_mean_neg": 0.0234,
        "conf_map_std_pos": 0.0264,
        "conf_map_std_neg": 0.0216,
        "support_proto_norm_mean": 7.2275,
        "support_proto_norm_std": 0.2874
      },
      "insdet": {
        "n": 94,
        "n_pos": 47,
        "n_neg": 47,
        "iou_mean": 0.0,
        "iou_median": 0.0,
        "iou_p25": 0.0,
        "iou_p75": 0.0,
        "contain_mean": 0.0,
        "contain_at_iou_50": 0.0,
        "contain_at_iou_75": 0.0,
        "map_50": 0.0,
        "map_5095": 0.0,
        "ap_per_iou": {
          "0.50": 0.0,
          "0.55": 0.0,
          "0.60": 0.0,
          "0.65": 0.0,
          "0.70": 0.0,
          "0.75": 0.0,
          "0.80": 0.0,
          "0.85": 0.0,
          "0.90": 0.0,
          "0.95": 0.0
        },
        "f1_50": 0.0,
        "precision_50": 0.0,
        "recall_50": 0.0,
        "presence_acc": 0.8723,
        "presence_acc_pos": 0.9362,
        "presence_acc_neg": 0.8085,
        "mean_score_pos": 0.5789,
        "mean_score_neg": 0.3576,
        "presence_auroc": 0.8814,
        "presence_pr_auc": 0.8371,
        "presence_brier": 0.1623,
        "frac_pred_near_corner": 0.0,
        "frac_pred_tiny_box": 0.0319,
        "conf_map_mean_pos": 0.0133,
        "conf_map_mean_neg": 0.0212,
        "conf_map_std_pos": 0.0153,
        "conf_map_std_neg": 0.0207,
        "support_proto_norm_mean": 7.2995,
        "support_proto_norm_std": 0.2313
      },
      "vizwiz_base": {
        "n": 86,
        "n_pos": 43,
        "n_neg": 43,
        "iou_mean": 0.2682,
        "iou_median": 0.2099,
        "iou_p25": 0.0163,
        "iou_p75": 0.475,
        "contain_mean": 0.4159,
        "contain_at_iou_50": 0.2326,
        "contain_at_iou_75": 0.0,
        "map_50": 0.066,
        "map_5095": 0.0134,
        "ap_per_iou": {
          "0.50": 0.066,
          "0.55": 0.0392,
          "0.60": 0.0152,
          "0.65": 0.0109,
          "0.70": 0.002,
          "0.75": 0.0002,
          "0.80": 0.0002,
          "0.85": 0.0002,
          "0.90": 0.0002,
          "0.95": 0.0
        },
        "f1_50": 0.2564,
        "precision_50": 0.2857,
        "recall_50": 0.2326,
        "presence_acc": 0.5581,
        "presence_acc_pos": 0.6977,
        "presence_acc_neg": 0.4186,
        "mean_score_pos": 0.5389,
        "mean_score_neg": 0.5047,
        "presence_auroc": 0.675,
        "presence_pr_auc": 0.6806,
        "presence_brier": 0.2372,
        "frac_pred_near_corner": 0.0,
        "frac_pred_tiny_box": 0.0465,
        "conf_map_mean_pos": 0.0357,
        "conf_map_mean_neg": 0.0364,
        "conf_map_std_pos": 0.0351,
        "conf_map_std_neg": 0.0361,
        "support_proto_norm_mean": 7.075,
        "support_proto_norm_std": 0.5344
      },
      "vizwiz_novel": {
        "n": 17,
        "n_pos": 11,
        "n_neg": 6,
        "iou_mean": 0.2952,
        "iou_median": 0.4038,
        "iou_p25": 0.0,
        "iou_p75": 0.4287,
        "contain_mean": 0.32,
        "contain_at_iou_50": 0.1818,
        "contain_at_iou_75": 0.1818,
        "map_50": 0.2847,
        "map_5095": 0.1499,
        "ap_per_iou": {
          "0.50": 0.2847,
          "0.55": 0.2847,
          "0.60": 0.2847,
          "0.65": 0.2847,
          "0.70": 0.2847,
          "0.75": 0.0752,
          "0.80": 0.0,
          "0.85": 0.0,
          "0.90": 0.0,
          "0.95": 0.0
        },
        "f1_50": 0.25,
        "precision_50": 0.4,
        "recall_50": 0.1818,
        "presence_acc": 0.6471,
        "presence_acc_pos": 0.7273,
        "presence_acc_neg": 0.5,
        "mean_score_pos": 0.5424,
        "mean_score_neg": 0.5059,
        "presence_auroc": 0.6818,
        "presence_pr_auc": 0.7399,
        "presence_brier": 0.2287,
        "frac_pred_near_corner": 0.0,
        "frac_pred_tiny_box": 0.0,
        "conf_map_mean_pos": 0.0387,
        "conf_map_mean_neg": 0.0314,
        "conf_map_std_pos": 0.0609,
        "conf_map_std_neg": 0.0283,
        "support_proto_norm_mean": 7.2002,
        "support_proto_norm_std": 0.2342
      }
    },
    "score_thr": 0.5,
    "iou_thr": 0.5,
    "img_size": 224,
    "tta_sizes": [
      224,
      288
    ]
  }
}