{
  "stage": 3,
  "epoch": 4,
  "fold": 1,
  "wall_clock_seconds": 4054.03,
  "lr": {
    "group_0": 4.518695879054046e-06,
    "group_1": 4.518695879054046e-06,
    "group_2": 9.018728945255067e-05
  },
  "train": {
    "loss": 7.84990389885441,
    "qfl": 0.5618005024809991,
    "neg_qfl": 0.00019086909935961763,
    "centerness": 1.161412073719886,
    "dfl": 0.9459986359842362,
    "giou": 2.1092943818338457,
    "pred_iou": 0.26497441734517774,
    "presence": 0.08089969739798576,
    "attn": 0.16463541780267993,
    "aux": 2.604447780116912,
    "entropy_reg": 0.9221485660922143,
    "reg_l2_prior": 837.2485784715221,
    "proto_norm": 40.0509525422127,
    "contrastive_presence": 0.9456874603225339,
    "feature_spread": 0.0,
    "nt_xent": 1.3039527785393499,
    "vicreg": 0.5896499012747118,
    "barlow": 0.08573650051989863,
    "triplet": 0.0,
    "grad_norm": 31.157685095264064,
    "n_steps": 62
  },
  "val": {
    "overall": {
      "n": 240,
      "n_pos": 133,
      "n_neg": 107,
      "iou_mean": 0.1863,
      "iou_median": 0.0,
      "iou_p25": 0.0,
      "iou_p75": 0.3517,
      "contain_mean": 0.2685,
      "contain_at_iou_50": 0.1955,
      "contain_at_iou_75": 0.0451,
      "map_50": 0.1205,
      "map_5095": 0.0315,
      "ap_per_iou": {
        "0.50": 0.1205,
        "0.55": 0.0934,
        "0.60": 0.0385,
        "0.65": 0.0171,
        "0.70": 0.0151,
        "0.75": 0.0111,
        "0.80": 0.0105,
        "0.85": 0.0087,
        "0.90": 0.0001,
        "0.95": 0.0
      },
      "f1_50": 0.2512,
      "precision_50": 0.3514,
      "recall_50": 0.1955,
      "presence_acc": 0.7125,
      "presence_acc_pos": 0.8421,
      "presence_acc_neg": 0.5514,
      "mean_score_pos": 0.5761,
      "mean_score_neg": 0.4353,
      "presence_auroc": 0.7772,
      "presence_pr_auc": 0.7543,
      "presence_brier": 0.1978,
      "frac_pred_near_corner": 0.0208,
      "frac_pred_tiny_box": 0.15,
      "conf_map_mean_pos": 0.0298,
      "conf_map_mean_neg": 0.0313,
      "conf_map_std_pos": 0.0337,
      "conf_map_std_neg": 0.0338,
      "support_proto_norm_mean": 7.2673,
      "support_proto_norm_std": 0.443,
      "argmax_cell_entropy": 4.1107
    },
    "per_source": {
      "hots": {
        "n": 41,
        "n_pos": 19,
        "n_neg": 22,
        "iou_mean": 0.0811,
        "iou_median": 0.0,
        "iou_p25": 0.0,
        "iou_p75": 0.0,
        "contain_mean": 0.1327,
        "contain_at_iou_50": 0.1053,
        "contain_at_iou_75": 0.0526,
        "map_50": 0.1157,
        "map_5095": 0.0276,
        "ap_per_iou": {
          "0.50": 0.1157,
          "0.55": 0.0845,
          "0.60": 0.0488,
          "0.65": 0.0148,
          "0.70": 0.0063,
          "0.75": 0.0036,
          "0.80": 0.0027,
          "0.85": 0.0,
          "0.90": 0.0,
          "0.95": 0.0
        },
        "f1_50": 0.1538,
        "precision_50": 0.2857,
        "recall_50": 0.1053,
        "presence_acc": 0.878,
        "presence_acc_pos": 1.0,
        "presence_acc_neg": 0.7727,
        "mean_score_pos": 0.6202,
        "mean_score_neg": 0.3607,
        "presence_auroc": 0.9043,
        "presence_pr_auc": 0.8373,
        "presence_brier": 0.1508,
        "frac_pred_near_corner": 0.0,
        "frac_pred_tiny_box": 0.5122,
        "conf_map_mean_pos": 0.0213,
        "conf_map_mean_neg": 0.0299,
        "conf_map_std_pos": 0.0263,
        "conf_map_std_neg": 0.032,
        "support_proto_norm_mean": 7.4068,
        "support_proto_norm_std": 0.3814
      },
      "insdet": {
        "n": 78,
        "n_pos": 40,
        "n_neg": 38,
        "iou_mean": 0.0,
        "iou_median": 0.0,
        "iou_p25": 0.0,
        "iou_p75": 0.0,
        "contain_mean": 0.0,
        "contain_at_iou_50": 0.0,
        "contain_at_iou_75": 0.0,
        "map_50": 0.0,
        "map_5095": 0.0,
        "ap_per_iou": {
          "0.50": 0.0,
          "0.55": 0.0,
          "0.60": 0.0,
          "0.65": 0.0,
          "0.70": 0.0,
          "0.75": 0.0,
          "0.80": 0.0,
          "0.85": 0.0,
          "0.90": 0.0,
          "0.95": 0.0
        },
        "f1_50": 0.0,
        "precision_50": 0.0,
        "recall_50": 0.0,
        "presence_acc": 0.8718,
        "presence_acc_pos": 1.0,
        "presence_acc_neg": 0.7368,
        "mean_score_pos": 0.6228,
        "mean_score_neg": 0.3759,
        "presence_auroc": 0.8783,
        "presence_pr_auc": 0.8135,
        "presence_brier": 0.1558,
        "frac_pred_near_corner": 0.0,
        "frac_pred_tiny_box": 0.0128,
        "conf_map_mean_pos": 0.0136,
        "conf_map_mean_neg": 0.0236,
        "conf_map_std_pos": 0.0162,
        "conf_map_std_neg": 0.0263,
        "support_proto_norm_mean": 7.5249,
        "support_proto_norm_std": 0.274
      },
      "vizwiz_base": {
        "n": 106,
        "n_pos": 66,
        "n_neg": 40,
        "iou_mean": 0.2985,
        "iou_median": 0.2792,
        "iou_p25": 0.0139,
        "iou_p75": 0.5679,
        "contain_mean": 0.437,
        "contain_at_iou_50": 0.303,
        "contain_at_iou_75": 0.0455,
        "map_50": 0.1895,
        "map_5095": 0.0445,
        "ap_per_iou": {
          "0.50": 0.1895,
          "0.55": 0.1268,
          "0.60": 0.0817,
          "0.65": 0.0177,
          "0.70": 0.0163,
          "0.75": 0.0064,
          "0.80": 0.0052,
          "0.85": 0.0014,
          "0.90": 0.0003,
          "0.95": 0.0
        },
        "f1_50": 0.354,
        "precision_50": 0.4255,
        "recall_50": 0.303,
        "presence_acc": 0.5472,
        "presence_acc_pos": 0.6818,
        "presence_acc_neg": 0.325,
        "mean_score_pos": 0.5256,
        "mean_score_neg": 0.5095,
        "presence_auroc": 0.5553,
        "presence_pr_auc": 0.7216,
        "presence_brier": 0.2429,
        "frac_pred_near_corner": 0.0094,
        "frac_pred_tiny_box": 0.0943,
        "conf_map_mean_pos": 0.0422,
        "conf_map_mean_neg": 0.0396,
        "conf_map_std_pos": 0.0447,
        "conf_map_std_neg": 0.0405,
        "support_proto_norm_mean": 7.0688,
        "support_proto_norm_std": 0.4635
      },
      "vizwiz_novel": {
        "n": 15,
        "n_pos": 8,
        "n_neg": 7,
        "iou_mean": 0.442,
        "iou_median": 0.3752,
        "iou_p25": 0.1598,
        "iou_p75": 0.6574,
        "contain_mean": 0.5437,
        "contain_at_iou_50": 0.5,
        "contain_at_iou_75": 0.25,
        "map_50": 0.4554,
        "map_5095": 0.1529,
        "ap_per_iou": {
          "0.50": 0.4554,
          "0.55": 0.4554,
          "0.60": 0.103,
          "0.65": 0.103,
          "0.70": 0.103,
          "0.75": 0.103,
          "0.80": 0.103,
          "0.85": 0.103,
          "0.90": 0.0,
          "0.95": 0.0
        },
        "f1_50": 0.4444,
        "precision_50": 0.4,
        "recall_50": 0.5,
        "presence_acc": 0.6,
        "presence_acc_pos": 1.0,
        "presence_acc_neg": 0.1429,
        "mean_score_pos": 0.6536,
        "mean_score_neg": 0.568,
        "presence_auroc": 0.7143,
        "presence_pr_auc": 0.6656,
        "presence_brier": 0.226,
        "frac_pred_near_corner": 0.2667,
        "frac_pred_tiny_box": 0.2667,
        "conf_map_mean_pos": 0.0292,
        "conf_map_mean_neg": 0.0304,
        "conf_map_std_pos": 0.0475,
        "conf_map_std_neg": 0.041,
        "support_proto_norm_mean": 6.9485,
        "support_proto_norm_std": 0.2336
      }
    },
    "score_thr": 0.5,
    "iou_thr": 0.5,
    "img_size": 224,
    "tta_sizes": [
      224,
      288
    ]
  }
}