{
  "stage": 3,
  "epoch": 4,
  "fold": 2,
  "wall_clock_seconds": 205.86,
  "lr": {
    "group_0": 4.408225130679567e-06,
    "group_1": 4.408225130679567e-06,
    "group_2": 8.793503888875267e-05
  },
  "train": {
    "loss": 7.526708633668961,
    "qfl": 0.6581661903089092,
    "neg_qfl": 0.00025231313972448507,
    "centerness": 1.1084496234693835,
    "dfl": 0.9900424403529013,
    "giou": 1.8772141298940104,
    "pred_iou": 0.2300687295294577,
    "presence": 0.07111275505514876,
    "attn": 0.16441753602796985,
    "aux": 2.482456507221345,
    "entropy_reg": 0.7412541604811146,
    "reg_l2_prior": 813.490739391696,
    "proto_norm": 40.93485401522729,
    "contrastive_presence": 0.8507063384017637,
    "feature_spread": 0.0,
    "nt_xent": 1.314801048847937,
    "vicreg": 0.5890776668825457,
    "barlow": 0.08585952835217599,
    "triplet": 0.0,
    "grad_norm": Infinity,
    "n_steps": 62
  },
  "val": {
    "overall": {
      "n": 240,
      "n_pos": 130,
      "n_neg": 110,
      "iou_mean": 0.1323,
      "iou_median": 0.0,
      "iou_p25": 0.0,
      "iou_p75": 0.1315,
      "contain_mean": 0.1964,
      "contain_at_iou_50": 0.1462,
      "contain_at_iou_75": 0.0231,
      "map_50": 0.0756,
      "map_5095": 0.0186,
      "ap_per_iou": {
        "0.50": 0.0756,
        "0.55": 0.0405,
        "0.60": 0.03,
        "0.65": 0.0202,
        "0.70": 0.0086,
        "0.75": 0.0058,
        "0.80": 0.0052,
        "0.85": 0.0001,
        "0.90": 0.0,
        "0.95": 0.0
      },
      "f1_50": 0.2011,
      "precision_50": 0.322,
      "recall_50": 0.1462,
      "presence_acc": 0.7708,
      "presence_acc_pos": 0.8846,
      "presence_acc_neg": 0.6364,
      "mean_score_pos": 0.5978,
      "mean_score_neg": 0.4109,
      "presence_auroc": 0.8507,
      "presence_pr_auc": 0.8076,
      "presence_brier": 0.1792,
      "frac_pred_near_corner": 0.0,
      "frac_pred_tiny_box": 0.1292,
      "conf_map_mean_pos": 0.0246,
      "conf_map_mean_neg": 0.0284,
      "conf_map_std_pos": 0.0269,
      "conf_map_std_neg": 0.0289,
      "support_proto_norm_mean": 7.4091,
      "support_proto_norm_std": 0.4355,
      "argmax_cell_entropy": 4.0098
    },
    "per_source": {
      "hots": {
        "n": 39,
        "n_pos": 22,
        "n_neg": 17,
        "iou_mean": 0.105,
        "iou_median": 0.0,
        "iou_p25": 0.0,
        "iou_p75": 0.0,
        "contain_mean": 0.1173,
        "contain_at_iou_50": 0.1364,
        "contain_at_iou_75": 0.0,
        "map_50": 0.1284,
        "map_5095": 0.0341,
        "ap_per_iou": {
          "0.50": 0.1284,
          "0.55": 0.0923,
          "0.60": 0.0682,
          "0.65": 0.0477,
          "0.70": 0.0018,
          "0.75": 0.0018,
          "0.80": 0.0006,
          "0.85": 0.0,
          "0.90": 0.0,
          "0.95": 0.0
        },
        "f1_50": 0.2069,
        "precision_50": 0.4286,
        "recall_50": 0.1364,
        "presence_acc": 0.8974,
        "presence_acc_pos": 1.0,
        "presence_acc_neg": 0.7647,
        "mean_score_pos": 0.6362,
        "mean_score_neg": 0.3465,
        "presence_auroc": 0.8717,
        "presence_pr_auc": 0.7917,
        "presence_brier": 0.1409,
        "frac_pred_near_corner": 0.0,
        "frac_pred_tiny_box": 0.5128,
        "conf_map_mean_pos": 0.0205,
        "conf_map_mean_neg": 0.0227,
        "conf_map_std_pos": 0.024,
        "conf_map_std_neg": 0.022,
        "support_proto_norm_mean": 7.5519,
        "support_proto_norm_std": 0.1949
      },
      "insdet": {
        "n": 101,
        "n_pos": 60,
        "n_neg": 41,
        "iou_mean": 0.0,
        "iou_median": 0.0,
        "iou_p25": 0.0,
        "iou_p75": 0.0,
        "contain_mean": 0.0,
        "contain_at_iou_50": 0.0,
        "contain_at_iou_75": 0.0,
        "map_50": 0.0,
        "map_5095": 0.0,
        "ap_per_iou": {
          "0.50": 0.0,
          "0.55": 0.0,
          "0.60": 0.0,
          "0.65": 0.0,
          "0.70": 0.0,
          "0.75": 0.0,
          "0.80": 0.0,
          "0.85": 0.0,
          "0.90": 0.0,
          "0.95": 0.0
        },
        "f1_50": 0.0,
        "precision_50": 0.0,
        "recall_50": 0.0,
        "presence_acc": 0.8812,
        "presence_acc_pos": 0.9833,
        "presence_acc_neg": 0.7317,
        "mean_score_pos": 0.6341,
        "mean_score_neg": 0.3405,
        "presence_auroc": 0.887,
        "presence_pr_auc": 0.8546,
        "presence_brier": 0.1401,
        "frac_pred_near_corner": 0.0,
        "frac_pred_tiny_box": 0.0396,
        "conf_map_mean_pos": 0.0133,
        "conf_map_mean_neg": 0.0204,
        "conf_map_std_pos": 0.016,
        "conf_map_std_neg": 0.0204,
        "support_proto_norm_mean": 7.5848,
        "support_proto_norm_std": 0.2563
      },
      "vizwiz_base": {
        "n": 88,
        "n_pos": 45,
        "n_neg": 43,
        "iou_mean": 0.3308,
        "iou_median": 0.3578,
        "iou_p25": 0.0363,
        "iou_p75": 0.5579,
        "contain_mean": 0.5101,
        "contain_at_iou_50": 0.3556,
        "contain_at_iou_75": 0.0667,
        "map_50": 0.1838,
        "map_5095": 0.0495,
        "ap_per_iou": {
          "0.50": 0.1838,
          "0.55": 0.0896,
          "0.60": 0.0708,
          "0.65": 0.0475,
          "0.70": 0.0413,
          "0.75": 0.0314,
          "0.80": 0.0302,
          "0.85": 0.0003,
          "0.90": 0.0,
          "0.95": 0.0
        },
        "f1_50": 0.3855,
        "precision_50": 0.4211,
        "recall_50": 0.3556,
        "presence_acc": 0.5909,
        "presence_acc_pos": 0.6889,
        "presence_acc_neg": 0.4884,
        "mean_score_pos": 0.5349,
        "mean_score_neg": 0.4983,
        "presence_auroc": 0.6408,
        "presence_pr_auc": 0.6709,
        "presence_brier": 0.2375,
        "frac_pred_near_corner": 0.0,
        "frac_pred_tiny_box": 0.0341,
        "conf_map_mean_pos": 0.0418,
        "conf_map_mean_neg": 0.0393,
        "conf_map_std_pos": 0.043,
        "conf_map_std_neg": 0.0407,
        "support_proto_norm_mean": 7.1843,
        "support_proto_norm_std": 0.5564
      },
      "vizwiz_novel": {
        "n": 12,
        "n_pos": 3,
        "n_neg": 9,
        "iou_mean": 0.0,
        "iou_median": 0.0,
        "iou_p25": 0.0,
        "iou_p75": 0.0,
        "contain_mean": 0.0,
        "contain_at_iou_50": 0.0,
        "contain_at_iou_75": 0.0,
        "map_50": 0.133,
        "map_5095": 0.03,
        "ap_per_iou": {
          "0.50": 0.133,
          "0.55": 0.1106,
          "0.60": 0.0281,
          "0.65": 0.0281,
          "0.70": 0.0,
          "0.75": 0.0,
          "0.80": 0.0,
          "0.85": 0.0,
          "0.90": 0.0,
          "0.95": 0.0
        },
        "f1_50": 0.0,
        "precision_50": 0.0,
        "recall_50": 0.0,
        "presence_acc": 0.75,
        "presence_acc_pos": 1.0,
        "presence_acc_neg": 0.6667,
        "mean_score_pos": 0.5336,
        "mean_score_neg": 0.436,
        "presence_auroc": 0.7407,
        "presence_pr_auc": 0.4667,
        "presence_brier": 0.2053,
        "frac_pred_near_corner": 0.0,
        "frac_pred_tiny_box": 0.3333,
        "conf_map_mean_pos": 0.0217,
        "conf_map_mean_neg": 0.0236,
        "conf_map_std_pos": 0.0222,
        "conf_map_std_neg": 0.0238,
        "support_proto_norm_mean": 7.1149,
        "support_proto_norm_std": 0.2505
      }
    },
    "score_thr": 0.5,
    "iou_thr": 0.5,
    "img_size": 224,
    "tta_sizes": [
      224,
      288
    ]
  }
}