{
  "checkpoint": "checkpoints/localizer/L3/stage_complete.pt",
  "stage": "L3",
  "model_kind": "localizer",
  "n_support": 4,
  "k_max": 10,
  "img_size": 768,
  "best_box_cxcywh_norm": [
    0.6227706074714661,
    0.36035987734794617,
    0.16122254729270935,
    0.06916383653879166
  ],
  "best_box_xyxy_native": [
    346.9819736480713,
    128.49789381027222,
    450.1644039154053,
    172.76274919509888
  ],
  "best_score": 0.9736942648887634,
  "native_size": [
    640,
    480
  ]
}