{
  "stage": "S2",
  "epoch": 2,
  "fold": 2,
  "wall_clock_seconds": 253.46,
  "lr": {
    "head": 8.946756844434993e-05,
    "lora": 8.946756844434993e-05
  },
  "train": {
    "loss": 0.0831148961186409,
    "focal": 0.05141804347746074,
    "variance": 0.00436859130859375,
    "decorrelation": 0.625199693441391,
    "grad_norm": 0.29433529019355775,
    "n_steps": 100,
    "grad_steps": 50,
    "grad_nan_steps": 0
  },
  "val": {
    "overall": {
      "n": 200,
      "n_pos": 55,
      "n_neg": 145,
      "threshold": 0.5,
      "tp": 1,
      "fp": 1,
      "fn": 54,
      "tn": 144,
      "accuracy": 0.725,
      "acc_pos": 0.01818181818181818,
      "acc_neg": 0.993103448275862,
      "precision": 0.5,
      "recall": 0.01818181818181818,
      "f1": 0.03508771929824561,
      "fpr": 0.006896551724137931,
      "fnr": 0.9818181818181818,
      "tpr": 0.018181818181818188,
      "tnr": 0.993103448275862,
      "youden_j": 0.011285266457680257,
      "mcc": 0.05064418313919596,
      "auroc": 0.7913479623824451,
      "pr_auc": 0.5430523978621256,
      "avg_precision": 0.5665507822213152,
      "brier": 0.17240394214194038,
      "best_f1": 0.6141732283464567,
      "best_f1_threshold": 0.3406580984592438,
      "fpr_at_recall_95": 0.5724137931034483,
      "recall_at_fpr_05": 0.18181818181818182,
      "recall_at_fpr_10": 0.41818181818181815,
      "mean_score_pos": 0.3625719287178733,
      "mean_score_neg": 0.2709594355061136,
      "std_score_pos": 0.05976111504468809,
      "std_score_neg": 0.09482718247110004,
      "score_gap": 0.09161249321175968,
      "median_score_pos": 0.3697311282157898,
      "median_score_neg": 0.28748825192451477,
      "frac_high_score": 0.0,
      "frac_low_score": 0.03,
      "frac_uncertain": 0.105
    },
    "per_source": {
      "hots": {
        "n": 70,
        "n_pos": 21,
        "n_neg": 49,
        "threshold": 0.5,
        "tp": 0,
        "fp": 0,
        "fn": 21,
        "tn": 49,
        "accuracy": 0.7,
        "acc_pos": 0.0,
        "acc_neg": 1.0,
        "precision": 0.0,
        "recall": 0.0,
        "f1": 0.0,
        "fpr": 0.0,
        "fnr": 1.0,
        "tpr": 0.0,
        "tnr": 1.0,
        "youden_j": 0.0,
        "mcc": 0.0,
        "auroc": 0.8172983479105929,
        "pr_auc": 0.7043460103667584,
        "avg_precision": 0.712345449042524,
        "brier": 0.18462800245073036,
        "best_f1": 0.6521739130434783,
        "best_f1_threshold": 0.33405402302742004,
        "fpr_at_recall_95": 0.5306122448979592,
        "recall_at_fpr_05": 0.42857142857142855,
        "recall_at_fpr_10": 0.42857142857142855,
        "mean_score_pos": 0.34977910206431434,
        "mean_score_neg": 0.2785865956423234,
        "std_score_pos": 0.04145625590358898,
        "std_score_neg": 0.06585054698184312,
        "score_gap": 0.07119250642199093,
        "median_score_pos": 0.34495407342910767,
        "median_score_neg": 0.288470059633255,
        "frac_high_score": 0.0,
        "frac_low_score": 0.0,
        "frac_uncertain": 0.014285714285714285
      },
      "insdet": {
        "n": 130,
        "n_pos": 34,
        "n_neg": 96,
        "threshold": 0.5,
        "tp": 1,
        "fp": 1,
        "fn": 33,
        "tn": 95,
        "accuracy": 0.7384615384615385,
        "acc_pos": 0.029411764705882353,
        "acc_neg": 0.9895833333333334,
        "precision": 0.5,
        "recall": 0.029411764705882353,
        "f1": 0.05555555555555555,
        "fpr": 0.010416666666666666,
        "fnr": 0.9705882352941176,
        "tpr": 0.02941176470588236,
        "tnr": 0.9895833333333334,
        "youden_j": 0.018995098039215695,
        "mcc": 0.06782606657010672,
        "auroc": 0.7889093137254902,
        "pr_auc": 0.527423039495493,
        "avg_precision": 0.5548187485035087,
        "brier": 0.1658217558218227,
        "best_f1": 0.6190476190476191,
        "best_f1_threshold": 0.34564217925071716,
        "fpr_at_recall_95": 0.6041666666666666,
        "recall_at_fpr_05": 0.29411764705882354,
        "recall_at_fpr_10": 0.29411764705882354,
        "mean_score_pos": 0.37047338047448325,
        "mean_score_neg": 0.2670664058532566,
        "std_score_pos": 0.06807375219235554,
        "std_score_neg": 0.10674260358944905,
        "score_gap": 0.10340697462122667,
        "median_score_pos": 0.37355174124240875,
        "median_score_neg": 0.28522664308547974,
        "frac_high_score": 0.0,
        "frac_low_score": 0.046153846153846156,
        "frac_uncertain": 0.15384615384615385
      }
    },
    "per_k": {
      "k1": {
        "n": 67,
        "n_pos": 13,
        "n_neg": 54,
        "threshold": 0.5,
        "tp": 1,
        "fp": 1,
        "fn": 12,
        "tn": 53,
        "accuracy": 0.8059701492537313,
        "acc_pos": 0.07692307692307693,
        "acc_neg": 0.9814814814814815,
        "precision": 0.5,
        "recall": 0.07692307692307693,
        "f1": 0.13333333333333336,
        "fpr": 0.018518518518518517,
        "fnr": 0.9230769230769231,
        "tpr": 0.07692307692307687,
        "tnr": 0.9814814814814815,
        "youden_j": 0.058404558404558354,
        "mcc": 0.13571992922607187,
        "auroc": 0.7891737891737892,
        "pr_auc": 0.41882498859626993,
        "avg_precision": 0.45345370747562014,
        "brier": 0.1482731208564051,
        "best_f1": 0.5263157894736842,
        "best_f1_threshold": 0.3461962640285492,
        "fpr_at_recall_95": 0.5185185185185185,
        "recall_at_fpr_05": 0.15384615384615385,
        "recall_at_fpr_10": 0.15384615384615385,
        "mean_score_pos": 0.38100549578666687,
        "mean_score_neg": 0.28560174173778957,
        "std_score_pos": 0.05296198277349176,
        "std_score_neg": 0.09856936289950172,
        "score_gap": 0.0954037540488773,
        "median_score_pos": 0.3861115276813507,
        "median_score_neg": 0.31205858290195465,
        "frac_high_score": 0.0,
        "frac_low_score": 0.029850746268656716,
        "frac_uncertain": 0.13432835820895522
      },
      "k4": {
        "n": 67,
        "n_pos": 21,
        "n_neg": 46,
        "threshold": 0.5,
        "tp": 0,
        "fp": 0,
        "fn": 21,
        "tn": 46,
        "accuracy": 0.6865671641791045,
        "acc_pos": 0.0,
        "acc_neg": 1.0,
        "precision": 0.0,
        "recall": 0.0,
        "f1": 0.0,
        "fpr": 0.0,
        "fnr": 1.0,
        "tpr": 0.0,
        "tnr": 1.0,
        "youden_j": 0.0,
        "mcc": 0.0,
        "auroc": 0.7370600414078675,
        "pr_auc": 0.6184697764062024,
        "avg_precision": 0.6290230714714704,
        "brier": 0.19219578365800283,
        "best_f1": 0.6222222222222222,
        "best_f1_threshold": 0.3406580984592438,
        "fpr_at_recall_95": 0.7608695652173914,
        "recall_at_fpr_05": 0.23809523809523808,
        "recall_at_fpr_10": 0.38095238095238093,
        "mean_score_pos": 0.34993466309138704,
        "mean_score_neg": 0.27795191514103307,
        "std_score_pos": 0.07030440514988365,
        "std_score_neg": 0.08821000726274426,
        "score_gap": 0.07198274795035398,
        "median_score_pos": 0.34564217925071716,
        "median_score_neg": 0.30155330896377563,
        "frac_high_score": 0.0,
        "frac_low_score": 0.029850746268656716,
        "frac_uncertain": 0.08955223880597014
      },
      "k10": {
        "n": 66,
        "n_pos": 21,
        "n_neg": 45,
        "threshold": 0.5,
        "tp": 0,
        "fp": 0,
        "fn": 21,
        "tn": 45,
        "accuracy": 0.6818181818181818,
        "acc_pos": 0.0,
        "acc_neg": 1.0,
        "precision": 0.0,
        "recall": 0.0,
        "f1": 0.0,
        "fpr": 0.0,
        "fnr": 1.0,
        "tpr": 0.0,
        "tnr": 1.0,
        "youden_j": 0.0,
        "mcc": 0.0,
        "auroc": 0.855026455026455,
        "pr_auc": 0.6658006465137009,
        "avg_precision": 0.7153261555746551,
        "brier": 0.1768086640291325,
        "best_f1": 0.7272727272727272,