{
  "stage": "S2",
  "epoch": 2,
  "fold": 0,
  "wall_clock_seconds": 239.16,
  "lr": {
    "head": 9.632837865737934e-05,
    "lora": 9.632837865737934e-05
  },
  "train": {
    "loss": 0.08337842553853989,
    "focal": 0.05153810929507017,
    "variance": 0.004801487922668457,
    "decorrelation": 0.6272031831741333,
    "grad_norm": 0.2844396924972534,
    "n_steps": 100,
    "grad_steps": 50,
    "grad_nan_steps": 0
  },
  "val": {
    "overall": {
      "n": 200,
      "n_pos": 53,
      "n_neg": 147,
      "threshold": 0.5,
      "tp": 0,
      "fp": 0,
      "fn": 53,
      "tn": 147,
      "accuracy": 0.735,
      "acc_pos": 0.0,
      "acc_neg": 1.0,
      "precision": 0.0,
      "recall": 0.0,
      "f1": 0.0,
      "fpr": 0.0,
      "fnr": 1.0,
      "tpr": 0.0,
      "tnr": 1.0,
      "youden_j": 0.0,
      "mcc": 0.0,
      "auroc": 0.7785906815556412,
      "pr_auc": 0.462079927038764,
      "avg_precision": 0.4995034549796435,
      "brier": 0.1783674539288934,
      "best_f1": 0.6040268456375839,
      "best_f1_threshold": 0.3484916388988495,
      "fpr_at_recall_95": 0.6394557823129252,
      "recall_at_fpr_05": 0.07547169811320754,
      "recall_at_fpr_10": 0.3018867924528302,
      "mean_score_pos": 0.365960993294446,
      "mean_score_neg": 0.3015467598527467,
      "std_score_pos": 0.028838931244154837,
      "std_score_neg": 0.08096920695343647,
      "score_gap": 0.06441423344169928,
      "median_score_pos": 0.36924290657043457,
      "median_score_neg": 0.3289766311645508,
      "frac_high_score": 0.0,
      "frac_low_score": 0.005,
      "frac_uncertain": 0.055
    },
    "per_source": {
      "hots": {
        "n": 65,
        "n_pos": 22,
        "n_neg": 43,
        "threshold": 0.5,
        "tp": 0,
        "fp": 0,
        "fn": 22,
        "tn": 43,
        "accuracy": 0.6615384615384615,
        "acc_pos": 0.0,
        "acc_neg": 1.0,
        "precision": 0.0,
        "recall": 0.0,
        "f1": 0.0,
        "fpr": 0.0,
        "fnr": 1.0,
        "tpr": 0.0,
        "tnr": 1.0,
        "youden_j": 0.0,
        "mcc": 0.0,
        "auroc": 0.7293868921775899,
        "pr_auc": 0.5449226603900726,
        "avg_precision": 0.5787799810564848,
        "brier": 0.2108932404125271,
        "best_f1": 0.6666666666666666,
        "best_f1_threshold": 0.34224018454551697,
        "fpr_at_recall_95": 0.813953488372093,
        "recall_at_fpr_05": 0.18181818181818182,
        "recall_at_fpr_10": 0.18181818181818182,
        "mean_score_pos": 0.3584741177884015,
        "mean_score_neg": 0.3248750040697497,
        "std_score_pos": 0.026015616832126064,
        "std_score_neg": 0.04909792607614407,
        "score_gap": 0.03359911371865182,
        "median_score_pos": 0.36195024847984314,
        "median_score_neg": 0.33619779348373413,
        "frac_high_score": 0.0,
        "frac_low_score": 0.0,
        "frac_uncertain": 0.015384615384615385
      },
      "insdet": {
        "n": 135,
        "n_pos": 31,
        "n_neg": 104,
        "threshold": 0.5,
        "tp": 0,
        "fp": 0,
        "fn": 31,
        "tn": 104,
        "accuracy": 0.7703703703703704,
        "acc_pos": 0.0,
        "acc_neg": 1.0,
        "precision": 0.0,
        "recall": 0.0,
        "f1": 0.0,
        "fpr": 0.0,
        "fnr": 1.0,
        "tpr": 0.0,
        "tnr": 1.0,
        "youden_j": 0.0,
        "mcc": 0.0,
        "auroc": 0.8030397022332506,
        "pr_auc": 0.44426751664319925,
        "avg_precision": 0.49531164648492554,
        "brier": 0.16270689006640307,
        "best_f1": 0.6133333333333333,
        "best_f1_threshold": 0.3623772859573364,
        "fpr_at_recall_95": 0.5576923076923077,
        "recall_at_fpr_05": 0.0967741935483871,
        "recall_at_fpr_10": 0.22580645161290322,
        "mean_score_pos": 0.37127425978260653,
        "mean_score_neg": 0.2919014281091782,
        "std_score_pos": 0.02995896050880379,
        "std_score_neg": 0.08938061314334658,
        "score_gap": 0.07937283167342835,
        "median_score_pos": 0.37298575043678284,
        "median_score_neg": 0.3135024607181549,
        "frac_high_score": 0.0,
        "frac_low_score": 0.007407407407407408,
        "frac_uncertain": 0.07407407407407407
      }
    },
    "per_k": {
      "k1": {
        "n": 67,
        "n_pos": 14,
        "n_neg": 53,
        "threshold": 0.5,
        "tp": 0,
        "fp": 0,
        "fn": 14,
        "tn": 53,
        "accuracy": 0.7910447761194029,
        "acc_pos": 0.0,
        "acc_neg": 1.0,
        "precision": 0.0,
        "recall": 0.0,
        "f1": 0.0,
        "fpr": 0.0,
        "fnr": 1.0,
        "tpr": 0.0,
        "tnr": 1.0,
        "youden_j": 0.0,
        "mcc": 0.0,
        "auroc": 0.7857142857142857,
        "pr_auc": 0.4326143087251578,
        "avg_precision": 0.4814759209988664,
        "brier": 0.16103718232982364,
        "best_f1": 0.5777777777777778,
        "best_f1_threshold": 0.34466832876205444,
        "fpr_at_recall_95": 0.5094339622641509,
        "recall_at_fpr_05": 0.07142857142857142,
        "recall_at_fpr_10": 0.14285714285714285,
        "mean_score_pos": 0.3678149495806013,
        "mean_score_neg": 0.30274536910484423,
        "std_score_pos": 0.022629406960461822,
        "std_score_neg": 0.07965318000661277,
        "score_gap": 0.06506958047575706,
        "median_score_pos": 0.37076209485530853,
        "median_score_neg": 0.3359129726886749,
        "frac_high_score": 0.0,
        "frac_low_score": 0.0,
        "frac_uncertain": 0.05970149253731343
      },
      "k4": {
        "n": 67,
        "n_pos": 20,
        "n_neg": 47,
        "threshold": 0.5,
        "tp": 0,
        "fp": 0,
        "fn": 20,
        "tn": 47,
        "accuracy": 0.7014925373134329,
        "acc_pos": 0.0,
        "acc_neg": 1.0,
        "precision": 0.0,
        "recall": 0.0,
        "f1": 0.0,
        "fpr": 0.0,
        "fnr": 1.0,
        "tpr": 0.0,
        "tnr": 1.0,
        "youden_j": 0.0,
        "mcc": 0.0,
        "auroc": 0.7872340425531915,
        "pr_auc": 0.5272395119611507,
        "avg_precision": 0.6220541881578568,
        "brier": 0.1926400473629811,
        "best_f1": 0.6486486486486486,
        "best_f1_threshold": 0.3680800795555115,
        "fpr_at_recall_95": 0.6382978723404256,
        "recall_at_fpr_05": 0.05,
        "recall_at_fpr_10": 0.25,
        "mean_score_pos": 0.3647854655981064,
        "mean_score_neg": 0.3111440141467338,
        "std_score_pos": 0.029272467897280833,
        "std_score_neg": 0.0766916928361157,
        "score_gap": 0.05364145145137256,
        "median_score_pos": 0.36904190480709076,
        "median_score_neg": 0.33816784620285034,
        "frac_high_score": 0.0,
        "frac_low_score": 0.014925373134328358,
        "frac_uncertain": 0.05970149253731343
      },
      "k10": {
        "n": 66,
        "n_pos": 19,
        "n_neg": 47,
        "threshold": 0.5,
        "tp": 0,
        "fp": 0,
        "fn": 19,
        "tn": 47,
        "accuracy": 0.7121212121212122,
        "acc_pos": 0.0,
        "acc_neg": 1.0,
        "precision": 0.0,
        "recall": 0.0,
        "f1": 0.0,
        "fpr": 0.0,
        "fnr": 1.0,
        "tpr": 0.0,
        "tnr": 1.0,
        "youden_j": 0.0,
        "mcc": 0.0,
        "auroc": 0.7849944008958567,
        "pr_auc": 0.5419260035623563,
        "avg_precision": 0.5758562839042531,
        "brier": 0.18147146055092056,
        "best_f1": 0.6363636363636364,
        "best_f1_threshold": 0.35597294569015503,
        "fpr_at_recall_95": 0.6170212765957447,
        "recall_at_fpr_05": 0.21052631578947367,
        "recall_at_fpr_10": 0.42105263157894735,
        "mean_score_pos": 0.3658323178165837,
        "mean_score_neg": 0.2905978823595859,
        "std_score_pos": 0.033527478525086425,
        "std_score_neg": 0.08681105624564062,
        "score_gap": 0.07523443545699782,
        "median_score_pos": 0.364553302526474,
        "median_score_neg": 0.3205254077911377,