{
  "stage": "S2",
  "epoch": 2,
  "fold": 1,
  "wall_clock_seconds": 250.32,
  "lr": {
    "head": 9.330796891903274e-05,
    "lora": 9.330796891903274e-05
  },
  "train": {
    "loss": 0.07807301551103592,
    "focal": 0.04616518495604396,
    "variance": 0.004897327423095703,
    "decorrelation": 0.6283624219894409,
    "grad_norm": 0.272331925034523,
    "n_steps": 100,
    "grad_steps": 50,
    "grad_nan_steps": 0
  },
  "val": {
    "overall": {
      "n": 200,
      "n_pos": 42,
      "n_neg": 158,
      "threshold": 0.5,
      "tp": 0,
      "fp": 0,
      "fn": 42,
      "tn": 158,
      "accuracy": 0.79,
      "acc_pos": 0.0,
      "acc_neg": 1.0,
      "precision": 0.0,
      "recall": 0.0,
      "f1": 0.0,
      "fpr": 0.0,
      "fnr": 1.0,
      "tpr": 0.0,
      "tnr": 1.0,
      "youden_j": 0.0,
      "mcc": 0.0,
      "auroc": 0.7968655816757083,
      "pr_auc": 0.5178193742223438,
      "avg_precision": 0.540243895006697,
      "brier": 0.15281666125409823,
      "best_f1": 0.5544554455445544,
      "best_f1_threshold": 0.3442053496837616,
      "fpr_at_recall_95": 0.6962025316455697,
      "recall_at_fpr_05": 0.2619047619047619,
      "recall_at_fpr_10": 0.42857142857142855,
      "mean_score_pos": 0.3570691212302163,
      "mean_score_neg": 0.2759245957094657,
      "std_score_pos": 0.060521012014271895,
      "std_score_neg": 0.08071339874018055,
      "score_gap": 0.08114452552075058,
      "median_score_pos": 0.36140358448028564,
      "median_score_neg": 0.28622692823410034,
      "frac_high_score": 0.0,
      "frac_low_score": 0.025,
      "frac_uncertain": 0.055
    },
    "per_source": {
      "hots": {
        "n": 65,
        "n_pos": 14,
        "n_neg": 51,
        "threshold": 0.5,
        "tp": 0,
        "fp": 0,
        "fn": 14,
        "tn": 51,
        "accuracy": 0.7846153846153846,
        "acc_pos": 0.0,
        "acc_neg": 1.0,
        "precision": 0.0,
        "recall": 0.0,
        "f1": 0.0,
        "fpr": 0.0,
        "fnr": 1.0,
        "tpr": 0.0,
        "tnr": 1.0,
        "youden_j": 0.0,
        "mcc": 0.0,
        "auroc": 0.7759103641456583,
        "pr_auc": 0.5289116523414552,
        "avg_precision": 0.5571070778607489,
        "brier": 0.16216592353095477,
        "best_f1": 0.6250000000000001,
        "best_f1_threshold": 0.3447396457195282,
        "fpr_at_recall_95": 0.7843137254901961,
        "recall_at_fpr_05": 0.2857142857142857,
        "recall_at_fpr_10": 0.42857142857142855,
        "mean_score_pos": 0.3551672122308186,
        "mean_score_neg": 0.29590685314991894,
        "std_score_pos": 0.06137037272741067,
        "std_score_neg": 0.06401377097672543,
        "score_gap": 0.05926035908089966,
        "median_score_pos": 0.3634952902793884,
        "median_score_neg": 0.30078092217445374,
        "frac_high_score": 0.0,
        "frac_low_score": 0.0,
        "frac_uncertain": 0.046153846153846156
      },
      "insdet": {
        "n": 135,
        "n_pos": 28,
        "n_neg": 107,
        "threshold": 0.5,
        "tp": 0,
        "fp": 0,
        "fn": 28,
        "tn": 107,
        "accuracy": 0.7925925925925926,
        "acc_pos": 0.0,
        "acc_neg": 1.0,
        "precision": 0.0,
        "recall": 0.0,
        "f1": 0.0,
        "fpr": 0.0,
        "fnr": 1.0,
        "tpr": 0.0,
        "tnr": 1.0,
        "youden_j": 0.0,
        "mcc": 0.0,
        "auroc": 0.8027369826435247,
        "pr_auc": 0.5814191217131127,
        "avg_precision": 0.5857106605581676,
        "brier": 0.1483151646022784,
        "best_f1": 0.5476190476190476,
        "best_f1_threshold": 0.3212659955024719,
        "fpr_at_recall_95": 0.7476635514018691,
        "recall_at_fpr_05": 0.2857142857142857,
        "recall_at_fpr_10": 0.42857142857142855,
        "mean_score_pos": 0.35802007572991507,
        "mean_score_neg": 0.2664003421630815,
        "std_score_pos": 0.06120286602363775,
        "std_score_neg": 0.08621180555539647,
        "score_gap": 0.09161973356683356,
        "median_score_pos": 0.36112990975379944,
        "median_score_neg": 0.26612186431884766,
        "frac_high_score": 0.0,
        "frac_low_score": 0.037037037037037035,
        "frac_uncertain": 0.05925925925925926
      }
    },
    "per_k": {
      "k1": {
        "n": 67,
        "n_pos": 11,
        "n_neg": 56,
        "threshold": 0.5,
        "tp": 0,
        "fp": 0,
        "fn": 11,
        "tn": 56,
        "accuracy": 0.835820895522388,
        "acc_pos": 0.0,
        "acc_neg": 1.0,
        "precision": 0.0,
        "recall": 0.0,
        "f1": 0.0,
        "fpr": 0.0,
        "fnr": 1.0,
        "tpr": 0.0,
        "tnr": 1.0,
        "youden_j": 0.0,
        "mcc": 0.0,
        "auroc": 0.672077922077922,
        "pr_auc": 0.3641627277700284,
        "avg_precision": 0.3723105922309541,
        "brier": 0.14885093538718325,
        "best_f1": 0.42105263157894735,
        "best_f1_threshold": 0.3108888566493988,
        "fpr_at_recall_95": 0.9285714285714286,
        "recall_at_fpr_05": 0.18181818181818182,
        "recall_at_fpr_10": 0.2727272727272727,
        "mean_score_pos": 0.3216912936080586,
        "mean_score_neg": 0.28911005625767366,
        "std_score_pos": 0.06157394490273835,
        "std_score_neg": 0.05927293908883355,
        "score_gap": 0.03258123735038493,
        "median_score_pos": 0.3212659955024719,
        "median_score_neg": 0.29720941185951233,
        "frac_high_score": 0.0,
        "frac_low_score": 0.0,
        "frac_uncertain": 0.029850746268656716
      },
      "k4": {
        "n": 67,
        "n_pos": 12,
        "n_neg": 55,
        "threshold": 0.5,
        "tp": 0,
        "fp": 0,
        "fn": 12,
        "tn": 55,
        "accuracy": 0.8208955223880597,
        "acc_pos": 0.0,
        "acc_neg": 1.0,
        "precision": 0.0,
        "recall": 0.0,
        "f1": 0.0,
        "fpr": 0.0,
        "fnr": 1.0,
        "tpr": 0.0,
        "tnr": 1.0,
        "youden_j": 0.0,
        "mcc": 0.0,
        "auroc": 0.7787878787878788,
        "pr_auc": 0.448744447273859,
        "avg_precision": 0.48032727642512024,
        "brier": 0.14326769965715822,
        "best_f1": 0.5333333333333333,
        "best_f1_threshold": 0.3442053496837616,
        "fpr_at_recall_95": 0.7818181818181819,
        "recall_at_fpr_05": 0.25,
        "recall_at_fpr_10": 0.25,
        "mean_score_pos": 0.3584698537985484,
        "mean_score_neg": 0.2770807222886519,
        "std_score_pos": 0.06935884725132979,
        "std_score_neg": 0.08440780880083022,
        "score_gap": 0.08138913150989652,
        "median_score_pos": 0.3536677211523056,
        "median_score_neg": 0.264594167470932,
        "frac_high_score": 0.0,
        "frac_low_score": 0.014925373134328358,
        "frac_uncertain": 0.05970149253731343
      },
      "k10": {
        "n": 66,
        "n_pos": 19,
        "n_neg": 47,
        "threshold": 0.5,
        "tp": 0,
        "fp": 0,
        "fn": 19,
        "tn": 47,
        "accuracy": 0.7121212121212122,
        "acc_pos": 0.0,
        "acc_neg": 1.0,
        "precision": 0.0,
        "recall": 0.0,
        "f1": 0.0,
        "fpr": 0.0,
        "fnr": 1.0,
        "tpr": 0.0,
        "tnr": 1.0,
        "youden_j": 0.0,
        "mcc": 0.0,
        "auroc": 0.883538633818589,
        "pr_auc": 0.7884260271473904,
        "avg_precision": 0.7919742945662286,
        "brier": 0.1665361167098298,
        "best_f1": 0.7272727272727272,
        "best_f1_threshold": 0.3447396457195282,
        "fpr_at_recall_95": 0.5106382978723404,
        "recall_at_fpr_05": 0.47368421052631576,
        "recall_at_fpr_10": 0.631578947368421,
        "mean_score_pos": 0.3766663482314662,
        "mean_score_neg": 0.2588613456551065,
        "std_score_pos": 0.046101240153248395,
        "std_score_neg": 0.09570603232230869,
        "score_gap": 0.11780500257635973,
        "median_score_pos": 0.38091543316841125,
        "median_score_neg": 0.26672857999801636,