{
  "stage": 3,
  "epoch": 9,
  "fold": 0,
  "wall_clock_seconds": 204.73,
  "lr": {
    "group_0": 2.3195213478251596e-06,
    "group_1": 2.3195213478251596e-06,
    "group_2": 4.535105768321074e-05
  },
  "train": {
    "loss": 8.120501810504544,
    "qfl": 0.603983118649452,
    "neg_qfl": 0.00026794607636533796,
    "centerness": 1.1372873350497215,
    "dfl": 0.8022760489294606,
    "giou": 1.7490457027189192,
    "pred_iou": 0.20414555433296389,
    "presence": 0.07233438785037687,
    "attn": 0.1620813080620381,
    "aux": 2.367890073407081,
    "entropy_reg": 0.693359463445602,
    "reg_l2_prior": 675.4551618022304,
    "proto_norm": 55.21522423528856,
    "contrastive_presence": 0.7336560766543111,
    "feature_spread": 0.0,
    "nt_xent": 1.3497258040212816,
    "vicreg": 0.5587900934680816,
    "barlow": 0.0861523964953038,
    "triplet": 0.0,
    "grad_norm": 40.10311951175813,
    "n_steps": 62
  },
  "val": {
    "overall": {
      "n": 240,
      "n_pos": 114,
      "n_neg": 126,
      "iou_mean": 0.2618,
      "iou_median": 0.038,
      "iou_p25": 0.0,
      "iou_p75": 0.5459,
      "contain_mean": 0.3617,
      "contain_at_iou_50": 0.2719,
      "contain_at_iou_75": 0.1053,
      "map_50": 0.2423,
      "map_5095": 0.0863,
      "ap_per_iou": {
        "0.50": 0.2423,
        "0.55": 0.192,
        "0.60": 0.1517,
        "0.65": 0.1025,
        "0.70": 0.0881,
        "0.75": 0.0455,
        "0.80": 0.0395,
        "0.85": 0.001,
        "0.90": 0.0,
        "0.95": 0.0
      },
      "f1_50": 0.3407,
      "precision_50": 0.4559,
      "recall_50": 0.2719,
      "presence_acc": 0.7875,
      "presence_acc_pos": 0.8772,
      "presence_acc_neg": 0.7063,
      "mean_score_pos": 0.5766,
      "mean_score_neg": 0.3922,
      "presence_auroc": 0.8606,
      "presence_pr_auc": 0.8361,
      "presence_brier": 0.1805,
      "frac_pred_near_corner": 0.0,
      "frac_pred_tiny_box": 0.1458,
      "conf_map_mean_pos": 0.0343,
      "conf_map_mean_neg": 0.0318,
      "conf_map_std_pos": 0.0404,
      "conf_map_std_neg": 0.0306,
      "support_proto_norm_mean": 8.46,
      "support_proto_norm_std": 0.4274,
      "argmax_cell_entropy": 4.2756
    },
    "per_source": {
      "hots": {
        "n": 40,
        "n_pos": 20,
        "n_neg": 20,
        "iou_mean": 0.2885,
        "iou_median": 0.0,
        "iou_p25": 0.0,
        "iou_p75": 0.6454,
        "contain_mean": 0.3698,
        "contain_at_iou_50": 0.35,
        "contain_at_iou_75": 0.15,
        "map_50": 0.3646,
        "map_5095": 0.1295,
        "ap_per_iou": {
          "0.50": 0.3646,
          "0.55": 0.3387,
          "0.60": 0.3251,
          "0.65": 0.104,
          "0.70": 0.1017,
          "0.75": 0.0347,
          "0.80": 0.0204,
          "0.85": 0.0062,
          "0.90": 0.0,
          "0.95": 0.0
        },
        "f1_50": 0.5185,
        "precision_50": 1.0,
        "recall_50": 0.35,
        "presence_acc": 1.0,
        "presence_acc_pos": 1.0,
        "presence_acc_neg": 1.0,
        "mean_score_pos": 0.6639,
        "mean_score_neg": 0.2377,
        "presence_auroc": 1.0,
        "presence_pr_auc": 1.0,
        "presence_brier": 0.0886,
        "frac_pred_near_corner": 0.0,
        "frac_pred_tiny_box": 0.5,
        "conf_map_mean_pos": 0.0258,
        "conf_map_mean_neg": 0.025,
        "conf_map_std_pos": 0.0326,
        "conf_map_std_neg": 0.0215,
        "support_proto_norm_mean": 8.4364,
        "support_proto_norm_std": 0.2954
      },
      "insdet": {
        "n": 88,
        "n_pos": 39,
        "n_neg": 49,
        "iou_mean": 0.0,
        "iou_median": 0.0,
        "iou_p25": 0.0,
        "iou_p75": 0.0,
        "contain_mean": 0.0,
        "contain_at_iou_50": 0.0,
        "contain_at_iou_75": 0.0,
        "map_50": 0.0,
        "map_5095": 0.0,
        "ap_per_iou": {
          "0.50": 0.0,
          "0.55": 0.0,
          "0.60": 0.0,
          "0.65": 0.0,
          "0.70": 0.0,
          "0.75": 0.0,
          "0.80": 0.0,
          "0.85": 0.0,
          "0.90": 0.0,
          "0.95": 0.0
        },
        "f1_50": 0.0,
        "precision_50": 0.0,
        "recall_50": 0.0,
        "presence_acc": 0.7614,
        "presence_acc_pos": 1.0,
        "presence_acc_neg": 0.5714,
        "mean_score_pos": 0.5744,
        "mean_score_neg": 0.3712,
        "presence_auroc": 0.7766,
        "presence_pr_auc": 0.6479,
        "presence_brier": 0.1769,
        "frac_pred_near_corner": 0.0,
        "frac_pred_tiny_box": 0.1136,
        "conf_map_mean_pos": 0.0154,
        "conf_map_mean_neg": 0.0213,
        "conf_map_std_pos": 0.0152,
        "conf_map_std_neg": 0.0188,
        "support_proto_norm_mean": 8.8114,
        "support_proto_norm_std": 0.2942
      },
      "vizwiz_base": {
        "n": 97,
        "n_pos": 49,
        "n_neg": 48,
        "iou_mean": 0.4053,
        "iou_median": 0.4004,
        "iou_p25": 0.1318,
        "iou_p75": 0.6693,
        "contain_mean": 0.6009,
        "contain_at_iou_50": 0.3878,
        "contain_at_iou_75": 0.1224,
        "map_50": 0.2988,
        "map_5095": 0.072,
        "ap_per_iou": {
          "0.50": 0.2988,
          "0.55": 0.1837,
          "0.60": 0.1011,
          "0.65": 0.0672,
          "0.70": 0.039,
          "0.75": 0.0186,
          "0.80": 0.0099,
          "0.85": 0.0015,
          "0.90": 0.0,
          "0.95": 0.0
        },
        "f1_50": 0.4634,
        "precision_50": 0.5758,
        "recall_50": 0.3878,
        "presence_acc": 0.7113,
        "presence_acc_pos": 0.7143,
        "presence_acc_neg": 0.7083,
        "mean_score_pos": 0.5352,
        "mean_score_neg": 0.4664,
        "presence_auroc": 0.7517,
        "presence_pr_auc": 0.7608,
        "presence_brier": 0.2217,
        "frac_pred_near_corner": 0.0,
        "frac_pred_tiny_box": 0.0515,
        "conf_map_mean_pos": 0.0502,
        "conf_map_mean_neg": 0.0449,
        "conf_map_std_pos": 0.0539,
        "conf_map_std_neg": 0.045,
        "support_proto_norm_mean": 8.1815,
        "support_proto_norm_std": 0.3529
      },
      "vizwiz_novel": {
        "n": 15,
        "n_pos": 6,
        "n_neg": 9,
        "iou_mean": 0.7023,
        "iou_median": 0.7773,
        "iou_p25": 0.7334,
        "iou_p75": 0.8212,
        "contain_mean": 0.7328,
        "contain_at_iou_50": 0.8333,
        "contain_at_iou_75": 0.5,
        "map_50": 0.8317,
        "map_5095": 0.5169,
        "ap_per_iou": {
          "0.50": 0.8317,
          "0.55": 0.8317,
          "0.60": 0.8317,
          "0.65": 0.8317,
          "0.70": 0.8317,
          "0.75": 0.505,
          "0.80": 0.505,
          "0.85": 0.0,
          "0.90": 0.0,
          "0.95": 0.0
        },
        "f1_50": 0.7692,
        "precision_50": 0.7143,
        "recall_50": 0.8333,
        "presence_acc": 0.8667,
        "presence_acc_pos": 1.0,
        "presence_acc_neg": 0.7778,
        "mean_score_pos": 0.6381,
        "mean_score_neg": 0.4549,
        "presence_auroc": 1.0,
        "presence_pr_auc": 1.0,
        "presence_brier": 0.1802,
        "frac_pred_near_corner": 0.0,
        "frac_pred_tiny_box": 0.0,
        "conf_map_mean_pos": 0.0562,
        "conf_map_mean_neg": 0.0336,
        "conf_map_std_pos": 0.1199,
        "conf_map_std_neg": 0.0389,
        "support_proto_norm_mean": 8.2628,
        "support_proto_norm_std": 0.3336
      }
    },
    "score_thr": 0.5,
    "iou_thr": 0.5,
    "img_size": 224,
    "tta_sizes": [
      224,
      288
    ]
  }
}