{
  "stage": 3,
  "epoch": 1,
  "fold": 0,
  "wall_clock_seconds": 211.13,
  "lr": {
    "group_0": 2.266187050359713e-06,
    "group_1": 2.266187050359713e-06,
    "group_2": 4.532374100719425e-05
  },
  "train": {
    "loss": 9.71535095091789,
    "qfl": 0.13484080226983003,
    "neg_qfl": 7.56944104528928e-08,
    "centerness": 1.3813938671542751,
    "dfl": 1.7513686668488286,
    "giou": 3.797911890091435,
    "pred_iou": 0.7032666749531223,
    "presence": 0.12105775047694484,
    "attn": 0.41169488261784276,
    "aux": 3.891051926920491,
    "entropy_reg": -0.0030295233572683027,
    "reg_l2_prior": 1888.8472250661541,
    "proto_norm": 16.78137243947675,
    "contrastive_presence": 2.8873735377865453,
    "feature_spread": 0.0,
    "nt_xent": 1.2467032228746722,
    "vicreg": 0.6830963386643317,
    "barlow": 0.07880192622542381,
    "triplet": 0.0,
    "grad_norm": NaN,
    "n_steps": 62
  },
  "val": {
    "overall": {
      "n": 240,
      "n_pos": 120,
      "n_neg": 120,
      "iou_mean": 0.0,
      "iou_median": 0.0,
      "iou_p25": 0.0,
      "iou_p75": 0.0,
      "contain_mean": 0.0,
      "contain_at_iou_50": 0.0,
      "contain_at_iou_75": 0.0,
      "map_50": 0.0,
      "map_5095": 0.0,
      "ap_per_iou": {
        "0.50": 0.0,
        "0.55": 0.0,
        "0.60": 0.0,
        "0.65": 0.0,
        "0.70": 0.0,
        "0.75": 0.0,
        "0.80": 0.0,
        "0.85": 0.0,
        "0.90": 0.0,
        "0.95": 0.0
      },
      "f1_50": 0.0,
      "precision_50": 0.0,
      "recall_50": 0.0,
      "presence_acc": 0.6375,
      "presence_acc_pos": 0.6333,
      "presence_acc_neg": 0.6417,
      "mean_score_pos": 0.5089,
      "mean_score_neg": 0.4925,
      "presence_auroc": 0.7017,
      "presence_pr_auc": 0.7317,
      "presence_brier": 0.2423,
      "frac_pred_near_corner": 0.0,
      "frac_pred_tiny_box": 0.0,
      "conf_map_mean_pos": 0.0046,
      "conf_map_mean_neg": 0.0045,
      "conf_map_std_pos": 0.0024,
      "conf_map_std_neg": 0.0023,
      "support_proto_norm_mean": 5.2233,
      "support_proto_norm_std": 0.4469,
      "argmax_cell_entropy": 4.268
    },
    "per_source": {
      "hots": {
        "n": 48,
        "n_pos": 22,
        "n_neg": 26,
        "iou_mean": 0.0,
        "iou_median": 0.0,
        "iou_p25": 0.0,
        "iou_p75": 0.0,
        "contain_mean": 0.0,
        "contain_at_iou_50": 0.0,
        "contain_at_iou_75": 0.0,
        "map_50": 0.0,
        "map_5095": 0.0,
        "ap_per_iou": {
          "0.50": 0.0,
          "0.55": 0.0,
          "0.60": 0.0,
          "0.65": 0.0,
          "0.70": 0.0,
          "0.75": 0.0,
          "0.80": 0.0,
          "0.85": 0.0,
          "0.90": 0.0,
          "0.95": 0.0
        },
        "f1_50": 0.0,
        "precision_50": 0.0,
        "recall_50": 0.0,
        "presence_acc": 0.7083,
        "presence_acc_pos": 1.0,
        "presence_acc_neg": 0.4615,
        "mean_score_pos": 0.5299,
        "mean_score_neg": 0.506,
        "presence_auroc": 0.8811,
        "presence_pr_auc": 0.8228,
        "presence_brier": 0.2402,
        "frac_pred_near_corner": 0.0,
        "frac_pred_tiny_box": 0.0,
        "conf_map_mean_pos": 0.0047,
        "conf_map_mean_neg": 0.0044,
        "conf_map_std_pos": 0.0025,
        "conf_map_std_neg": 0.0022,
        "support_proto_norm_mean": 5.1393,
        "support_proto_norm_std": 0.3252
      },
      "insdet": {
        "n": 92,
        "n_pos": 49,
        "n_neg": 43,
        "iou_mean": 0.0,
        "iou_median": 0.0,
        "iou_p25": 0.0,
        "iou_p75": 0.0,
        "contain_mean": 0.0,
        "contain_at_iou_50": 0.0,
        "contain_at_iou_75": 0.0,
        "map_50": 0.0,
        "map_5095": 0.0,
        "ap_per_iou": {
          "0.50": 0.0,
          "0.55": 0.0,
          "0.60": 0.0,
          "0.65": 0.0,
          "0.70": 0.0,
          "0.75": 0.0,
          "0.80": 0.0,
          "0.85": 0.0,
          "0.90": 0.0,
          "0.95": 0.0
        },
        "f1_50": 0.0,
        "precision_50": 0.0,
        "recall_50": 0.0,
        "presence_acc": 0.75,
        "presence_acc_pos": 0.8163,
        "presence_acc_neg": 0.6744,
        "mean_score_pos": 0.519,
        "mean_score_neg": 0.4904,
        "presence_auroc": 0.831,
        "presence_pr_auc": 0.8555,
        "presence_brier": 0.2361,
        "frac_pred_near_corner": 0.0,
        "frac_pred_tiny_box": 0.0,
        "conf_map_mean_pos": 0.0047,
        "conf_map_mean_neg": 0.0046,
        "conf_map_std_pos": 0.0026,
        "conf_map_std_neg": 0.0024,
        "support_proto_norm_mean": 4.9376,
        "support_proto_norm_std": 0.2883
      },
      "vizwiz_base": {
        "n": 84,
        "n_pos": 40,
        "n_neg": 44,
        "iou_mean": 0.0,
        "iou_median": 0.0,
        "iou_p25": 0.0,
        "iou_p75": 0.0,
        "contain_mean": 0.0,
        "contain_at_iou_50": 0.0,
        "contain_at_iou_75": 0.0,
        "map_50": 0.0,
        "map_5095": 0.0,
        "ap_per_iou": {
          "0.50": 0.0,
          "0.55": 0.0,
          "0.60": 0.0,
          "0.65": 0.0,
          "0.70": 0.0,
          "0.75": 0.0,
          "0.80": 0.0,
          "0.85": 0.0,
          "0.90": 0.0,
          "0.95": 0.0
        },
        "f1_50": 0.0,
        "precision_50": 0.0,
        "recall_50": 0.0,
        "presence_acc": 0.4881,
        "presence_acc_pos": 0.3,
        "presence_acc_neg": 0.6591,
        "mean_score_pos": 0.4921,
        "mean_score_neg": 0.4892,
        "presence_auroc": 0.5341,
        "presence_pr_auc": 0.4757,
        "presence_brier": 0.2485,
        "frac_pred_near_corner": 0.0,
        "frac_pred_tiny_box": 0.0,
        "conf_map_mean_pos": 0.0043,
        "conf_map_mean_neg": 0.0044,
        "conf_map_std_pos": 0.002,
        "conf_map_std_neg": 0.0022,
        "support_proto_norm_mean": 5.4947,
        "support_proto_norm_std": 0.4165
      },
      "vizwiz_novel": {
        "n": 16,
        "n_pos": 9,
        "n_neg": 7,
        "iou_mean": 0.0,
        "iou_median": 0.0,
        "iou_p25": 0.0,
        "iou_p75": 0.0,
        "contain_mean": 0.0,
        "contain_at_iou_50": 0.0,
        "contain_at_iou_75": 0.0,
        "map_50": 0.0,
        "map_5095": 0.0,
        "ap_per_iou": {
          "0.50": 0.0,
          "0.55": 0.0,
          "0.60": 0.0,
          "0.65": 0.0,
          "0.70": 0.0,
          "0.75": 0.0,
          "0.80": 0.0,
          "0.85": 0.0,
          "0.90": 0.0,
          "0.95": 0.0
        },
        "f1_50": 0.0,
        "precision_50": 0.0,
        "recall_50": 0.0,
        "presence_acc": 0.5625,
        "presence_acc_pos": 0.2222,
        "presence_acc_neg": 1.0,
        "mean_score_pos": 0.4781,
        "mean_score_neg": 0.4762,
        "presence_auroc": 0.3968,
        "presence_pr_auc": 0.6654,
        "presence_brier": 0.2527,
        "frac_pred_near_corner": 0.0,
        "frac_pred_tiny_box": 0.0,
        "conf_map_mean_pos": 0.0044,
        "conf_map_mean_neg": 0.0046,
        "conf_map_std_pos": 0.0024,
        "conf_map_std_neg": 0.0026,
        "support_proto_norm_mean": 5.6932,
        "support_proto_norm_std": 0.4386
      }
    },
    "score_thr": 0.5,
    "iou_thr": 0.5,
    "img_size": 224,
    "tta_sizes": [
      224,
      288
    ]
  }
}