{
  "stage": "S2",
  "epoch": 3,
  "fold": 0,
  "wall_clock_seconds": 256.38,
  "lr": {
    "head": 8.487997521464515e-05,
    "lora": 8.487997521464515e-05
  },
  "train": {
    "loss": 0.08025638163089752,
    "focal": 0.04843225305434316,
    "variance": 0.004518442153930664,
    "decorrelation": 0.6274460434913636,
    "grad_norm": 0.27763549774885177,
    "n_steps": 100,
    "grad_steps": 50,
    "grad_nan_steps": 0
  },
  "val": {
    "overall": {
      "n": 200,
      "n_pos": 43,
      "n_neg": 157,
      "threshold": 0.5,
      "tp": 0,
      "fp": 0,
      "fn": 43,
      "tn": 157,
      "accuracy": 0.785,
      "acc_pos": 0.0,
      "acc_neg": 1.0,
      "precision": 0.0,
      "recall": 0.0,
      "f1": 0.0,
      "fpr": 0.0,
      "fnr": 1.0,
      "tpr": 0.0,
      "tnr": 1.0,
      "youden_j": 0.0,
      "mcc": 0.0,
      "auroc": 0.697230039994075,
      "pr_auc": 0.40269845535078497,
      "avg_precision": 0.4154326980253881,
      "brier": 0.16272881656343333,
      "best_f1": 0.4444444444444445,
      "best_f1_threshold": 0.3330153524875641,
      "fpr_at_recall_95": 0.7515923566878981,
      "recall_at_fpr_05": 0.20930232558139536,
      "recall_at_fpr_10": 0.27906976744186046,
      "mean_score_pos": 0.3269772864011831,
      "mean_score_neg": 0.2754963047944816,
      "std_score_pos": 0.06747047232712128,
      "std_score_neg": 0.07849901873943514,
      "score_gap": 0.051480981606701504,
      "median_score_pos": 0.3330153524875641,
      "median_score_neg": 0.2928882837295532,
      "frac_high_score": 0.0,
      "frac_low_score": 0.03,
      "frac_uncertain": 0.055
    },
    "per_source": {
      "hots": {
        "n": 65,
        "n_pos": 16,
        "n_neg": 49,
        "threshold": 0.5,
        "tp": 0,
        "fp": 0,
        "fn": 16,
        "tn": 49,
        "accuracy": 0.7538461538461538,
        "acc_pos": 0.0,
        "acc_neg": 1.0,
        "precision": 0.0,
        "recall": 0.0,
        "f1": 0.0,
        "fpr": 0.0,
        "fnr": 1.0,
        "tpr": 0.0,
        "tnr": 1.0,
        "youden_j": 0.0,
        "mcc": 0.0,
        "auroc": 0.6147959183673469,
        "pr_auc": 0.40545143454511573,
        "avg_precision": 0.4298055080636466,
        "brier": 0.18471029315802254,
        "best_f1": 0.4489795918367347,
        "best_f1_threshold": 0.3120383024215698,
        "fpr_at_recall_95": 0.9591836734693877,
        "recall_at_fpr_05": 0.1875,
        "recall_at_fpr_10": 0.3125,
        "mean_score_pos": 0.3151150746271014,
        "mean_score_neg": 0.2983947682137392,
        "std_score_pos": 0.05240788718310757,
        "std_score_neg": 0.04494441763366949,
        "score_gap": 0.016720306413362196,
        "median_score_pos": 0.3238043487071991,
        "median_score_neg": 0.30496639013290405,
        "frac_high_score": 0.0,
        "frac_low_score": 0.0,
        "frac_uncertain": 0.0
      },
      "insdet": {
        "n": 135,
        "n_pos": 27,
        "n_neg": 108,
        "threshold": 0.5,
        "tp": 0,
        "fp": 0,
        "fn": 27,
        "tn": 108,
        "accuracy": 0.8,
        "acc_pos": 0.0,
        "acc_neg": 1.0,
        "precision": 0.0,
        "recall": 0.0,
        "f1": 0.0,
        "fpr": 0.0,
        "fnr": 1.0,
        "tpr": 0.0,
        "tnr": 1.0,
        "youden_j": 0.0,
        "mcc": 0.0,
        "auroc": 0.7304526748971193,
        "pr_auc": 0.4193840009040502,
        "avg_precision": 0.4358206987024837,
        "brier": 0.15214514264752002,
        "best_f1": 0.46153846153846156,
        "best_f1_threshold": 0.3330153524875641,
        "fpr_at_recall_95": 0.6574074074074074,
        "recall_at_fpr_05": 0.25925925925925924,
        "recall_at_fpr_10": 0.3333333333333333,
        "mean_score_pos": 0.3340067452302686,
        "mean_score_neg": 0.2651071871320407,
        "std_score_pos": 0.07504121000376236,
        "std_score_neg": 0.08791337315576228,
        "score_gap": 0.0688995580982279,
        "median_score_pos": 0.3335963487625122,
        "median_score_neg": 0.28054872155189514,
        "frac_high_score": 0.0,
        "frac_low_score": 0.044444444444444446,
        "frac_uncertain": 0.08148148148148149
      }
    },
    "per_k": {
      "k1": {
        "n": 67,
        "n_pos": 10,
        "n_neg": 57,
        "threshold": 0.5,
        "tp": 0,
        "fp": 0,
        "fn": 10,
        "tn": 57,
        "accuracy": 0.8507462686567164,
        "acc_pos": 0.0,
        "acc_neg": 1.0,
        "precision": 0.0,
        "recall": 0.0,
        "f1": 0.0,
        "fpr": 0.0,
        "fnr": 1.0,
        "tpr": 0.0,
        "tnr": 1.0,
        "youden_j": 0.0,
        "mcc": 0.0,
        "auroc": 0.6157894736842106,
        "pr_auc": 0.18848147240932273,
        "avg_precision": 0.22727272727272688,
        "brier": 0.1454546699044345,
        "best_f1": 0.37037037037037035,
        "best_f1_threshold": 0.2796383202075958,
        "fpr_at_recall_95": 0.5964912280701754,
        "recall_at_fpr_05": 0.0,
        "recall_at_fpr_10": 0.0,
        "mean_score_pos": 0.3160000413656235,
        "mean_score_neg": 0.2875986164599134,
        "std_score_pos": 0.027942483705972705,
        "std_score_neg": 0.07851722389608477,
        "score_gap": 0.02840142490571007,
        "median_score_pos": 0.3133491724729538,
        "median_score_neg": 0.29665616154670715,
        "frac_high_score": 0.0,
        "frac_low_score": 0.029850746268656716,
        "frac_uncertain": 0.05970149253731343
      },
      "k4": {
        "n": 67,
        "n_pos": 15,
        "n_neg": 52,
        "threshold": 0.5,
        "tp": 0,
        "fp": 0,
        "fn": 15,
        "tn": 52,
        "accuracy": 0.7761194029850746,
        "acc_pos": 0.0,
        "acc_neg": 1.0,
        "precision": 0.0,
        "recall": 0.0,
        "f1": 0.0,
        "fpr": 0.0,
        "fnr": 1.0,
        "tpr": 0.0,
        "tnr": 1.0,
        "youden_j": 0.0,
        "mcc": 0.0,
        "auroc": 0.6884615384615385,
        "pr_auc": 0.545345507063429,
        "avg_precision": 0.556751618366706,
        "brier": 0.16439156799390972,
        "best_f1": 0.5,
        "best_f1_threshold": 0.37199512124061584,
        "fpr_at_recall_95": 0.8269230769230769,
        "recall_at_fpr_05": 0.3333333333333333,
        "recall_at_fpr_10": 0.4,
        "mean_score_pos": 0.3358263323704402,
        "mean_score_neg": 0.2783009647749938,
        "std_score_pos": 0.063010375851311,
        "std_score_neg": 0.0785002355150093,
        "score_gap": 0.05752536759544641,
        "median_score_pos": 0.32673370838165283,
        "median_score_neg": 0.31142063438892365,
        "frac_high_score": 0.0,
        "frac_low_score": 0.014925373134328358,
        "frac_uncertain": 0.05970149253731343
      },
      "k10": {
        "n": 66,
        "n_pos": 18,
        "n_neg": 48,
        "threshold": 0.5,
        "tp": 0,
        "fp": 0,
        "fn": 18,
        "tn": 48,
        "accuracy": 0.7272727272727273,
        "acc_pos": 0.0,
        "acc_neg": 1.0,
        "precision": 0.0,
        "recall": 0.0,
        "f1": 0.0,
        "fpr": 0.0,
        "fnr": 1.0,
        "tpr": 0.0,
        "tnr": 1.0,
        "youden_j": 0.0,
        "mcc": 0.0,
        "auroc": 0.7662037037037037,
        "pr_auc": 0.6915798228736825,
        "avg_precision": 0.6998437851303921,
        "brier": 0.17857674808329707,
        "best_f1": 0.6486486486486486,
        "best_f1_threshold": 0.32757681608200073,
        "fpr_at_recall_95": 1.0,
        "recall_at_fpr_05": 0.5,
        "recall_at_fpr_10": 0.5555555555555556,
        "mean_score_pos": 0.325701550891002,
        "mean_score_neg": 0.2580864280462265,
        "std_score_pos": 0.08615133412649516,
        "std_score_neg": 0.07697281950548818,
        "score_gap": 0.0676151228447755,
        "median_score_pos": 0.34574906527996063,
        "median_score_neg": 0.2776440232992172,
        "frac_high_score": 0.0,
        "frac_low_score": 0.045454545454545456,