{
  "stage": "S2",
  "epoch": 3,
  "fold": 2,
  "wall_clock_seconds": 254.53,
  "lr": {
    "head": 7.382357228220195e-05,
    "lora": 7.382357228220195e-05
  },
  "train": {
    "loss": 0.0803737274557352,
    "focal": 0.04825267910026014,
    "variance": 0.004747762680053711,
    "decorrelation": 0.632925192117691,
    "grad_norm": 0.29755276650190354,
    "n_steps": 100,
    "grad_steps": 50,
    "grad_nan_steps": 0
  },
  "val": {
    "overall": {
      "n": 200,
      "n_pos": 52,
      "n_neg": 148,
      "threshold": 0.5,
      "tp": 0,
      "fp": 0,
      "fn": 52,
      "tn": 148,
      "accuracy": 0.74,
      "acc_pos": 0.0,
      "acc_neg": 1.0,
      "precision": 0.0,
      "recall": 0.0,
      "f1": 0.0,
      "fpr": 0.0,
      "fnr": 1.0,
      "tpr": 0.0,
      "tnr": 1.0,
      "youden_j": 0.0,
      "mcc": 0.0,
      "auroc": 0.7080301455301455,
      "pr_auc": 0.4244742655906785,
      "avg_precision": 0.464414649996989,
      "brier": 0.17622785479812095,
      "best_f1": 0.5325443786982249,
      "best_f1_threshold": 0.273479700088501,
      "fpr_at_recall_95": 0.7364864864864865,
      "recall_at_fpr_05": 0.23076923076923078,
      "recall_at_fpr_10": 0.2692307692307692,
      "mean_score_pos": 0.32220789474936634,
      "mean_score_neg": 0.25968785704793157,
      "std_score_pos": 0.05694903322674759,
      "std_score_neg": 0.09074390504655525,
      "score_gap": 0.06252003770143477,
      "median_score_pos": 0.33076541125774384,
      "median_score_neg": 0.272197961807251,
      "frac_high_score": 0.0,
      "frac_low_score": 0.04,
      "frac_uncertain": 0.035
    },
    "per_source": {
      "hots": {
        "n": 70,
        "n_pos": 17,
        "n_neg": 53,
        "threshold": 0.5,
        "tp": 0,
        "fp": 0,
        "fn": 17,
        "tn": 53,
        "accuracy": 0.7571428571428571,
        "acc_pos": 0.0,
        "acc_neg": 1.0,
        "precision": 0.0,
        "recall": 0.0,
        "f1": 0.0,
        "fpr": 0.0,
        "fnr": 1.0,
        "tpr": 0.0,
        "tnr": 1.0,
        "youden_j": 0.0,
        "mcc": 0.0,
        "auroc": 0.806881243063263,
        "pr_auc": 0.6180536750813612,
        "avg_precision": 0.6258089920293213,
        "brier": 0.167078747973737,
        "best_f1": 0.6153846153846153,
        "best_f1_threshold": 0.3326391279697418,
        "fpr_at_recall_95": 0.5849056603773585,
        "recall_at_fpr_05": 0.23529411764705882,
        "recall_at_fpr_10": 0.47058823529411764,
        "mean_score_pos": 0.33980528046103087,
        "mean_score_neg": 0.2756444003503278,
        "std_score_pos": 0.029426501640784246,
        "std_score_neg": 0.06866252821438401,
        "score_gap": 0.06416088011070309,
        "median_score_pos": 0.34277859330177307,
        "median_score_neg": 0.29654744267463684,
        "frac_high_score": 0.0,
        "frac_low_score": 0.0,
        "frac_uncertain": 0.0
      },
      "insdet": {
        "n": 130,
        "n_pos": 35,
        "n_neg": 95,
        "threshold": 0.5,
        "tp": 0,
        "fp": 0,
        "fn": 35,
        "tn": 95,
        "accuracy": 0.7307692307692307,
        "acc_pos": 0.0,
        "acc_neg": 1.0,
        "precision": 0.0,
        "recall": 0.0,
        "f1": 0.0,
        "fpr": 0.0,
        "fnr": 1.0,
        "tpr": 0.0,
        "tnr": 1.0,
        "youden_j": 0.0,
        "mcc": 0.0,
        "auroc": 0.6851127819548872,
        "pr_auc": 0.40398486737416334,
        "avg_precision": 0.4504449200576169,
        "brier": 0.18115429693432766,
        "best_f1": 0.5436893203883495,
        "best_f1_threshold": 0.273479700088501,
        "fpr_at_recall_95": 0.7157894736842105,
        "recall_at_fpr_05": 0.11428571428571428,
        "recall_at_fpr_10": 0.2571428571428571,
        "mean_score_pos": 0.3136605931179864,
        "mean_score_neg": 0.2507857855213316,
        "std_score_pos": 0.06501736853248177,
        "std_score_neg": 0.100227719499181,
        "score_gap": 0.06287480759665481,
        "median_score_pos": 0.3162837028503418,
        "median_score_neg": 0.26281896233558655,
        "frac_high_score": 0.0,
        "frac_low_score": 0.06153846153846154,
        "frac_uncertain": 0.05384615384615385
      }
    },
    "per_k": {
      "k1": {
        "n": 67,
        "n_pos": 19,
        "n_neg": 48,
        "threshold": 0.5,
        "tp": 0,
        "fp": 0,
        "fn": 19,
        "tn": 48,
        "accuracy": 0.7164179104477612,
        "acc_pos": 0.0,
        "acc_neg": 1.0,
        "precision": 0.0,
        "recall": 0.0,
        "f1": 0.0,
        "fpr": 0.0,
        "fnr": 1.0,
        "tpr": 0.0,
        "tnr": 1.0,
        "youden_j": 0.0,
        "mcc": 0.0,
        "auroc": 0.7960526315789473,
        "pr_auc": 0.6057596289924344,
        "avg_precision": 0.6485462845437648,
        "brier": 0.17878882523827141,
        "best_f1": 0.6399999999999999,
        "best_f1_threshold": 0.30900099873542786,
        "fpr_at_recall_95": 0.7916666666666666,
        "recall_at_fpr_05": 0.42105263157894735,
        "recall_at_fpr_10": 0.42105263157894735,
        "mean_score_pos": 0.33743799595456375,
        "mean_score_neg": 0.2583215294871479,
        "std_score_pos": 0.05794823071893911,
        "std_score_neg": 0.08927449392204924,
        "score_gap": 0.07911646646741582,
        "median_score_pos": 0.34485021233558655,
        "median_score_neg": 0.2802126705646515,
        "frac_high_score": 0.0,
        "frac_low_score": 0.04477611940298507,
        "frac_uncertain": 0.029850746268656716
      },
      "k4": {
        "n": 67,
        "n_pos": 19,
        "n_neg": 48,
        "threshold": 0.5,
        "tp": 0,
        "fp": 0,
        "fn": 19,
        "tn": 48,
        "accuracy": 0.7164179104477612,
        "acc_pos": 0.0,
        "acc_neg": 1.0,
        "precision": 0.0,
        "recall": 0.0,
        "f1": 0.0,
        "fpr": 0.0,
        "fnr": 1.0,
        "tpr": 0.0,
        "tnr": 1.0,
        "youden_j": 0.0,
        "mcc": 0.0,
        "auroc": 0.7171052631578947,
        "pr_auc": 0.4726690127480206,
        "avg_precision": 0.5000831975428112,
        "brier": 0.18290676709363604,
        "best_f1": 0.5964912280701755,
        "best_f1_threshold": 0.2811235785484314,
        "fpr_at_recall_95": 0.7291666666666666,
        "recall_at_fpr_05": 0.21052631578947367,
        "recall_at_fpr_10": 0.2631578947368421,
        "mean_score_pos": 0.32372568704580007,
        "mean_score_neg": 0.2533300423528999,
        "std_score_pos": 0.05596931266174619,
        "std_score_neg": 0.09546325637310835,
        "score_gap": 0.07039564469290016,
        "median_score_pos": 0.33019906282424927,
        "median_score_neg": 0.26595339179039,
        "frac_high_score": 0.0,
        "frac_low_score": 0.05970149253731343,
        "frac_uncertain": 0.04477611940298507
      },
      "k10": {
        "n": 66,
        "n_pos": 14,
        "n_neg": 52,
        "threshold": 0.5,
        "tp": 0,
        "fp": 0,
        "fn": 14,
        "tn": 52,
        "accuracy": 0.7878787878787878,
        "acc_pos": 0.0,
        "acc_neg": 1.0,
        "precision": 0.0,
        "recall": 0.0,
        "f1": 0.0,
        "fpr": 0.0,
        "fnr": 1.0,
        "tpr": 0.0,
        "tnr": 1.0,
        "youden_j": 0.0,
        "mcc": 0.0,
        "auroc": 0.5851648351648352,
        "pr_auc": 0.26163856258559404,
        "avg_precision": 0.3105631317848773,
        "brier": 0.16684797383918767,
        "best_f1": 0.43999999999999995,
        "best_f1_threshold": 0.273479700088501,
        "fpr_at_recall_95": 0.75,
        "recall_at_fpr_05": 0.0,
        "recall_at_fpr_10": 0.14285714285714285,
        "mean_score_pos": 0.29947861071143833,
        "mean_score_neg": 0.266817834514838,
        "std_score_pos": 0.05326933568184174,
        "std_score_neg": 0.08888004644661383,
        "score_gap": 0.03266077619660035,
        "median_score_pos": 0.3148762434720993,
        "median_score_neg": 0.26993536949157715,
        "frac_high_score": 0.0,