{
  "stage": "2_3",
  "epoch": 4,
  "fold": 4,
  "wall_clock_seconds": 270.99,
  "lr": {
    "aggregator": 1.0496230954812386e-05,
    "existence_head": 2.0913296039794737e-05,
    "class_head": 4.2459919038229734e-06,
    "box_head": 4.2459919038229734e-06,
    "lora": 2.0913296039794737e-05
  },
  "train": {
    "loss": 1.0847317233756184,
    "focal": 0.07008240685239434,
    "l1": 0.02381608674675226,
    "giou": 0.35130275416374207,
    "box_loss": 0.8216859395503998,
    "box_area_penalty": 0.0002824336290359497,
    "existence_kl": 0.0,
    "margin": 0.38587026596069335,
    "nt_xent": 0.0,
    "grad_norm": 2.609020114898682,
    "n_steps": 250,
    "aggregator_alpha": -0.024703100323677063
  },
  "val": {
    "overall": {
      "n": 100,
      "n_pos": 44,
      "n_neg": 56,
      "iou_mean": 0.2469020499424501,
      "iou_median": 0.0,
      "iou_p25": 0.0,
      "iou_p75": 0.5211615860462189,
      "contain_mean": 0.4112975421276959,
      "contain_at_iou_50": 0.2727272727272727,
      "contain_at_iou_75": 0.1590909090909091,
      "ap_per_iou": {
        "0.50": 0.09587426573213857,
        "0.55": 0.0929039687024356,
        "0.60": 0.08684681536805455,
        "0.65": 0.08317978199805089,
        "0.70": 0.07446170588936477,
        "0.75": 0.06547155956290415,
        "0.80": 0.05502716170234534,
        "0.85": 0.05502716170234534,
        "0.90": 0.03756089894703756,
        "0.95": 0.0011001100110011
      },
      "map_50": 0.09587426573213857,
      "map_75": 0.06547155956290415,
      "map_5095": 0.06474534296156778,
      "map_50_existence_only": 0.09480511841052772,
      "map_5095_existence_only": 0.06426470483525096,
      "map_50_score_only": 0.13275867890166737,
      "map_5095_score_only": 0.08893614829368743,
      "precision_50": 0.1956521739130435,
      "recall_50": 0.20454545454545456,
      "f1_50": 0.2,
      "existence_acc": 0.68,
      "existence_acc_pos": 0.6590909090909091,
      "existence_acc_neg": 0.6964285714285714,
      "existence_auroc": 0.7483766233766234,
      "existence_pr_auc": 0.6599765739790197,
      "existence_brier": 0.21790436215728134,
      "existence_f1": 0.2,
      "false_positive_rate": 0.30357142857142855,
      "false_negative_rate": 0.3409090909090909,
      "mean_score_pos": 0.5298737971620127,
      "mean_score_neg": 0.45014109515718054,
      "proto_score_pos": 0.9884935048493472,
      "proto_score_neg": 0.935519167887313,
      "proto_score_gap": 0.05297433696203413,
      "mean_pred_box_area": 0.013821926738601178,
      "frac_pred_box_too_big": 0.0,
      "mean_existence_prob": 0.48522348403930665,
      "frac_high_existence": 0.0,
      "prototype_norm_mean": 1.6151626992225647,
      "prototype_norm_std": 0.1972124754183266
    },
    "per_source": {
      "hots": {
        "n": 35,
        "n_pos": 15,
        "n_neg": 20,
        "iou_mean": 0.41582980155944826,
        "iou_median": 0.0,
        "iou_p25": 0.0,
        "iou_p75": 0.8889769613742828,
        "contain_mean": 0.44263701836268105,
        "contain_at_iou_50": 0.4666666666666667,
        "contain_at_iou_75": 0.4666666666666667,
        "ap_per_iou": {
          "0.50": 0.3315331533153317,
          "0.55": 0.3315331533153317,
          "0.60": 0.3315331533153317,
          "0.65": 0.3315331533153317,
          "0.70": 0.3315331533153317,
          "0.75": 0.3315331533153317,
          "0.80": 0.25562556255625585,
          "0.85": 0.25562556255625585,
          "0.90": 0.1270627062706271,
          "0.95": 0.007700770077007702
        },
        "map_50": 0.3315331533153317,
        "map_75": 0.3315331533153317,
        "map_5095": 0.26352135213521366,
        "map_50_existence_only": 0.3315331533153317,
        "map_5095_existence_only": 0.26352135213521366,
        "map_50_score_only": 0.30554305430543066,
        "map_5095_score_only": 0.24042404240424045,
        "precision_50": 0.3684210526315789,
        "recall_50": 0.4666666666666667,
        "f1_50": 0.4117647058823529,
        "existence_acc": 0.7142857142857143,
        "existence_acc_pos": 0.8,
        "existence_acc_neg": 0.65,
        "existence_auroc": 0.8333333333333334,
        "existence_pr_auc": 0.7659992516171006,
        "existence_brier": 0.20718491643420286,
        "existence_f1": 0.4117647058823529,
        "false_positive_rate": 0.35,
        "false_negative_rate": 0.2,
        "mean_score_pos": 0.5587048490842184,
        "mean_score_neg": 0.4522086724638939,
        "proto_score_pos": 0.9933484554290771,
        "proto_score_neg": 0.910274301469326,
        "proto_score_gap": 0.08307415395975115,
        "mean_pred_box_area": 0.02529655818694404,
        "frac_pred_box_too_big": 0.0,
        "mean_existence_prob": 0.4978498910154615,
        "frac_high_existence": 0.0,
        "prototype_norm_mean": 1.8088852064950125,
        "prototype_norm_std": 0.11662873951484364
      },
      "insdet": {
        "n": 65,
        "n_pos": 29,
        "n_neg": 36,
        "iou_mean": 0.15952562669227863,
        "iou_median": 0.0,
        "iou_p25": 0.0,
        "iou_p75": 0.2653171122074127,
        "contain_mean": 0.39508746821304846,
        "contain_at_iou_50": 0.1724137931034483,
        "contain_at_iou_75": 0.0,
        "ap_per_iou": {
          "0.50": 0.01928428136931341,
          "0.55": 0.015401540154015406,
          "0.60": 0.0111952371707759,
          "0.65": 0.007700770077007702,
          "0.70": 0.0023296447291788003,
          "0.75": 0.0,
          "0.80": 0.0,
          "0.85": 0.0,
          "0.90": 0.0,
          "0.95": 0.0
        },
        "map_50": 0.01928428136931341,
        "map_75": 0.0,
        "map_5095": 0.005591147350029122,
        "map_50_existence_only": 0.019209613269019217,
        "map_5095_existence_only": 0.005573696348303223,
        "map_50_score_only": 0.028325930419128866,
        "map_5095_score_only": 0.00889694947755645,
        "precision_50": 0.07407407407407407,
        "recall_50": 0.06896551724137931,
        "f1_50": 0.07142857142857142,
        "existence_acc": 0.6615384615384615,
        "existence_acc_pos": 0.5862068965517241,
        "existence_acc_neg": 0.7222222222222222,
        "existence_auroc": 0.7078544061302682,
        "existence_pr_auc": 0.6097045019614294,
        "existence_brier": 0.22367637139278518,
        "existence_f1": 0.07142857142857142,
        "false_positive_rate": 0.2777777777777778,
        "false_negative_rate": 0.41379310344827586,
        "mean_score_pos": 0.5149611840988028,
        "mean_score_neg": 0.4489924410978953,
        "proto_score_pos": 0.9859823235150041,
        "proto_score_neg": 0.9495440936750836,
        "proto_score_gap": 0.03643822983992051,
        "mean_pred_box_area": 0.007643279035647328,
        "frac_pred_box_too_big": 0.0,
        "mean_existence_prob": 0.4784246495136848,
        "frac_high_existence": 0.0,
        "prototype_norm_mean": 1.5108505799220158,
        "prototype_norm_std": 0.14615626369325135
      }
    },
    "tile_cfg": {
      "mode": "off",
      "levels": [
        1,
        2
      ],
      "overlap": 0.3,
      "for_sources": [
        "insdet"
      ],
      "nms_iou": 0.5,
      "top_k": 100,
      "score_combo": "existence_x_score",
      "edge_score_penalty": 0.5,
      "edge_px": 4,
      "merge_partial_boxes": true,
      "merge_min_score": 0.2
    }
  }
}