{
  "stage": "2_3",
  "epoch": 4,
  "fold": 3,
  "wall_clock_seconds": 271.07,
  "lr": {
    "aggregator": 1.41538571162776e-05,
    "existence_head": 2.8235878274872395e-05,
    "class_head": 5.7046444211207256e-06,
    "box_head": 5.7046444211207256e-06,
    "lora": 2.8235878274872395e-05
  },
  "train": {
    "loss": 0.8741299743875861,
    "focal": 0.06388250342477113,
    "l1": 0.01497692869231105,
    "giou": 0.28043529629707337,
    "box_loss": 0.6357552319169044,
    "box_area_penalty": 2.597365528345108e-06,
    "existence_kl": 0.0,
    "margin": 0.3489839601516724,
    "nt_xent": 0.0,
    "grad_norm": 2.2480897979736327,
    "n_steps": 250,
    "aggregator_alpha": -0.024688061326742172
  },
  "val": {
    "overall": {
      "n": 100,
      "n_pos": 48,
      "n_neg": 52,
      "iou_mean": 0.25771039344059926,
      "iou_median": 0.0,
      "iou_p25": 0.0,
      "iou_p75": 0.7571762502193451,
      "contain_mean": 0.2936638187772284,
      "contain_at_iou_50": 0.2916666666666667,
      "contain_at_iou_75": 0.2708333333333333,
      "ap_per_iou": {
        "0.50": 0.11723922945548151,
        "0.55": 0.11723922945548151,
        "0.60": 0.11723922945548151,
        "0.65": 0.11723922945548151,
        "0.70": 0.09160775939633702,
        "0.75": 0.09160775939633702,
        "0.80": 0.06387923655921642,
        "0.85": 0.019649069154019646,
        "0.90": 0.0037706473350037706,
        "0.95": 0.0
      },
      "map_50": 0.11723922945548151,
      "map_75": 0.09160775939633702,
      "map_5095": 0.07394713896628399,
      "map_50_existence_only": 0.11712109917555459,
      "map_5095_existence_only": 0.07385432698830972,
      "map_50_score_only": 0.1401524438158102,
      "map_5095_score_only": 0.09841348420556344,
      "precision_50": 0.2702702702702703,
      "recall_50": 0.20833333333333334,
      "f1_50": 0.23529411764705882,
      "existence_acc": 0.59,
      "existence_acc_pos": 0.4583333333333333,
      "existence_acc_neg": 0.7115384615384616,
      "existence_auroc": 0.7243589743589743,
      "existence_pr_auc": 0.7401965739922136,
      "existence_brier": 0.21727204430399236,
      "existence_f1": 0.23529411764705882,
      "false_positive_rate": 0.28846153846153844,
      "false_negative_rate": 0.5416666666666666,
      "mean_score_pos": 0.5076646264642477,
      "mean_score_neg": 0.42347565178687757,
      "proto_score_pos": 0.983079269528389,
      "proto_score_neg": 0.8552154040393921,
      "proto_score_gap": 0.12786386548899686,
      "mean_pred_box_area": 0.008523118210723624,
      "frac_pred_box_too_big": 0.0,
      "mean_existence_prob": 0.46388635963201524,
      "frac_high_existence": 0.0,
      "prototype_norm_mean": 1.6213855588436126,
      "prototype_norm_std": 0.22185470422432838
    },
    "per_source": {
      "hots": {
        "n": 35,
        "n_pos": 18,
        "n_neg": 17,
        "iou_mean": 0.6406568023893568,
        "iou_median": 0.8057041764259338,
        "iou_p25": 0.7037431299686432,
        "iou_p75": 0.8546675741672516,
        "contain_mean": 0.6728316512372758,
        "contain_at_iou_50": 0.7777777777777778,
        "contain_at_iou_75": 0.7222222222222222,
        "ap_per_iou": {
          "0.50": 0.6059694430981553,
          "0.55": 0.6059694430981553,
          "0.60": 0.6059694430981553,
          "0.65": 0.6059694430981553,
          "0.70": 0.5009900990099011,
          "0.75": 0.5009900990099011,
          "0.80": 0.3493399339933992,
          "0.85": 0.10759075907590765,
          "0.90": 0.016407355021216406,
          "0.95": 0.0
        },
        "map_50": 0.6059694430981553,
        "map_75": 0.5009900990099011,
        "map_5095": 0.3899196018502947,
        "map_50_existence_only": 0.6085282704094577,
        "map_5095_existence_only": 0.3914617560657162,
        "map_50_score_only": 0.5998772954218505,
        "map_5095_score_only": 0.41511464042331864,
        "precision_50": 0.6666666666666666,
        "recall_50": 0.5555555555555556,
        "f1_50": 0.606060606060606,
        "existence_acc": 0.7428571428571429,
        "existence_acc_pos": 0.6666666666666666,
        "existence_acc_neg": 0.8235294117647058,
        "existence_auroc": 0.8790849673202614,
        "existence_pr_auc": 0.8963494158347101,
        "existence_brier": 0.18921871085039466,
        "existence_f1": 0.606060606060606,
        "false_positive_rate": 0.17647058823529413,
        "false_negative_rate": 0.3333333333333333,
        "mean_score_pos": 0.5329789519309998,
        "mean_score_neg": 0.37919240839341106,
        "proto_score_pos": 0.9905101690027449,
        "proto_score_neg": 0.7341793981545112,
        "proto_score_gap": 0.25633077084823375,
        "mean_pred_box_area": 0.012280258210375905,
        "frac_pred_box_too_big": 0.0,
        "mean_existence_prob": 0.458282630784171,
        "frac_high_existence": 0.0,
        "prototype_norm_mean": 1.8664947850363596,
        "prototype_norm_std": 0.15267703191999768
      },
      "insdet": {
        "n": 65,
        "n_pos": 30,
        "n_neg": 35,
        "iou_mean": 0.027942548071344695,
        "iou_median": 0.0,
        "iou_p25": 0.0,
        "iou_p75": 0.0,
        "contain_mean": 0.06616311930119992,
        "contain_at_iou_50": 0.0,
        "contain_at_iou_75": 0.0,
        "ap_per_iou": {
          "0.50": 0.0,
          "0.55": 0.0,
          "0.60": 0.0,
          "0.65": 0.0,
          "0.70": 0.0,
          "0.75": 0.0,
          "0.80": 0.0,
          "0.85": 0.0,
          "0.90": 0.0,
          "0.95": 0.0
        },
        "map_50": 0.0,
        "map_75": 0.0,
        "map_5095": 0.0,
        "map_50_existence_only": 0.0,
        "map_5095_existence_only": 0.0,
        "map_50_score_only": 0.0,
        "map_5095_score_only": 0.0,
        "precision_50": 0.0,
        "recall_50": 0.0,
        "f1_50": 0.0,
        "existence_acc": 0.5076923076923077,
        "existence_acc_pos": 0.3333333333333333,
        "existence_acc_neg": 0.6571428571428571,
        "existence_auroc": 0.6247619047619047,
        "existence_pr_auc": 0.6334643374109032,
        "existence_brier": 0.23237768539439116,
        "existence_f1": 0.0,
        "false_positive_rate": 0.34285714285714286,
        "false_negative_rate": 0.6666666666666666,
        "mean_score_pos": 0.49247603118419647,
        "mean_score_neg": 0.444984655720847,
        "proto_score_pos": 0.9786207298437755,
        "proto_score_neg": 0.9140043211834771,
        "proto_score_gap": 0.06461640866029839,
        "mean_pred_box_area": 0.006500042826295472,
        "frac_pred_box_too_big": 0.0,
        "mean_existence_prob": 0.46690375208854673,
        "frac_high_existence": 0.0,
        "prototype_norm_mean": 1.489403667816749,
        "prototype_norm_std": 0.11491737277376451
      }
    },
    "tile_cfg": {
      "mode": "off",
      "levels": [
        1,
        2
      ],
      "overlap": 0.3,
      "for_sources": [
        "insdet"
      ],
      "nms_iou": 0.5,
      "top_k": 100,
      "score_combo": "existence_x_score",
      "edge_score_penalty": 0.5,
      "edge_px": 4,
      "merge_partial_boxes": true,
      "merge_min_score": 0.2
    }
  }
}