{
  "stage": "2_3",
  "epoch": 4,
  "fold": 1,
  "wall_clock_seconds": 271.4,
  "lr": {
    "aggregator": 2.2305294886197747e-05,
    "existence_head": 4.455508936134578e-05,
    "class_head": 8.955418201108918e-06,
    "box_head": 8.955418201108918e-06,
    "lora": 4.455508936134578e-05
  },
  "train": {
    "loss": 1.197866039559245,
    "focal": 0.07149730385374278,
    "l1": 0.027108158238232136,
    "giou": 0.405948486328125,
    "box_loss": 0.9474377631545067,
    "box_area_penalty": 0.00013526546955108644,
    "existence_kl": 0.0,
    "margin": 0.35783488655090334,
    "nt_xent": 0.0,
    "grad_norm": 2.781829624176025,
    "n_steps": 250,
    "aggregator_alpha": -0.024646490812301636
  },
  "val": {
    "overall": {
      "n": 100,
      "n_pos": 53,
      "n_neg": 47,
      "iou_mean": 0.20476242839655276,
      "iou_median": 0.0,
      "iou_p25": 0.0,
      "iou_p75": 0.2989893853664398,
      "contain_mean": 0.29392433180561606,
      "contain_at_iou_50": 0.22641509433962265,
      "contain_at_iou_75": 0.1509433962264151,
      "ap_per_iou": {
        "0.50": 0.047088379829448974,
        "0.55": 0.047088379829448974,
        "0.60": 0.047088379829448974,
        "0.65": 0.04177363028747196,
        "0.70": 0.029972499770311536,
        "0.75": 0.029972499770311536,
        "0.80": 0.019107810655048775,
        "0.85": 0.007153424702076119,
        "0.90": 0.00612918434700613,
        "0.95": 0.0
      },
      "map_50": 0.047088379829448974,
      "map_75": 0.029972499770311536,
      "map_5095": 0.027537418902057298,
      "map_50_existence_only": 0.046411465246371984,
      "map_5095_existence_only": 0.027236553681407462,
      "map_50_score_only": 0.07649160287606338,
      "map_5095_score_only": 0.04529236258511306,
      "precision_50": 0.18333333333333332,
      "recall_50": 0.20754716981132076,
      "f1_50": 0.19469026548672566,
      "existence_acc": 0.69,
      "existence_acc_pos": 0.7735849056603774,
      "existence_acc_neg": 0.5957446808510638,
      "existence_auroc": 0.7703733440385387,
      "existence_pr_auc": 0.7911026922364998,
      "existence_brier": 0.20424772073336545,
      "existence_f1": 0.19469026548672566,
      "false_positive_rate": 0.40425531914893614,
      "false_negative_rate": 0.22641509433962265,
      "mean_score_pos": 0.5862638472386126,
      "mean_score_neg": 0.4647827192823938,
      "proto_score_pos": 0.9895209793774586,
      "proto_score_neg": 0.8917672462919926,
      "proto_score_gap": 0.09775373308546609,
      "mean_pred_box_area": 0.02282793788705021,
      "frac_pred_box_too_big": 0.0,
      "mean_existence_prob": 0.5291677170991897,
      "frac_high_existence": 0.0,
      "prototype_norm_mean": 1.6798347592353822,
      "prototype_norm_std": 0.2740243440818961
    },
    "per_source": {
      "hots": {
        "n": 36,
        "n_pos": 16,
        "n_neg": 20,
        "iou_mean": 0.48986273258924484,
        "iou_median": 0.6821045577526093,
        "iou_p25": 0.0,
        "iou_p75": 0.8075402826070786,
        "contain_mean": 0.5635718889534473,
        "contain_at_iou_50": 0.625,
        "contain_at_iou_75": 0.4375,
        "ap_per_iou": {
          "0.50": 0.36993699369936983,
          "0.55": 0.36993699369936983,
          "0.60": 0.36993699369936983,
          "0.65": 0.33468946894689483,
          "0.70": 0.2561296129612961,
          "0.75": 0.2561296129612961,
          "0.80": 0.17544554455445543,
          "0.85": 0.10019801980198018,
          "0.90": 0.0930693069306931,
          "0.95": 0.0
        },
        "map_50": 0.36993699369936983,
        "map_75": 0.2561296129612961,
        "map_5095": 0.2325472547254725,
        "map_50_existence_only": 0.3682043204320432,
        "map_5095_existence_only": 0.2320953452488106,
        "map_50_score_only": 0.37712271227122696,
        "map_5095_score_only": 0.21308880888088805,
        "precision_50": 0.4,
        "recall_50": 0.625,
        "f1_50": 0.48780487804878053,
        "existence_acc": 0.75,
        "existence_acc_pos": 1.0,
        "existence_acc_neg": 0.55,
        "existence_auroc": 0.846875,
        "existence_pr_auc": 0.793335986334413,
        "existence_brier": 0.19437016135217278,
        "existence_f1": 0.48780487804878053,
        "false_positive_rate": 0.45,
        "false_negative_rate": 0.0,
        "mean_score_pos": 0.6120508685708046,
        "mean_score_neg": 0.4593499854207039,
        "proto_score_pos": 0.9970885030925274,
        "proto_score_neg": 0.8649839147925377,
        "proto_score_gap": 0.13210458829998972,
        "mean_pred_box_area": 0.025613173050159175,
        "frac_pred_box_too_big": 0.0,
        "mean_existence_prob": 0.5272170445985265,
        "frac_high_existence": 0.0,
        "prototype_norm_mean": 1.9795985751681857,
        "prototype_norm_std": 0.20638494001967972
      },
      "insdet": {
        "n": 64,
        "n_pos": 37,
        "n_neg": 27,
        "iou_mean": 0.08147581036728052,
        "iou_median": 0.0,
        "iou_p25": 0.0,
        "iou_p75": 0.0003403925511520356,
        "contain_mean": 0.17731998276871605,
        "contain_at_iou_50": 0.05405405405405406,
        "contain_at_iou_75": 0.02702702702702703,
        "ap_per_iou": {
          "0.50": 0.0027002700270027007,
          "0.55": 0.0027002700270027007,
          "0.60": 0.0027002700270027007,
          "0.65": 0.0027002700270027007,
          "0.70": 0.0011424219345011425,
          "0.75": 0.0011424219345011425,
          "0.80": 0.0011424219345011425,
          "0.85": 0.0,
          "0.90": 0.0,
          "0.95": 0.0
        },
        "map_50": 0.0027002700270027007,
        "map_75": 0.0011424219345011425,
        "map_5095": 0.001422834591151423,
        "map_50_existence_only": 0.0025279123657046556,
        "map_5095_existence_only": 0.001353891526632205,
        "map_50_score_only": 0.0034944670937682005,
        "map_5095_score_only": 0.0018928363424577752,
        "precision_50": 0.02857142857142857,
        "recall_50": 0.02702702702702703,
        "f1_50": 0.02777777777777778,
        "existence_acc": 0.65625,
        "existence_acc_pos": 0.6756756756756757,
        "existence_acc_neg": 0.6296296296296297,
        "existence_auroc": 0.7407407407407407,
        "existence_pr_auc": 0.7980441486748664,
        "existence_brier": 0.20980384788528633,
        "existence_f1": 0.02777777777777778,
        "false_positive_rate": 0.37037037037037035,
        "false_negative_rate": 0.32432432432432434,
        "mean_score_pos": 0.5751127028787458,
        "mean_score_neg": 0.4688069665873492,
        "proto_score_pos": 0.9862485366898615,
        "proto_score_neg": 0.9116067511064035,
        "proto_score_gap": 0.07464178558345791,
        "mean_pred_box_area": 0.02126124310780142,
        "frac_pred_box_too_big": 0.0,
        "mean_existence_prob": 0.5302649703808129,
        "frac_high_existence": 0.0,
        "prototype_norm_mean": 1.51121761277318,
        "prototype_norm_std": 0.11875657555317516
      }
    },
    "tile_cfg": {
      "mode": "off",
      "levels": [
        1,
        2
      ],
      "overlap": 0.3,
      "for_sources": [
        "insdet"
      ],
      "nms_iou": 0.5,
      "top_k": 100,
      "score_combo": "existence_x_score",
      "edge_score_penalty": 0.5,
      "edge_px": 4,
      "merge_partial_boxes": true,
      "merge_min_score": 0.2
    }
  }
}