{
  "stage": "2_3",
  "epoch": 4,
  "fold": 2,
  "wall_clock_seconds": 271.99,
  "lr": {
    "aggregator": 1.8128797426391995e-05,
    "existence_head": 3.6193724707345916e-05,
    "class_head": 7.289841057819654e-06,
    "box_head": 7.289841057819654e-06,
    "lora": 3.6193724707345916e-05
  },
  "train": {
    "loss": 0.9611661546304822,
    "focal": 0.08218710242770612,
    "l1": 0.017320638343691824,
    "giou": 0.29598016476631167,
    "box_loss": 0.6785635251700878,
    "box_area_penalty": 0.0,
    "existence_kl": 0.0,
    "margin": 0.4008310546875,
    "nt_xent": 0.0,
    "grad_norm": 2.702328010559082,
    "n_steps": 250,
    "aggregator_alpha": -0.024743204936385155
  },
  "val": {
    "overall": {
      "n": 100,
      "n_pos": 59,
      "n_neg": 41,
      "iou_mean": 0.29536960018262015,
      "iou_median": 0.0677129402756691,
      "iou_p25": 0.0,
      "iou_p75": 0.598598837852478,
      "contain_mean": 0.4969327920826815,
      "contain_at_iou_50": 0.3220338983050847,
      "contain_at_iou_75": 0.15254237288135594,
      "ap_per_iou": {
        "0.50": 0.16555184594371283,
        "0.55": 0.14989082344766985,
        "0.60": 0.14156307337942994,
        "0.65": 0.1341435344330541,
        "0.70": 0.10117620784634858,
        "0.75": 0.05934787463708777,
        "0.80": 0.04169135710563538,
        "0.85": 0.02925630908955557,
        "0.90": 0.014814263381225339,
        "0.95": 0.005657708628005657
      },
      "map_50": 0.16555184594371283,
      "map_75": 0.05934787463708777,
      "map_5095": 0.0843092997891725,
      "map_50_existence_only": 0.16370935878340417,
      "map_5095_existence_only": 0.08348532925698846,
      "map_50_score_only": 0.22873087914592524,
      "map_5095_score_only": 0.12833736400572698,
      "precision_50": 0.375,
      "recall_50": 0.2542372881355932,
      "f1_50": 0.30303030303030304,
      "existence_acc": 0.59,
      "existence_acc_pos": 0.4915254237288136,
      "existence_acc_neg": 0.7317073170731707,
      "existence_auroc": 0.6990491938817693,
      "existence_pr_auc": 0.7317806863882053,
      "existence_brier": 0.23063836821696512,
      "existence_f1": 0.30303030303030304,
      "false_positive_rate": 0.2682926829268293,
      "false_negative_rate": 0.5084745762711864,
      "mean_score_pos": 0.5057745414265131,
      "mean_score_neg": 0.4335432147107473,
      "proto_score_pos": 0.9802085999715127,
      "proto_score_neg": 0.8701633927298755,
      "proto_score_gap": 0.11004520724163713,
      "mean_pred_box_area": 0.07383094568038359,
      "frac_pred_box_too_big": 0.06,
      "mean_existence_prob": 0.47615969747304915,
      "frac_high_existence": 0.0,
      "prototype_norm_mean": 1.6153273916244506,
      "prototype_norm_std": 0.2616762600366083
    },
    "per_source": {
      "hots": {
        "n": 35,
        "n_pos": 25,
        "n_neg": 10,
        "iou_mean": 0.5252019475400448,
        "iou_median": 0.6773760914802551,
        "iou_p25": 0.0,
        "iou_p75": 0.8490399122238159,
        "contain_mean": 0.6608657792210579,
        "contain_at_iou_50": 0.64,
        "contain_at_iou_75": 0.36,
        "ap_per_iou": {
          "0.50": 0.5272485231716445,
          "0.55": 0.5272485231716445,
          "0.60": 0.4973355318725147,
          "0.65": 0.4704828466039881,
          "0.70": 0.36594785528973045,
          "0.75": 0.20526439198541688,
          "0.80": 0.1458818991142812,
          "0.85": 0.10056577086280061,
          "0.90": 0.04992927864214992,
          "0.95": 0.01782178217821782
        },
        "map_50": 0.5272485231716445,
        "map_75": 0.20526439198541688,
        "map_5095": 0.2907726402892389,
        "map_50_existence_only": 0.527934306035645,
        "map_5095_existence_only": 0.29072977886023876,
        "map_50_score_only": 0.5714027543105187,
        "map_5095_score_only": 0.33154197625276305,
        "precision_50": 0.6363636363636364,
        "recall_50": 0.56,
        "f1_50": 0.5957446808510639,
        "existence_acc": 0.8,
        "existence_acc_pos": 0.8,
        "existence_acc_neg": 0.8,
        "existence_auroc": 0.884,
        "existence_pr_auc": 0.9419647391472737,
        "existence_brier": 0.19043191472006543,
        "existence_f1": 0.5957446808510639,
        "false_positive_rate": 0.2,
        "false_negative_rate": 0.2,
        "mean_score_pos": 0.5695170319080353,
        "mean_score_neg": 0.4240297019481659,
        "proto_score_pos": 0.9936174845695496,
        "proto_score_neg": 0.810393725335598,
        "proto_score_gap": 0.18322375923395162,
        "mean_pred_box_area": 0.04310962347579854,
        "frac_pred_box_too_big": 0.0,
        "mean_existence_prob": 0.5279492233480726,
        "frac_high_existence": 0.0,
        "prototype_norm_mean": 1.9090794563293456,
        "prototype_norm_std": 0.14554243511373602
      },
      "insdet": {
        "n": 65,
        "n_pos": 34,
        "n_neg": 31,
        "iou_mean": 0.12637522712569027,
        "iou_median": 0.004990068264305592,
        "iou_p25": 0.0,
        "iou_p75": 0.20107434317469597,
        "contain_mean": 0.3763938309515224,
        "contain_at_iou_50": 0.08823529411764706,
        "contain_at_iou_75": 0.0,
        "ap_per_iou": {
          "0.50": 0.0060969254820218855,
          "0.55": 0.0,
          "0.60": 0.0,
          "0.65": 0.0,
          "0.70": 0.0,
          "0.75": 0.0,
          "0.80": 0.0,
          "0.85": 0.0,
          "0.90": 0.0,
          "0.95": 0.0
        },
        "map_50": 0.0060969254820218855,
        "map_75": 0.0,
        "map_5095": 0.0006096925482021885,
        "map_50_existence_only": 0.005772991092212669,
        "map_5095_existence_only": 0.0005772991092212669,
        "map_50_score_only": 0.0060969254820218855,
        "map_5095_score_only": 0.0006096925482021885,
        "precision_50": 0.05555555555555555,
        "recall_50": 0.029411764705882353,
        "f1_50": 0.03846153846153846,
        "existence_acc": 0.47692307692307695,
        "existence_acc_pos": 0.2647058823529412,
        "existence_acc_neg": 0.7096774193548387,
        "existence_auroc": 0.5929791271347249,
        "existence_pr_auc": 0.5647640379581381,
        "existence_brier": 0.252287997022988,
        "existence_f1": 0.03846153846153846,
        "false_positive_rate": 0.2903225806451613,
        "false_negative_rate": 0.7352941176470589,
        "mean_score_pos": 0.4589050631312763,
        "mean_score_neg": 0.436612089795451,
        "proto_score_pos": 0.9703491260023678,
        "proto_score_neg": 0.8894439305989973,
        "proto_score_gap": 0.08090519540337049,
        "mean_pred_box_area": 0.09037319609823709,
        "frac_pred_box_too_big": 0.09230769230769231,
        "mean_existence_prob": 0.4482730296941904,
        "frac_high_existence": 0.0,
        "prototype_norm_mean": 1.4571532029371994,
        "prototype_norm_std": 0.14855366119990338
      }
    },
    "tile_cfg": {
      "mode": "off",
      "levels": [
        1,
        2
      ],
      "overlap": 0.3,
      "for_sources": [
        "insdet"
      ],
      "nms_iou": 0.5,
      "top_k": 100,
      "score_combo": "existence_x_score",
      "edge_score_penalty": 0.5,
      "edge_px": 4,
      "merge_partial_boxes": true,
      "merge_min_score": 0.2
    }
  }
}