{
  "stage": "2_3",
  "epoch": 4,
  "fold": 0,
  "wall_clock_seconds": 270.21,
  "lr": {
    "aggregator": 2.656172281091879e-05,
    "existence_head": 5.307647512646865e-05,
    "class_head": 1.0652871421588847e-05,
    "box_head": 1.0652871421588847e-05,
    "lora": 5.307647512646865e-05
  },
  "train": {
    "loss": 0.8401127888336778,
    "focal": 0.07367002347391098,
    "l1": 0.017155077904462815,
    "giou": 0.2453703145980835,
    "box_loss": 0.5765160166621208,
    "box_area_penalty": 0.0,
    "existence_kl": 0.0010960477590560914,
    "margin": 0.37963429260253906,
    "nt_xent": 0.0,
    "grad_norm": 2.5671163749694825,
    "n_steps": 250,
    "aggregator_alpha": -0.024747993797063828
  },
  "val": {
    "overall": {
      "n": 100,
      "n_pos": 51,
      "n_neg": 49,
      "iou_mean": 0.24460810871438726,
      "iou_median": 0.0,
      "iou_p25": 0.0,
      "iou_p75": 0.5068813860416412,
      "contain_mean": 0.3830984605695395,
      "contain_at_iou_50": 0.2549019607843137,
      "contain_at_iou_75": 0.17647058823529413,
      "ap_per_iou": {
        "0.50": 0.08473163304914812,
        "0.55": 0.08473163304914812,
        "0.60": 0.0787444046057224,
        "0.65": 0.0787444046057224,
        "0.70": 0.06544014615556117,
        "0.75": 0.04489797240205734,
        "0.80": 0.04489797240205734,
        "0.85": 0.00977398185848915,
        "0.90": 0.0002605523710265763,
        "0.95": 0.0
      },
      "map_50": 0.08473163304914812,
      "map_75": 0.04489797240205734,
      "map_5095": 0.04922227004989326,
      "map_50_existence_only": 0.0867479055597867,
      "map_5095_existence_only": 0.05070893190114767,
      "map_50_score_only": 0.10023229203485817,
      "map_5095_score_only": 0.05767350469631564,
      "precision_50": 0.25,
      "recall_50": 0.17647058823529413,
      "f1_50": 0.20689655172413793,
      "existence_acc": 0.59,
      "existence_acc_pos": 0.45098039215686275,
      "existence_acc_neg": 0.7346938775510204,
      "existence_auroc": 0.7454981992797118,
      "existence_pr_auc": 0.693582228260902,
      "existence_brier": 0.2211185355987234,
      "existence_f1": 0.20689655172413793,
      "false_positive_rate": 0.2653061224489796,
      "false_negative_rate": 0.5490196078431373,
      "mean_score_pos": 0.51011455468103,
      "mean_score_neg": 0.42805150333715947,
      "proto_score_pos": 0.9760171887921352,
      "proto_score_neg": 0.8702196059178333,
      "proto_score_gap": 0.10579758287430185,
      "mean_pred_box_area": 0.016837417127098887,
      "frac_pred_box_too_big": 0.0,
      "mean_existence_prob": 0.46990365952253343,
      "frac_high_existence": 0.0,
      "prototype_norm_mean": 1.6491032755374908,
      "prototype_norm_std": 0.28996420695775477
    },
    "per_source": {
      "hots": {
        "n": 36,
        "n_pos": 19,
        "n_neg": 17,
        "iou_mean": 0.544530733635551,
        "iou_median": 0.7069301605224609,
        "iou_p25": 0.0,
        "iou_p75": 0.8467197418212891,
        "contain_mean": 0.6328659685034501,
        "contain_at_iou_50": 0.6842105263157895,
        "contain_at_iou_75": 0.47368421052631576,
        "ap_per_iou": {
          "0.50": 0.454192362361312,
          "0.55": 0.454192362361312,
          "0.60": 0.41816821433696166,
          "0.65": 0.41816821433696166,
          "0.70": 0.3439946558758443,
          "0.75": 0.2627801241662629,
          "0.80": 0.2627801241662629,
          "0.85": 0.05672618543905673,
          "0.90": 0.0022002200220022,
          "0.95": 0.0
        },
        "map_50": 0.454192362361312,
        "map_75": 0.2627801241662629,
        "map_5095": 0.2673202463065977,
        "map_50_existence_only": 0.4570745273285094,
        "map_5095_existence_only": 0.2716995059276591,
        "map_50_score_only": 0.46609415932518844,
        "map_5095_score_only": 0.2674052250960124,
        "precision_50": 0.5625,
        "recall_50": 0.47368421052631576,
        "f1_50": 0.5142857142857142,
        "existence_acc": 0.6944444444444444,
        "existence_acc_pos": 0.631578947368421,
        "existence_acc_neg": 0.7647058823529411,
        "existence_auroc": 0.8328173374613003,
        "existence_pr_auc": 0.8085707593827266,
        "existence_brier": 0.19687994887049723,
        "existence_f1": 0.5142857142857142,
        "false_positive_rate": 0.23529411764705882,
        "false_negative_rate": 0.3684210526315789,
        "mean_score_pos": 0.5434241310546273,
        "mean_score_neg": 0.40465283043244304,
        "proto_score_pos": 0.982327473791022,
        "proto_score_neg": 0.7648684680461884,
        "proto_score_gap": 0.21745900574483368,
        "mean_pred_box_area": 0.019767086435523298,
        "frac_pred_box_too_big": 0.0,
        "mean_existence_prob": 0.4778932390941514,
        "frac_high_existence": 0.0,
        "prototype_norm_mean": 1.9198261201381683,
        "prototype_norm_std": 0.23325357428954446
      },
      "insdet": {
        "n": 64,
        "n_pos": 32,
        "n_neg": 32,
        "iou_mean": 0.06652905016744626,
        "iou_median": 0.0,
        "iou_p25": 0.0,
        "iou_p75": 0.05285337008535862,
        "contain_mean": 0.23479900273378007,
        "contain_at_iou_50": 0.0,
        "contain_at_iou_75": 0.0,
        "ap_per_iou": {
          "0.50": 0.0,
          "0.55": 0.0,
          "0.60": 0.0,
          "0.65": 0.0,
          "0.70": 0.0,
          "0.75": 0.0,
          "0.80": 0.0,
          "0.85": 0.0,
          "0.90": 0.0,
          "0.95": 0.0
        },
        "map_50": 0.0,
        "map_75": 0.0,
        "map_5095": 0.0,
        "map_50_existence_only": 0.0,
        "map_5095_existence_only": 0.0,
        "map_50_score_only": 0.0,
        "map_5095_score_only": 0.0,
        "precision_50": 0.0,
        "recall_50": 0.0,
        "f1_50": 0.0,
        "existence_acc": 0.53125,
        "existence_acc_pos": 0.34375,
        "existence_acc_neg": 0.71875,
        "existence_auroc": 0.67578125,
        "existence_pr_auc": 0.6385405713488319,
        "existence_brier": 0.23475274063335064,
        "existence_f1": 0.0,
        "false_positive_rate": 0.28125,
        "false_negative_rate": 0.65625,
        "mean_score_pos": 0.4903369937092066,
        "mean_score_neg": 0.44048204831779003,
        "proto_score_pos": 0.9722704570740461,
        "proto_score_neg": 0.9261873979121447,
        "proto_score_gap": 0.046083059161901474,
        "mean_pred_box_area": 0.015189478141110158,
        "frac_pred_box_too_big": 0.0,
        "mean_existence_prob": 0.4654095210134983,
        "frac_high_existence": 0.0,
        "prototype_norm_mean": 1.4968216754496098,
        "prototype_norm_std": 0.19094506180617155
      }
    },
    "tile_cfg": {
      "mode": "off",
      "levels": [
        1,
        2
      ],
      "overlap": 0.3,
      "for_sources": [
        "insdet"
      ],
      "nms_iou": 0.5,
      "top_k": 100,
      "score_combo": "existence_x_score",
      "edge_score_penalty": 0.5,
      "edge_px": 4,
      "merge_partial_boxes": true,
      "merge_min_score": 0.2
    }
  }
}