{
  "stage": "L2",
  "epoch": 7,
  "fold": 0,
  "wall_clock_seconds": 392.63,
  "lr": {
    "fusion": 4.95323571116861e-05,
    "class_head": 2.4791437636367768e-05,
    "box_head": 2.4791437636367768e-05
  },
  "train": {
    "loss": 4.90651328420639,
    "patch_ce": 2.732363525390625,
    "l1": 0.05307670724391937,
    "giou": 0.954383109331131,
    "grad_norm": 10.609188568115234,
    "n_steps": 250,
    "alpha": 0.04562072083353996
  },
  "val": {
    "overall": {
      "n": 100,
      "n_pos": 100,
      "iou_mean": 0.4183904092386365,
      "iou_median": 0.4430999606847763,
      "iou_p25": 0.0,
      "iou_p75": 0.7938812971115112,
      "iou_std": 0.36709603607818647,
      "frac_iou_25": 0.61,
      "frac_iou_50": 0.47,
      "frac_iou_75": 0.28,
      "frac_iou_90": 0.04,
      "containment_mean": 0.5068634004145861,
      "containment_median": 0.6163192093372345,
      "containment_p25": 0.0,
      "containment_p75": 0.947328582406044,
      "containment_std": 0.4355275352176959,
      "frac_containment_50": 0.54,
      "frac_containment_75": 0.44,
      "frac_containment_90": 0.34,
      "frac_containment_full": 0.13,
      "contain_at_iou_50": 0.47,
      "contain_at_iou_75": 0.28,
      "high_contain_high_iou": 0.32,
      "ap_per_iou": {
        "0.50": 0.28666931623832864,
        "0.55": 0.2571286347961649,
        "0.60": 0.23385407219669355,
        "0.65": 0.2142237027721393,
        "0.70": 0.15892151048148156,
        "0.75": 0.12199728214579705,
        "0.80": 0.10178972702762264,
        "0.85": 0.07440698884017442,
        "0.90": 0.005442897230899561,
        "0.95": 0.0
      },
      "map_50": 0.28666931623832864,
      "map_75": 0.12199728214579705,
      "map_5095": 0.14544341317293016,
      "map_50_containment": 0.36424117594664623,
      "map_90_containment": 0.1631159498863625,
      "mean_pred_box_area": 0.004367834594685185,
      "std_pred_box_area": 0.0061822719803124185,
      "frac_pred_box_too_big": 0.0,
      "frac_pred_box_too_small": 0.76,
      "mean_gt_box_area": 0.004876343088177963,
      "pred_to_gt_area_ratio_mean": 1.724388788246809,
      "pred_to_gt_area_ratio_median": 1.1251684911577913,
      "log_area_ratio_mean": 0.16819576712059217,
      "log_area_ratio_std": 0.780737941010666,
      "center_distance_mean": 0.11436557716027775,
      "center_distance_median": 0.009896072587232605,
      "score_mean": 0.7918459877371788,
      "score_std": 0.1857218662373434,
      "score_p25": 0.6450505703687668,
      "score_p75": 0.9468756914138794,
      "score_iou_correlation": 0.19998723318512476
    },
    "per_source": {
      "hots": {
        "n": 39,
        "n_pos": 39,
        "iou_mean": 0.47015010355374753,
        "iou_median": 0.55186927318573,
        "iou_p25": 0.0,
        "iou_p75": 0.8594712316989899,
        "iou_std": 0.3843720140201902,
        "frac_iou_25": 0.6410256410256411,
        "frac_iou_50": 0.5384615384615384,
        "frac_iou_75": 0.38461538461538464,
        "frac_iou_90": 0.05128205128205128,
        "containment_mean": 0.5276190298490036,
        "containment_median": 0.6801663041114807,
        "containment_p25": 0.0,
        "containment_p75": 0.9671144485473633,
        "containment_std": 0.43169561945457946,
        "frac_containment_50": 0.5641025641025641,
        "frac_containment_75": 0.4358974358974359,
        "frac_containment_90": 0.358974358974359,
        "frac_containment_full": 0.10256410256410256,
        "contain_at_iou_50": 0.5384615384615384,
        "contain_at_iou_75": 0.38461538461538464,
        "high_contain_high_iou": 0.358974358974359,
        "ap_per_iou": {
          "0.50": 0.3732611562438295,
          "0.55": 0.34572367493159556,
          "0.60": 0.2983125235600484,
          "0.65": 0.2822339926300323,
          "0.70": 0.2822339926300323,
          "0.75": 0.2250033061914249,
          "0.80": 0.20842408416665825,
          "0.85": 0.1442770101185942,
          "0.90": 0.0072135785007072135,
          "0.95": 0.0
        },
        "map_50": 0.3732611562438295,
        "map_75": 0.2250033061914249,
        "map_5095": 0.21666833189729226,
        "map_50_containment": 0.413977743928239,
        "map_90_containment": 0.19371424321919367,
        "mean_pred_box_area": 0.00875909044937118,
        "std_pred_box_area": 0.008055719565106038,
        "frac_pred_box_too_big": 0.0,
        "frac_pred_box_too_small": 0.4358974358974359,
        "mean_gt_box_area": 0.010148863193387977,
        "pred_to_gt_area_ratio_mean": 1.1712156121689643,
        "pred_to_gt_area_ratio_median": 1.0470544055052282,
        "log_area_ratio_mean": -0.08543780175038539,
        "log_area_ratio_std": 0.7311487040988771,
        "center_distance_mean": 0.13490165122903935,
        "center_distance_median": 0.008669712708835669,
        "score_mean": 0.7953050312323448,
        "score_std": 0.22538834489697432,
        "score_p25": 0.6074295043945312,
        "score_p75": 0.9814022183418274,
        "score_iou_correlation": 0.24008098943023584
      },
      "insdet": {
        "n": 61,
        "n_pos": 61,
        "iou_mean": 0.3852981456601229,
        "iou_median": 0.4292854070663452,
        "iou_p25": 0.0,
        "iou_p75": 0.7221607565879822,
        "iou_std": 0.35486419491292465,
        "frac_iou_25": 0.5901639344262295,
        "frac_iou_50": 0.4262295081967213,
        "frac_iou_75": 0.21311475409836064,
        "frac_iou_90": 0.03278688524590164,
        "containment_mean": 0.49359340782536837,
        "containment_median": 0.5742274522781372,
        "containment_p25": 0.0,
        "containment_p75": 0.9338187575340271,
        "containment_std": 0.44101160899177827,
        "frac_containment_50": 0.5245901639344263,
        "frac_containment_75": 0.4426229508196721,
        "frac_containment_90": 0.32786885245901637,
        "frac_containment_full": 0.14754098360655737,
        "contain_at_iou_50": 0.4262295081967213,
        "contain_at_iou_75": 0.21311475409836064,
        "high_contain_high_iou": 0.29508196721311475,
        "ap_per_iou": {
          "0.50": 0.23234685954518536,
          "0.55": 0.19989341994024767,
          "0.60": 0.1904992677729164,
          "0.65": 0.16394648876950335,
          "0.70": 0.08363655811496627,
          "0.75": 0.059944443751283154,
          "0.80": 0.03720183886873049,
          "0.85": 0.03378770435183052,
          "0.90": 0.010822012433801521,
          "0.95": 0.0
        },
        "map_50": 0.23234685954518536,
        "map_75": 0.059944443751283154,
        "map_5095": 0.10120785935484647,
        "map_50_containment": 0.3384275320200835,
        "map_90_containment": 0.14630078513266914,
        "mean_pred_box_area": 0.0015603103597220083,
        "std_pred_box_area": 0.0011900770323774307,
        "frac_pred_box_too_big": 0.0,
        "frac_pred_box_too_small": 0.9672131147540983,
        "mean_gt_box_area": 0.00150538761107648,
        "pred_to_gt_area_ratio_mean": 2.0780568844277263,
        "pred_to_gt_area_ratio_median": 1.1640404419510673,
        "log_area_ratio_mean": 0.33035493410367617,
        "log_area_ratio_std": 0.773721961806583,
        "center_distance_mean": 0.10123595603434819,
        "center_distance_median": 0.010687709637378888,
        "score_mean": 0.7896344681255153,
        "score_std": 0.1572475302101577,
        "score_p25": 0.6933461427688599,
        "score_p75": 0.9212061166763306,
        "score_iou_correlation": 0.16368354245277206
      }
    },
    "per_k": {
      "k1": {
        "n": 34,
        "n_pos": 34,
        "iou_mean": 0.40738397277891636,
        "iou_median": 0.470829039812088,
        "iou_p25": 0.0,
        "iou_p75": 0.7705940008163452,
        "iou_std": 0.37137562465068985,
        "frac_iou_25": 0.5882352941176471,
        "frac_iou_50": 0.47058823529411764,
        "frac_iou_75": 0.29411764705882354,
        "frac_iou_90": 0.058823529411764705,
        "containment_mean": 0.48994890052606077,
        "containment_median": 0.5386864840984344,