{
  "stage": "L2",
  "epoch": 7,
  "fold": 1,
  "wall_clock_seconds": 390.17,
  "lr": {
    "fusion": 4.495629865839705e-05,
    "class_head": 2.250569872926944e-05,
    "box_head": 2.250569872926944e-05
  },
  "train": {
    "loss": 4.642794152259826,
    "patch_ce": 2.6896451416015625,
    "l1": 0.03796653555333614,
    "giou": 0.8816581625938416,
    "grad_norm": NaN,
    "n_steps": 250,
    "alpha": 0.04611210152506828
  },
  "val": {
    "overall": {
      "n": 100,
      "n_pos": 100,
      "iou_mean": 0.379647953286767,
      "iou_median": 0.25019823759794235,
      "iou_p25": 0.0,
      "iou_p75": 0.8007792830467224,
      "iou_std": 0.3922931345240079,
      "frac_iou_25": 0.5,
      "frac_iou_50": 0.44,
      "frac_iou_75": 0.33,
      "frac_iou_90": 0.06,
      "containment_mean": 0.4289913462847471,
      "containment_median": 0.36406145989894867,
      "containment_p25": 0.0,
      "containment_p75": 0.900018036365509,
      "containment_std": 0.4382099545883991,
      "frac_containment_50": 0.47,
      "frac_containment_75": 0.38,
      "frac_containment_90": 0.25,
      "frac_containment_full": 0.06,
      "contain_at_iou_50": 0.44,
      "contain_at_iou_75": 0.33,
      "high_contain_high_iou": 0.24,
      "ap_per_iou": {
        "0.50": 0.24944520830760622,
        "0.55": 0.24944520830760622,
        "0.60": 0.20181591286343176,
        "0.65": 0.18763144212749389,
        "0.70": 0.18129307206485143,
        "0.75": 0.14745669446482168,
        "0.80": 0.094040694397927,
        "0.85": 0.04703830184507284,
        "0.90": 0.01143240874955982,
        "0.95": 0.0018001800180018003
      },
      "map_50": 0.24944520830760622,
      "map_75": 0.14745669446482168,
      "map_5095": 0.13713991231463726,
      "map_50_containment": 0.27525353342662034,
      "map_90_containment": 0.10042081440937484,
      "mean_pred_box_area": 0.011323537435471287,
      "std_pred_box_area": 0.06443075976927515,
      "frac_pred_box_too_big": 0.01,
      "frac_pred_box_too_small": 0.76,
      "mean_gt_box_area": 0.009594001929240766,
      "pred_to_gt_area_ratio_mean": 2.708629213111073,
      "pred_to_gt_area_ratio_median": 0.9402206575534289,
      "log_area_ratio_mean": -0.17962604345308428,
      "log_area_ratio_std": 0.9130990336529909,
      "center_distance_mean": 0.15011931191156477,
      "center_distance_median": 0.02183361985051708,
      "score_mean": 0.7892829662561417,
      "score_std": 0.1948404591718285,
      "score_p25": 0.6524815261363983,
      "score_p75": 0.9494966566562653,
      "score_iou_correlation": 0.17816487840202921
    },
    "per_source": {
      "hots": {
        "n": 36,
        "n_pos": 36,
        "iou_mean": 0.3674206516395013,
        "iou_median": 0.05686269327998161,
        "iou_p25": 0.0,
        "iou_p75": 0.7948147803544998,
        "iou_std": 0.3991750850365377,
        "frac_iou_25": 0.4722222222222222,
        "frac_iou_50": 0.4166666666666667,
        "frac_iou_75": 0.3333333333333333,
        "frac_iou_90": 0.027777777777777776,
        "containment_mean": 0.40964905151890385,
        "containment_median": 0.05686269327998161,
        "containment_p25": 0.0,
        "containment_p75": 0.9216531366109848,
        "containment_std": 0.4496089222139833,
        "frac_containment_50": 0.4166666666666667,
        "frac_containment_75": 0.3611111111111111,
        "frac_containment_90": 0.3055555555555556,
        "frac_containment_full": 0.05555555555555555,
        "contain_at_iou_50": 0.4166666666666667,
        "contain_at_iou_75": 0.3333333333333333,
        "high_contain_high_iou": 0.3055555555555556,
        "ap_per_iou": {
          "0.50": 0.2161573300187161,
          "0.55": 0.2161573300187161,
          "0.60": 0.2161573300187161,
          "0.65": 0.20115582986870115,
          "0.70": 0.20115582986870115,
          "0.75": 0.14781886215377388,
          "0.80": 0.09918991899189923,
          "0.85": 0.03581501007243581,
          "0.90": 0.004243281471004243,
          "0.95": 0.004243281471004243
        },
        "map_50": 0.2161573300187161,
        "map_75": 0.14781886215377388,
        "map_5095": 0.1342094003953668,
        "map_50_containment": 0.2161573300187161,
        "map_90_containment": 0.1476376017917129,
        "mean_pred_box_area": 0.029233303094695778,
        "std_pred_box_area": 0.10594716844240236,
        "frac_pred_box_too_big": 0.027777777777777776,
        "frac_pred_box_too_small": 0.3611111111111111,
        "mean_gt_box_area": 0.02406541592069617,
        "pred_to_gt_area_ratio_mean": 5.49353274676885,
        "pred_to_gt_area_ratio_median": 0.7456569970619857,
        "log_area_ratio_mean": -0.4066188513366763,
        "log_area_ratio_std": 1.2852452673201062,
        "center_distance_mean": 0.21283775063549995,
        "center_distance_median": 0.1301100769913065,
        "score_mean": 0.8202009035481347,
        "score_std": 0.19714122095685357,
        "score_p25": 0.6702057123184204,
        "score_p75": 0.9652302414178848,
        "score_iou_correlation": 0.23176768197438005
      },
      "insdet": {
        "n": 64,
        "n_pos": 64,
        "iou_mean": 0.386525810463354,
        "iou_median": 0.36406145989894867,
        "iou_p25": 0.0,
        "iou_p75": 0.8007792830467224,
        "iou_std": 0.3913785257154697,
        "frac_iou_25": 0.515625,
        "frac_iou_50": 0.453125,
        "frac_iou_75": 0.328125,
        "frac_iou_90": 0.078125,
        "containment_mean": 0.43987138709053397,
        "containment_median": 0.4939446598291397,
        "containment_p25": 0.0,
        "containment_p75": 0.8923168331384659,
        "containment_std": 0.43487888420451326,
        "frac_containment_50": 0.5,
        "frac_containment_75": 0.390625,
        "frac_containment_90": 0.21875,
        "frac_containment_full": 0.0625,
        "contain_at_iou_50": 0.453125,
        "contain_at_iou_75": 0.328125,
        "high_contain_high_iou": 0.203125,
        "ap_per_iou": {
          "0.50": 0.27523593232138427,
          "0.55": 0.27523593232138427,
          "0.60": 0.19156149294552585,
          "0.65": 0.17611738673424426,
          "0.70": 0.16850328532233133,
          "0.75": 0.15149848159435525,
          "0.80": 0.11019389454447709,
          "0.85": 0.06325965526334713,
          "0.90": 0.01713294816164425,
          "0.95": 0.0
        },
        "map_50": 0.27523593232138427,
        "map_75": 0.15149848159435525,
        "map_5095": 0.14287390092086938,
        "map_50_containment": 0.3199844572837697,
        "map_90_containment": 0.07057881860500831,
        "mean_pred_box_area": 0.001249294252157513,
        "std_pred_box_area": 0.001055120889352787,
        "frac_pred_box_too_big": 0.0,
        "frac_pred_box_too_small": 0.984375,
        "mean_gt_box_area": 0.001453831559047103,
        "pred_to_gt_area_ratio_mean": 1.1421209754285735,
        "pred_to_gt_area_ratio_median": 0.9713746303968969,
        "log_area_ratio_mean": -0.05194258901856379,
        "log_area_ratio_std": 0.5886219202564434,
        "center_distance_mean": 0.11484019012935123,
        "center_distance_median": 0.011535103537867273,
        "score_mean": 0.7718916265293956,
        "score_std": 0.19290116222285653,
        "score_p25": 0.6484759747982025,
        "score_p75": 0.9338306039571762,
        "score_iou_correlation": 0.15370834999478075
      }
    },
    "per_k": {
      "k1": {
        "n": 34,
        "n_pos": 34,
        "iou_mean": 0.4320451029959847,
        "iou_median": 0.5253353863954544,
        "iou_p25": 0.0,
        "iou_p75": 0.8147109895944595,
        "iou_std": 0.4035556907355134,
        "frac_iou_25": 0.5588235294117647,
        "frac_iou_50": 0.5,
        "frac_iou_75": 0.38235294117647056,
        "frac_iou_90": 0.08823529411764706,
        "containment_mean": 0.47741376652437095,
        "containment_median": 0.5909439921379089,
        "containment_p25": 0.0,
        "containment_p75": 0.9083753228187561,