{
  "stage": "L1",
  "phase": "mixed",
  "epoch": 4,
  "fold": 2,
  "wall_clock_seconds": 469.74,
  "lr": {
    "fusion": 1e-07
  },
  "train": {
    "loss": 4.255899088382721,
    "patch_ce": 4.255899088382721,
    "l1": 0.0,
    "giou": 0.0,
    "log_area": 0.0,
    "grad_norm": 4.285431509017944,
    "n_steps": 400,
    "grad_steps": 50,
    "grad_nan_steps": 0,
    "alpha": 0.9676312804222107,
    "bg_bias": -0.016680290922522545
  },
  "val": {
    "overall": {
      "n": 100,
      "n_pos": 100,
      "n_neg": 0,
      "iou_mean": 0.280399723649025,
      "iou_median": 0.038388242945075035,
      "iou_p25": 0.0,
      "iou_p75": 0.71123106777668,
      "iou_std": 0.34908017621193504,
      "frac_iou_25": 0.37,
      "frac_iou_50": 0.34,
      "frac_iou_75": 0.22,
      "frac_iou_90": 0.0,
      "containment_mean": 0.3489312316523865,
      "containment_median": 0.045276690274477005,
      "containment_p25": 0.0,
      "containment_p75": 0.9204028248786926,
      "containment_std": 0.43490254779789067,
      "frac_containment_50": 0.35,
      "frac_containment_75": 0.33,
      "frac_containment_90": 0.28,
      "frac_containment_full": 0.07,
      "contain_at_iou_50": 0.34,
      "contain_at_iou_75": 0.22,
      "high_contain_high_iou": 0.28,
      "ap_per_iou": {
        "0.50": 0.2736758995655978,
        "0.55": 0.2736758995655978,
        "0.60": 0.24829293554037116,
        "0.65": 0.21661012625143286,
        "0.70": 0.19437561598301034,
        "0.75": 0.15410873921146662,
        "0.80": 0.03127524049344642,
        "0.85": 0.00036003600360036,
        "0.90": 0.0,
        "0.95": 0.0
      },
      "map_50": 0.2736758995655978,
      "map_75": 0.15410873921146662,
      "map_5095": 0.13923744926145235,
      "map_50_containment": 0.28128065059212165,
      "map_90_containment": 0.21694333264899568,
      "mean_pred_box_area": 0.0029266720617043083,
      "std_pred_box_area": 0.0038765440202325856,
      "frac_pred_box_too_big": 0.0,
      "frac_pred_box_too_small": 0.87,
      "mean_gt_box_area": 0.011261787300719882,
      "pred_to_gt_area_ratio_mean": 0.93194156417436,
      "pred_to_gt_area_ratio_median": 1.0527848003114046,
      "log_area_ratio_mean": -0.6608229717948375,
      "log_area_ratio_std": 1.2821795445860353,
      "center_distance_mean": 0.12296377244389005,
      "center_distance_median": 0.032022082122269604,
      "score_mean": 0.12342122243717313,
      "score_std": 0.09472795165772646,
      "score_p25": 0.05613606330007315,
      "score_p75": 0.1583900898694992,
      "score_iou_correlation": 0.5825991179841518,
      "bg_prob_pos_mean": 6.505437063424324e-05,
      "bg_prob_pos_median": 4.2999881770811044e-05,
      "abstain_rate_pos": 0.0
    },
    "per_source": {
      "hots": {
        "n": 36,
        "n_pos": 36,
        "n_neg": 0,
        "iou_mean": 0.23640750511549413,
        "iou_median": 0.0,
        "iou_p25": 0.0,
        "iou_p75": 0.5893998742103577,
        "iou_std": 0.34593566353897354,
        "frac_iou_25": 0.3055555555555556,
        "frac_iou_50": 0.2777777777777778,
        "frac_iou_75": 0.2222222222222222,
        "frac_iou_90": 0.0,
        "containment_mean": 0.27534739670550656,
        "containment_median": 0.0,
        "containment_p25": 0.0,
        "containment_p75": 0.6775447428226471,
        "containment_std": 0.40962596739817486,
        "frac_containment_50": 0.2777777777777778,
        "frac_containment_75": 0.25,
        "frac_containment_90": 0.2222222222222222,
        "frac_containment_full": 0.0,
        "contain_at_iou_50": 0.2777777777777778,
        "contain_at_iou_75": 0.2222222222222222,
        "high_contain_high_iou": 0.2222222222222222,
        "ap_per_iou": {
          "0.50": 0.231930693069307,
          "0.55": 0.231930693069307,
          "0.60": 0.22574257425742583,
          "0.65": 0.20792079207920797,
          "0.70": 0.20792079207920797,
          "0.75": 0.20792079207920797,
          "0.80": 0.11262376237623763,
          "0.85": 0.0,
          "0.90": 0.0,
          "0.95": 0.0
        },
        "map_50": 0.231930693069307,
        "map_75": 0.20792079207920797,
        "map_5095": 0.14259900990099011,
        "map_50_containment": 0.231930693069307,
        "map_90_containment": 0.20792079207920797,
        "mean_pred_box_area": 0.0053575922928468505,
        "std_pred_box_area": 0.005281114828457021,
        "frac_pred_box_too_big": 0.0,
        "frac_pred_box_too_small": 0.7222222222222222,
        "mean_gt_box_area": 0.026447482504817245,
        "pred_to_gt_area_ratio_mean": 0.7878086110506248,
        "pred_to_gt_area_ratio_median": 0.4862729773134271,
        "log_area_ratio_mean": -1.0957452316136278,
        "log_area_ratio_std": 1.4619653232407193,
        "center_distance_mean": 0.23806225464511954,
        "center_distance_median": 0.16117614556701712,
        "score_mean": 0.10074574308883813,
        "score_std": 0.0832050050512299,
        "score_p25": 0.0446272986009717,
        "score_p75": 0.13699409365653992,
        "score_iou_correlation": 0.6350769271975811,
        "bg_prob_pos_mean": 4.738298841604976e-05,
        "bg_prob_pos_median": 3.5740831663133577e-05,
        "abstain_rate_pos": 0.0
      },
      "insdet": {
        "n": 64,
        "n_pos": 64,
        "n_neg": 0,
        "iou_mean": 0.30514534657413606,
        "iou_median": 0.06520400196313858,
        "iou_p25": 0.0,
        "iou_p75": 0.7304802238941193,
        "iou_std": 0.35110882345179134,
        "frac_iou_25": 0.40625,
        "frac_iou_50": 0.375,
        "frac_iou_75": 0.21875,
        "frac_iou_90": 0.0,
        "containment_mean": 0.39032213881000644,
        "containment_median": 0.08876127749681473,
        "containment_p25": 0.0,
        "containment_p75": 0.932578444480896,
        "containment_std": 0.44628167582441064,
        "frac_containment_50": 0.390625,
        "frac_containment_75": 0.375,
        "frac_containment_90": 0.3125,
        "frac_containment_full": 0.109375,
        "contain_at_iou_50": 0.375,
        "contain_at_iou_75": 0.21875,
        "high_contain_high_iou": 0.3125,
        "ap_per_iou": {
          "0.50": 0.2965858289877145,
          "0.55": 0.2965858289877145,
          "0.60": 0.26086154481106966,
          "0.65": 0.22589728264424147,
          "0.70": 0.19538865361177626,
          "0.75": 0.13504979982851,
          "0.80": 0.015022191874359853,
          "0.85": 0.0005211047420531526,
          "0.90": 0.0,
          "0.95": 0.0
        },
        "map_50": 0.2965858289877145,
        "map_75": 0.13504979982851,
        "map_5095": 0.14259122354874393,
        "map_50_containment": 0.3100050030060915,
        "map_90_containment": 0.22686661034624245,
        "mean_pred_box_area": 0.001559279431686628,
        "std_pred_box_area": 0.0016864230749169592,
        "frac_pred_box_too_big": 0.0,
        "frac_pred_box_too_small": 0.953125,
        "mean_gt_box_area": 0.0027198337484151125,
        "pred_to_gt_area_ratio_mean": 1.013016350306461,
        "pred_to_gt_area_ratio_median": 1.15590517021572,
        "log_area_ratio_mean": -0.4161792006467677,
        "log_area_ratio_std": 1.1077458927899382,
        "center_distance_mean": 0.05822087620569847,
        "center_distance_median": 0.021256315243434545,
        "score_mean": 0.13617617957061157,
        "score_std": 0.09897370748340249,
        "score_p25": 0.058795721270143986,
        "score_p75": 0.17745625227689743,
        "score_iou_correlation": 0.5533081555160787,
        "bg_prob_pos_mean": 7.499452313197708e-05,
        "bg_prob_pos_median": 4.617278136720415e-05,
        "abstain_rate_pos": 0.0
      }
    },
    "per_k": {
      "k1": {
        "n": 34,
        "n_pos": 34,
        "n_neg": 0,
        "iou_mean": 0.3146483790786827,
        "iou_median": 0.08239505812525749,
        "iou_p25": 0.0,
        "iou_p75": 0.7310055196285248,
        "iou_std": 0.35666659992642274,
        "frac_iou_25": 0.4411764705882353,