{
  "stage": "L1",
  "phase": "mixed",
  "epoch": 4,
  "fold": 1,
  "wall_clock_seconds": 469.23,
  "lr": {
    "fusion": 3.871313369090427e-06
  },
  "train": {
    "loss": 4.295428770184517,
    "patch_ce": 4.295428770184517,
    "l1": 0.0,
    "giou": 0.0,
    "log_area": 0.0,
    "grad_norm": 4.372721195220947,
    "n_steps": 400,
    "grad_steps": 50,
    "grad_nan_steps": 0,
    "alpha": 0.9676375985145569,
    "bg_bias": -0.01667596958577633
  },
  "val": {
    "overall": {
      "n": 100,
      "n_pos": 100,
      "n_neg": 0,
      "iou_mean": 0.3614673426933587,
      "iou_median": 0.3552136719226837,
      "iou_p25": 0.0,
      "iou_p75": 0.7279719859361649,
      "iou_std": 0.34100977819147027,
      "frac_iou_25": 0.52,
      "frac_iou_50": 0.41,
      "frac_iou_75": 0.2,
      "frac_iou_90": 0.0,
      "containment_mean": 0.45529594721272587,
      "containment_median": 0.3782021701335907,
      "containment_p25": 0.0,
      "containment_p75": 0.9422720670700073,
      "containment_std": 0.43337632972440926,
      "frac_containment_50": 0.45,
      "frac_containment_75": 0.38,
      "frac_containment_90": 0.31,
      "frac_containment_full": 0.15,
      "contain_at_iou_50": 0.41,
      "contain_at_iou_75": 0.2,
      "high_contain_high_iou": 0.31,
      "ap_per_iou": {
        "0.50": 0.2702448443283886,
        "0.55": 0.23632187994884815,
        "0.60": 0.2191081527035156,
        "0.65": 0.18832473846750064,
        "0.70": 0.15592644273555387,
        "0.75": 0.08884336094433766,
        "0.80": 0.013920238228441049,
        "0.85": 0.007083635192787571,
        "0.90": 0.0,
        "0.95": 0.0
      },
      "map_50": 0.2702448443283886,
      "map_75": 0.08884336094433766,
      "map_5095": 0.11797732925493731,
      "map_50_containment": 0.3172064689991912,
      "map_90_containment": 0.16045155249107573,
      "mean_pred_box_area": 0.003222038602135279,
      "std_pred_box_area": 0.004031507086695095,
      "frac_pred_box_too_big": 0.0,
      "frac_pred_box_too_small": 0.81,
      "mean_gt_box_area": 0.0070347411815018844,
      "pred_to_gt_area_ratio_mean": 1.17912743538963,
      "pred_to_gt_area_ratio_median": 1.1584093205576118,
      "log_area_ratio_mean": -0.24957204578824124,
      "log_area_ratio_std": 1.0861225579488833,
      "center_distance_mean": 0.12340672966184936,
      "center_distance_median": 0.011476283004654388,
      "score_mean": 0.1284492950886488,
      "score_std": 0.08400021516835934,
      "score_p25": 0.07397834211587906,
      "score_p75": 0.14937613159418106,
      "score_iou_correlation": 0.35917720424612254,
      "bg_prob_pos_mean": 6.524825723317917e-05,
      "bg_prob_pos_median": 4.945167893311009e-05,
      "abstain_rate_pos": 0.0
    },
    "per_source": {
      "hots": {
        "n": 36,
        "n_pos": 36,
        "n_neg": 0,
        "iou_mean": 0.3391631316497094,
        "iou_median": 0.19890140742063522,
        "iou_p25": 0.0,
        "iou_p75": 0.7205048054456711,
        "iou_std": 0.3440597696125717,
        "frac_iou_25": 0.4444444444444444,
        "frac_iou_50": 0.3611111111111111,
        "frac_iou_75": 0.16666666666666666,
        "frac_iou_90": 0.0,
        "containment_mean": 0.4023916808784836,
        "containment_median": 0.19890140742063522,
        "containment_p25": 0.0,
        "containment_p75": 0.9399055987596512,
        "containment_std": 0.4257442715701515,
        "frac_containment_50": 0.3611111111111111,
        "frac_containment_75": 0.3333333333333333,
        "frac_containment_90": 0.2777777777777778,
        "frac_containment_full": 0.1388888888888889,
        "contain_at_iou_50": 0.3611111111111111,
        "contain_at_iou_75": 0.16666666666666666,
        "high_contain_high_iou": 0.2777777777777778,
        "ap_per_iou": {
          "0.50": 0.22575400572515672,
          "0.55": 0.20487471508120556,
          "0.60": 0.20487471508120556,
          "0.65": 0.20487471508120556,
          "0.70": 0.17072264729979314,
          "0.75": 0.05692550821902466,
          "0.80": 0.04667609618104667,
          "0.85": 0.0021216407355021216,
          "0.90": 0.0,
          "0.95": 0.0
        },
        "map_50": 0.22575400572515672,
        "map_75": 0.05692550821902466,
        "map_5095": 0.11168240434041399,
        "map_50_containment": 0.22575400572515672,
        "map_90_containment": 0.14844541957702087,
        "mean_pred_box_area": 0.0061377987398430435,
        "std_pred_box_area": 0.005364285475563884,
        "frac_pred_box_too_big": 0.0,
        "frac_pred_box_too_small": 0.5555555555555556,
        "mean_gt_box_area": 0.016755167776702565,
        "pred_to_gt_area_ratio_mean": 0.7870381837536633,
        "pred_to_gt_area_ratio_median": 0.8097188198475644,
        "log_area_ratio_mean": -0.8541788902263572,
        "log_area_ratio_std": 1.367420840436305,
        "center_distance_mean": 0.17418025121354885,
        "center_distance_median": 0.02157935282695017,
        "score_mean": 0.1108047663130694,
        "score_std": 0.045870289506977795,
        "score_p25": 0.08309469185769558,
        "score_p75": 0.13588420674204826,
        "score_iou_correlation": 0.2624423164193862,
        "bg_prob_pos_mean": 7.59756554897548e-05,
        "bg_prob_pos_median": 5.7872430261340924e-05,
        "abstain_rate_pos": 0.0
      },
      "insdet": {
        "n": 64,
        "n_pos": 64,
        "n_neg": 0,
        "iou_mean": 0.37401346140541136,
        "iou_median": 0.4348679184913635,
        "iou_p25": 0.0,
        "iou_p75": 0.7279719859361649,
        "iou_std": 0.3413627384129858,
        "frac_iou_25": 0.5625,
        "frac_iou_50": 0.4375,
        "frac_iou_75": 0.21875,
        "frac_iou_90": 0.0,
        "containment_mean": 0.48505459702573717,
        "containment_median": 0.5097724795341492,
        "containment_p25": 0.0,
        "containment_p75": 0.9472850561141968,
        "containment_std": 0.43810951832051515,
        "frac_containment_50": 0.5,
        "frac_containment_75": 0.40625,
        "frac_containment_90": 0.328125,
        "frac_containment_full": 0.15625,
        "contain_at_iou_50": 0.4375,
        "contain_at_iou_75": 0.21875,
        "high_contain_high_iou": 0.328125,
        "ap_per_iou": {
          "0.50": 0.2976671997197288,
          "0.55": 0.2590871737691831,
          "0.60": 0.23455116425155384,
          "0.65": 0.1863390977188574,
          "0.70": 0.15550954612431298,
          "0.75": 0.10106234691577759,
          "0.80": 0.008774048136520968,
          "0.85": 0.0066006600660066,
          "0.90": 0.0,
          "0.95": 0.0
        },
        "map_50": 0.2976671997197288,
        "map_75": 0.10106234691577759,
        "map_5095": 0.12495912367019413,
        "map_50_containment": 0.3759362279080847,
        "map_90_containment": 0.17078052841251853,
        "mean_pred_box_area": 0.001581923524674662,
        "std_pred_box_area": 0.0014011849859677543,
        "frac_pred_box_too_big": 0.0,
        "frac_pred_box_too_small": 0.953125,
        "mean_gt_box_area": 0.0015670012217015028,
        "pred_to_gt_area_ratio_mean": 1.3996776394348613,
        "pred_to_gt_area_ratio_median": 1.1957422140141571,
        "log_area_ratio_mean": 0.09051930420819894,
        "log_area_ratio_std": 0.6989789794437796,
        "center_distance_mean": 0.09484662378901838,
        "center_distance_median": 0.00823263240678724,
        "score_mean": 0.1383743425249122,
        "score_std": 0.0981893521443356,
        "score_p25": 0.07015274651348591,
        "score_p75": 0.1677054576575756,
        "score_iou_correlation": 0.4032245115416599,
        "bg_prob_pos_mean": 5.9214095713855386e-05,
        "bg_prob_pos_median": 4.433655340108089e-05,
        "abstain_rate_pos": 0.0
      }
    },
    "per_k": {
      "k1": {
        "n": 34,
        "n_pos": 34,
        "n_neg": 0,
        "iou_mean": 0.4247122485848034,
        "iou_median": 0.5403830707073212,
        "iou_p25": 0.0,
        "iou_p75": 0.7512539923191071,