{
  "stage": "L1",
  "phase": "mixed",
  "epoch": 4,
  "fold": 0,
  "wall_clock_seconds": 469.31,
  "lr": {
    "fusion": 1.4900655086609239e-05
  },
  "train": {
    "loss": 4.31317539036274,
    "patch_ce": 4.31317539036274,
    "l1": 0.0,
    "giou": 0.0,
    "log_area": 0.0,
    "grad_norm": 4.198035688400268,
    "n_steps": 400,
    "grad_steps": 50,
    "grad_nan_steps": 0,
    "alpha": 0.9677900075912476,
    "bg_bias": -0.016649596393108368
  },
  "val": {
    "overall": {
      "n": 100,
      "n_pos": 100,
      "n_neg": 0,
      "iou_mean": 0.3488905767071992,
      "iou_median": 0.18238988518714905,
      "iou_p25": 0.0,
      "iou_p75": 0.7203809022903442,
      "iou_std": 0.3571809607665251,
      "frac_iou_25": 0.49,
      "frac_iou_50": 0.41,
      "frac_iou_75": 0.22,
      "frac_iou_90": 0.02,
      "containment_mean": 0.42921784657984974,
      "containment_median": 0.2637430727481842,
      "containment_p25": 0.0,
      "containment_p75": 0.9173869341611862,
      "containment_std": 0.4338163002599913,
      "frac_containment_50": 0.44,
      "frac_containment_75": 0.38,
      "frac_containment_90": 0.29,
      "frac_containment_full": 0.14,
      "contain_at_iou_50": 0.41,
      "contain_at_iou_75": 0.22,
      "high_contain_high_iou": 0.29,
      "ap_per_iou": {
        "0.50": 0.30462341978576707,
        "0.55": 0.3001243376587094,
        "0.60": 0.2593973060058188,
        "0.65": 0.2235811935145896,
        "0.70": 0.18441239732423367,
        "0.75": 0.1059027347588406,
        "0.80": 0.043063119168635845,
        "0.85": 0.015866142861582003,
        "0.90": 0.006871920068719201,
        "0.95": 0.0
      },
      "map_50": 0.30462341978576707,
      "map_75": 0.1059027347588406,
      "map_5095": 0.1443842571146896,
      "map_50_containment": 0.3369930813092442,
      "map_90_containment": 0.1917062671271915,
      "mean_pred_box_area": 0.002370476196458676,
      "std_pred_box_area": 0.002838280527991127,
      "frac_pred_box_too_big": 0.0,
      "frac_pred_box_too_small": 0.89,
      "mean_gt_box_area": 0.004679971465776908,
      "pred_to_gt_area_ratio_mean": 1.1584747803208704,
      "pred_to_gt_area_ratio_median": 1.0965674867062618,
      "log_area_ratio_mean": -0.35521590776384904,
      "log_area_ratio_std": 1.1678111873978454,
      "center_distance_mean": 0.11871484783362829,
      "center_distance_median": 0.007273284924186749,
      "score_mean": 0.12854488633573055,
      "score_std": 0.09295698019108553,
      "score_p25": 0.058781856670975685,
      "score_p75": 0.16601841524243355,
      "score_iou_correlation": 0.39960189941436025,
      "bg_prob_pos_mean": 7.014488414370135e-05,
      "bg_prob_pos_median": 5.769364543084521e-05,
      "abstain_rate_pos": 0.0
    },
    "per_source": {
      "hots": {
        "n": 39,
        "n_pos": 39,
        "n_neg": 0,
        "iou_mean": 0.442823578006564,
        "iou_median": 0.6261530518531799,
        "iou_p25": 0.0,
        "iou_p75": 0.8125167787075043,
        "iou_std": 0.391768700322853,
        "frac_iou_25": 0.5641025641025641,
        "frac_iou_50": 0.5384615384615384,
        "frac_iou_75": 0.38461538461538464,
        "frac_iou_90": 0.05128205128205128,
        "containment_mean": 0.5215372873517947,
        "containment_median": 0.7885337471961975,
        "containment_p25": 0.0,
        "containment_p75": 0.9894114434719086,
        "containment_std": 0.46510033284161506,
        "frac_containment_50": 0.5384615384615384,
        "frac_containment_75": 0.5128205128205128,
        "frac_containment_90": 0.46153846153846156,
        "frac_containment_full": 0.2564102564102564,
        "contain_at_iou_50": 0.5384615384615384,
        "contain_at_iou_75": 0.38461538461538464,
        "high_contain_high_iou": 0.46153846153846156,
        "ap_per_iou": {
          "0.50": 0.4623278676170807,
          "0.55": 0.4623278676170807,
          "0.60": 0.4623278676170807,
          "0.65": 0.4017207171845004,
          "0.70": 0.4017207171845004,
          "0.75": 0.28390293482789575,
          "0.80": 0.12739273927392744,
          "0.85": 0.04917174409748668,
          "0.90": 0.03155940594059406,
          "0.95": 0.0
        },
        "map_50": 0.4623278676170807,
        "map_75": 0.28390293482789575,
        "map_5095": 0.2682451861360147,
        "map_50_containment": 0.4623278676170807,
        "map_90_containment": 0.37462208626877735,
        "mean_pred_box_area": 0.004375999970537235,
        "std_pred_box_area": 0.0035181828641358227,
        "frac_pred_box_too_big": 0.0,
        "frac_pred_box_too_small": 0.717948717948718,
        "mean_gt_box_area": 0.009896709698159848,
        "pred_to_gt_area_ratio_mean": 0.7654998259841945,
        "pred_to_gt_area_ratio_median": 0.9524563164103352,
        "log_area_ratio_mean": -0.762923492648947,
        "log_area_ratio_std": 1.276195086544672,
        "center_distance_mean": 0.1419001093992288,
        "center_distance_median": 0.005144446264624303,
        "score_mean": 0.13514979011737382,
        "score_std": 0.08769118993991368,
        "score_p25": 0.07023583725094795,
        "score_p75": 0.18592607229948044,
        "score_iou_correlation": 0.508077308221502,
        "bg_prob_pos_mean": 5.8267507775338185e-05,
        "bg_prob_pos_median": 2.9003263989579864e-05,
        "abstain_rate_pos": 0.0
      },
      "insdet": {
        "n": 61,
        "n_pos": 61,
        "n_neg": 0,
        "iou_mean": 0.28883505128629383,
        "iou_median": 0.10913883149623871,
        "iou_p25": 0.0,
        "iou_p75": 0.614653468132019,
        "iou_std": 0.322329616669415,
        "frac_iou_25": 0.4426229508196721,
        "frac_iou_50": 0.32786885245901637,
        "frac_iou_75": 0.11475409836065574,
        "frac_iou_90": 0.0,
        "containment_mean": 0.37019394182401605,
        "containment_median": 0.12024198472499847,
        "containment_p25": 0.0,
        "containment_p75": 0.807872474193573,
        "containment_std": 0.40551325752424394,
        "frac_containment_50": 0.3770491803278688,
        "frac_containment_75": 0.29508196721311475,
        "frac_containment_90": 0.18032786885245902,
        "frac_containment_full": 0.06557377049180328,
        "contain_at_iou_50": 0.32786885245901637,
        "contain_at_iou_75": 0.11475409836065574,
        "high_contain_high_iou": 0.18032786885245902,
        "ap_per_iou": {
          "0.50": 0.203656512469545,
          "0.55": 0.1998889928604412,
          "0.60": 0.14469177686999465,
          "0.65": 0.1178633247940178,
          "0.70": 0.07439886845827443,
          "0.75": 0.0297029702970297,
          "0.80": 0.014477077959896828,
          "0.85": 0.005374823196605374,
          "0.90": 0.0,
          "0.95": 0.0
        },
        "map_50": 0.203656512469545,
        "map_75": 0.0297029702970297,
        "map_5095": 0.0790054346905805,
        "map_50_containment": 0.251382426768105,
        "map_90_containment": 0.09112477181784112,
        "mean_pred_box_area": 0.0010882560786051707,
        "std_pred_box_area": 0.0010803263466589133,
        "frac_pred_box_too_big": 0.0,
        "frac_pred_box_too_small": 1.0,
        "mean_gt_box_area": 0.0013446798090074883,
        "pred_to_gt_area_ratio_mean": 1.4097210626016958,
        "pred_to_gt_area_ratio_median": 1.1802026306081372,
        "log_area_ratio_mean": -0.09455040267337664,
        "log_area_ratio_std": 1.020599296642475,
        "center_distance_mean": 0.10389148388185092,
        "center_distance_median": 0.01469662860178368,
        "score_mean": 0.12432207899992584,
        "score_std": 0.09664881364224773,
        "score_p25": 0.05621052160859108,
        "score_p75": 0.15365639328956604,
        "score_iou_correlation": 0.3266480187778607,
        "bg_prob_pos_mean": 7.773861657593353e-05,
        "bg_prob_pos_median": 6.418200064217672e-05,
        "abstain_rate_pos": 0.0
      }
    },
    "per_k": {
      "k1": {
        "n": 34,
        "n_pos": 34,
        "n_neg": 0,