{
  "stage": "2_3",
  "epoch": 2,
  "fold": 1,
  "wall_clock_seconds": 533.6,
  "lr": {
    "aggregator": 4.7898544500043714e-05,
    "existence_head": 9.579287766642023e-05,
    "class_head": 1.9161944600217827e-05,
    "box_head": 1.9161944600217827e-05,
    "lora": 9.579287766642023e-05
  },
  "train": {
    "loss": 1.045530961241573,
    "focal": 0.0713678559064865,
    "l1": 0.02526958206295967,
    "giou": 0.32530976033210757,
    "box_loss": 0.7769674295186997,
    "box_area_penalty": 0.00011499649286270141,
    "existence_kl": 0.0,
    "margin": 0.39436835479736326,
    "nt_xent": 0.0,
    "grad_norm": 0.8177735996246338,
    "n_steps": 250,
    "aggregator_alpha": -0.024516325443983078
  },
  "val": {
    "overall": {
      "n": 100,
      "n_pos": 45,
      "n_neg": 55,
      "iou_mean": 0.2251323066651821,
      "iou_median": 0.0,
      "iou_p25": 0.0,
      "iou_p75": 0.35489749908447266,
      "contain_mean": 0.31971052951282924,
      "contain_at_iou_50": 0.2222222222222222,
      "contain_at_iou_75": 0.17777777777777778,
      "ap_per_iou": {
        "0.50": 0.05874663503216679,
        "0.55": 0.05874663503216679,
        "0.60": 0.05874663503216679,
        "0.65": 0.05874663503216679,
        "0.70": 0.0493037875216093,
        "0.75": 0.038984755618419,
        "0.80": 0.025874587458745876,
        "0.85": 0.0197029702970297,
        "0.90": 0.00745874587458746,
        "0.95": 0.0009900990099009901
      },
      "map_50": 0.05874663503216679,
      "map_75": 0.038984755618419,
      "map_5095": 0.03773014859089595,
      "map_50_existence_only": 0.05874663503216679,
      "map_5095_existence_only": 0.03773014859089595,
      "map_50_score_only": 0.10206078747409629,
      "map_5095_score_only": 0.0748562673798686,
      "precision_50": 0.21951219512195122,
      "recall_50": 0.2,
      "f1_50": 0.20930232558139536,
      "existence_acc": 0.76,
      "existence_acc_pos": 0.6888888888888889,
      "existence_acc_neg": 0.8181818181818182,
      "existence_auroc": 0.8036363636363636,
      "existence_pr_auc": 0.6756267735800201,
      "existence_brier": 0.20329137529188576,
      "existence_f1": 0.20930232558139536,
      "false_positive_rate": 0.18181818181818182,
      "false_negative_rate": 0.3111111111111111,
      "mean_score_pos": 0.5415085130267673,
      "mean_score_neg": 0.42389258308844135,
      "proto_score_pos": 0.9852953619427152,
      "proto_score_neg": 0.863351663405245,
      "proto_score_gap": 0.12194369853747011,
      "mean_pred_box_area": 0.04364635690813884,
      "frac_pred_box_too_big": 0.02,
      "mean_existence_prob": 0.476819751560688,
      "frac_high_existence": 0.0,
      "prototype_norm_mean": 1.6044595170021057,
      "prototype_norm_std": 0.28066856216641706
    },
    "per_source": {
      "hots": {
        "n": 36,
        "n_pos": 16,
        "n_neg": 20,
        "iou_mean": 0.5270560383796692,
        "iou_median": 0.7503277957439423,
        "iou_p25": 0.0,
        "iou_p75": 0.875936359167099,
        "contain_mean": 0.5831748060882092,
        "contain_at_iou_50": 0.625,
        "contain_at_iou_75": 0.5,
        "ap_per_iou": {
          "0.50": 0.37354210534175614,
          "0.55": 0.37354210534175614,
          "0.60": 0.37354210534175614,
          "0.65": 0.37354210534175614,
          "0.70": 0.3197437390797901,
          "0.75": 0.2571345369831099,
          "0.80": 0.17608231411376435,
          "0.85": 0.12968355659095326,
          "0.90": 0.05198019801980198,
          "0.95": 0.005775577557755775
        },
        "map_50": 0.37354210534175614,
        "map_75": 0.2571345369831099,
        "map_5095": 0.24345683437122,
        "map_50_existence_only": 0.37354210534175614,
        "map_5095_existence_only": 0.24345683437122,
        "map_50_score_only": 0.40297029702970305,
        "map_5095_score_only": 0.2808103178738927,
        "precision_50": 0.47368421052631576,
        "recall_50": 0.5625,
        "f1_50": 0.5142857142857142,
        "existence_acc": 0.8055555555555556,
        "existence_acc_pos": 0.875,
        "existence_acc_neg": 0.75,
        "existence_auroc": 0.796875,
        "existence_pr_auc": 0.6522229895315943,
        "existence_brier": 0.20755072030904315,
        "existence_f1": 0.5142857142857142,
        "false_positive_rate": 0.25,
        "false_negative_rate": 0.125,
        "mean_score_pos": 0.5603970158845186,
        "mean_score_neg": 0.4497680515050888,
        "proto_score_pos": 0.9962393380701542,
        "proto_score_neg": 0.8652231968939305,
        "proto_score_gap": 0.13101614117622373,
        "mean_pred_box_area": 0.03972694610193786,
        "frac_pred_box_too_big": 0.027777777777777776,
        "mean_existence_prob": 0.4989364801181687,
        "frac_high_existence": 0.0,
        "prototype_norm_mean": 1.9137957791487377,
        "prototype_norm_std": 0.21044222688385075
      },
      "insdet": {
        "n": 64,
        "n_pos": 29,
        "n_neg": 35,
        "iou_mean": 0.058553696064085795,
        "iou_median": 0.0,
        "iou_p25": 0.0,
        "iou_p75": 0.0,
        "contain_mean": 0.17435092864365415,
        "contain_at_iou_50": 0.0,
        "contain_at_iou_75": 0.0,
        "ap_per_iou": {
          "0.50": 0.0,
          "0.55": 0.0,
          "0.60": 0.0,
          "0.65": 0.0,
          "0.70": 0.0,
          "0.75": 0.0,
          "0.80": 0.0,
          "0.85": 0.0,
          "0.90": 0.0,
          "0.95": 0.0
        },
        "map_50": 0.0,
        "map_75": 0.0,
        "map_5095": 0.0,
        "map_50_existence_only": 0.0,
        "map_5095_existence_only": 0.0,
        "map_50_score_only": 0.0,
        "map_5095_score_only": 0.0,
        "precision_50": 0.0,
        "recall_50": 0.0,
        "f1_50": 0.0,
        "existence_acc": 0.734375,
        "existence_acc_pos": 0.5862068965517241,
        "existence_acc_neg": 0.8571428571428571,
        "existence_auroc": 0.8236453201970443,
        "existence_pr_auc": 0.7242922154745064,
        "existence_brier": 0.2008954937197347,
        "existence_f1": 0.0,
        "false_positive_rate": 0.14285714285714285,
        "false_negative_rate": 0.41379310344827586,
        "mean_score_pos": 0.5310872700707666,
        "mean_score_neg": 0.40910660113607134,
        "proto_score_pos": 0.979257306148266,
        "proto_score_neg": 0.8622822156974248,
        "proto_score_gap": 0.1169750904508412,
        "mean_pred_box_area": 0.045851025486626895,
        "frac_pred_box_too_big": 0.015625,
        "mean_existence_prob": 0.4643790917471051,
        "frac_high_existence": 0.0,
        "prototype_norm_mean": 1.4304578695446253,
        "prototype_norm_std": 0.1172569985678816
      }
    },
    "tile_cfg": {
      "mode": "off",
      "levels": [
        1,
        2
      ],
      "overlap": 0.3,
      "for_sources": [
        "insdet"
      ],
      "nms_iou": 0.5,
      "top_k": 100,
      "score_combo": "existence_x_score",
      "edge_score_penalty": 0.5,
      "edge_px": 4,
      "merge_partial_boxes": true,
      "merge_min_score": 0.2
    }
  }
}