{
  "stage": "2_3",
  "epoch": 2,
  "fold": 3,
  "wall_clock_seconds": 515.24,
  "lr": {
    "aggregator": 4.593730363265011e-05,
    "existence_head": 9.18664655892134e-05,
    "class_head": 1.8379806458712166e-05,
    "box_head": 1.8379806458712166e-05,
    "lora": 9.18664655892134e-05
  },
  "train": {
    "loss": 1.0783175553455948,
    "focal": 0.06566619217209518,
    "l1": 0.025625144474208356,
    "giou": 0.35523278546333314,
    "box_loss": 0.8385912917554379,
    "box_area_penalty": 0.0005208174921572208,
    "existence_kl": 0.0,
    "margin": 0.3480159854888916,
    "nt_xent": 0.0,
    "grad_norm": 0.6707963409423828,
    "n_steps": 250,
    "aggregator_alpha": -0.024706676602363586
  },
  "val": {
    "overall": {
      "n": 100,
      "n_pos": 47,
      "n_neg": 53,
      "iou_mean": 0.16086159664344915,
      "iou_median": 0.0,
      "iou_p25": 0.0,
      "iou_p75": 0.13993531465530396,
      "contain_mean": 0.2593585453293425,
      "contain_at_iou_50": 0.1702127659574468,
      "contain_at_iou_75": 0.10638297872340426,
      "ap_per_iou": {
        "0.50": 0.05935536532983309,
        "0.55": 0.05935536532983309,
        "0.60": 0.05935536532983309,
        "0.65": 0.049122695591013135,
        "0.70": 0.04191042767854832,
        "0.75": 0.03642007108765046,
        "0.80": 0.01570754010540042,
        "0.85": 0.007425742574257425,
        "0.90": 0.0,
        "0.95": 0.0
      },
      "map_50": 0.05935536532983309,
      "map_75": 0.03642007108765046,
      "map_5095": 0.032865257302636904,
      "map_50_existence_only": 0.05812307037155327,
      "map_5095_existence_only": 0.032116469711487274,
      "map_50_score_only": 0.04767664872498884,
      "map_5095_score_only": 0.026355878477311207,
      "precision_50": 0.23333333333333334,
      "recall_50": 0.14893617021276595,
      "f1_50": 0.18181818181818182,
      "existence_acc": 0.69,
      "existence_acc_pos": 0.48936170212765956,
      "existence_acc_neg": 0.8679245283018868,
      "existence_auroc": 0.7366519470092332,
      "existence_pr_auc": 0.6968141327415833,
      "existence_brier": 0.21778086266023927,
      "existence_f1": 0.18181818181818182,
      "false_positive_rate": 0.1320754716981132,
      "false_negative_rate": 0.5106382978723404,
      "mean_score_pos": 0.4964379782372333,
      "mean_score_neg": 0.41297017684522663,
      "proto_score_pos": 0.9724142640194995,
      "proto_score_neg": 0.8312642664279578,
      "proto_score_gap": 0.14114999759154168,
      "mean_pred_box_area": 0.023140277698403225,
      "frac_pred_box_too_big": 0.01,
      "mean_existence_prob": 0.45220004349946974,
      "frac_high_existence": 0.0,
      "prototype_norm_mean": 1.6145814657211304,
      "prototype_norm_std": 0.19981088793395163
    },
    "per_source": {
      "hots": {
        "n": 35,
        "n_pos": 20,
        "n_neg": 15,
        "iou_mean": 0.30792991518974305,
        "iou_median": 0.0,
        "iou_p25": 0.0,
        "iou_p75": 0.7370894104242325,
        "contain_mean": 0.36111595928668977,
        "contain_at_iou_50": 0.4,
        "contain_at_iou_75": 0.25,
        "ap_per_iou": {
          "0.50": 0.31852424372872074,
          "0.55": 0.31852424372872074,
          "0.60": 0.31852424372872074,
          "0.65": 0.2623664540367081,
          "0.70": 0.21858490196845762,
          "0.75": 0.18717958752396968,
          "0.80": 0.09471816746892087,
          "0.85": 0.0297029702970297,
          "0.90": 0.0,
          "0.95": 0.0
        },
        "map_50": 0.31852424372872074,
        "map_75": 0.18717958752396968,
        "map_5095": 0.17481248124812482,
        "map_50_existence_only": 0.30352274357870573,
        "map_5095_existence_only": 0.16410891089108912,
        "map_50_score_only": 0.3275577557755776,
        "map_5095_score_only": 0.19191419141914193,
        "precision_50": 0.5,
        "recall_50": 0.35,
        "f1_50": 0.4117647058823529,
        "existence_acc": 0.7142857142857143,
        "existence_acc_pos": 0.6,
        "existence_acc_neg": 0.8666666666666667,
        "existence_auroc": 0.8733333333333333,
        "existence_pr_auc": 0.8980296798730303,
        "existence_brier": 0.20048001231721366,
        "existence_f1": 0.4117647058823529,
        "false_positive_rate": 0.13333333333333333,
        "false_negative_rate": 0.4,
        "mean_score_pos": 0.5170831799507141,
        "mean_score_neg": 0.37537488142649333,
        "proto_score_pos": 0.9766762971878051,
        "proto_score_neg": 0.6988091627756755,
        "proto_score_gap": 0.2778671344121296,
        "mean_pred_box_area": 0.018523833355201143,
        "frac_pred_box_too_big": 0.0,
        "mean_existence_prob": 0.45635105201176235,
        "frac_high_existence": 0.0,
        "prototype_norm_mean": 1.8311930315835134,
        "prototype_norm_std": 0.13178595572840388
      },
      "insdet": {
        "n": 65,
        "n_pos": 27,
        "n_neg": 38,
        "iou_mean": 0.05192210142397218,
        "iou_median": 0.0,
        "iou_p25": 0.0,
        "iou_p75": 0.03876036358997226,
        "contain_mean": 0.1839826831387149,
        "contain_at_iou_50": 0.0,
        "contain_at_iou_75": 0.0,
        "ap_per_iou": {
          "0.50": 0.0,
          "0.55": 0.0,
          "0.60": 0.0,
          "0.65": 0.0,
          "0.70": 0.0,
          "0.75": 0.0,
          "0.80": 0.0,
          "0.85": 0.0,
          "0.90": 0.0,
          "0.95": 0.0
        },
        "map_50": 0.0,
        "map_75": 0.0,
        "map_5095": 0.0,
        "map_50_existence_only": 0.0,
        "map_5095_existence_only": 0.0,
        "map_50_score_only": 0.0,
        "map_5095_score_only": 0.0,
        "precision_50": 0.0,
        "recall_50": 0.0,
        "f1_50": 0.0,
        "existence_acc": 0.676923076923077,
        "existence_acc_pos": 0.4074074074074074,
        "existence_acc_neg": 0.868421052631579,
        "existence_auroc": 0.6471734892787524,
        "existence_pr_auc": 0.5768401843143137,
        "existence_brier": 0.22709670515263766,
        "existence_f1": 0.0,
        "false_positive_rate": 0.13157894736842105,
        "false_negative_rate": 0.5925925925925926,
        "mean_score_pos": 0.4811452362272475,
        "mean_score_neg": 0.4278104250368319,
        "proto_score_pos": 0.969257202413347,
        "proto_score_neg": 0.8835491757643851,
        "proto_score_gap": 0.08570802664896193,
        "mean_pred_box_area": 0.025626055421665885,
        "frac_pred_box_too_big": 0.015384615384615385,
        "mean_existence_prob": 0.4499648850697737,
        "frac_high_existence": 0.0,
        "prototype_norm_mean": 1.4979444687183088,
        "prototype_norm_std": 0.11425889944860926
      }
    },
    "tile_cfg": {
      "mode": "off",
      "levels": [
        1,
        2
      ],
      "overlap": 0.3,
      "for_sources": [
        "insdet"
      ],
      "nms_iou": 0.5,
      "top_k": 100,
      "score_combo": "existence_x_score",
      "edge_score_penalty": 0.5,
      "edge_px": 4,
      "merge_partial_boxes": true,
      "merge_min_score": 0.2
    }
  }
}