{
  "stage": "2_3",
  "epoch": 2,
  "fold": 2,
  "wall_clock_seconds": 522.25,
  "lr": {
    "aggregator": 4.699287009260192e-05,
    "existence_head": 9.397971387276425e-05,
    "class_head": 1.8800763824504568e-05,
    "box_head": 1.8800763824504568e-05,
    "lora": 9.397971387276425e-05
  },
  "train": {
    "loss": 0.9435217908360064,
    "focal": 0.06942390779778361,
    "l1": 0.019974896129220723,
    "giou": 0.302634256362915,
    "box_loss": 0.7051429966390133,
    "box_area_penalty": 0.0004255523681640625,
    "existence_kl": 0.0,
    "margin": 0.3378246574401855,
    "nt_xent": 0.0,
    "grad_norm": 0.9777524261474609,
    "n_steps": 250,
    "aggregator_alpha": -0.02445799671113491
  },
  "val": {
    "overall": {
      "n": 100,
      "n_pos": 56,
      "n_neg": 44,
      "iou_mean": 0.24944861295599757,
      "iou_median": 0.0,
      "iou_p25": 0.0,
      "iou_p75": 0.6593953222036362,
      "contain_mean": 0.35773601080290973,
      "contain_at_iou_50": 0.26785714285714285,
      "contain_at_iou_75": 0.19642857142857142,
      "ap_per_iou": {
        "0.50": 0.14959822069163436,
        "0.55": 0.14959822069163436,
        "0.60": 0.14959822069163436,
        "0.65": 0.14959822069163436,
        "0.70": 0.13045476907939238,
        "0.75": 0.08717475008370404,
        "0.80": 0.08717475008370404,
        "0.85": 0.0674449432520892,
        "0.90": 0.03734291698400609,
        "0.95": 0.0015232292460015233
      },
      "map_50": 0.14959822069163436,
      "map_75": 0.08717475008370404,
      "map_5095": 0.10095082414954348,
      "map_50_existence_only": 0.14974497449744972,
      "map_5095_existence_only": 0.10109562123794795,
      "map_50_score_only": 0.19815813449506905,
      "map_5095_score_only": 0.13674411436790104,
      "precision_50": 0.3191489361702128,
      "recall_50": 0.26785714285714285,
      "f1_50": 0.2912621359223301,
      "existence_acc": 0.71,
      "existence_acc_pos": 0.6607142857142857,
      "existence_acc_neg": 0.7727272727272727,
      "existence_auroc": 0.7548701298701299,
      "existence_pr_auc": 0.7492982151824235,
      "existence_brier": 0.2158124379396881,
      "existence_f1": 0.2912621359223301,
      "false_positive_rate": 0.22727272727272727,
      "false_negative_rate": 0.3392857142857143,
      "mean_score_pos": 0.5320987142622471,
      "mean_score_neg": 0.4363286711952903,
      "proto_score_pos": 0.9883936579738345,
      "proto_score_neg": 0.819048888812011,
      "proto_score_gap": 0.1693447691618235,
      "mean_pred_box_area": 0.05050544848316349,
      "frac_pred_box_too_big": 0.03,
      "mean_existence_prob": 0.4899598953127861,
      "frac_high_existence": 0.0,
      "prototype_norm_mean": 1.6330623197555543,
      "prototype_norm_std": 0.2287610344024394
    },
    "per_source": {
      "hots": {
        "n": 35,
        "n_pos": 18,
        "n_neg": 17,
        "iou_mean": 0.5978940427303314,
        "iou_median": 0.7694761753082275,
        "iou_p25": 0.1627012938261032,
        "iou_p75": 0.8819572627544403,
        "contain_mean": 0.6800708605183495,
        "contain_at_iou_50": 0.7222222222222222,
        "contain_at_iou_75": 0.5,
        "ap_per_iou": {
          "0.50": 0.6327251955964829,
          "0.55": 0.6327251955964829,
          "0.60": 0.6327251955964829,
          "0.65": 0.6327251955964829,
          "0.70": 0.5379612961296131,
          "0.75": 0.35856585658565876,
          "0.80": 0.35856585658565876,
          "0.85": 0.2711683668366837,
          "0.90": 0.14108910891089108,
          "0.95": 0.0
        },
        "map_50": 0.6327251955964829,
        "map_75": 0.35856585658565876,
        "map_5095": 0.41982512674344374,
        "map_50_existence_only": 0.6347575040904901,
        "map_5095_existence_only": 0.4212164764047256,
        "map_50_score_only": 0.6179233307946173,
        "map_5095_score_only": 0.4077382463521075,
        "precision_50": 0.6190476190476191,
        "recall_50": 0.7222222222222222,
        "f1_50": 0.6666666666666666,
        "existence_acc": 0.9142857142857143,
        "existence_acc_pos": 1.0,
        "existence_acc_neg": 0.8235294117647058,
        "existence_auroc": 0.9248366013071896,
        "existence_pr_auc": 0.9180847011987363,
        "existence_brier": 0.17083779909427024,
        "existence_f1": 0.6666666666666666,
        "false_positive_rate": 0.17647058823529413,
        "false_negative_rate": 0.0,
        "mean_score_pos": 0.5975824329588149,
        "mean_score_neg": 0.4040229636080125,
        "proto_score_pos": 0.9959052834245894,
        "proto_score_neg": 0.717706045245423,
        "proto_score_gap": 0.27819923817916636,
        "mean_pred_box_area": 0.052568759370063035,
        "frac_pred_box_too_big": 0.02857142857142857,
        "mean_existence_prob": 0.5035678335598537,
        "frac_high_existence": 0.0,
        "prototype_norm_mean": 1.895517178944179,
        "prototype_norm_std": 0.14271394914472046
      },
      "insdet": {
        "n": 65,
        "n_pos": 38,
        "n_neg": 27,
        "iou_mean": 0.08439551464183942,
        "iou_median": 0.0,
        "iou_p25": 0.0,
        "iou_p75": 0.006532393512316048,
        "contain_mean": 0.20505108199033298,
        "contain_at_iou_50": 0.05263157894736842,
        "contain_at_iou_75": 0.05263157894736842,
        "ap_per_iou": {
          "0.50": 0.009653465346534655,
          "0.55": 0.009653465346534655,
          "0.60": 0.009653465346534655,
          "0.65": 0.009653465346534655,
          "0.70": 0.009653465346534655,
          "0.75": 0.009653465346534655,
          "0.80": 0.009653465346534655,
          "0.85": 0.0059405940594059415,
          "0.90": 0.0059405940594059415,
          "0.95": 0.0059405940594059415
        },
        "map_50": 0.009653465346534655,
        "map_75": 0.009653465346534655,
        "map_5095": 0.008539603960396042,
        "map_50_existence_only": 0.009653465346534655,
        "map_5095_existence_only": 0.008539603960396042,
        "map_50_score_only": 0.03341584158415842,
        "map_5095_score_only": 0.0323019801980198,
        "precision_50": 0.07692307692307693,
        "recall_50": 0.05263157894736842,
        "f1_50": 0.0625,
        "existence_acc": 0.6,
        "existence_acc_pos": 0.5,
        "existence_acc_neg": 0.7407407407407407,
        "existence_auroc": 0.6461988304093568,
        "existence_pr_auc": 0.6757823149150262,
        "existence_brier": 0.2400295511641439,
        "existence_f1": 0.0625,
        "false_positive_rate": 0.25925925925925924,
        "false_negative_rate": 0.5,
        "mean_score_pos": 0.501080110669136,
        "mean_score_neg": 0.45666930189839117,
        "proto_score_pos": 0.9848355196024242,
        "proto_score_neg": 0.8828573458724551,
        "proto_score_gap": 0.10197817372996909,
        "mean_pred_box_area": 0.04939443492867912,
        "frac_pred_box_too_big": 0.03076923076923077,
        "mean_existence_prob": 0.4826325439489805,
        "frac_high_existence": 0.0,
        "prototype_norm_mean": 1.4917404725001409,
        "prototype_norm_std": 0.1103461669248588
      }
    },
    "tile_cfg": {
      "mode": "off",
      "levels": [
        1,
        2
      ],
      "overlap": 0.3,
      "for_sources": [
        "insdet"
      ],
      "nms_iou": 0.5,
      "top_k": 100,
      "score_combo": "existence_x_score",
      "edge_score_penalty": 0.5,
      "edge_px": 4,
      "merge_partial_boxes": true,
      "merge_min_score": 0.2
    }
  }
}