{
  "stage": "L2",
  "epoch": 11,
  "fold": 2,
  "wall_clock_seconds": 395.62,
  "lr": {
    "fusion": 1.981890262905747e-06,
    "class_head": 1.0400032444344048e-06,
    "box_head": 1.0400032444344048e-06
  },
  "train": {
    "loss": 3.9594235191345213,
    "patch_ce": 2.2002108154296875,
    "l1": 0.032900540933012964,
    "giou": 0.7973549978733063,
    "grad_norm": 10.23734994506836,
    "n_steps": 250,
    "alpha": 0.04873902350664139
  },
  "val": {
    "overall": {
      "n": 100,
      "n_pos": 100,
      "iou_mean": 0.49892362725920975,
      "iou_median": 0.6117336750030518,
      "iou_p25": 0.006978966994211078,
      "iou_p75": 0.8618307411670685,
      "iou_std": 0.3837503223323764,
      "frac_iou_25": 0.65,
      "frac_iou_50": 0.57,
      "frac_iou_75": 0.43,
      "frac_iou_90": 0.18,
      "containment_mean": 0.5885263016913086,
      "containment_median": 0.7967610061168671,
      "containment_p25": 0.046795336762443185,
      "containment_p75": 0.9576324820518494,
      "containment_std": 0.41812418414599123,
      "frac_containment_50": 0.63,
      "frac_containment_75": 0.54,
      "frac_containment_90": 0.4,
      "frac_containment_full": 0.16,
      "contain_at_iou_50": 0.57,
      "contain_at_iou_75": 0.43,
      "high_contain_high_iou": 0.38,
      "ap_per_iou": {
        "0.50": 0.46288172143761896,
        "0.55": 0.4311200820471065,
        "0.60": 0.4158533178490302,
        "0.65": 0.3321130691441324,
        "0.70": 0.3108989364795059,
        "0.75": 0.30433470862814926,
        "0.80": 0.2199372399681974,
        "0.85": 0.16498209428235946,
        "0.90": 0.0879308130088371,
        "0.95": 0.0017733116595241613
      },
      "map_50": 0.46288172143761896,
      "map_75": 0.30433470862814926,
      "map_5095": 0.27318252945044613,
      "map_50_containment": 0.5300651528692801,
      "map_90_containment": 0.24951809663751115,
      "mean_pred_box_area": 0.014808227459721834,
      "std_pred_box_area": 0.07861224384140186,
      "frac_pred_box_too_big": 0.01,
      "frac_pred_box_too_small": 0.73,
      "mean_gt_box_area": 0.009356513662077489,
      "pred_to_gt_area_ratio_mean": 3.6131691051342614,
      "pred_to_gt_area_ratio_median": 0.9888770626812944,
      "log_area_ratio_mean": -0.08493402171058573,
      "log_area_ratio_std": 0.9461575353111995,
      "center_distance_mean": 0.1043203040472161,
      "center_distance_median": 0.007908050788353856,
      "score_mean": 0.7854621568322182,
      "score_std": 0.21907748074392758,
      "score_p25": 0.6834999173879623,
      "score_p75": 0.9493549019098282,
      "score_iou_correlation": 0.5166626248827587
    },
    "per_source": {
      "hots": {
        "n": 36,
        "n_pos": 36,
        "iou_mean": 0.45356003795233035,
        "iou_median": 0.4807336777448654,
        "iou_p25": 0.0,
        "iou_p75": 0.8528484106063843,
        "iou_std": 0.4070420898114722,
        "frac_iou_25": 0.5833333333333334,
        "frac_iou_50": 0.5,
        "frac_iou_75": 0.3888888888888889,
        "frac_iou_90": 0.19444444444444445,
        "containment_mean": 0.5114568300131295,
        "containment_median": 0.6219305098056793,
        "containment_p25": 0.0,
        "containment_p75": 0.9576324820518494,
        "containment_std": 0.43831127146895155,
        "frac_containment_50": 0.5277777777777778,
        "frac_containment_75": 0.4722222222222222,
        "frac_containment_90": 0.3333333333333333,
        "frac_containment_full": 0.19444444444444445,
        "contain_at_iou_50": 0.5,
        "contain_at_iou_75": 0.3888888888888889,
        "high_contain_high_iou": 0.3055555555555556,
        "ap_per_iou": {
          "0.50": 0.46112385586636234,
          "0.55": 0.46112385586636234,
          "0.60": 0.46112385586636234,
          "0.65": 0.3607859773831634,
          "0.70": 0.3190739367459014,
          "0.75": 0.30082829947314405,
          "0.80": 0.28496597569455945,
          "0.85": 0.20735785953177252,
          "0.90": 0.13150545823813156,
          "0.95": 0.0
        },
        "map_50": 0.46112385586636234,
        "map_75": 0.30082829947314405,
        "map_5095": 0.29878890746657594,
        "map_50_containment": 0.4728812816089366,
        "map_90_containment": 0.23827716622593945,
        "mean_pred_box_area": 0.037984596237864245,
        "std_pred_box_area": 0.1288888771868481,
        "frac_pred_box_too_big": 0.027777777777777776,
        "frac_pred_box_too_small": 0.3611111111111111,
        "mean_gt_box_area": 0.022534044370986526,
        "pred_to_gt_area_ratio_mean": 7.792866076288159,
        "pred_to_gt_area_ratio_median": 0.932867278134293,
        "log_area_ratio_mean": -0.23352494813528113,
        "log_area_ratio_std": 1.3316824950782749,
        "center_distance_mean": 0.19064507303094722,
        "center_distance_median": 0.01578351733999268,
        "score_mean": 0.8118472972677814,
        "score_std": 0.24078946787619518,
        "score_p25": 0.7440520524978638,
        "score_p75": 0.9876926839351654,
        "score_iou_correlation": 0.6001515977764927
      },
      "insdet": {
        "n": 64,
        "n_pos": 64,
        "iou_mean": 0.5244406462443294,
        "iou_median": 0.6176576018333435,
        "iou_p25": 0.06928500719368458,
        "iou_p75": 0.8709491044282913,
        "iou_std": 0.37085268802224014,
        "frac_iou_25": 0.6875,
        "frac_iou_50": 0.609375,
        "frac_iou_75": 0.453125,
        "frac_iou_90": 0.171875,
        "containment_mean": 0.6318778795102844,
        "containment_median": 0.8663911521434784,
        "containment_p25": 0.1498611457645893,
        "containment_p75": 0.959426611661911,
        "containment_std": 0.4033541948388758,
        "frac_containment_50": 0.6875,
        "frac_containment_75": 0.578125,
        "frac_containment_90": 0.4375,
        "frac_containment_full": 0.140625,
        "contain_at_iou_50": 0.609375,
        "contain_at_iou_75": 0.453125,
        "high_contain_high_iou": 0.421875,
        "ap_per_iou": {
          "0.50": 0.4661068472359625,
          "0.55": 0.4145886105685339,
          "0.60": 0.3907694602930175,
          "0.65": 0.3269274130332662,
          "0.70": 0.3269274130332662,
          "0.75": 0.3269274130332662,
          "0.80": 0.18051883188749807,
          "0.85": 0.1488581962591864,
          "0.90": 0.06828395934831576,
          "0.95": 0.005059297138505059
        },
        "map_50": 0.4661068472359625,
        "map_75": 0.3269274130332662,
        "map_5095": 0.2654967441830818,
        "map_50_containment": 0.5821815148547819,
        "map_90_containment": 0.28482528598916024,
        "mean_pred_box_area": 0.0017715200220167274,
        "std_pred_box_area": 0.0016048348888888417,
        "frac_pred_box_too_big": 0.0,
        "frac_pred_box_too_small": 0.9375,
        "mean_gt_box_area": 0.0019441526383161545,
        "pred_to_gt_area_ratio_mean": 1.262089558860195,
        "pred_to_gt_area_ratio_median": 1.0087055757541856,
        "log_area_ratio_mean": -0.0013516255966945837,
        "log_area_ratio_std": 0.6339094640733103,
        "center_distance_mean": 0.05576262149386735,
        "center_distance_median": 0.00504209010898703,
        "score_mean": 0.7706205153372139,
        "score_std": 0.20636900839461578,
        "score_p25": 0.6702635586261749,
        "score_p75": 0.9148466736078262,
        "score_iou_correlation": 0.47884362419856874
      }
    },
    "per_k": {
      "k1": {
        "n": 34,
        "n_pos": 34,
        "iou_mean": 0.4055222810300834,
        "iou_median": 0.2570255994796753,
        "iou_p25": 0.0,
        "iou_p75": 0.8589881956577301,
        "iou_std": 0.39565302579232176,
        "frac_iou_25": 0.5294117647058824,
        "frac_iou_50": 0.4411764705882353,
        "frac_iou_75": 0.35294117647058826,
        "frac_iou_90": 0.17647058823529413,
        "containment_mean": 0.5166651163907612,
        "containment_median": 0.6069436073303223,
        "containment_p25": 0.0,