{
  "stage": "L2",
  "epoch": 11,
  "fold": 1,
  "wall_clock_seconds": 392.12,
  "lr": {
    "fusion": 3.4291512408571434e-06,
    "class_head": 1.7629093785662814e-06,
    "box_head": 1.7629093785662814e-06
  },
  "train": {
    "loss": 4.152575392246247,
    "patch_ce": 2.4537181396484375,
    "l1": 0.03143888707458973,
    "giou": 0.7708314037322999,
    "grad_norm": 11.100307647705078,
    "n_steps": 250,
    "alpha": 0.04870177060365677
  },
  "val": {
    "overall": {
      "n": 100,
      "n_pos": 100,
      "iou_mean": 0.45474505811929705,
      "iou_median": 0.5498540103435516,
      "iou_p25": 0.0,
      "iou_p75": 0.8570073544979095,
      "iou_std": 0.39313426035045435,
      "frac_iou_25": 0.61,
      "frac_iou_50": 0.54,
      "frac_iou_75": 0.37,
      "frac_iou_90": 0.16,
      "containment_mean": 0.5144993791729212,
      "containment_median": 0.6823673844337463,
      "containment_p25": 0.0,
      "containment_p75": 0.9330568760633469,
      "containment_std": 0.4351613921490841,
      "frac_containment_50": 0.56,
      "frac_containment_75": 0.47,
      "frac_containment_90": 0.38,
      "frac_containment_full": 0.07,
      "contain_at_iou_50": 0.54,
      "contain_at_iou_75": 0.37,
      "high_contain_high_iou": 0.37,
      "ap_per_iou": {
        "0.50": 0.35152981853657045,
        "0.55": 0.3154082103793156,
        "0.60": 0.29021892244459474,
        "0.65": 0.26826976480506504,
        "0.70": 0.24187188250545344,
        "0.75": 0.20567592914263608,
        "0.80": 0.15717534929077395,
        "0.85": 0.11719559093885439,
        "0.90": 0.06180226718324009,
        "0.95": 0.005685568556855685
      },
      "map_50": 0.35152981853657045,
      "map_75": 0.20567592914263608,
      "map_5095": 0.20148333037833596,
      "map_50_containment": 0.36821882138381073,
      "map_90_containment": 0.2035380803202813,
      "mean_pred_box_area": 0.007942984955137957,
      "std_pred_box_area": 0.025708213816269115,
      "frac_pred_box_too_big": 0.0,
      "frac_pred_box_too_small": 0.8,
      "mean_gt_box_area": 0.008313727856974581,
      "pred_to_gt_area_ratio_mean": 1.1131121080316062,
      "pred_to_gt_area_ratio_median": 0.9590798110378926,
      "log_area_ratio_mean": -0.05699844748254799,
      "log_area_ratio_std": 0.5623826118700125,
      "center_distance_mean": 0.10319398942988928,
      "center_distance_median": 0.010856996441410027,
      "score_mean": 0.796412515565753,
      "score_std": 0.18960049875933488,
      "score_p25": 0.6553452610969543,
      "score_p75": 0.9474065750837326,
      "score_iou_correlation": 0.13011094609320006
    },
    "per_source": {
      "hots": {
        "n": 36,
        "n_pos": 36,
        "iou_mean": 0.46954131374756497,
        "iou_median": 0.5694584250450134,
        "iou_p25": 0.0,
        "iou_p75": 0.7854495048522949,
        "iou_std": 0.3735327767377597,
        "frac_iou_25": 0.6666666666666666,
        "frac_iou_50": 0.5555555555555556,
        "frac_iou_75": 0.3333333333333333,
        "frac_iou_90": 0.16666666666666666,
        "containment_mean": 0.5157984925640954,
        "containment_median": 0.6455699801445007,
        "containment_p25": 0.0,
        "containment_p75": 0.932607427239418,
        "containment_std": 0.41113399775800114,
        "frac_containment_50": 0.5555555555555556,
        "frac_containment_75": 0.3888888888888889,
        "frac_containment_90": 0.3333333333333333,
        "frac_containment_full": 0.08333333333333333,
        "contain_at_iou_50": 0.5555555555555556,
        "contain_at_iou_75": 0.3333333333333333,
        "high_contain_high_iou": 0.3333333333333333,
        "ap_per_iou": {
          "0.50": 0.36142773941259687,
          "0.55": 0.33869706298360963,
          "0.60": 0.2926449787835926,
          "0.65": 0.24493549354935493,
          "0.70": 0.22888517423170876,
          "0.75": 0.19931850327889922,
          "0.80": 0.13641449859271643,
          "0.85": 0.11828668581143822,
          "0.90": 0.07753632506107755,
          "0.95": 0.0009000900090009002
        },
        "map_50": 0.36142773941259687,
        "map_75": 0.19931850327889922,
        "map_5095": 0.1999046551713995,
        "map_50_containment": 0.36142773941259687,
        "map_90_containment": 0.19931850327889922,
        "mean_pred_box_area": 0.01945227941242596,
        "std_pred_box_area": 0.040676857837413254,
        "frac_pred_box_too_big": 0.0,
        "frac_pred_box_too_small": 0.4722222222222222,
        "mean_gt_box_area": 0.020296359728058124,
        "pred_to_gt_area_ratio_mean": 0.8922922505078943,
        "pred_to_gt_area_ratio_median": 0.8768456268688998,
        "log_area_ratio_mean": -0.24414615153178204,
        "log_area_ratio_std": 0.5266086014984522,
        "center_distance_mean": 0.13386798347756282,
        "center_distance_median": 0.022898170901338298,
        "score_mean": 0.8273786689258285,
        "score_std": 0.19008301636012268,
        "score_p25": 0.7315877825021744,
        "score_p75": 0.9581796377897263,
        "score_iou_correlation": 0.07353555398622505
      },
      "insdet": {
        "n": 64,
        "n_pos": 64,
        "iou_mean": 0.4464221643283963,
        "iou_median": 0.536193460226059,
        "iou_p25": 0.0,
        "iou_p75": 0.8612087965011597,
        "iou_std": 0.4064001784473646,
        "frac_iou_25": 0.578125,
        "frac_iou_50": 0.53125,
        "frac_iou_75": 0.390625,
        "frac_iou_90": 0.15625,
        "containment_mean": 0.5137686278903857,
        "containment_median": 0.8110095262527466,
        "containment_p25": 0.0,
        "containment_p75": 0.9330568760633469,
        "containment_std": 0.45129430455998076,
        "frac_containment_50": 0.5625,
        "frac_containment_75": 0.515625,
        "frac_containment_90": 0.40625,
        "frac_containment_full": 0.0625,
        "contain_at_iou_50": 0.53125,
        "contain_at_iou_75": 0.390625,
        "high_contain_high_iou": 0.390625,
        "ap_per_iou": {
          "0.50": 0.3499249530381276,
          "0.55": 0.3054584961733214,
          "0.60": 0.2927020497021603,
          "0.65": 0.28800107557248933,
          "0.70": 0.2576069439929126,
          "0.75": 0.21514477101128893,
          "0.80": 0.1777752811598173,
          "0.85": 0.11438253449931739,
          "0.90": 0.04372981884749455,
          "0.95": 0.013988284074309071
        },
        "map_50": 0.3499249530381276,
        "map_75": 0.21514477101128893,
        "map_5095": 0.20587142080712387,
        "map_50_containment": 0.3768878144536456,
        "map_90_containment": 0.20777156434044033,
        "mean_pred_box_area": 0.0014690068229134534,
        "std_pred_box_area": 0.0010388082145513162,
        "frac_pred_box_too_big": 0.0,
        "frac_pred_box_too_small": 0.984375,
        "mean_gt_box_area": 0.0015734974294900894,
        "pred_to_gt_area_ratio_mean": 1.237323277888694,
        "pred_to_gt_area_ratio_median": 0.9934556732811196,
        "log_area_ratio_mean": 0.048272136045146144,
        "log_area_ratio_std": 0.5582704234508779,
        "center_distance_mean": 0.0859398677780729,
        "center_distance_median": 0.004646682336098442,
        "score_mean": 0.7789940543007106,
        "score_std": 0.18857628369991195,
        "score_p25": 0.6242817789316177,
        "score_p75": 0.9460780322551727,
        "score_iou_correlation": 0.1556730547265826
      }
    },
    "per_k": {
      "k1": {
        "n": 34,
        "n_pos": 34,
        "iou_mean": 0.4910225824398153,
        "iou_median": 0.5847460925579071,
        "iou_p25": 0.0,
        "iou_p75": 0.8720850795507431,
        "iou_std": 0.39143744345644266,
        "frac_iou_25": 0.6470588235294118,
        "frac_iou_50": 0.6176470588235294,
        "frac_iou_75": 0.4117647058823529,
        "frac_iou_90": 0.17647058823529413,
        "containment_mean": 0.5379154007224476,
        "containment_median": 0.6690204739570618,
        "containment_p25": 0.0,
        "containment_p75": 0.9117902219295502,