{
  "stage": 1,
  "epoch": 3,
  "fold": null,
  "wall_clock_seconds": 326.16,
  "lr": {
    "group_0": 0.00011623782391719523
  },
  "train": {
    "loss": 6.182118533759989,
    "qfl": 0.30492063812030257,
    "neg_qfl": 0.00015754589901095437,
    "centerness": 1.0920241539196303,
    "dfl": 0.737901561042314,
    "giou": 1.529678580581501,
    "pred_iou": 0.2703060990059248,
    "presence": 0.034489048434601675,
    "attn": 0.2908736166133675,
    "aux": 2.2100093287806355,
    "entropy_reg": 1.4910985372399772,
    "reg_l2_prior": 946.8203065933719,
    "proto_norm": 39.29220835367838,
    "contrastive_presence": 0.37443991133602716,
    "feature_spread": 0.0,
    "nt_xent": 1.215735085548893,
    "vicreg": 0.566759204992684,
    "barlow": 0.07742436895126938,
    "triplet": 0.0,
    "grad_norm": 15.158602047992009,
    "n_steps": 93
  },
  "val": {
    "overall": {
      "n": 400,
      "n_pos": 214,
      "n_neg": 186,
      "iou_mean": 0.0549,
      "iou_median": 0.0,
      "iou_p25": 0.0,
      "iou_p75": 0.0,
      "contain_mean": 0.096,
      "contain_at_iou_50": 0.0234,
      "contain_at_iou_75": 0.0047,
      "map_50": 0.0067,
      "map_5095": 0.0016,
      "ap_per_iou": {
        "0.50": 0.0067,
        "0.55": 0.0043,
        "0.60": 0.0024,
        "0.65": 0.0015,
        "0.70": 0.0004,
        "0.75": 0.0002,
        "0.80": 0.0002,
        "0.85": 0.0002,
        "0.90": 0.0,
        "0.95": 0.0
      },
      "f1_50": 0.0357,
      "precision_50": 0.0758,
      "recall_50": 0.0234,
      "presence_acc": 0.6925,
      "presence_acc_pos": 0.7103,
      "presence_acc_neg": 0.672,
      "mean_score_pos": 0.5903,
      "mean_score_neg": 0.4177,
      "presence_auroc": 0.733,
      "presence_pr_auc": 0.7445,
      "presence_brier": 0.2085,
      "frac_pred_near_corner": 0.0025,
      "frac_pred_tiny_box": 0.31,
      "conf_map_mean_pos": 0.0189,
      "conf_map_mean_neg": 0.0222,
      "conf_map_std_pos": 0.0281,
      "conf_map_std_neg": 0.0313,
      "support_proto_norm_mean": 7.2288,
      "support_proto_norm_std": 0.4957,
      "argmax_cell_entropy": 4.267
    },
    "per_source": {
      "hots": {
        "n": 75,
        "n_pos": 40,
        "n_neg": 35,
        "iou_mean": 0.0293,
        "iou_median": 0.0,
        "iou_p25": 0.0,
        "iou_p75": 0.0,
        "contain_mean": 0.0743,
        "contain_at_iou_50": 0.025,
        "contain_at_iou_75": 0.0,
        "map_50": 0.0254,
        "map_5095": 0.0083,
        "ap_per_iou": {
          "0.50": 0.0254,
          "0.55": 0.0213,
          "0.60": 0.0149,
          "0.65": 0.0112,
          "0.70": 0.0033,
          "0.75": 0.0024,
          "0.80": 0.0023,
          "0.85": 0.0023,
          "0.90": 0.0,
          "0.95": 0.0
        },
        "f1_50": 0.0385,
        "precision_50": 0.0833,
        "recall_50": 0.025,
        "presence_acc": 0.8133,
        "presence_acc_pos": 0.925,
        "presence_acc_neg": 0.6857,
        "mean_score_pos": 0.7178,
        "mean_score_neg": 0.3947,
        "presence_auroc": 0.8564,
        "presence_pr_auc": 0.8423,
        "presence_brier": 0.1494,
        "frac_pred_near_corner": 0.0133,
        "frac_pred_tiny_box": 0.6533,
        "conf_map_mean_pos": 0.0181,
        "conf_map_mean_neg": 0.0211,
        "conf_map_std_pos": 0.0287,
        "conf_map_std_neg": 0.0301,
        "support_proto_norm_mean": 7.1369,
        "support_proto_norm_std": 0.5064
      },
      "insdet": {
        "n": 160,
        "n_pos": 89,
        "n_neg": 71,
        "iou_mean": 0.0165,
        "iou_median": 0.0,
        "iou_p25": 0.0,
        "iou_p75": 0.0,
        "contain_mean": 0.0218,
        "contain_at_iou_50": 0.0112,
        "contain_at_iou_75": 0.0,
        "map_50": 0.0014,
        "map_5095": 0.0005,
        "ap_per_iou": {
          "0.50": 0.0014,
          "0.55": 0.0014,
          "0.60": 0.0008,
          "0.65": 0.0005,
          "0.70": 0.0005,
          "0.75": 0.0,
          "0.80": 0.0,
          "0.85": 0.0,
          "0.90": 0.0,
          "0.95": 0.0
        },
        "f1_50": 0.0179,
        "precision_50": 0.0435,
        "recall_50": 0.0112,
        "presence_acc": 0.7688,
        "presence_acc_pos": 0.8315,
        "presence_acc_neg": 0.6901,
        "mean_score_pos": 0.6338,
        "mean_score_neg": 0.4021,
        "presence_auroc": 0.8112,
        "presence_pr_auc": 0.8195,
        "presence_brier": 0.176,
        "frac_pred_near_corner": 0.0,
        "frac_pred_tiny_box": 0.375,
        "conf_map_mean_pos": 0.0135,
        "conf_map_mean_neg": 0.019,
        "conf_map_std_pos": 0.0189,
        "conf_map_std_neg": 0.0254,
        "support_proto_norm_mean": 7.0535,
        "support_proto_norm_std": 0.3896
      },
      "vizwiz_base": {
        "n": 140,
        "n_pos": 74,
        "n_neg": 66,
        "iou_mean": 0.1195,
        "iou_median": 0.0,
        "iou_p25": 0.0,
        "iou_p75": 0.2039,
        "contain_mean": 0.2059,
        "contain_at_iou_50": 0.0405,
        "contain_at_iou_75": 0.0135,
        "map_50": 0.0138,
        "map_5095": 0.0027,
        "ap_per_iou": {
          "0.50": 0.0138,
          "0.55": 0.0059,
          "0.60": 0.0038,
          "0.65": 0.0025,
          "0.70": 0.0006,
          "0.75": 0.0001,
          "0.80": 0.0001,
          "0.85": 0.0,
          "0.90": 0.0,
          "0.95": 0.0
        },
        "f1_50": 0.0625,
        "precision_50": 0.1364,
        "recall_50": 0.0405,
        "presence_acc": 0.55,
        "presence_acc_pos": 0.4054,
        "presence_acc_neg": 0.7121,
        "mean_score_pos": 0.4593,
        "mean_score_neg": 0.4153,
        "presence_auroc": 0.5481,
        "presence_pr_auc": 0.618,
        "presence_brier": 0.2708,
        "frac_pred_near_corner": 0.0,
        "frac_pred_tiny_box": 0.0786,
        "conf_map_mean_pos": 0.0249,
        "conf_map_mean_neg": 0.0247,
        "conf_map_std_pos": 0.0367,
        "conf_map_std_neg": 0.0349,
        "support_proto_norm_mean": 7.4947,
        "support_proto_norm_std": 0.4959
      },
      "vizwiz_novel": {
        "n": 25,
        "n_pos": 11,
        "n_neg": 14,
        "iou_mean": 0.0253,
        "iou_median": 0.0,
        "iou_p25": 0.0,
        "iou_p75": 0.0695,
        "contain_mean": 0.0361,
        "contain_at_iou_50": 0.0,
        "contain_at_iou_75": 0.0,
        "map_50": 0.0,
        "map_5095": 0.0,
        "ap_per_iou": {
          "0.50": 0.0,
          "0.55": 0.0,
          "0.60": 0.0,
          "0.65": 0.0,
          "0.70": 0.0,
          "0.75": 0.0,
          "0.80": 0.0,
          "0.85": 0.0,
          "0.90": 0.0,
          "0.95": 0.0
        },
        "f1_50": 0.0,
        "precision_50": 0.0,
        "recall_50": 0.0,
        "presence_acc": 0.64,
        "presence_acc_pos": 1.0,
        "presence_acc_neg": 0.3571,
        "mean_score_pos": 0.6568,
        "mean_score_neg": 0.5659,
        "presence_auroc": 0.7143,
        "presence_pr_auc": 0.5509,
        "presence_brier": 0.2447,
        "frac_pred_near_corner": 0.0,
        "frac_pred_tiny_box": 0.16,
        "conf_map_mean_pos": 0.0259,
        "conf_map_mean_neg": 0.029,
        "conf_map_std_pos": 0.0427,
        "conf_map_std_neg": 0.0479,
        "support_proto_norm_mean": 7.1377,
        "support_proto_norm_std": 0.4322
      }
    },
    "score_thr": 0.5,
    "iou_thr": 0.5,
    "img_size": 224,
    "tta_sizes": [
      224,
      288
    ]
  }
}