{
  "stage": 1,
  "epoch": 2,
  "fold": null,
  "wall_clock_seconds": 306.77,
  "lr": {
    "group_0": 0.0002101300814187626
  },
  "train": {
    "loss": 6.248621556066698,
    "qfl": 0.42324918796939237,
    "neg_qfl": 0.0001983534647899765,
    "centerness": 1.1209265128258736,
    "dfl": 0.9685218757198703,
    "giou": 2.0817452592234456,
    "presence": 0.08384461668870782,
    "attn": 0.1396192664741188,
    "aux": 2.2766029245109967,
    "entropy_reg": 0.6800203887365197,
    "reg_l2_prior": 184.65416660103747,
    "proto_norm": 3.3182751132595922,
    "nt_xent": 1.4002949909497333,
    "vicreg": 0.5329573199313175,
    "barlow": 0.11492801705996196,
    "triplet": 0.0,
    "grad_norm": 9.959668851667836,
    "n_steps": 93
  },
  "val": {
    "overall": {
      "n": 400,
      "n_pos": 189,
      "n_neg": 211,
      "iou_mean": 0.0814,
      "iou_median": 0.0,
      "iou_p25": 0.0,
      "iou_p75": 0.0059,
      "contain_mean": 0.162,
      "contain_at_iou_50": 0.0529,
      "contain_at_iou_75": 0.0053,
      "map_50": 0.0164,
      "map_5095": 0.0045,
      "ap_per_iou": {
        "0.50": 0.0164,
        "0.55": 0.0112,
        "0.60": 0.009,
        "0.65": 0.007,
        "0.70": 0.0006,
        "0.75": 0.0002,
        "0.80": 0.0001,
        "0.85": 0.0001,
        "0.90": 0.0001,
        "0.95": 0.0
      },
      "f1_50": 0.0656,
      "precision_50": 0.0862,
      "recall_50": 0.0529,
      "presence_acc": 0.6875,
      "presence_acc_pos": 0.8995,
      "presence_acc_neg": 0.4976,
      "mean_score_pos": 0.6061,
      "mean_score_neg": 0.4849,
      "presence_auroc": 0.7802,
      "presence_pr_auc": 0.6975,
      "presence_brier": 0.2093,
      "frac_pred_near_corner": 0.0025,
      "frac_pred_tiny_box": 0.3925,
      "conf_map_mean_pos": 0.0255,
      "conf_map_mean_neg": 0.0281,
      "conf_map_std_pos": 0.0274,
      "conf_map_std_neg": 0.0279,
      "support_proto_norm_mean": 2.5121,
      "support_proto_norm_std": 0.8303,
      "argmax_cell_entropy": 4.34
    },
    "per_source": {
      "hots": {
        "n": 73,
        "n_pos": 41,
        "n_neg": 32,
        "iou_mean": 0.0454,
        "iou_median": 0.0,
        "iou_p25": 0.0,
        "iou_p75": 0.0,
        "contain_mean": 0.0559,
        "contain_at_iou_50": 0.0488,
        "contain_at_iou_75": 0.0,
        "map_50": 0.0305,
        "map_5095": 0.01,
        "ap_per_iou": {
          "0.50": 0.0305,
          "0.55": 0.0247,
          "0.60": 0.0226,
          "0.65": 0.0215,
          "0.70": 0.0003,
          "0.75": 0.0,
          "0.80": 0.0,
          "0.85": 0.0,
          "0.90": 0.0,
          "0.95": 0.0
        },
        "f1_50": 0.0741,
        "precision_50": 0.1538,
        "recall_50": 0.0488,
        "presence_acc": 0.7945,
        "presence_acc_pos": 0.9024,
        "presence_acc_neg": 0.6562,
        "mean_score_pos": 0.6356,
        "mean_score_neg": 0.4238,
        "presence_auroc": 0.8529,
        "presence_pr_auc": 0.8234,
        "presence_brier": 0.1678,
        "frac_pred_near_corner": 0.0,
        "frac_pred_tiny_box": 0.726,
        "conf_map_mean_pos": 0.0226,
        "conf_map_mean_neg": 0.0238,
        "conf_map_std_pos": 0.025,
        "conf_map_std_neg": 0.0238,
        "support_proto_norm_mean": 1.7633,
        "support_proto_norm_std": 0.432
      },
      "insdet": {
        "n": 176,
        "n_pos": 86,
        "n_neg": 90,
        "iou_mean": 0.0118,
        "iou_median": 0.0,
        "iou_p25": 0.0,
        "iou_p75": 0.0,
        "contain_mean": 0.0234,
        "contain_at_iou_50": 0.0116,
        "contain_at_iou_75": 0.0,
        "map_50": 0.0041,
        "map_5095": 0.0007,
        "ap_per_iou": {
          "0.50": 0.0041,
          "0.55": 0.0018,
          "0.60": 0.0013,
          "0.65": 0.0,
          "0.70": 0.0,
          "0.75": 0.0,
          "0.80": 0.0,
          "0.85": 0.0,
          "0.90": 0.0,
          "0.95": 0.0
        },
        "f1_50": 0.0168,
        "precision_50": 0.0303,
        "recall_50": 0.0116,
        "presence_acc": 0.7955,
        "presence_acc_pos": 0.9535,
        "presence_acc_neg": 0.6444,
        "mean_score_pos": 0.6037,
        "mean_score_neg": 0.4462,
        "presence_auroc": 0.8751,
        "presence_pr_auc": 0.8188,
        "presence_brier": 0.1874,
        "frac_pred_near_corner": 0.0057,
        "frac_pred_tiny_box": 0.4716,
        "conf_map_mean_pos": 0.0183,
        "conf_map_mean_neg": 0.0233,
        "conf_map_std_pos": 0.0214,
        "conf_map_std_neg": 0.0236,
        "support_proto_norm_mean": 2.3999,
        "support_proto_norm_std": 0.7973
      },
      "vizwiz_base": {
        "n": 151,
        "n_pos": 62,
        "n_neg": 89,
        "iou_mean": 0.2017,
        "iou_median": 0.1476,
        "iou_p25": 0.0,
        "iou_p75": 0.3643,
        "contain_mean": 0.4245,
        "contain_at_iou_50": 0.1129,
        "contain_at_iou_75": 0.0161,
        "map_50": 0.0352,
        "map_5095": 0.0104,
        "ap_per_iou": {
          "0.50": 0.0352,
          "0.55": 0.0261,
          "0.60": 0.0215,
          "0.65": 0.0167,
          "0.70": 0.0023,
          "0.75": 0.0011,
          "0.80": 0.0004,
          "0.85": 0.0002,
          "0.90": 0.0002,
          "0.95": 0.0
        },
        "f1_50": 0.1061,
        "precision_50": 0.1,
        "recall_50": 0.1129,
        "presence_acc": 0.5099,
        "presence_acc_pos": 0.8226,
        "presence_acc_neg": 0.2921,
        "mean_score_pos": 0.5897,
        "mean_score_neg": 0.5461,
        "presence_auroc": 0.6261,
        "presence_pr_auc": 0.555,
        "presence_brier": 0.2548,
        "frac_pred_near_corner": 0.0,
        "frac_pred_tiny_box": 0.1391,
        "conf_map_mean_pos": 0.0374,
        "conf_map_mean_neg": 0.0344,
        "conf_map_std_pos": 0.0372,
        "conf_map_std_neg": 0.0337,
        "support_proto_norm_mean": 3.005,
        "support_proto_norm_std": 0.6829
      }
    },
    "score_thr": 0.5,
    "iou_thr": 0.5,
    "img_size": 224,
    "tta_sizes": [
      224,
      288
    ]
  }
}