{
  "stage": 1,
  "epoch": 5,
  "fold": null,
  "wall_clock_seconds": 310.62,
  "lr": {
    "group_0": 1.3408770285160738e-07
  },
  "train": {
    "loss": 5.546241247525779,
    "qfl": 0.2118538622093457,
    "neg_qfl": 0.0001508719269818406,
    "centerness": 1.0793739845675807,
    "dfl": 0.6626462468536951,
    "giou": 1.0576552671770896,
    "pred_iou": 0.14326800726434236,
    "presence": 0.013579209192445683,
    "attn": 0.18747558428715633,
    "aux": 1.727660168883621,
    "entropy_reg": 1.8994191487630208,
    "reg_l2_prior": 997.2195743027554,
    "proto_norm": 38.62104432300855,
    "contrastive_presence": 0.22880903951903825,
    "feature_spread": 0.0,
    "nt_xent": 1.2036670049031575,
    "vicreg": 0.5651323737636689,
    "barlow": 0.07349411173853823,
    "triplet": 0.0,
    "grad_norm": 16.898792605246268,
    "n_steps": 93
  },
  "val": {
    "overall": {
      "n": 400,
      "n_pos": 214,
      "n_neg": 186,
      "iou_mean": 0.0579,
      "iou_median": 0.0,
      "iou_p25": 0.0,
      "iou_p75": 0.0,
      "contain_mean": 0.0998,
      "contain_at_iou_50": 0.028,
      "contain_at_iou_75": 0.0047,
      "map_50": 0.009,
      "map_5095": 0.0016,
      "ap_per_iou": {
        "0.50": 0.009,
        "0.55": 0.0037,
        "0.60": 0.0018,
        "0.65": 0.0008,
        "0.70": 0.0004,
        "0.75": 0.0002,
        "0.80": 0.0002,
        "0.85": 0.0,
        "0.90": 0.0,
        "0.95": 0.0
      },
      "f1_50": 0.0418,
      "precision_50": 0.0822,
      "recall_50": 0.028,
      "presence_acc": 0.685,
      "presence_acc_pos": 0.7243,
      "presence_acc_neg": 0.6398,
      "mean_score_pos": 0.6174,
      "mean_score_neg": 0.4313,
      "presence_auroc": 0.7199,
      "presence_pr_auc": 0.7347,
      "presence_brier": 0.2154,
      "frac_pred_near_corner": 0.0025,
      "frac_pred_tiny_box": 0.4225,
      "conf_map_mean_pos": 0.0198,
      "conf_map_mean_neg": 0.0221,
      "conf_map_std_pos": 0.0324,
      "conf_map_std_neg": 0.0332,
      "support_proto_norm_mean": 7.1842,
      "support_proto_norm_std": 0.5684,
      "argmax_cell_entropy": 4.3346
    },
    "per_source": {
      "hots": {
        "n": 75,
        "n_pos": 40,
        "n_neg": 35,
        "iou_mean": 0.0232,
        "iou_median": 0.0,
        "iou_p25": 0.0,
        "iou_p75": 0.0,
        "contain_mean": 0.0525,
        "contain_at_iou_50": 0.025,
        "contain_at_iou_75": 0.025,
        "map_50": 0.0288,
        "map_5095": 0.0074,
        "ap_per_iou": {
          "0.50": 0.0288,
          "0.55": 0.0195,
          "0.60": 0.0142,
          "0.65": 0.0064,
          "0.70": 0.0028,
          "0.75": 0.0012,
          "0.80": 0.0012,
          "0.85": 0.0,
          "0.90": 0.0,
          "0.95": 0.0
        },
        "f1_50": 0.0392,
        "precision_50": 0.0909,
        "recall_50": 0.025,
        "presence_acc": 0.8267,
        "presence_acc_pos": 0.925,
        "presence_acc_neg": 0.7143,
        "mean_score_pos": 0.734,
        "mean_score_neg": 0.3849,
        "presence_auroc": 0.8436,
        "presence_pr_auc": 0.8293,
        "presence_brier": 0.1533,
        "frac_pred_near_corner": 0.0133,
        "frac_pred_tiny_box": 0.7333,
        "conf_map_mean_pos": 0.019,
        "conf_map_mean_neg": 0.0217,
        "conf_map_std_pos": 0.0334,
        "conf_map_std_neg": 0.034,
        "support_proto_norm_mean": 7.1604,
        "support_proto_norm_std": 0.6238
      },
      "insdet": {
        "n": 160,
        "n_pos": 89,
        "n_neg": 71,
        "iou_mean": 0.0185,
        "iou_median": 0.0,
        "iou_p25": 0.0,
        "iou_p75": 0.0,
        "contain_mean": 0.0274,
        "contain_at_iou_50": 0.0112,
        "contain_at_iou_75": 0.0,
        "map_50": 0.0009,
        "map_5095": 0.0002,
        "ap_per_iou": {
          "0.50": 0.0009,
          "0.55": 0.0009,
          "0.60": 0.0002,
          "0.65": 0.0002,
          "0.70": 0.0002,
          "0.75": 0.0,
          "0.80": 0.0,
          "0.85": 0.0,
          "0.90": 0.0,
          "0.95": 0.0
        },
        "f1_50": 0.0172,
        "precision_50": 0.037,
        "recall_50": 0.0112,
        "presence_acc": 0.7562,
        "presence_acc_pos": 0.8539,
        "presence_acc_neg": 0.6338,
        "mean_score_pos": 0.6858,
        "mean_score_neg": 0.4482,
        "presence_auroc": 0.7777,
        "presence_pr_auc": 0.7824,
        "presence_brier": 0.1854,
        "frac_pred_near_corner": 0.0,
        "frac_pred_tiny_box": 0.55,
        "conf_map_mean_pos": 0.0149,
        "conf_map_mean_neg": 0.0189,
        "conf_map_std_pos": 0.0245,
        "conf_map_std_neg": 0.0268,
        "support_proto_norm_mean": 6.9111,
        "support_proto_norm_std": 0.4335
      },
      "vizwiz_base": {
        "n": 140,
        "n_pos": 74,
        "n_neg": 66,
        "iou_mean": 0.1251,
        "iou_median": 0.0,
        "iou_p25": 0.0,
        "iou_p75": 0.2437,
        "contain_mean": 0.214,
        "contain_at_iou_50": 0.0541,
        "contain_at_iou_75": 0.0,
        "map_50": 0.0174,
        "map_5095": 0.0022,
        "ap_per_iou": {
          "0.50": 0.0174,
          "0.55": 0.0026,
          "0.60": 0.0013,
          "0.65": 0.0002,
          "0.70": 0.0001,
          "0.75": 0.0001,
          "0.80": 0.0001,
          "0.85": 0.0001,
          "0.90": 0.0001,
          "0.95": 0.0001
        },
        "f1_50": 0.0777,
        "precision_50": 0.1379,
        "recall_50": 0.0541,
        "presence_acc": 0.5143,
        "presence_acc_pos": 0.4189,
        "presence_acc_neg": 0.6212,
        "mean_score_pos": 0.4732,
        "mean_score_neg": 0.4213,
        "presence_auroc": 0.5557,
        "presence_pr_auc": 0.6115,
        "presence_brier": 0.2802,
        "frac_pred_near_corner": 0.0,
        "frac_pred_tiny_box": 0.1214,
        "conf_map_mean_pos": 0.0253,
        "conf_map_mean_neg": 0.0244,
        "conf_map_std_pos": 0.0397,
        "conf_map_std_neg": 0.0362,
        "support_proto_norm_mean": 7.5026,
        "support_proto_norm_std": 0.519
      },
      "vizwiz_novel": {
        "n": 25,
        "n_pos": 11,
        "n_neg": 14,
        "iou_mean": 0.0498,
        "iou_median": 0.0,
        "iou_p25": 0.0,
        "iou_p75": 0.137,
        "contain_mean": 0.0899,
        "contain_at_iou_50": 0.0,
        "contain_at_iou_75": 0.0,
        "map_50": 0.0,
        "map_5095": 0.0,
        "ap_per_iou": {
          "0.50": 0.0,
          "0.55": 0.0,
          "0.60": 0.0,
          "0.65": 0.0,
          "0.70": 0.0,
          "0.75": 0.0,
          "0.80": 0.0,
          "0.85": 0.0,
          "0.90": 0.0,
          "0.95": 0.0
        },
        "f1_50": 0.0,
        "precision_50": 0.0,
        "recall_50": 0.0,
        "presence_acc": 0.76,
        "presence_acc_pos": 1.0,
        "presence_acc_neg": 0.5714,
        "mean_score_pos": 0.61,
        "mean_score_neg": 0.5085,
        "presence_auroc": 0.7143,
        "presence_pr_auc": 0.5569,
        "presence_brier": 0.2304,
        "frac_pred_near_corner": 0.0,
        "frac_pred_tiny_box": 0.36,
        "conf_map_mean_pos": 0.0254,
        "conf_map_mean_neg": 0.029,
        "conf_map_std_pos": 0.0426,
        "conf_map_std_neg": 0.0502,
        "support_proto_norm_mean": 7.2202,
        "support_proto_norm_std": 0.4928
      }
    },
    "score_thr": 0.5,
    "iou_thr": 0.5,
    "img_size": 224,
    "tta_sizes": [
      224,
      288
    ]
  }
}