{
  "stage": 1,
  "epoch": 1,
  "fold": null,
  "wall_clock_seconds": 301.39,
  "lr": {
    "group_0": 0.000281820149220996
  },
  "train": {
    "loss": 7.996892431730865,
    "qfl": 0.6166250289127391,
    "neg_qfl": 8.620468087666044e-05,
    "centerness": 1.2244290228812926,
    "dfl": 1.2256942724668851,
    "giou": 2.7081544629989134,
    "presence": 0.1075886627358775,
    "attn": 0.2404656112995199,
    "aux": 2.940798169823103,
    "entropy_reg": 0.3977058369626281,
    "reg_l2_prior": 314.0778569047169,
    "proto_norm": 8.56144493882374,
    "nt_xent": 1.6698844253375966,
    "vicreg": 0.5864377797290843,
    "barlow": 0.1512413760346751,
    "triplet": 0.0,
    "grad_norm": 8.883853927735359,
    "n_steps": 93
  },
  "val": {
    "overall": {
      "n": 400,
      "n_pos": 189,
      "n_neg": 211,
      "iou_mean": 0.0631,
      "iou_median": 0.0,
      "iou_p25": 0.0,
      "iou_p75": 0.0,
      "contain_mean": 0.1128,
      "contain_at_iou_50": 0.0212,
      "contain_at_iou_75": 0.0,
      "map_50": 0.0125,
      "map_5095": 0.0025,
      "ap_per_iou": {
        "0.50": 0.0125,
        "0.55": 0.0053,
        "0.60": 0.0025,
        "0.65": 0.0017,
        "0.70": 0.0014,
        "0.75": 0.0014,
        "0.80": 0.0,
        "0.85": 0.0,
        "0.90": 0.0,
        "0.95": 0.0
      },
      "f1_50": 0.0251,
      "precision_50": 0.0308,
      "recall_50": 0.0212,
      "presence_acc": 0.65,
      "presence_acc_pos": 0.9259,
      "presence_acc_neg": 0.4028,
      "mean_score_pos": 0.5879,
      "mean_score_neg": 0.5093,
      "presence_auroc": 0.7753,
      "presence_pr_auc": 0.732,
      "presence_brier": 0.2228,
      "frac_pred_near_corner": 0.0025,
      "frac_pred_tiny_box": 0.205,
      "conf_map_mean_pos": 0.0286,
      "conf_map_mean_neg": 0.0356,
      "conf_map_std_pos": 0.0289,
      "conf_map_std_neg": 0.0332,
      "support_proto_norm_mean": 2.8599,
      "support_proto_norm_std": 0.7724,
      "argmax_cell_entropy": 4.1992
    },
    "per_source": {
      "hots": {
        "n": 73,
        "n_pos": 41,
        "n_neg": 32,
        "iou_mean": 0.0174,
        "iou_median": 0.0,
        "iou_p25": 0.0,
        "iou_p75": 0.0,
        "contain_mean": 0.0174,
        "contain_at_iou_50": 0.0,
        "contain_at_iou_75": 0.0,
        "map_50": 0.0018,
        "map_5095": 0.0003,
        "ap_per_iou": {
          "0.50": 0.0018,
          "0.55": 0.0009,
          "0.60": 0.0005,
          "0.65": 0.0002,
          "0.70": 0.0,
          "0.75": 0.0,
          "0.80": 0.0,
          "0.85": 0.0,
          "0.90": 0.0,
          "0.95": 0.0
        },
        "f1_50": 0.0,
        "precision_50": 0.0,
        "recall_50": 0.0,
        "presence_acc": 0.7808,
        "presence_acc_pos": 0.9756,
        "presence_acc_neg": 0.5312,
        "mean_score_pos": 0.6133,
        "mean_score_neg": 0.4623,
        "presence_auroc": 0.83,
        "presence_pr_auc": 0.8033,
        "presence_brier": 0.1858,
        "frac_pred_near_corner": 0.0,
        "frac_pred_tiny_box": 0.4932,
        "conf_map_mean_pos": 0.0191,
        "conf_map_mean_neg": 0.0222,
        "conf_map_std_pos": 0.0182,
        "conf_map_std_neg": 0.0199,
        "support_proto_norm_mean": 1.8916,
        "support_proto_norm_std": 0.3695
      },
      "insdet": {
        "n": 176,
        "n_pos": 86,
        "n_neg": 90,
        "iou_mean": 0.0011,
        "iou_median": 0.0,
        "iou_p25": 0.0,
        "iou_p75": 0.0,
        "contain_mean": 0.0013,
        "contain_at_iou_50": 0.0,
        "contain_at_iou_75": 0.0,
        "map_50": 0.0,
        "map_5095": 0.0,
        "ap_per_iou": {
          "0.50": 0.0,
          "0.55": 0.0,
          "0.60": 0.0,
          "0.65": 0.0,
          "0.70": 0.0,
          "0.75": 0.0,
          "0.80": 0.0,
          "0.85": 0.0,
          "0.90": 0.0,
          "0.95": 0.0
        },
        "f1_50": 0.0,
        "precision_50": 0.0,
        "recall_50": 0.0,
        "presence_acc": 0.75,
        "presence_acc_pos": 0.9884,
        "presence_acc_neg": 0.5222,
        "mean_score_pos": 0.6007,
        "mean_score_neg": 0.4952,
        "presence_auroc": 0.8668,
        "presence_pr_auc": 0.814,
        "presence_brier": 0.2077,
        "frac_pred_near_corner": 0.0057,
        "frac_pred_tiny_box": 0.1534,
        "conf_map_mean_pos": 0.0172,
        "conf_map_mean_neg": 0.0273,
        "conf_map_std_pos": 0.0208,
        "conf_map_std_neg": 0.0262,
        "support_proto_norm_mean": 2.8072,
        "support_proto_norm_std": 0.6742
      },
      "vizwiz_base": {
        "n": 151,
        "n_pos": 62,
        "n_neg": 89,
        "iou_mean": 0.1793,
        "iou_median": 0.0858,
        "iou_p25": 0.0,
        "iou_p75": 0.3436,
        "contain_mean": 0.3305,
        "contain_at_iou_50": 0.0645,
        "contain_at_iou_75": 0.0,
        "map_50": 0.0441,
        "map_5095": 0.0084,
        "ap_per_iou": {
          "0.50": 0.0441,
          "0.55": 0.0178,
          "0.60": 0.008,
          "0.65": 0.0055,
          "0.70": 0.0045,
          "0.75": 0.0042,
          "0.80": 0.0001,
          "0.85": 0.0,
          "0.90": 0.0,
          "0.95": 0.0
        },
        "f1_50": 0.0597,
        "precision_50": 0.0556,
        "recall_50": 0.0645,
        "presence_acc": 0.4702,
        "presence_acc_pos": 0.8065,
        "presence_acc_neg": 0.236,
        "mean_score_pos": 0.5533,
        "mean_score_neg": 0.5405,
        "presence_auroc": 0.5605,
        "presence_pr_auc": 0.5504,
        "presence_brier": 0.2582,
        "frac_pred_near_corner": 0.0,
        "frac_pred_tiny_box": 0.1258,
        "conf_map_mean_pos": 0.0508,
        "conf_map_mean_neg": 0.0488,
        "conf_map_std_pos": 0.0474,
        "conf_map_std_neg": 0.0449,
        "support_proto_norm_mean": 3.3894,
        "support_proto_norm_std": 0.4976
      }
    },
    "score_thr": 0.5,
    "iou_thr": 0.5,
    "img_size": 224,
    "tta_sizes": [
      224,
      288
    ]
  }
}