{
  "stage": 1,
  "epoch": 1,
  "fold": null,
  "wall_clock_seconds": 304.38,
  "lr": {
    "group_0": 0.000281820149220996
  },
  "train": {
    "loss": 10.338894987619051,
    "qfl": 0.6087316101597201,
    "neg_qfl": 9.54748609009895e-05,
    "centerness": 1.2237942295689737,
    "dfl": 1.2418021079032653,
    "giou": 2.6451662637854136,
    "presence": 0.1079951227512411,
    "attn": 0.24486144247554964,
    "aux": 2.884189223730436,
    "entropy_reg": 0.2752946525491694,
    "reg_l2_prior": 325.1956598425424,
    "proto_norm": 7.8368267628454396,
    "nt_xent": 1.6554029231430383,
    "vicreg": 0.5948919987165799,
    "barlow": 0.14941630784862786,
    "triplet": 0.0,
    "grad_norm": 11.084668615812896,
    "n_steps": 93
  },
  "val": {
    "overall": {
      "n": 400,
      "n_pos": 193,
      "n_neg": 207,
      "iou_mean": 0.063,
      "iou_median": 0.0,
      "iou_p25": 0.0,
      "iou_p75": 0.0102,
      "contain_mean": 0.1161,
      "contain_at_iou_50": 0.0363,
      "contain_at_iou_75": 0.0,
      "map_50": 0.0192,
      "map_5095": 0.0035,
      "ap_per_iou": {
        "0.50": 0.0192,
        "0.55": 0.0079,
        "0.60": 0.0046,
        "0.65": 0.0023,
        "0.70": 0.0007,
        "0.75": 0.0004,
        "0.80": 0.0001,
        "0.85": 0.0,
        "0.90": 0.0,
        "0.95": 0.0
      },
      "f1_50": 0.0426,
      "precision_50": 0.0515,
      "recall_50": 0.0363,
      "presence_acc": 0.6025,
      "presence_acc_pos": 0.8446,
      "presence_acc_neg": 0.3768,
      "mean_score_pos": 0.5617,
      "mean_score_neg": 0.5074,
      "presence_auroc": 0.6786,
      "presence_pr_auc": 0.6395,
      "presence_brier": 0.2315,
      "frac_pred_near_corner": 0.0225,
      "frac_pred_tiny_box": 0.15,
      "conf_map_mean_pos": 0.0309,
      "conf_map_mean_neg": 0.0361,
      "conf_map_std_pos": 0.0306,
      "conf_map_std_neg": 0.0334,
      "support_proto_norm_mean": 2.7872,
      "support_proto_norm_std": 0.6172,
      "argmax_cell_entropy": 4.2305
    },
    "per_source": {
      "hots": {
        "n": 67,
        "n_pos": 38,
        "n_neg": 29,
        "iou_mean": 0.0223,
        "iou_median": 0.0,
        "iou_p25": 0.0,
        "iou_p75": 0.0,
        "contain_mean": 0.0448,
        "contain_at_iou_50": 0.0263,
        "contain_at_iou_75": 0.0,
        "map_50": 0.0046,
        "map_5095": 0.001,
        "ap_per_iou": {
          "0.50": 0.0046,
          "0.55": 0.0046,
          "0.60": 0.0011,
          "0.65": 0.0,
          "0.70": 0.0,
          "0.75": 0.0,
          "0.80": 0.0,
          "0.85": 0.0,
          "0.90": 0.0,
          "0.95": 0.0
        },
        "f1_50": 0.037,
        "precision_50": 0.0625,
        "recall_50": 0.0263,
        "presence_acc": 0.7612,
        "presence_acc_pos": 0.9737,
        "presence_acc_neg": 0.4828,
        "mean_score_pos": 0.5492,
        "mean_score_neg": 0.4419,
        "presence_auroc": 0.7795,
        "presence_pr_auc": 0.7275,
        "presence_brier": 0.2068,
        "frac_pred_near_corner": 0.0,
        "frac_pred_tiny_box": 0.4179,
        "conf_map_mean_pos": 0.0222,
        "conf_map_mean_neg": 0.0261,
        "conf_map_std_pos": 0.0192,
        "conf_map_std_neg": 0.0212,
        "support_proto_norm_mean": 2.0441,
        "support_proto_norm_std": 0.1697
      },
      "insdet": {
        "n": 162,
        "n_pos": 78,
        "n_neg": 84,
        "iou_mean": 0.001,
        "iou_median": 0.0,
        "iou_p25": 0.0,
        "iou_p75": 0.0,
        "contain_mean": 0.0214,
        "contain_at_iou_50": 0.0,
        "contain_at_iou_75": 0.0,
        "map_50": 0.0,
        "map_5095": 0.0,
        "ap_per_iou": {
          "0.50": 0.0,
          "0.55": 0.0,
          "0.60": 0.0,
          "0.65": 0.0,
          "0.70": 0.0,
          "0.75": 0.0,
          "0.80": 0.0,
          "0.85": 0.0,
          "0.90": 0.0,
          "0.95": 0.0
        },
        "f1_50": 0.0,
        "precision_50": 0.0,
        "recall_50": 0.0,
        "presence_acc": 0.7037,
        "presence_acc_pos": 0.9744,
        "presence_acc_neg": 0.4524,
        "mean_score_pos": 0.5824,
        "mean_score_neg": 0.4919,
        "presence_auroc": 0.8607,
        "presence_pr_auc": 0.803,
        "presence_brier": 0.2132,
        "frac_pred_near_corner": 0.0062,
        "frac_pred_tiny_box": 0.0802,
        "conf_map_mean_pos": 0.0168,
        "conf_map_mean_neg": 0.0284,
        "conf_map_std_pos": 0.0184,
        "conf_map_std_neg": 0.0267,
        "support_proto_norm_mean": 2.6395,
        "support_proto_norm_std": 0.4088
      },
      "vizwiz_base": {
        "n": 140,
        "n_pos": 58,
        "n_neg": 82,
        "iou_mean": 0.191,
        "iou_median": 0.1456,
        "iou_p25": 0.0,
        "iou_p75": 0.3446,
        "contain_mean": 0.3241,
        "contain_at_iou_50": 0.1034,
        "contain_at_iou_75": 0.0,
        "map_50": 0.0719,
        "map_5095": 0.0126,
        "ap_per_iou": {
          "0.50": 0.0719,
          "0.55": 0.0271,
          "0.60": 0.0158,
          "0.65": 0.0069,
          "0.70": 0.0026,
          "0.75": 0.0012,
          "0.80": 0.0002,
          "0.85": 0.0,
          "0.90": 0.0,
          "0.95": 0.0
        },
        "f1_50": 0.0976,
        "precision_50": 0.0923,
        "recall_50": 0.1034,
        "presence_acc": 0.4857,
        "presence_acc_pos": 0.7759,
        "presence_acc_neg": 0.2805,
        "mean_score_pos": 0.5607,
        "mean_score_neg": 0.542,
        "presence_auroc": 0.5713,
        "presence_pr_auc": 0.5988,
        "presence_brier": 0.2569,
        "frac_pred_near_corner": 0.0,
        "frac_pred_tiny_box": 0.0714,
        "conf_map_mean_pos": 0.0516,
        "conf_map_mean_neg": 0.0476,
        "conf_map_std_pos": 0.0504,
        "conf_map_std_neg": 0.0448,
        "support_proto_norm_mean": 3.279,
        "support_proto_norm_std": 0.5609
      },
      "vizwiz_novel": {
        "n": 31,
        "n_pos": 19,
        "n_neg": 12,
        "iou_mean": 0.0079,
        "iou_median": 0.0,
        "iou_p25": 0.0,
        "iou_p75": 0.0252,
        "contain_mean": 0.0127,
        "contain_at_iou_50": 0.0,
        "contain_at_iou_75": 0.0,
        "map_50": 0.0,
        "map_5095": 0.0,
        "ap_per_iou": {
          "0.50": 0.0,
          "0.55": 0.0,
          "0.60": 0.0,
          "0.65": 0.0,
          "0.70": 0.0,
          "0.75": 0.0,
          "0.80": 0.0,
          "0.85": 0.0,
          "0.90": 0.0,
          "0.95": 0.0
        },
        "f1_50": 0.0,
        "precision_50": 0.0,
        "recall_50": 0.0,
        "presence_acc": 0.2581,
        "presence_acc_pos": 0.2632,
        "presence_acc_neg": 0.25,
        "mean_score_pos": 0.5051,
        "mean_score_neg": 0.5376,
        "presence_auroc": 0.3772,
        "presence_pr_auc": 0.5572,
        "presence_brier": 0.2658,
        "frac_pred_near_corner": 0.2581,
        "frac_pred_tiny_box": 0.2903,
        "conf_map_mean_pos": 0.0426,
        "conf_map_mean_neg": 0.0351,
        "conf_map_std_pos": 0.0429,
        "conf_map_std_neg": 0.033,
        "support_proto_norm_mean": 2.944,
        "support_proto_norm_std": 0.3652
      }
    },
    "score_thr": 0.5,
    "iou_thr": 0.5,
    "img_size": 224,
    "tta_sizes": [
      224,
      288
    ]
  }
}