{
  "stage": 1,
  "epoch": 5,
  "fold": null,
  "wall_clock_seconds": 285.95,
  "lr": {
    "group_0": 1e-07
  },
  "train": {
    "loss": 5.819585384861115,
    "qfl": 0.22903795636469318,
    "neg_qfl": 0.00017580143986545223,
    "centerness": 1.102510917571283,
    "dfl": 0.8029070047922032,
    "giou": 1.1323712903966185,
    "presence": 0.04169408776747283,
    "attn": 0.12736833568221778,
    "aux": 1.5756955569790256,
    "entropy_reg": 1.1361957083466232,
    "reg_l2_prior": 139.71284813009282,
    "proto_norm": 3.2954195507111086,
    "nt_xent": 1.3120239960250033,
    "vicreg": 0.499224441987212,
    "barlow": 0.10204514436503892,
    "triplet": 0.0,
    "grad_norm": 11.775412954309935,
    "n_steps": 93
  },
  "val": {
    "overall": {
      "n": 400,
      "n_pos": 193,
      "n_neg": 207,
      "iou_mean": 0.0643,
      "iou_median": 0.0,
      "iou_p25": 0.0,
      "iou_p75": 0.0,
      "contain_mean": 0.1076,
      "contain_at_iou_50": 0.0466,
      "contain_at_iou_75": 0.0104,
      "map_50": 0.0154,
      "map_5095": 0.004,
      "ap_per_iou": {
        "0.50": 0.0154,
        "0.55": 0.0112,
        "0.60": 0.0059,
        "0.65": 0.0038,
        "0.70": 0.0023,
        "0.75": 0.0016,
        "0.80": 0.0001,
        "0.85": 0.0,
        "0.90": 0.0,
        "0.95": 0.0
      },
      "f1_50": 0.0586,
      "precision_50": 0.0789,
      "recall_50": 0.0466,
      "presence_acc": 0.65,
      "presence_acc_pos": 0.8187,
      "presence_acc_neg": 0.4928,
      "mean_score_pos": 0.644,
      "mean_score_neg": 0.4894,
      "presence_auroc": 0.6973,
      "presence_pr_auc": 0.6377,
      "presence_brier": 0.2217,
      "frac_pred_near_corner": 0.0275,
      "frac_pred_tiny_box": 0.41,
      "conf_map_mean_pos": 0.0254,
      "conf_map_mean_neg": 0.0252,
      "conf_map_std_pos": 0.0328,
      "conf_map_std_neg": 0.0294,
      "support_proto_norm_mean": 2.7424,
      "support_proto_norm_std": 1.033,
      "argmax_cell_entropy": 4.4143
    },
    "per_source": {
      "hots": {
        "n": 67,
        "n_pos": 38,
        "n_neg": 29,
        "iou_mean": 0.0203,
        "iou_median": 0.0,
        "iou_p25": 0.0,
        "iou_p75": 0.0,
        "contain_mean": 0.0234,
        "contain_at_iou_50": 0.0263,
        "contain_at_iou_75": 0.0263,
        "map_50": 0.0334,
        "map_5095": 0.013,
        "ap_per_iou": {
          "0.50": 0.0334,
          "0.55": 0.0285,
          "0.60": 0.0222,
          "0.65": 0.0181,
          "0.70": 0.0163,
          "0.75": 0.0112,
          "0.80": 0.0002,
          "0.85": 0.0,
          "0.90": 0.0,
          "0.95": 0.0
        },
        "f1_50": 0.04,
        "precision_50": 0.0833,
        "recall_50": 0.0263,
        "presence_acc": 0.8209,
        "presence_acc_pos": 0.9737,
        "presence_acc_neg": 0.6207,
        "mean_score_pos": 0.6836,
        "mean_score_neg": 0.4053,
        "presence_auroc": 0.8475,
        "presence_pr_auc": 0.8158,
        "presence_brier": 0.157,
        "frac_pred_near_corner": 0.0,
        "frac_pred_tiny_box": 0.7164,
        "conf_map_mean_pos": 0.025,
        "conf_map_mean_neg": 0.0222,
        "conf_map_std_pos": 0.0361,
        "conf_map_std_neg": 0.0256,
        "support_proto_norm_mean": 1.6835,
        "support_proto_norm_std": 0.5422
      },
      "insdet": {
        "n": 162,
        "n_pos": 78,
        "n_neg": 84,
        "iou_mean": 0.0279,
        "iou_median": 0.0,
        "iou_p25": 0.0,
        "iou_p75": 0.0,
        "contain_mean": 0.0425,
        "contain_at_iou_50": 0.0128,
        "contain_at_iou_75": 0.0,
        "map_50": 0.0003,
        "map_5095": 0.0,
        "ap_per_iou": {
          "0.50": 0.0003,
          "0.55": 0.0001,
          "0.60": 0.0,
          "0.65": 0.0,
          "0.70": 0.0,
          "0.75": 0.0,
          "0.80": 0.0,
          "0.85": 0.0,
          "0.90": 0.0,
          "0.95": 0.0
        },
        "f1_50": 0.0179,
        "precision_50": 0.0294,
        "recall_50": 0.0128,
        "presence_acc": 0.7346,
        "presence_acc_pos": 0.8718,
        "presence_acc_neg": 0.6071,
        "mean_score_pos": 0.6622,
        "mean_score_neg": 0.4188,
        "presence_auroc": 0.8219,
        "presence_pr_auc": 0.7524,
        "presence_brier": 0.1763,
        "frac_pred_near_corner": 0.0185,
        "frac_pred_tiny_box": 0.5309,
        "conf_map_mean_pos": 0.0185,
        "conf_map_mean_neg": 0.0212,
        "conf_map_std_pos": 0.0247,
        "conf_map_std_neg": 0.0242,
        "support_proto_norm_mean": 2.5599,
        "support_proto_norm_std": 0.7706
      },
      "vizwiz_base": {
        "n": 140,
        "n_pos": 58,
        "n_neg": 82,
        "iou_mean": 0.1631,
        "iou_median": 0.0834,
        "iou_p25": 0.0,
        "iou_p75": 0.2327,
        "contain_mean": 0.2856,
        "contain_at_iou_50": 0.1207,
        "contain_at_iou_75": 0.0172,
        "map_50": 0.0403,
        "map_5095": 0.0092,
        "ap_per_iou": {
          "0.50": 0.0403,
          "0.55": 0.0276,
          "0.60": 0.0126,
          "0.65": 0.007,
          "0.70": 0.0023,
          "0.75": 0.0016,
          "0.80": 0.0001,
          "0.85": 0.0001,
          "0.90": 0.0,
          "0.95": 0.0
        },
        "f1_50": 0.1197,
        "precision_50": 0.1186,
        "recall_50": 0.1207,
        "presence_acc": 0.5571,
        "presence_acc_pos": 0.8276,
        "presence_acc_neg": 0.3659,
        "mean_score_pos": 0.6297,
        "mean_score_neg": 0.571,
        "presence_auroc": 0.5761,
        "presence_pr_auc": 0.5055,
        "presence_brier": 0.2836,
        "frac_pred_near_corner": 0.0,
        "frac_pred_tiny_box": 0.1357,
        "conf_map_mean_pos": 0.0338,
        "conf_map_mean_neg": 0.0304,
        "conf_map_std_pos": 0.0411,
        "conf_map_std_neg": 0.0365,
        "support_proto_norm_mean": 3.3791,
        "support_proto_norm_std": 1.0428
      },
      "vizwiz_novel": {
        "n": 31,
        "n_pos": 19,
        "n_neg": 12,
        "iou_mean": 0.0,
        "iou_median": 0.0,
        "iou_p25": 0.0,
        "iou_p75": 0.0,
        "contain_mean": 0.0,
        "contain_at_iou_50": 0.0,
        "contain_at_iou_75": 0.0,
        "map_50": 0.0,
        "map_5095": 0.0,
        "ap_per_iou": {
          "0.50": 0.0,
          "0.55": 0.0,
          "0.60": 0.0,
          "0.65": 0.0,
          "0.70": 0.0,
          "0.75": 0.0,
          "0.80": 0.0,
          "0.85": 0.0,
          "0.90": 0.0,
          "0.95": 0.0
        },
        "f1_50": 0.0,
        "precision_50": 0.0,
        "recall_50": 0.0,
        "presence_acc": 0.2581,
        "presence_acc_pos": 0.2632,
        "presence_acc_neg": 0.25,
        "mean_score_pos": 0.5337,
        "mean_score_neg": 0.6288,
        "presence_auroc": 0.3246,
        "presence_pr_auc": 0.6444,
        "presence_brier": 0.3189,
        "frac_pred_near_corner": 0.2581,
        "frac_pred_tiny_box": 0.3548,
        "conf_map_mean_pos": 0.0289,
        "conf_map_mean_neg": 0.0247,
        "conf_map_std_pos": 0.0345,
        "conf_map_std_neg": 0.0272,
        "support_proto_norm_mean": 3.1093,
        "support_proto_norm_std": 0.7458
      }
    },
    "score_thr": 0.5,
    "iou_thr": 0.5,
    "img_size": 224,
    "tta_sizes": [
      224,
      288
    ]
  }
}