{
  "stage": 3,
  "epoch": 6,
  "fold": 1,
  "wall_clock_seconds": 199.06,
  "lr": {
    "group_0": 3.7107590698743694e-06,
    "group_1": 3.7107590698743694e-06,
    "group_2": 7.371527164907104e-05
  },
  "train": {
    "loss": 8.303030283220354,
    "qfl": 0.5733195942255759,
    "neg_qfl": 0.00027459039683303525,
    "centerness": 1.1580051933565447,
    "dfl": 0.8610653367734724,
    "giou": 1.7442983004354662,
    "pred_iou": 0.22066081603688578,
    "presence": 0.07476516825056845,
    "attn": 0.1623543326652819,
    "aux": 2.3346188568299815,
    "entropy_reg": 0.6655947354532057,
    "reg_l2_prior": 731.0194239462576,
    "proto_norm": 48.861823481898156,
    "contrastive_presence": 0.8543795962487498,
    "feature_spread": 0.0,
    "nt_xent": 1.3528448304822367,
    "vicreg": 0.5748244514388423,
    "barlow": 0.086536476088147,
    "triplet": 0.0,
    "grad_norm": 32.895290990029615,
    "n_steps": 62
  },
  "val": {
    "overall": {
      "n": 240,
      "n_pos": 115,
      "n_neg": 125,
      "iou_mean": 0.224,
      "iou_median": 0.0,
      "iou_p25": 0.0,
      "iou_p75": 0.513,
      "contain_mean": 0.2927,
      "contain_at_iou_50": 0.2609,
      "contain_at_iou_75": 0.0696,
      "map_50": 0.2307,
      "map_5095": 0.0733,
      "ap_per_iou": {
        "0.50": 0.2307,
        "0.55": 0.1601,
        "0.60": 0.1187,
        "0.65": 0.0896,
        "0.70": 0.0497,
        "0.75": 0.0445,
        "0.80": 0.0389,
        "0.85": 0.0007,
        "0.90": 0.0001,
        "0.95": 0.0
      },
      "f1_50": 0.3315,
      "precision_50": 0.4545,
      "recall_50": 0.2609,
      "presence_acc": 0.7792,
      "presence_acc_pos": 0.8522,
      "presence_acc_neg": 0.712,
      "mean_score_pos": 0.5864,
      "mean_score_neg": 0.415,
      "presence_auroc": 0.8307,
      "presence_pr_auc": 0.7684,
      "presence_brier": 0.1862,
      "frac_pred_near_corner": 0.0,
      "frac_pred_tiny_box": 0.1875,
      "conf_map_mean_pos": 0.0307,
      "conf_map_mean_neg": 0.0315,
      "conf_map_std_pos": 0.0365,
      "conf_map_std_neg": 0.0309,
      "support_proto_norm_mean": 7.9608,
      "support_proto_norm_std": 0.4058,
      "argmax_cell_entropy": 4.1997
    },
    "per_source": {
      "hots": {
        "n": 46,
        "n_pos": 22,
        "n_neg": 24,
        "iou_mean": 0.1906,
        "iou_median": 0.0,
        "iou_p25": 0.0,
        "iou_p75": 0.4776,
        "contain_mean": 0.2419,
        "contain_at_iou_50": 0.2727,
        "contain_at_iou_75": 0.0455,
        "map_50": 0.1242,
        "map_5095": 0.0388,
        "ap_per_iou": {
          "0.50": 0.1242,
          "0.55": 0.0887,
          "0.60": 0.0835,
          "0.65": 0.0577,
          "0.70": 0.0302,
          "0.75": 0.0033,
          "0.80": 0.0,
          "0.85": 0.0,
          "0.90": 0.0,
          "0.95": 0.0
        },
        "f1_50": 0.3333,
        "precision_50": 0.4286,
        "recall_50": 0.2727,
        "presence_acc": 0.8261,
        "presence_acc_pos": 1.0,
        "presence_acc_neg": 0.6667,
        "mean_score_pos": 0.6546,
        "mean_score_neg": 0.4066,
        "presence_auroc": 0.803,
        "presence_pr_auc": 0.7102,
        "presence_brier": 0.1629,
        "frac_pred_near_corner": 0.0,
        "frac_pred_tiny_box": 0.6304,
        "conf_map_mean_pos": 0.0265,
        "conf_map_mean_neg": 0.0253,
        "conf_map_std_pos": 0.0319,
        "conf_map_std_neg": 0.0254,
        "support_proto_norm_mean": 8.0785,
        "support_proto_norm_std": 0.2555
      },
      "insdet": {
        "n": 92,
        "n_pos": 42,
        "n_neg": 50,
        "iou_mean": 0.0074,
        "iou_median": 0.0,
        "iou_p25": 0.0,
        "iou_p75": 0.0,
        "contain_mean": 0.0092,
        "contain_at_iou_50": 0.0,
        "contain_at_iou_75": 0.0,
        "map_50": 0.0005,
        "map_5095": 0.0001,
        "ap_per_iou": {
          "0.50": 0.0005,
          "0.55": 0.0005,
          "0.60": 0.0,
          "0.65": 0.0,
          "0.70": 0.0,
          "0.75": 0.0,
          "0.80": 0.0,
          "0.85": 0.0,
          "0.90": 0.0,
          "0.95": 0.0
        },
        "f1_50": 0.0,
        "precision_50": 0.0,
        "recall_50": 0.0,
        "presence_acc": 0.8696,
        "presence_acc_pos": 1.0,
        "presence_acc_neg": 0.76,
        "mean_score_pos": 0.6111,
        "mean_score_neg": 0.3547,
        "presence_auroc": 0.8929,
        "presence_pr_auc": 0.818,
        "presence_brier": 0.1511,
        "frac_pred_near_corner": 0.0,
        "frac_pred_tiny_box": 0.1304,
        "conf_map_mean_pos": 0.015,
        "conf_map_mean_neg": 0.0225,
        "conf_map_std_pos": 0.0171,
        "conf_map_std_neg": 0.0214,
        "support_proto_norm_mean": 8.2184,
        "support_proto_norm_std": 0.2902
      },
      "vizwiz_base": {
        "n": 90,
        "n_pos": 43,
        "n_neg": 47,
        "iou_mean": 0.3689,
        "iou_median": 0.4385,
        "iou_p25": 0.0964,
        "iou_p75": 0.5769,
        "contain_mean": 0.5122,
        "contain_at_iou_50": 0.3953,
        "contain_at_iou_75": 0.0698,
        "map_50": 0.3478,
        "map_5095": 0.0663,
        "ap_per_iou": {
          "0.50": 0.3478,
          "0.55": 0.1714,
          "0.60": 0.0764,
          "0.65": 0.0223,
          "0.70": 0.0181,
          "0.75": 0.0159,
          "0.80": 0.0054,
          "0.85": 0.0048,
          "0.90": 0.0004,
          "0.95": 0.0
        },
        "f1_50": 0.4474,
        "precision_50": 0.5152,
        "recall_50": 0.3953,
        "presence_acc": 0.6333,
        "presence_acc_pos": 0.6047,
        "presence_acc_neg": 0.6596,
        "mean_score_pos": 0.5148,
        "mean_score_neg": 0.4842,
        "presence_auroc": 0.6195,
        "presence_pr_auc": 0.6238,
        "presence_brier": 0.2406,
        "frac_pred_near_corner": 0.0,
        "frac_pred_tiny_box": 0.0333,
        "conf_map_mean_pos": 0.0474,
        "conf_map_mean_neg": 0.0444,
        "conf_map_std_pos": 0.0507,
        "conf_map_std_neg": 0.0444,
        "support_proto_norm_mean": 7.7121,
        "support_proto_norm_std": 0.3613
      },
      "vizwiz_novel": {
        "n": 12,
        "n_pos": 8,
        "n_neg": 4,
        "iou_mean": 0.675,
        "iou_median": 0.738,
        "iou_p25": 0.6512,
        "iou_p75": 0.8296,
        "contain_mean": 0.7411,
        "contain_at_iou_50": 0.875,
        "contain_at_iou_75": 0.5,
        "map_50": 0.9598,
        "map_5095": 0.5171,
        "ap_per_iou": {
          "0.50": 0.9598,
          "0.55": 0.954,
          "0.60": 0.8713,
          "0.65": 0.8713,
          "0.70": 0.505,
          "0.75": 0.505,
          "0.80": 0.505,
          "0.85": 0.0,
          "0.90": 0.0,
          "0.95": 0.0
        },
        "f1_50": 0.9333,
        "precision_50": 1.0,
        "recall_50": 0.875,
        "presence_acc": 1.0,
        "presence_acc_pos": 1.0,
        "presence_acc_neg": 1.0,
        "mean_score_pos": 0.6545,
        "mean_score_neg": 0.4046,
        "presence_auroc": 1.0,
        "presence_pr_auc": 1.0,
        "presence_brier": 0.1364,
        "frac_pred_near_corner": 0.0,
        "frac_pred_tiny_box": 0.0833,
        "conf_map_mean_pos": 0.035,
        "conf_map_mean_neg": 0.0293,
        "conf_map_std_pos": 0.0742,
        "conf_map_std_neg": 0.0253,
        "support_proto_norm_mean": 7.3998,
        "support_proto_norm_std": 0.2788
      }
    },
    "score_thr": 0.5,
    "iou_thr": 0.5,
    "img_size": 224,
    "tta_sizes": [
      224,
      288
    ]
  }
}