{
  "stage": 3,
  "epoch": 6,
  "fold": 0,
  "wall_clock_seconds": 194.6,
  "lr": {
    "group_0": 3.866009912070103e-06,
    "group_1": 3.866009912070103e-06,
    "group_2": 7.688048779914325e-05
  },
  "train": {
    "loss": 8.886549095953665,
    "qfl": 0.6384095823572528,
    "neg_qfl": 0.0002530343481339514,
    "centerness": 1.1896535225452916,
    "dfl": 0.9101124309724377,
    "giou": 1.9051748187311235,
    "pred_iou": 0.24570696993220237,
    "presence": 0.08804913183614131,
    "attn": 0.17944732656882656,
    "aux": 2.499167119303057,
    "entropy_reg": 0.5790102174205165,
    "reg_l2_prior": 725.6430329353578,
    "proto_norm": 47.004110397831084,
    "contrastive_presence": 0.8893316926494721,
    "feature_spread": 0.0,
    "nt_xent": 1.3394227085574981,
    "vicreg": 0.577923342104881,
    "barlow": 0.08672551738639031,
    "triplet": 0.0,
    "grad_norm": 36.938482315309585,
    "n_steps": 62
  },
  "val": {
    "overall": {
      "n": 240,
      "n_pos": 126,
      "n_neg": 114,
      "iou_mean": 0.154,
      "iou_median": 0.0,
      "iou_p25": 0.0,
      "iou_p75": 0.2766,
      "contain_mean": 0.2288,
      "contain_at_iou_50": 0.1587,
      "contain_at_iou_75": 0.0317,
      "map_50": 0.1498,
      "map_5095": 0.0494,
      "ap_per_iou": {
        "0.50": 0.1498,
        "0.55": 0.1127,
        "0.60": 0.0813,
        "0.65": 0.0717,
        "0.70": 0.0401,
        "0.75": 0.0344,
        "0.80": 0.0022,
        "0.85": 0.0018,
        "0.90": 0.0,
        "0.95": 0.0
      },
      "f1_50": 0.221,
      "precision_50": 0.3636,
      "recall_50": 0.1587,
      "presence_acc": 0.7625,
      "presence_acc_pos": 0.8254,
      "presence_acc_neg": 0.693,
      "mean_score_pos": 0.5714,
      "mean_score_neg": 0.4174,
      "presence_auroc": 0.8044,
      "presence_pr_auc": 0.7671,
      "presence_brier": 0.1921,
      "frac_pred_near_corner": 0.0,
      "frac_pred_tiny_box": 0.1708,
      "conf_map_mean_pos": 0.0304,
      "conf_map_mean_neg": 0.0272,
      "conf_map_std_pos": 0.0364,
      "conf_map_std_neg": 0.0258,
      "support_proto_norm_mean": 7.8327,
      "support_proto_norm_std": 0.3742,
      "argmax_cell_entropy": 4.1379
    },
    "per_source": {
      "hots": {
        "n": 45,
        "n_pos": 25,
        "n_neg": 20,
        "iou_mean": 0.0379,
        "iou_median": 0.0,
        "iou_p25": 0.0,
        "iou_p75": 0.0,
        "contain_mean": 0.0433,
        "contain_at_iou_50": 0.04,
        "contain_at_iou_75": 0.04,
        "map_50": 0.1025,
        "map_5095": 0.0291,
        "ap_per_iou": {
          "0.50": 0.1025,
          "0.55": 0.0537,
          "0.60": 0.0378,
          "0.65": 0.0277,
          "0.70": 0.0178,
          "0.75": 0.0178,
          "0.80": 0.0169,
          "0.85": 0.0165,
          "0.90": 0.0,
          "0.95": 0.0
        },
        "f1_50": 0.0625,
        "precision_50": 0.1429,
        "recall_50": 0.04,
        "presence_acc": 0.8667,
        "presence_acc_pos": 1.0,
        "presence_acc_neg": 0.7,
        "mean_score_pos": 0.6392,
        "mean_score_neg": 0.3396,
        "presence_auroc": 0.966,
        "presence_pr_auc": 0.9698,
        "presence_brier": 0.1366,
        "frac_pred_near_corner": 0.0,
        "frac_pred_tiny_box": 0.5778,
        "conf_map_mean_pos": 0.0242,
        "conf_map_mean_neg": 0.0254,
        "conf_map_std_pos": 0.032,
        "conf_map_std_neg": 0.0243,
        "support_proto_norm_mean": 7.8421,
        "support_proto_norm_std": 0.2469
      },
      "insdet": {
        "n": 91,
        "n_pos": 45,
        "n_neg": 46,
        "iou_mean": 0.008,
        "iou_median": 0.0,
        "iou_p25": 0.0,
        "iou_p75": 0.0,
        "contain_mean": 0.0125,
        "contain_at_iou_50": 0.0,
        "contain_at_iou_75": 0.0,
        "map_50": 0.0,
        "map_5095": 0.0,
        "ap_per_iou": {
          "0.50": 0.0,
          "0.55": 0.0,
          "0.60": 0.0,
          "0.65": 0.0,
          "0.70": 0.0,
          "0.75": 0.0,
          "0.80": 0.0,
          "0.85": 0.0,
          "0.90": 0.0,
          "0.95": 0.0
        },
        "f1_50": 0.0,
        "precision_50": 0.0,
        "recall_50": 0.0,
        "presence_acc": 0.7802,
        "presence_acc_pos": 0.9778,
        "presence_acc_neg": 0.587,
        "mean_score_pos": 0.5934,
        "mean_score_neg": 0.4051,
        "presence_auroc": 0.7386,
        "presence_pr_auc": 0.6623,
        "presence_brier": 0.1822,
        "frac_pred_near_corner": 0.0,
        "frac_pred_tiny_box": 0.1209,
        "conf_map_mean_pos": 0.0148,
        "conf_map_mean_neg": 0.0197,
        "conf_map_std_pos": 0.0177,
        "conf_map_std_neg": 0.0182,
        "support_proto_norm_mean": 8.0568,
        "support_proto_norm_std": 0.2875
      },
      "vizwiz_base": {
        "n": 86,
        "n_pos": 49,
        "n_neg": 37,
        "iou_mean": 0.299,
        "iou_median": 0.2776,
        "iou_p25": 0.026,
        "iou_p75": 0.548,
        "contain_mean": 0.4809,
        "contain_at_iou_50": 0.3265,
        "contain_at_iou_75": 0.0204,
        "map_50": 0.3521,
        "map_5095": 0.0989,
        "ap_per_iou": {
          "0.50": 0.3521,
          "0.55": 0.2615,
          "0.60": 0.1452,
          "0.65": 0.1221,
          "0.70": 0.0684,
          "0.75": 0.0348,
          "0.80": 0.0032,
          "0.85": 0.0016,
          "0.90": 0.0,
          "0.95": 0.0
        },
        "f1_50": 0.4384,
        "precision_50": 0.6667,
        "recall_50": 0.3265,
        "presence_acc": 0.686,
        "presence_acc_pos": 0.6122,
        "presence_acc_neg": 0.7838,
        "mean_score_pos": 0.5237,
        "mean_score_neg": 0.4695,
        "presence_auroc": 0.759,
        "presence_pr_auc": 0.7835,
        "presence_brier": 0.228,
        "frac_pred_near_corner": 0.0,
        "frac_pred_tiny_box": 0.0233,
        "conf_map_mean_pos": 0.0459,
        "conf_map_mean_neg": 0.0362,
        "conf_map_std_pos": 0.0494,
        "conf_map_std_neg": 0.0345,
        "support_proto_norm_mean": 7.578,
        "support_proto_norm_std": 0.3795
      },
      "vizwiz_novel": {
        "n": 18,
        "n_pos": 7,
        "n_neg": 11,
        "iou_mean": 0.4926,
        "iou_median": 0.4842,
        "iou_p25": 0.3528,
        "iou_p75": 0.7337,
        "contain_mean": 0.5174,
        "contain_at_iou_50": 0.4286,
        "contain_at_iou_75": 0.2857,
        "map_50": 0.4257,
        "map_5095": 0.2277,
        "ap_per_iou": {
          "0.50": 0.4257,
          "0.55": 0.4257,
          "0.60": 0.4257,
          "0.65": 0.4257,
          "0.70": 0.2871,
          "0.75": 0.2871,
          "0.80": 0.0,
          "0.85": 0.0,
          "0.90": 0.0,
          "0.95": 0.0
        },
        "f1_50": 0.5,
        "precision_50": 0.6,
        "recall_50": 0.4286,
        "presence_acc": 0.7778,
        "presence_acc_pos": 0.7143,
        "presence_acc_neg": 0.8182,
        "mean_score_pos": 0.5221,
        "mean_score_neg": 0.4346,
        "presence_auroc": 0.8052,
        "presence_pr_auc": 0.8278,
        "presence_brier": 0.2094,
        "frac_pred_near_corner": 0.0,
        "frac_pred_tiny_box": 0.1111,
        "conf_map_mean_pos": 0.044,
        "conf_map_mean_neg": 0.0316,
        "conf_map_std_pos": 0.0802,
        "conf_map_std_neg": 0.0312,
        "support_proto_norm_mean": 7.8936,
        "support_proto_norm_std": 0.2017
      }
    },
    "score_thr": 0.5,
    "iou_thr": 0.5,
    "img_size": 224,
    "tta_sizes": [
      224,
      288
    ]
  }
}