{
  "stage": 3,
  "epoch": 6,
  "fold": 2,
  "wall_clock_seconds": 203.3,
  "lr": {
    "group_0": 3.5492448244482166e-06,
    "group_1": 3.5492448244482166e-06,
    "group_2": 7.042235876783171e-05
  },
  "train": {
    "loss": 8.221307377661429,
    "qfl": 0.532276788185681,
    "neg_qfl": 0.00026381015718910815,
    "centerness": 1.1284429642461962,
    "dfl": 0.846970060659993,
    "giou": 1.8071927101381364,
    "pred_iou": 0.2089208785083986,
    "presence": 0.07119534206726859,
    "attn": 0.15368188773432084,
    "aux": 2.359267327093309,
    "entropy_reg": 1.1235282690294328,
    "reg_l2_prior": 732.9676641648815,
    "proto_norm": 49.32339692884876,
    "contrastive_presence": 0.8188637350836108,
    "feature_spread": 0.0,
    "nt_xent": 1.327542068496827,
    "vicreg": 0.5694917699983043,
    "barlow": 0.08468755238479184,
    "triplet": 0.0,
    "grad_norm": 34.79822177271689,
    "n_steps": 62
  },
  "val": {
    "overall": {
      "n": 240,
      "n_pos": 122,
      "n_neg": 118,
      "iou_mean": 0.173,
      "iou_median": 0.0,
      "iou_p25": 0.0,
      "iou_p75": 0.3213,
      "contain_mean": 0.2582,
      "contain_at_iou_50": 0.1721,
      "contain_at_iou_75": 0.041,
      "map_50": 0.1018,
      "map_5095": 0.0371,
      "ap_per_iou": {
        "0.50": 0.1018,
        "0.55": 0.0775,
        "0.60": 0.0583,
        "0.65": 0.0469,
        "0.70": 0.0391,
        "0.75": 0.0241,
        "0.80": 0.0235,
        "0.85": 0.0001,
        "0.90": 0.0001,
        "0.95": 0.0
      },
      "f1_50": 0.2258,
      "precision_50": 0.3281,
      "recall_50": 0.1721,
      "presence_acc": 0.7542,
      "presence_acc_pos": 0.8689,
      "presence_acc_neg": 0.6356,
      "mean_score_pos": 0.5717,
      "mean_score_neg": 0.4225,
      "presence_auroc": 0.7991,
      "presence_pr_auc": 0.7604,
      "presence_brier": 0.1946,
      "frac_pred_near_corner": 0.0,
      "frac_pred_tiny_box": 0.1708,
      "conf_map_mean_pos": 0.0307,
      "conf_map_mean_neg": 0.0315,
      "conf_map_std_pos": 0.034,
      "conf_map_std_neg": 0.0323,
      "support_proto_norm_mean": 8.0832,
      "support_proto_norm_std": 0.4158,
      "argmax_cell_entropy": 4.2386
    },
    "per_source": {
      "hots": {
        "n": 32,
        "n_pos": 17,
        "n_neg": 15,
        "iou_mean": 0.1698,
        "iou_median": 0.0,
        "iou_p25": 0.0,
        "iou_p75": 0.0242,
        "contain_mean": 0.186,
        "contain_at_iou_50": 0.2353,
        "contain_at_iou_75": 0.0588,
        "map_50": 0.1396,
        "map_5095": 0.045,
        "ap_per_iou": {
          "0.50": 0.1396,
          "0.55": 0.1196,
          "0.60": 0.0762,
          "0.65": 0.0542,
          "0.70": 0.0455,
          "0.75": 0.0085,
          "0.80": 0.0059,
          "0.85": 0.0,
          "0.90": 0.0,
          "0.95": 0.0
        },
        "f1_50": 0.3077,
        "precision_50": 0.4444,
        "recall_50": 0.2353,
        "presence_acc": 0.8438,
        "presence_acc_pos": 1.0,
        "presence_acc_neg": 0.6667,
        "mean_score_pos": 0.6571,
        "mean_score_neg": 0.4028,
        "presence_auroc": 0.8784,
        "presence_pr_auc": 0.8351,
        "presence_brier": 0.1562,
        "frac_pred_near_corner": 0.0,
        "frac_pred_tiny_box": 0.5625,
        "conf_map_mean_pos": 0.0266,
        "conf_map_mean_neg": 0.024,
        "conf_map_std_pos": 0.0323,
        "conf_map_std_neg": 0.023,
        "support_proto_norm_mean": 8.0555,
        "support_proto_norm_std": 0.1931
      },
      "insdet": {
        "n": 99,
        "n_pos": 50,
        "n_neg": 49,
        "iou_mean": 0.0257,
        "iou_median": 0.0,
        "iou_p25": 0.0,
        "iou_p75": 0.0,
        "contain_mean": 0.0442,
        "contain_at_iou_50": 0.02,
        "contain_at_iou_75": 0.0,
        "map_50": 0.0305,
        "map_5095": 0.012,
        "ap_per_iou": {
          "0.50": 0.0305,
          "0.55": 0.0297,
          "0.60": 0.0297,
          "0.65": 0.0297,
          "0.70": 0.0,
          "0.75": 0.0,
          "0.80": 0.0,
          "0.85": 0.0,
          "0.90": 0.0,
          "0.95": 0.0
        },
        "f1_50": 0.0299,
        "precision_50": 0.0588,
        "recall_50": 0.02,
        "presence_acc": 0.8283,
        "presence_acc_pos": 0.98,
        "presence_acc_neg": 0.6735,
        "mean_score_pos": 0.5802,
        "mean_score_neg": 0.3655,
        "presence_auroc": 0.8139,
        "presence_pr_auc": 0.7638,
        "presence_brier": 0.1701,
        "frac_pred_near_corner": 0.0,
        "frac_pred_tiny_box": 0.1717,
        "conf_map_mean_pos": 0.0154,
        "conf_map_mean_neg": 0.021,
        "conf_map_std_pos": 0.018,
        "conf_map_std_neg": 0.0207,
        "support_proto_norm_mean": 8.3057,
        "support_proto_norm_std": 0.33
      },
      "vizwiz_base": {
        "n": 96,
        "n_pos": 48,
        "n_neg": 48,
        "iou_mean": 0.3124,
        "iou_median": 0.2898,
        "iou_p25": 0.0405,
        "iou_p75": 0.5176,
        "contain_mean": 0.492,
        "contain_at_iou_50": 0.2708,
        "contain_at_iou_75": 0.0833,
        "map_50": 0.1832,
        "map_5095": 0.0702,
        "ap_per_iou": {
          "0.50": 0.1832,
          "0.55": 0.1379,
          "0.60": 0.1081,
          "0.65": 0.0856,
          "0.70": 0.0709,
          "0.75": 0.0579,
          "0.80": 0.0579,
          "0.85": 0.0003,
          "0.90": 0.0003,
          "0.95": 0.0
        },
        "f1_50": 0.3171,
        "precision_50": 0.3824,
        "recall_50": 0.2708,
        "presence_acc": 0.6458,
        "presence_acc_pos": 0.7292,
        "presence_acc_neg": 0.5625,
        "mean_score_pos": 0.5347,
        "mean_score_neg": 0.4881,
        "presence_auroc": 0.6675,
        "presence_pr_auc": 0.6704,
        "presence_brier": 0.2334,
        "frac_pred_near_corner": 0.0,
        "frac_pred_tiny_box": 0.0,
        "conf_map_mean_pos": 0.0488,
        "conf_map_mean_neg": 0.0448,
        "conf_map_std_pos": 0.0507,
        "conf_map_std_neg": 0.0456,
        "support_proto_norm_mean": 7.9331,
        "support_proto_norm_std": 0.4197
      },
      "vizwiz_novel": {
        "n": 13,
        "n_pos": 7,
        "n_neg": 6,
        "iou_mean": 0.2765,
        "iou_median": 0.0091,
        "iou_p25": 0.0046,
        "iou_p75": 0.585,
        "contain_mean": 0.3589,
        "contain_at_iou_50": 0.4286,
        "contain_at_iou_75": 0.0,
        "map_50": 0.521,
        "map_5095": 0.1447,
        "ap_per_iou": {
          "0.50": 0.521,
          "0.55": 0.3249,
          "0.60": 0.2005,
          "0.65": 0.2005,
          "0.70": 0.2005,
          "0.75": 0.0,
          "0.80": 0.0,
          "0.85": 0.0,
          "0.90": 0.0,
          "0.95": 0.0
        },
        "f1_50": 0.5455,
        "precision_50": 0.75,
        "recall_50": 0.4286,
        "presence_acc": 0.7692,
        "presence_acc_pos": 0.7143,
        "presence_acc_neg": 0.8333,
        "mean_score_pos": 0.5567,
        "mean_score_neg": 0.4124,
        "presence_auroc": 0.8571,
        "presence_pr_auc": 0.9095,
        "presence_brier": 0.19,
        "frac_pred_near_corner": 0.0,
        "frac_pred_tiny_box": 0.4615,
        "conf_map_mean_pos": 0.0263,
        "conf_map_mean_neg": 0.0293,
        "conf_map_std_pos": 0.0378,
        "conf_map_std_neg": 0.0445,
        "support_proto_norm_mean": 7.5662,
        "support_proto_norm_std": 0.3955
      }
    },
    "score_thr": 0.5,
    "iou_thr": 0.5,
    "img_size": 224,
    "tta_sizes": [
      224,
      288
    ]
  }
}