{
  "stage": "1_2",
  "epoch": 3,
  "fold": 3,
  "wall_clock_seconds": 306.0,
  "lr": {
    "aggregator": 9.29597450207758e-05,
    "existence_head": 9.29597450207758e-05,
    "class_head": 4.6483396161528606e-05,
    "box_head": 4.6483396161528606e-05
  },
  "train": {
    "loss": 0.7036374468476542,
    "focal": 0.07111901291195423,
    "l1": 0.015289873019942352,
    "giou": 0.16278963127443868,
    "box_loss": 0.4020286293760423,
    "box_area_penalty": 0.005008157620566988,
    "existence_kl": 0.0,
    "margin": 0.453064291707931,
    "nt_xent": 0.034568369028068355,
    "grad_norm": 1.8124691978577645,
    "n_steps": 62,
    "aggregator_alpha": -0.024432960897684097
  },
  "val": {
    "overall": {
      "n": 100,
      "n_pos": 53,
      "n_neg": 47,
      "iou_mean": 0.2363849570623265,
      "iou_median": 0.0016609980957582593,
      "iou_p25": 0.0,
      "iou_p75": 0.7774026989936829,
      "contain_mean": 0.4292225427222702,
      "contain_at_iou_50": 0.2830188679245283,
      "contain_at_iou_75": 0.2641509433962264,
      "ap_per_iou": {
        "0.50": 0.1494242868773425,
        "0.55": 0.1494242868773425,
        "0.60": 0.1494242868773425,
        "0.65": 0.1494242868773425,
        "0.70": 0.11673395669426737,
        "0.75": 0.11673395669426737,
        "0.80": 0.06983666868013061,
        "0.85": 0.015005934090946041,
        "0.90": 0.0020890001088020894,
        "0.95": 0.0
      },
      "map_50": 0.1494242868773425,
      "map_75": 0.11673395669426737,
      "map_5095": 0.09180966637777835,
      "map_50_existence_only": 0.14830589088152119,
      "map_5095_existence_only": 0.09097572043035748,
      "map_50_score_only": 0.14597620765546765,
      "map_5095_score_only": 0.08986624640269114,
      "precision_50": 0.5,
      "recall_50": 0.1509433962264151,
      "f1_50": 0.2318840579710145,
      "existence_acc": 0.53,
      "existence_acc_pos": 0.20754716981132076,
      "existence_acc_neg": 0.8936170212765957,
      "existence_auroc": 0.5961461260537937,
      "existence_pr_auc": 0.6275531835857142,
      "existence_brier": 0.250921394969754,
      "existence_f1": 0.2318840579710145,
      "false_positive_rate": 0.10638297872340426,
      "false_negative_rate": 0.7924528301886793,
      "mean_score_pos": 0.44606110734759635,
      "mean_score_neg": 0.424717108619974,
      "proto_score_pos": 0.9377915375637558,
      "proto_score_neg": 0.8768641690307475,
      "proto_score_gap": 0.060927368533008286,
      "mean_pred_box_area": 0.09492354630026967,
      "frac_pred_box_too_big": 0.06,
      "mean_existence_prob": 0.43602942794561383,
      "frac_high_existence": 0.0,
      "prototype_norm_mean": 1.9342707395553589,
      "prototype_norm_std": 0.1449213965454892
    },
    "per_source": {
      "hots": {
        "n": 35,
        "n_pos": 20,
        "n_neg": 15,
        "iou_mean": 0.622138598561287,
        "iou_median": 0.811774343252182,
        "iou_p25": 0.5202383995056152,
        "iou_p75": 0.85013547539711,
        "contain_mean": 0.6999657332897187,
        "contain_at_iou_50": 0.75,
        "contain_at_iou_75": 0.7,
        "ap_per_iou": {
          "0.50": 0.5014597613607512,
          "0.55": 0.5014597613607512,
          "0.60": 0.5014597613607512,
          "0.65": 0.5014597613607512,
          "0.70": 0.4116527037319118,
          "0.75": 0.4116527037319118,
          "0.80": 0.2449951039059949,
          "0.85": 0.05423784136655427,
          "0.90": 0.008910891089108908,
          "0.95": 0.0
        },
        "map_50": 0.5014597613607512,
        "map_75": 0.4116527037319118,
        "map_5095": 0.3137288289268486,
        "map_50_existence_only": 0.4895276922650253,
        "map_5095_existence_only": 0.30490263261330497,
        "map_50_score_only": 0.5080150872230075,
        "map_5095_score_only": 0.31848504128960414,
        "precision_50": 0.5333333333333333,
        "recall_50": 0.4,
        "f1_50": 0.4571428571428572,
        "existence_acc": 0.5714285714285714,
        "existence_acc_pos": 0.5,
        "existence_acc_neg": 0.6666666666666666,
        "existence_auroc": 0.6766666666666666,
        "existence_pr_auc": 0.7099662773261043,
        "existence_brier": 0.23919605778572922,
        "existence_f1": 0.4571428571428572,
        "false_positive_rate": 0.3333333333333333,
        "false_negative_rate": 0.5,
        "mean_score_pos": 0.4887166291475296,
        "mean_score_neg": 0.4412368913491567,
        "proto_score_pos": 0.961148002743721,
        "proto_score_neg": 0.7324976588288943,
        "proto_score_gap": 0.22865034391482675,
        "mean_pred_box_area": 0.046891392727515524,
        "frac_pred_box_too_big": 0.02857142857142857,
        "mean_existence_prob": 0.46836817009108406,
        "frac_high_existence": 0.0,
        "prototype_norm_mean": 1.9114113501140049,
        "prototype_norm_std": 0.20693824163463626
      },
      "insdet": {
        "n": 65,
        "n_pos": 33,
        "n_neg": 32,
        "iou_mean": 0.002594871305380807,
        "iou_median": 0.0,
        "iou_p25": 0.0,
        "iou_p75": 0.0027091847732663155,
        "contain_mean": 0.2651357605601802,
        "contain_at_iou_50": 0.0,
        "contain_at_iou_75": 0.0,
        "ap_per_iou": {
          "0.50": 0.0,
          "0.55": 0.0,
          "0.60": 0.0,
          "0.65": 0.0,
          "0.70": 0.0,
          "0.75": 0.0,
          "0.80": 0.0,
          "0.85": 0.0,
          "0.90": 0.0,
          "0.95": 0.0
        },
        "map_50": 0.0,
        "map_75": 0.0,
        "map_5095": 0.0,
        "map_50_existence_only": 0.0,
        "map_5095_existence_only": 0.0,
        "map_50_score_only": 0.0,
        "map_5095_score_only": 0.0,
        "precision_50": 0.0,
        "recall_50": 0.0,
        "f1_50": 0.0,
        "existence_acc": 0.5076923076923077,
        "existence_acc_pos": 0.030303030303030304,
        "existence_acc_neg": 1.0,
        "existence_auroc": 0.5170454545454546,
        "existence_pr_auc": 0.5622016394399888,
        "existence_brier": 0.25723503806884424,
        "existence_f1": 0.0,
        "false_positive_rate": 0.0,
        "false_negative_rate": 0.9696969696969697,
        "mean_score_pos": 0.42020927595369745,
        "mean_score_neg": 0.41697346046566963,
        "proto_score_pos": 0.9236361041213527,
        "proto_score_neg": 0.9445359706878662,
        "proto_score_gap": -0.020899866566513547,
        "mean_pred_box_area": 0.12078701360867573,
        "frac_pred_box_too_big": 0.07692307692307693,
        "mean_existence_prob": 0.418616259098053,
        "frac_high_existence": 0.0,
        "prototype_norm_mean": 1.9465796415622418,
        "prototype_norm_std": 0.09642716560856672
      }
    },
    "tile_cfg": {
      "mode": "off",
      "levels": [
        1,
        2
      ],
      "overlap": 0.3,
      "for_sources": [
        "insdet"
      ],
      "nms_iou": 0.5,
      "top_k": 100,
      "score_combo": "existence_x_score",
      "edge_score_penalty": 0.5,
      "edge_px": 4,
      "merge_partial_boxes": true,
      "merge_min_score": 0.2
    }
  }
}