{
  "stage": "1_2",
  "epoch": 3,
  "fold": 0,
  "wall_clock_seconds": 716.79,
  "lr": {
    "aggregator": 9.579287766642012e-05,
    "existence_head": 9.579287766642012e-05,
    "class_head": 4.789854450004363e-05,
    "box_head": 4.789854450004363e-05
  },
  "train": {
    "loss": 0.6183233674495451,
    "focal": 0.07162801867290851,
    "l1": 0.011218803123601021,
    "giou": 0.11382635178104523,
    "box_loss": 0.2837467227251299,
    "box_area_penalty": 0.0018245738840872241,
    "existence_kl": 0.0,
    "margin": 0.5188676926397509,
    "nt_xent": 0.03332320096031312,
    "grad_norm": 1.3525989324815813,
    "n_steps": 62
  },
  "val": {
    "overall": {
      "n": 100,
      "n_pos": 54,
      "n_neg": 46,
      "iou_mean": 0.18352323369536963,
      "iou_median": 0.0,
      "iou_p25": 0.0,
      "iou_p75": 0.021836814004927874,
      "contain_mean": 0.288277687297927,
      "contain_at_iou_50": 0.2222222222222222,
      "contain_at_iou_75": 0.2037037037037037,
      "ap_per_iou": {
        "0.50": 0.13474249943482106,
        "0.55": 0.13474249943482106,
        "0.60": 0.13474249943482106,
        "0.65": 0.13474249943482106,
        "0.70": 0.13474249943482106,
        "0.75": 0.12832023558681463,
        "0.80": 0.04303702109341369,
        "0.85": 0.0049504950495049506,
        "0.90": 0.0,
        "0.95": 0.0
      },
      "map_50": 0.13474249943482106,
      "map_75": 0.12832023558681463,
      "map_5095": 0.08500202489038386,
      "map_50_existence_only": 0.1397981604180485,
      "map_5095_existence_only": 0.08780381048138258,
      "map_50_score_only": 0.11620114643043253,
      "map_5095_score_only": 0.07442298576207367,
      "precision_50": 0.5294117647058824,
      "recall_50": 0.16666666666666666,
      "f1_50": 0.2535211267605634,
      "existence_acc": 0.57,
      "existence_acc_pos": 0.25925925925925924,
      "existence_acc_neg": 0.9347826086956522,
      "existence_auroc": 0.6936392914653784,
      "existence_pr_auc": 0.7364487418121942,
      "existence_brier": 0.24198700113032678,
      "existence_f1": 0.2535211267605634,
      "false_positive_rate": 0.06521739130434782,
      "false_negative_rate": 0.7407407407407407,
      "mean_score_pos": 0.4658058252599504,
      "mean_score_neg": 0.43141741597134137,
      "mean_pred_box_area": 0.05021602951339446,
      "frac_pred_box_too_big": 0.05,
      "mean_existence_prob": 0.4499871569871903,
      "frac_high_existence": 0.0,
      "prototype_norm_mean": 2.051634495258331,
      "prototype_norm_std": 0.20158151595321896
    },
    "per_source": {
      "hots": {
        "n": 36,
        "n_pos": 20,
        "n_neg": 16,
        "iou_mean": 0.48227718472480774,
        "iou_median": 0.7644608914852142,
        "iou_p25": 0.0,
        "iou_p75": 0.802248477935791,
        "contain_mean": 0.5841297686100007,
        "contain_at_iou_50": 0.6,
        "contain_at_iou_75": 0.55,
        "ap_per_iou": {
          "0.50": 0.38257094940263286,
          "0.55": 0.38257094940263286,
          "0.60": 0.38257094940263286,
          "0.65": 0.38257094940263286,
          "0.70": 0.38257094940263286,
          "0.75": 0.3555682491326058,
          "0.80": 0.11452145214521461,
          "0.85": 0.01452145214521452,
          "0.90": 0.0,
          "0.95": 0.0
        },
        "map_50": 0.38257094940263286,
        "map_75": 0.3555682491326058,
        "map_5095": 0.23974659004361992,
        "map_50_existence_only": 0.3919364990938257,
        "map_5095_existence_only": 0.2449488408833574,
        "map_50_score_only": 0.384563456345635,
        "map_5095_score_only": 0.24358599321470628,
        "precision_50": 0.5625,
        "recall_50": 0.45,
        "f1_50": 0.5,
        "existence_acc": 0.7777777777777778,
        "existence_acc_pos": 0.7,
        "existence_acc_neg": 0.875,
        "existence_auroc": 0.86875,
        "existence_pr_auc": 0.8647408275802286,
        "existence_brier": 0.21383606235742264,
        "existence_f1": 0.5,
        "false_positive_rate": 0.125,
        "false_negative_rate": 0.3,
        "mean_score_pos": 0.5222938790917396,
        "mean_score_neg": 0.43674033507704735,
        "mean_pred_box_area": 0.028731089428118948,
        "frac_pred_box_too_big": 0.0,
        "mean_existence_prob": 0.4842700817518764,
        "frac_high_existence": 0.0,
        "prototype_norm_mean": 1.8748246000872717,
        "prototype_norm_std": 0.15673221622578715
      },
      "insdet": {
        "n": 64,
        "n_pos": 34,
        "n_neg": 30,
        "iou_mean": 0.007785615442758974,
        "iou_median": 0.0,
        "iou_p25": 0.0,
        "iou_p75": 0.0,
        "contain_mean": 0.11424705123200136,
        "contain_at_iou_50": 0.0,
        "contain_at_iou_75": 0.0,
        "ap_per_iou": {
          "0.50": 0.0,
          "0.55": 0.0,
          "0.60": 0.0,
          "0.65": 0.0,
          "0.70": 0.0,
          "0.75": 0.0,
          "0.80": 0.0,
          "0.85": 0.0,
          "0.90": 0.0,
          "0.95": 0.0
        },
        "map_50": 0.0,
        "map_75": 0.0,
        "map_5095": 0.0,
        "map_50_existence_only": 0.0,
        "map_5095_existence_only": 0.0,
        "map_50_score_only": 0.0,
        "map_5095_score_only": 0.0,
        "precision_50": 0.0,
        "recall_50": 0.0,
        "f1_50": 0.0,
        "existence_acc": 0.453125,
        "existence_acc_pos": 0.0,
        "existence_acc_neg": 0.9666666666666667,
        "existence_auroc": 0.553921568627451,
        "existence_pr_auc": 0.5727999048587723,
        "existence_brier": 0.2578219041900854,
        "existence_f1": 0.0,
        "false_positive_rate": 0.03333333333333333,
        "false_negative_rate": 1.0,
        "mean_score_pos": 0.4325775583000744,
        "mean_score_neg": 0.42857852578163147,
        "mean_pred_box_area": 0.062301308311361936,
        "frac_pred_box_too_big": 0.078125,
        "mean_existence_prob": 0.4307030118070543,
        "frac_high_existence": 0.0,
        "prototype_norm_mean": 2.1510900612920523,
        "prototype_norm_std": 0.14931740259728016
      }
    },
    "tile_cfg": {
      "mode": "off",
      "levels": [
        1,
        2
      ],
      "overlap": 0.3,
      "for_sources": [
        "insdet"
      ],
      "nms_iou": 0.5,
      "top_k": 100,
      "score_combo": "existence_x_score",
      "edge_score_penalty": 0.5,
      "edge_px": 4,
      "merge_partial_boxes": true,
      "merge_min_score": 0.2
    }
  }
}