{
  "stage": "1_2",
  "epoch": 3,
  "fold": 4,
  "wall_clock_seconds": 718.94,
  "lr": {
    "aggregator": 9.186646558921336e-05,
    "existence_head": 9.186646558921336e-05,
    "class_head": 4.593730363265007e-05,
    "box_head": 4.593730363265007e-05
  },
  "train": {
    "loss": 0.5741119766908307,
    "focal": 0.0757500845938921,
    "l1": 0.017247911031928756,
    "giou": 0.08406835506039281,
    "box_loss": 0.2543762609843285,
    "box_area_penalty": 0.0027871997463667104,
    "existence_kl": 0.0,
    "margin": 0.4844505863804971,
    "nt_xent": 0.01481620090142373,
    "grad_norm": 1.7607038347951827,
    "n_steps": 62
  },
  "val": {
    "overall": {
      "n": 100,
      "n_pos": 51,
      "n_neg": 49,
      "iou_mean": 0.2272205295290298,
      "iou_median": 0.0,
      "iou_p25": 0.0,
      "iou_p75": 0.775010883808136,
      "contain_mean": 0.3602651912152913,
      "contain_at_iou_50": 0.27450980392156865,
      "contain_at_iou_75": 0.27450980392156865,
      "ap_per_iou": {
        "0.50": 0.17400689648796816,
        "0.55": 0.17400689648796816,
        "0.60": 0.17400689648796816,
        "0.65": 0.17400689648796816,
        "0.70": 0.17400689648796816,
        "0.75": 0.17400689648796816,
        "0.80": 0.05940594059405939,
        "0.85": 0.006854531607006856,
        "0.90": 0.0007616146230007616,
        "0.95": 0.0
      },
      "map_50": 0.17400689648796816,
      "map_75": 0.17400689648796816,
      "map_5095": 0.11110634657518759,
      "map_50_existence_only": 0.17654801194405156,
      "map_5095_existence_only": 0.11263101584883764,
      "map_50_score_only": 0.1525838218616319,
      "map_5095_score_only": 0.09707591920900012,
      "precision_50": 0.5,
      "recall_50": 0.21568627450980393,
      "f1_50": 0.3013698630136986,
      "existence_acc": 0.61,
      "existence_acc_pos": 0.3333333333333333,
      "existence_acc_neg": 0.8979591836734694,
      "existence_auroc": 0.7178871548619448,
      "existence_pr_auc": 0.7326996740520053,
      "existence_brier": 0.23479772222751838,
      "existence_f1": 0.3013698630136986,
      "false_positive_rate": 0.10204081632653061,
      "false_negative_rate": 0.6666666666666666,
      "mean_score_pos": 0.47978435544406667,
      "mean_score_neg": 0.43855392324681186,
      "mean_pred_box_area": 0.08493972425349057,
      "frac_pred_box_too_big": 0.07,
      "mean_existence_prob": 0.4595814436674118,
      "frac_high_existence": 0.0,
      "prototype_norm_mean": 1.9706848406791686,
      "prototype_norm_std": 0.15802339405939136
    },
    "per_source": {
      "hots": {
        "n": 35,
        "n_pos": 23,
        "n_neg": 12,
        "iou_mean": 0.5007791182269221,
        "iou_median": 0.7905122637748718,
        "iou_p25": 0.0,
        "iou_p75": 0.8225133419036865,
        "contain_mean": 0.5922324761100437,
        "contain_at_iou_50": 0.6086956521739131,
        "contain_at_iou_75": 0.6086956521739131,
        "ap_per_iou": {
          "0.50": 0.38231673307386793,
          "0.55": 0.38231673307386793,
          "0.60": 0.38231673307386793,
          "0.65": 0.38231673307386793,
          "0.70": 0.38231673307386793,
          "0.75": 0.38231673307386793,
          "0.80": 0.13201320132013208,
          "0.85": 0.015993907083015995,
          "0.90": 0.0019040365575019042,
          "0.95": 0.0
        },
        "map_50": 0.38231673307386793,
        "map_75": 0.38231673307386793,
        "map_5095": 0.24438115434038576,
        "map_50_existence_only": 0.3877265702760755,
        "map_5095_existence_only": 0.2476270566617103,
        "map_50_score_only": 0.39188708725945093,
        "map_5095_score_only": 0.2514988890193369,
        "precision_50": 0.5,
        "recall_50": 0.4782608695652174,
        "f1_50": 0.4888888888888889,
        "existence_acc": 0.6857142857142857,
        "existence_acc_pos": 0.7391304347826086,
        "existence_acc_neg": 0.5833333333333334,
        "existence_auroc": 0.7463768115942029,
        "existence_pr_auc": 0.8522648113502257,
        "existence_brier": 0.2240272046142292,
        "existence_f1": 0.4888888888888889,
        "false_positive_rate": 0.4166666666666667,
        "false_negative_rate": 0.2608695652173913,
        "mean_score_pos": 0.5307459196318751,
        "mean_score_neg": 0.47293708473443985,
        "mean_pred_box_area": 0.025131532403507403,
        "frac_pred_box_too_big": 0.0,
        "mean_existence_prob": 0.5109257476670401,
        "frac_high_existence": 0.0,
        "prototype_norm_mean": 1.8213415690830776,
        "prototype_norm_std": 0.09126822415091132
      },
      "insdet": {
        "n": 65,
        "n_pos": 28,
        "n_neg": 37,
        "iou_mean": 0.00251168881290401,
        "iou_median": 0.0,
        "iou_p25": 0.0,
        "iou_p75": 2.173704888264183e-05,
        "contain_mean": 0.16972063576603041,
        "contain_at_iou_50": 0.0,
        "contain_at_iou_75": 0.0,
        "ap_per_iou": {
          "0.50": 0.0,
          "0.55": 0.0,
          "0.60": 0.0,
          "0.65": 0.0,
          "0.70": 0.0,
          "0.75": 0.0,
          "0.80": 0.0,
          "0.85": 0.0,
          "0.90": 0.0,
          "0.95": 0.0
        },
        "map_50": 0.0,
        "map_75": 0.0,
        "map_5095": 0.0,
        "map_50_existence_only": 0.0,
        "map_5095_existence_only": 0.0,
        "map_50_score_only": 0.0,
        "map_5095_score_only": 0.0,
        "precision_50": 0.0,
        "recall_50": 0.0,
        "f1_50": 0.0,
        "existence_acc": 0.5692307692307692,
        "existence_acc_pos": 0.0,
        "existence_acc_neg": 1.0,
        "existence_auroc": 0.6264478764478765,
        "existence_pr_auc": 0.5224879948333513,
        "existence_brier": 0.24059723171159716,
        "existence_f1": 0.0,
        "false_positive_rate": 0.0,
        "false_negative_rate": 1.0,
        "mean_score_pos": 0.4379230705755098,
        "mean_score_neg": 0.4274026276292028,
        "mean_pred_box_area": 0.11714413524963535,
        "frac_pred_box_too_big": 0.1076923076923077,
        "mean_existence_prob": 0.431934510744535,
        "frac_high_existence": 0.0,
        "prototype_norm_mean": 2.0511004484616793,
        "prototype_norm_std": 0.12424765474544823
      }
    },
    "tile_cfg": {
      "mode": "off",
      "levels": [
        1,
        2
      ],
      "overlap": 0.3,
      "for_sources": [
        "insdet"
      ],
      "nms_iou": 0.5,
      "top_k": 100,
      "score_combo": "existence_x_score",
      "edge_score_penalty": 0.5,
      "edge_px": 4,
      "merge_partial_boxes": true,
      "merge_min_score": 0.2
    }
  }
}