{
  "stage": "1_2",
  "epoch": 3,
  "fold": 1,
  "wall_clock_seconds": 714.39,
  "lr": {
    "aggregator": 9.492462954550438e-05,
    "existence_head": 9.492462954550438e-05,
    "class_head": 4.746485499820483e-05,
    "box_head": 4.746485499820483e-05
  },
  "train": {
    "loss": 0.7323231430303666,
    "focal": 0.07569153901309736,
    "l1": 0.023257331982735666,
    "giou": 0.15114852882200672,
    "box_loss": 0.41858371659632654,
    "box_area_penalty": 0.0038577198417530574,
    "existence_kl": 0.0,
    "margin": 0.4730314746979744,
    "nt_xent": 0.011463742102346113,
    "grad_norm": 2.246291850843737,
    "n_steps": 62
  },
  "val": {
    "overall": {
      "n": 100,
      "n_pos": 54,
      "n_neg": 46,
      "iou_mean": 0.18518646070043798,
      "iou_median": 0.0,
      "iou_p25": 0.0,
      "iou_p75": 0.012478456599637866,
      "contain_mean": 0.2591372709031458,
      "contain_at_iou_50": 0.2222222222222222,
      "contain_at_iou_75": 0.2222222222222222,
      "ap_per_iou": {
        "0.50": 0.10000898048988571,
        "0.55": 0.10000898048988571,
        "0.60": 0.10000898048988571,
        "0.65": 0.10000898048988571,
        "0.70": 0.10000898048988571,
        "0.75": 0.10000898048988571,
        "0.80": 0.05387693941807973,
        "0.85": 0.008250825082508252,
        "0.90": 0.006050605060506051,
        "0.95": 0.0
      },
      "map_50": 0.10000898048988571,
      "map_75": 0.10000898048988571,
      "map_5095": 0.06682322525004084,
      "map_50_existence_only": 0.09932835388802039,
      "map_5095_existence_only": 0.06650485828982174,
      "map_50_score_only": 0.11510624746685195,
      "map_5095_score_only": 0.07883559523000355,
      "precision_50": 0.3333333333333333,
      "recall_50": 0.14814814814814814,
      "f1_50": 0.20512820512820512,
      "existence_acc": 0.52,
      "existence_acc_pos": 0.2777777777777778,
      "existence_acc_neg": 0.8043478260869565,
      "existence_auroc": 0.5998389694041868,
      "existence_pr_auc": 0.623697459426318,
      "existence_brier": 0.24914130920986322,
      "existence_f1": 0.20512820512820512,
      "false_positive_rate": 0.1956521739130435,
      "false_negative_rate": 0.7222222222222222,
      "mean_score_pos": 0.469173123439153,
      "mean_score_neg": 0.44837137020152545,
      "mean_pred_box_area": 0.08986344873555936,
      "frac_pred_box_too_big": 0.06,
      "mean_existence_prob": 0.4596043169498444,
      "frac_high_existence": 0.0,
      "prototype_norm_mean": 2.0232770550251007,
      "prototype_norm_std": 0.1447395309210312
    },
    "per_source": {
      "hots": {
        "n": 36,
        "n_pos": 21,
        "n_neg": 15,
        "iou_mean": 0.4735264551071894,
        "iou_median": 0.7704343199729919,
        "iou_p25": 0.0,
        "iou_p75": 0.8430130481719971,
        "contain_mean": 0.5631686193602425,
        "contain_at_iou_50": 0.5714285714285714,
        "contain_at_iou_75": 0.5714285714285714,
        "ap_per_iou": {
          "0.50": 0.2931793179317927,
          "0.55": 0.2931793179317927,
          "0.60": 0.2931793179317927,
          "0.65": 0.2931793179317927,
          "0.70": 0.2931793179317927,
          "0.75": 0.2931793179317927,
          "0.80": 0.14965727341964982,
          "0.85": 0.023800456968773805,
          "0.90": 0.01618431073876618,
          "0.95": 0.0
        },
        "map_50": 0.2931793179317927,
        "map_75": 0.2931793179317927,
        "map_5095": 0.1948717948717946,
        "map_50_existence_only": 0.28484386900228487,
        "map_5095_existence_only": 0.1898705255140899,
        "map_50_score_only": 0.3450114242193444,
        "map_5095_score_only": 0.23400473289087115,
        "precision_50": 0.38095238095238093,
        "recall_50": 0.38095238095238093,
        "f1_50": 0.38095238095238093,
        "existence_acc": 0.6666666666666666,
        "existence_acc_pos": 0.7142857142857143,
        "existence_acc_neg": 0.6,
        "existence_auroc": 0.6825396825396826,
        "existence_pr_auc": 0.694316319172826,
        "existence_brier": 0.2292951917905762,
        "existence_f1": 0.38095238095238093,
        "false_positive_rate": 0.4,
        "false_negative_rate": 0.2857142857142857,
        "mean_score_pos": 0.5349887141159603,
        "mean_score_neg": 0.4835039496421814,
        "mean_pred_box_area": 0.060852125086562917,
        "frac_pred_box_too_big": 0.027777777777777776,
        "mean_existence_prob": 0.5135367289185524,
        "frac_high_existence": 0.0,
        "prototype_norm_mean": 1.929480254650116,
        "prototype_norm_std": 0.17010284924828475
      },
      "insdet": {
        "n": 64,
        "n_pos": 33,
        "n_neg": 31,
        "iou_mean": 0.0016973733506870992,
        "iou_median": 0.0,
        "iou_p25": 0.0,
        "iou_p75": 0.0,
        "contain_mean": 0.06566277643044789,
        "contain_at_iou_50": 0.0,
        "contain_at_iou_75": 0.0,
        "ap_per_iou": {
          "0.50": 0.0,
          "0.55": 0.0,
          "0.60": 0.0,
          "0.65": 0.0,
          "0.70": 0.0,
          "0.75": 0.0,
          "0.80": 0.0,
          "0.85": 0.0,
          "0.90": 0.0,
          "0.95": 0.0
        },
        "map_50": 0.0,
        "map_75": 0.0,
        "map_5095": 0.0,
        "map_50_existence_only": 0.0,
        "map_5095_existence_only": 0.0,
        "map_50_score_only": 0.0,
        "map_5095_score_only": 0.0,
        "precision_50": 0.0,
        "recall_50": 0.0,
        "f1_50": 0.0,
        "existence_acc": 0.4375,
        "existence_acc_pos": 0.0,
        "existence_acc_neg": 0.9032258064516129,
        "existence_auroc": 0.48191593352883677,
        "existence_pr_auc": 0.4990627346818736,
        "existence_brier": 0.26030475025821215,
        "existence_f1": 0.0,
        "false_positive_rate": 0.0967741935483871,
        "false_negative_rate": 1.0,
        "mean_score_pos": 0.42729047482663934,
        "mean_score_neg": 0.4313717349883049,
        "mean_pred_box_area": 0.10618231828811986,
        "frac_pred_box_too_big": 0.078125,
        "mean_existence_prob": 0.4292673352174461,
        "frac_high_existence": 0.0,
        "prototype_norm_mean": 2.0760377552360296,
        "prototype_norm_std": 0.09481819583733873
      }
    },
    "tile_cfg": {
      "mode": "off",
      "levels": [
        1,
        2
      ],
      "overlap": 0.3,
      "for_sources": [
        "insdet"
      ],
      "nms_iou": 0.5,
      "top_k": 100,
      "score_combo": "existence_x_score",
      "edge_score_penalty": 0.5,
      "edge_px": 4,
      "merge_partial_boxes": true,
      "merge_min_score": 0.2
    }
  }
}