{
  "stage": "1_2",
  "epoch": 3,
  "fold": 1,
  "wall_clock_seconds": 307.73,
  "lr": {
    "aggregator": 9.492462954550438e-05,
    "existence_head": 9.492462954550438e-05,
    "class_head": 4.746485499820483e-05,
    "box_head": 4.746485499820483e-05
  },
  "train": {
    "loss": 1.5997475630814029,
    "focal": 0.08030013956369893,
    "l1": 0.09916281874381727,
    "giou": 0.3940611808530746,
    "box_loss": 1.283936454403785,
    "box_area_penalty": 0.0052400415919574665,
    "existence_kl": 0.0,
    "margin": 0.4677417912790852,
    "nt_xent": 0.011160696946805524,
    "grad_norm": 2.620951541008488,
    "n_steps": 62,
    "aggregator_alpha": -0.024094078689813614
  },
  "val": {
    "overall": {
      "n": 100,
      "n_pos": 54,
      "n_neg": 46,
      "iou_mean": 0.20131559607020957,
      "iou_median": 0.0,
      "iou_p25": 0.0,
      "iou_p75": 0.041631520725786686,
      "contain_mean": 0.3946992876353087,
      "contain_at_iou_50": 0.24074074074074073,
      "contain_at_iou_75": 0.2222222222222222,
      "ap_per_iou": {
        "0.50": 0.1042039875710214,
        "0.55": 0.1042039875710214,
        "0.60": 0.1042039875710214,
        "0.65": 0.1042039875710214,
        "0.70": 0.07791685375007089,
        "0.75": 0.07791685375007089,
        "0.80": 0.05915995326240698,
        "0.85": 0.015014688282015019,
        "0.90": 0.011424219345011423,
        "0.95": 0.0
      },
      "map_50": 0.1042039875710214,
      "map_75": 0.07791685375007089,
      "map_5095": 0.06582485186736607,
      "map_50_existence_only": 0.10584229699968854,
      "map_5095_existence_only": 0.06683627911862802,
      "map_50_score_only": 0.10612253408789195,
      "map_5095_score_only": 0.06710583882431438,
      "precision_50": 0.25,
      "recall_50": 0.09259259259259259,
      "f1_50": 0.13513513513513514,
      "existence_acc": 0.54,
      "existence_acc_pos": 0.25925925925925924,
      "existence_acc_neg": 0.8695652173913043,
      "existence_auroc": 0.6867954911433173,
      "existence_pr_auc": 0.6878866690009762,
      "existence_brier": 0.24174939388785469,
      "existence_f1": 0.13513513513513514,
      "false_positive_rate": 0.13043478260869565,
      "false_negative_rate": 0.7407407407407407,
      "mean_score_pos": 0.47261336556187383,
      "mean_score_neg": 0.440566567623097,
      "proto_score_pos": 0.9651311382099435,
      "proto_score_neg": 0.9202398787374082,
      "proto_score_gap": 0.04489125947253525,
      "mean_pred_box_area": 0.13428008348040749,
      "frac_pred_box_too_big": 0.08,
      "mean_existence_prob": 0.4578718385100365,
      "frac_high_existence": 0.0,
      "prototype_norm_mean": 2.130225843191147,
      "prototype_norm_std": 0.2542100902849663
    },
    "per_source": {
      "hots": {
        "n": 36,
        "n_pos": 21,
        "n_neg": 15,
        "iou_mean": 0.5100099983669463,
        "iou_median": 0.7742509841918945,
        "iou_p25": 0.0,
        "iou_p75": 0.8468050956726074,
        "contain_mean": 0.6075100217546735,
        "contain_at_iou_50": 0.6190476190476191,
        "contain_at_iou_75": 0.5714285714285714,
        "ap_per_iou": {
          "0.50": 0.4151386411933118,
          "0.55": 0.4151386411933118,
          "0.60": 0.4151386411933118,
          "0.65": 0.4151386411933118,
          "0.70": 0.33161478156097174,
          "0.75": 0.33161478156097174,
          "0.80": 0.21595051662028944,
          "0.85": 0.05683901723505683,
          "0.90": 0.033753375337533746,
          "0.95": 0.0
        },
        "map_50": 0.4151386411933118,
        "map_75": 0.33161478156097174,
        "map_5095": 0.26303270370880705,
        "map_50_existence_only": 0.41010227396366056,
        "map_5095_existence_only": 0.26033619845501044,
        "map_50_score_only": 0.44273417489532213,
        "map_5095_score_only": 0.27976508241957204,
        "precision_50": 0.5555555555555556,
        "recall_50": 0.23809523809523808,
        "f1_50": 0.33333333333333326,
        "existence_acc": 0.5,
        "existence_acc_pos": 0.2857142857142857,
        "existence_acc_neg": 0.8,
        "existence_auroc": 0.6984126984126984,
        "existence_pr_auc": 0.7513063815409033,
        "existence_brier": 0.23602802736495854,
        "existence_f1": 0.33333333333333326,
        "false_positive_rate": 0.2,
        "false_negative_rate": 0.7142857142857143,
        "mean_score_pos": 0.4850497245788574,
        "mean_score_neg": 0.431814843416214,
        "proto_score_pos": 0.9426457172348386,
        "proto_score_neg": 0.8162170886993408,
        "proto_score_gap": 0.12642862853549774,
        "mean_pred_box_area": 0.06717372970888391,
        "frac_pred_box_too_big": 0.027777777777777776,
        "mean_existence_prob": 0.46286852409442264,
        "frac_high_existence": 0.0,
        "prototype_norm_mean": 1.9835981296168432,
        "prototype_norm_std": 0.33252239619067103
      },
      "insdet": {
        "n": 64,
        "n_pos": 33,
        "n_neg": 31,
        "iou_mean": 0.004873703699558973,
        "iou_median": 0.0,
        "iou_p25": 0.0,
        "iou_p75": 0.002436168259009719,
        "contain_mean": 0.2592742750138948,
        "contain_at_iou_50": 0.0,
        "contain_at_iou_75": 0.0,
        "ap_per_iou": {
          "0.50": 0.0,
          "0.55": 0.0,
          "0.60": 0.0,
          "0.65": 0.0,
          "0.70": 0.0,
          "0.75": 0.0,
          "0.80": 0.0,
          "0.85": 0.0,
          "0.90": 0.0,
          "0.95": 0.0
        },
        "map_50": 0.0,
        "map_75": 0.0,
        "map_5095": 0.0,
        "map_50_existence_only": 0.0,
        "map_5095_existence_only": 0.0,
        "map_50_score_only": 0.0,
        "map_5095_score_only": 0.0,
        "precision_50": 0.0,
        "recall_50": 0.0,
        "f1_50": 0.0,
        "existence_acc": 0.5625,
        "existence_acc_pos": 0.24242424242424243,
        "existence_acc_neg": 0.9032258064516129,
        "existence_auroc": 0.6617790811339198,
        "existence_pr_auc": 0.6391499698748435,
        "existence_brier": 0.24496766255698374,
        "existence_f1": 0.0,
        "false_positive_rate": 0.0967741935483871,
        "false_negative_rate": 0.7575757575757576,
        "mean_score_pos": 0.46469931891470245,
        "mean_score_neg": 0.44480127288449195,
        "proto_score_pos": 0.9794400424668284,
        "proto_score_neg": 0.9705734868203441,
        "proto_score_gap": 0.008866555646484309,
        "mean_pred_box_area": 0.1720274074768895,
        "frac_pred_box_too_big": 0.109375,
        "mean_existence_prob": 0.45506120286881924,
        "frac_high_existence": 0.0,
        "prototype_norm_mean": 2.2127039320766926,
        "prototype_norm_std": 0.14465650787495302
      }
    },
    "tile_cfg": {
      "mode": "off",
      "levels": [
        1,
        2
      ],
      "overlap": 0.3,
      "for_sources": [
        "insdet"
      ],
      "nms_iou": 0.5,
      "top_k": 100,
      "score_combo": "existence_x_score",
      "edge_score_penalty": 0.5,
      "edge_px": 4,
      "merge_partial_boxes": true,
      "merge_min_score": 0.2
    }
  }
}