{
  "stage": "1_2",
  "epoch": 3,
  "fold": 3,
  "wall_clock_seconds": 720.03,
  "lr": {
    "aggregator": 9.29597450207758e-05,
    "existence_head": 9.29597450207758e-05,
    "class_head": 4.6483396161528606e-05,
    "box_head": 4.6483396161528606e-05
  },
  "train": {
    "loss": 0.6696497552817867,
    "focal": 0.07251501744312625,
    "l1": 0.011427487877588119,
    "giou": 0.15479941281580156,
    "box_loss": 0.36673626159468004,
    "box_area_penalty": 0.0011776500727019965,
    "existence_kl": 0.0,
    "margin": 0.4527090710978354,
    "nt_xent": 0.03926172044368521,
    "grad_norm": NaN,
    "n_steps": 62
  },
  "val": {
    "overall": {
      "n": 100,
      "n_pos": 53,
      "n_neg": 47,
      "iou_mean": 0.27668486704241557,
      "iou_median": 0.0,
      "iou_p25": 0.0,
      "iou_p75": 0.7759193778038025,
      "contain_mean": 0.32077874383836424,
      "contain_at_iou_50": 0.33962264150943394,
      "contain_at_iou_75": 0.3018867924528302,
      "ap_per_iou": {
        "0.50": 0.19806416974935234,
        "0.55": 0.19806416974935234,
        "0.60": 0.19806416974935234,
        "0.65": 0.1935745851366294,
        "0.70": 0.16533952677733793,
        "0.75": 0.16533952677733793,
        "0.80": 0.07806980570718686,
        "0.85": 0.014716381602145808,
        "0.90": 0.0,
        "0.95": 0.0
      },
      "map_50": 0.19806416974935234,
      "map_75": 0.16533952677733793,
      "map_5095": 0.12112323352486949,
      "map_50_existence_only": 0.1975654151614811,
      "map_5095_existence_only": 0.12079019337064285,
      "map_50_score_only": 0.20754149105154987,
      "map_5095_score_only": 0.1309765110441315,
      "precision_50": 0.5263157894736842,
      "recall_50": 0.18867924528301888,
      "f1_50": 0.27777777777777773,
      "existence_acc": 0.54,
      "existence_acc_pos": 0.24528301886792453,
      "existence_acc_neg": 0.8723404255319149,
      "existence_auroc": 0.6202328382175833,
      "existence_pr_auc": 0.6805889644748256,
      "existence_brier": 0.24488968887569115,
      "existence_f1": 0.27777777777777773,
      "false_positive_rate": 0.1276595744680851,
      "false_negative_rate": 0.7547169811320755,
      "mean_score_pos": 0.47263932003165193,
      "mean_score_neg": 0.44874414801597595,
      "mean_pred_box_area": 0.018948262456688097,
      "frac_pred_box_too_big": 0.0,
      "mean_existence_prob": 0.46140858918428423,
      "frac_high_existence": 0.0,
      "prototype_norm_mean": 2.026429110765457,
      "prototype_norm_std": 0.18759886509441062
    },
    "per_source": {
      "hots": {
        "n": 35,
        "n_pos": 20,
        "n_neg": 15,
        "iou_mean": 0.6556420683860779,
        "iou_median": 0.8090278506278992,
        "iou_p25": 0.746574193239212,
        "iou_p75": 0.8471949547529221,
        "contain_mean": 0.7511831998825074,
        "contain_at_iou_50": 0.8,
        "contain_at_iou_75": 0.75,
        "ap_per_iou": {
          "0.50": 0.5479587713134599,
          "0.55": 0.5479587713134599,
          "0.60": 0.5479587713134599,
          "0.65": 0.5479587713134599,
          "0.70": 0.47414635882894507,
          "0.75": 0.47414635882894507,
          "0.80": 0.22552255225522547,
          "0.85": 0.04980498049804978,
          "0.90": 0.0,
          "0.95": 0.0
        },
        "map_50": 0.5479587713134599,
        "map_75": 0.47414635882894507,
        "map_5095": 0.3415455335665005,
        "map_50_existence_only": 0.5441627873194559,
        "map_5095_existence_only": 0.33878820655174763,
        "map_50_score_only": 0.5839026210313345,
        "map_5095_score_only": 0.37302396906357327,
        "precision_50": 0.5263157894736842,
        "recall_50": 0.5,
        "f1_50": 0.5128205128205129,
        "existence_acc": 0.6285714285714286,
        "existence_acc_pos": 0.65,
        "existence_acc_neg": 0.6,
        "existence_auroc": 0.7566666666666667,
        "existence_pr_auc": 0.8367309916568229,
        "existence_brier": 0.2271163518648794,
        "existence_f1": 0.5128205128205129,
        "false_positive_rate": 0.4,
        "false_negative_rate": 0.35,
        "mean_score_pos": 0.5273542001843452,
        "mean_score_neg": 0.47192762096722923,
        "mean_pred_box_area": 0.021592862657936557,
        "frac_pred_box_too_big": 0.0,
        "mean_existence_prob": 0.5035999519484383,
        "frac_high_existence": 0.0,
        "prototype_norm_mean": 1.8085661547524587,
        "prototype_norm_std": 0.10961895710251385
      },
      "insdet": {
        "n": 65,
        "n_pos": 33,
        "n_neg": 32,
        "iou_mean": 0.047013835925044434,
        "iou_median": 0.0,
        "iou_p25": 0.0,
        "iou_p75": 0.0,
        "contain_mean": 0.059927558357065376,
        "contain_at_iou_50": 0.06060606060606061,
        "contain_at_iou_75": 0.030303030303030304,
        "ap_per_iou": {
          "0.50": 0.01518151815181518,
          "0.55": 0.01518151815181518,
          "0.60": 0.01518151815181518,
          "0.65": 0.0132013201320132,
          "0.70": 0.0132013201320132,
          "0.75": 0.0132013201320132,
          "0.80": 0.0132013201320132,
          "0.85": 0.0,
          "0.90": 0.0,
          "0.95": 0.0
        },
        "map_50": 0.01518151815181518,
        "map_75": 0.0132013201320132,
        "map_5095": 0.009834983498349834,
        "map_50_existence_only": 0.01518151815181518,
        "map_5095_existence_only": 0.009834983498349834,
        "map_50_score_only": 0.007404942174889758,
        "map_5095_score_only": 0.00448456610366919,
        "precision_50": 0.0,
        "recall_50": 0.0,
        "f1_50": 0.0,
        "existence_acc": 0.49230769230769234,
        "existence_acc_pos": 0.0,
        "existence_acc_neg": 1.0,
        "existence_auroc": 0.5321969696969697,
        "existence_pr_auc": 0.5349262805062491,
        "existence_brier": 0.25445994726612825,
        "existence_f1": 0.0,
        "false_positive_rate": 0.0,
        "false_negative_rate": 1.0,
        "mean_score_pos": 0.43947878660577716,
        "mean_score_neg": 0.437876895070076,
        "mean_pred_box_area": 0.01752424696370816,
        "frac_pred_box_too_big": 0.0,
        "mean_existence_prob": 0.4386901630805089,
        "frac_high_existence": 0.0,
        "prototype_norm_mean": 2.1437399332339946,
        "prototype_norm_std": 0.09012292759778842
      }
    },
    "tile_cfg": {
      "mode": "off",
      "levels": [
        1,
        2
      ],
      "overlap": 0.3,
      "for_sources": [
        "insdet"
      ],
      "nms_iou": 0.5,
      "top_k": 100,
      "score_combo": "existence_x_score",
      "edge_score_penalty": 0.5,
      "edge_px": 4,
      "merge_partial_boxes": true,
      "merge_min_score": 0.2
    }
  }
}