{
  "stage": "1_2",
  "epoch": 3,
  "fold": 2,
  "wall_clock_seconds": 718.72,
  "lr": {
    "aggregator": 9.397971387276415e-05,
    "existence_head": 9.397971387276415e-05,
    "class_head": 4.699287009260187e-05,
    "box_head": 4.699287009260187e-05
  },
  "train": {
    "loss": 0.7628960116736351,
    "focal": 0.07065924220988827,
    "l1": 0.015785856983594356,
    "giou": 0.18309438901562844,
    "box_loss": 0.4451180533055336,
    "box_area_penalty": 0.00045903363535481116,
    "existence_kl": 0.0,
    "margin": 0.49127212647468815,
    "nt_xent": 0.01436744699434888,
    "grad_norm": 1.6180929176269039,
    "n_steps": 62
  },
  "val": {
    "overall": {
      "n": 100,
      "n_pos": 46,
      "n_neg": 54,
      "iou_mean": 0.2016145227927431,
      "iou_median": 0.00014991284115239978,
      "iou_p25": 0.0,
      "iou_p75": 0.2341429777443409,
      "contain_mean": 0.47644199625305506,
      "contain_at_iou_50": 0.2391304347826087,
      "contain_at_iou_75": 0.1956521739130435,
      "ap_per_iou": {
        "0.50": 0.15264111204057007,
        "0.55": 0.14677603164987155,
        "0.60": 0.14677603164987155,
        "0.65": 0.14677603164987155,
        "0.70": 0.14677603164987155,
        "0.75": 0.12796496356577455,
        "0.80": 0.10101068985676717,
        "0.85": 0.013695101693144262,
        "0.90": 0.0,
        "0.95": 0.0
      },
      "map_50": 0.15264111204057007,
      "map_75": 0.12796496356577455,
      "map_5095": 0.09824159937557422,
      "map_50_existence_only": 0.153262015299517,
      "map_5095_existence_only": 0.09836142439729605,
      "map_50_score_only": 0.1511370192032513,
      "map_5095_score_only": 0.09669365672148403,
      "precision_50": 0.32,
      "recall_50": 0.17391304347826086,
      "f1_50": 0.22535211267605634,
      "existence_acc": 0.57,
      "existence_acc_pos": 0.30434782608695654,
      "existence_acc_neg": 0.7962962962962963,
      "existence_auroc": 0.6497584541062802,
      "existence_pr_auc": 0.6230911610852631,
      "existence_brier": 0.2385118615521539,
      "existence_f1": 0.22535211267605634,
      "false_positive_rate": 0.2037037037037037,
      "false_negative_rate": 0.6956521739130435,
      "mean_score_pos": 0.4945687392483587,
      "mean_score_neg": 0.46498241027196247,
      "mean_pred_box_area": 0.1879427705449052,
      "frac_pred_box_too_big": 0.2,
      "mean_existence_prob": 0.47859212160110476,
      "frac_high_existence": 0.0,
      "prototype_norm_mean": 2.028801711797714,
      "prototype_norm_std": 0.1517566169119944
    },
    "per_source": {
      "hots": {
        "n": 35,
        "n_pos": 18,
        "n_neg": 17,
        "iou_mean": 0.4902161922719743,
        "iou_median": 0.7679095566272736,
        "iou_p25": 0.0,
        "iou_p75": 0.8282857090234756,
        "contain_mean": 0.6003814538319906,
        "contain_at_iou_50": 0.6111111111111112,
        "contain_at_iou_75": 0.5,
        "ap_per_iou": {
          "0.50": 0.4136469553548767,
          "0.55": 0.38757797483045003,
          "0.60": 0.38757797483045003,
          "0.65": 0.38757797483045003,
          "0.70": 0.38757797483045003,
          "0.75": 0.34131033982519127,
          "0.80": 0.2672709716026548,
          "0.85": 0.03915787183113916,
          "0.90": 0.0,
          "0.95": 0.0
        },
        "map_50": 0.4136469553548767,
        "map_75": 0.34131033982519127,
        "map_5095": 0.26116980379356625,
        "map_50_existence_only": 0.414962420611809,
        "map_5095_existence_only": 0.2610754083811742,
        "map_50_score_only": 0.4265171189837568,
        "map_5095_score_only": 0.2659687249183589,
        "precision_50": 0.38095238095238093,
        "recall_50": 0.4444444444444444,
        "f1_50": 0.41025641025641024,
        "existence_acc": 0.6857142857142857,
        "existence_acc_pos": 0.7777777777777778,
        "existence_acc_neg": 0.5882352941176471,
        "existence_auroc": 0.7189542483660131,
        "existence_pr_auc": 0.7459991226895889,
        "existence_brier": 0.23062150712585283,
        "existence_f1": 0.41025641025641024,
        "false_positive_rate": 0.4117647058823529,
        "false_negative_rate": 0.2222222222222222,
        "mean_score_pos": 0.5566352274682786,
        "mean_score_neg": 0.5039764607653898,
        "mean_pred_box_area": 0.05933611591213516,
        "frac_pred_box_too_big": 0.02857142857142857,
        "mean_existence_prob": 0.5310581122125898,
        "frac_high_existence": 0.0,
        "prototype_norm_mean": 1.9440999405724662,
        "prototype_norm_std": 0.1296168198742231
      },
      "insdet": {
        "n": 65,
        "n_pos": 28,
        "n_neg": 37,
        "iou_mean": 0.016084878127523034,
        "iou_median": 0.0,
        "iou_p25": 0.0,
        "iou_p75": 0.0028165815747343004,
        "contain_mean": 0.39676663066659656,
        "contain_at_iou_50": 0.0,
        "contain_at_iou_75": 0.0,
        "ap_per_iou": {
          "0.50": 0.0,
          "0.55": 0.0,
          "0.60": 0.0,
          "0.65": 0.0,
          "0.70": 0.0,
          "0.75": 0.0,
          "0.80": 0.0,
          "0.85": 0.0,
          "0.90": 0.0,
          "0.95": 0.0
        },
        "map_50": 0.0,
        "map_75": 0.0,
        "map_5095": 0.0,
        "map_50_existence_only": 0.0,
        "map_5095_existence_only": 0.0,
        "map_50_score_only": 0.0,
        "map_5095_score_only": 0.0,
        "precision_50": 0.0,
        "recall_50": 0.0,
        "f1_50": 0.0,
        "existence_acc": 0.5076923076923077,
        "existence_acc_pos": 0.0,
        "existence_acc_neg": 0.8918918918918919,
        "existence_auroc": 0.5994208494208494,
        "existence_pr_auc": 0.4775003603976028,
        "existence_brier": 0.2427605139355468,
        "existence_f1": 0.0,
        "false_positive_rate": 0.10810810810810811,
        "false_negative_rate": 1.0,
        "mean_score_pos": 0.45466885396412443,
        "mean_score_neg": 0.4470662249101175,
        "mean_pred_box_area": 0.25719250765485835,
        "frac_pred_box_too_big": 0.2923076923076923,
        "mean_existence_prob": 0.45034120357953583,
        "frac_high_existence": 0.0,
        "prototype_norm_mean": 2.0744103578420785,
        "prototype_norm_std": 0.14374706609832463
      }
    },
    "tile_cfg": {
      "mode": "off",
      "levels": [
        1,
        2
      ],
      "overlap": 0.3,
      "for_sources": [
        "insdet"
      ],
      "nms_iou": 0.5,
      "top_k": 100,
      "score_combo": "existence_x_score",
      "edge_score_penalty": 0.5,
      "edge_px": 4,
      "merge_partial_boxes": true,
      "merge_min_score": 0.2
    }
  }
}