{
  "stage": "L2",
  "epoch": 8,
  "fold": 2,
  "wall_clock_seconds": 387.45,
  "lr": {
    "fusion": 2.7458873753658148e-05,
    "class_head": 1.3765743746822265e-05,
    "box_head": 1.3765743746822265e-05
  },
  "train": {
    "loss": 4.2195995426177975,
    "patch_ce": 2.45117822265625,
    "l1": 0.03698489070311189,
    "giou": 0.7917484347820282,
    "grad_norm": 10.860271453857422,
    "n_steps": 250,
    "alpha": 0.04764322191476822
  },
  "val": {
    "overall": {
      "n": 100,
      "n_pos": 100,
      "iou_mean": 0.527213566750288,
      "iou_median": 0.675601989030838,
      "iou_p25": 0.0,
      "iou_p75": 0.8654046952724457,
      "iou_std": 0.379821013347061,
      "frac_iou_25": 0.68,
      "frac_iou_50": 0.61,
      "frac_iou_75": 0.46,
      "frac_iou_90": 0.19,
      "containment_mean": 0.5856075485795736,
      "containment_median": 0.8137565851211548,
      "containment_p25": 0.0,
      "containment_p75": 0.9459039717912674,
      "containment_std": 0.41360293359678113,
      "frac_containment_50": 0.65,
      "frac_containment_75": 0.54,
      "frac_containment_90": 0.37,
      "frac_containment_full": 0.08,
      "contain_at_iou_50": 0.61,
      "contain_at_iou_75": 0.46,
      "high_contain_high_iou": 0.36,
      "ap_per_iou": {
        "0.50": 0.4867198570140714,
        "0.55": 0.46441426974531125,
        "0.60": 0.4192000328575748,
        "0.65": 0.3733295600997219,
        "0.70": 0.3733295600997219,
        "0.75": 0.3303278591954289,
        "0.80": 0.2081557472865805,
        "0.85": 0.12028130465071363,
        "0.90": 0.06902877319787491,
        "0.95": 0.0033041278811425444
      },
      "map_50": 0.4867198570140714,
      "map_75": 0.3303278591954289,
      "map_5095": 0.28480910920281416,
      "map_50_containment": 0.5318701786893937,
      "map_90_containment": 0.21434296021186544,
      "mean_pred_box_area": 0.007094065540186278,
      "std_pred_box_area": 0.015973342948138375,
      "frac_pred_box_too_big": 0.0,
      "frac_pred_box_too_small": 0.81,
      "mean_gt_box_area": 0.009510165504383623,
      "pred_to_gt_area_ratio_mean": 1.0279727107582892,
      "pred_to_gt_area_ratio_median": 0.956849134592357,
      "log_area_ratio_mean": -0.15766715511313317,
      "log_area_ratio_std": 0.7304744755046643,
      "center_distance_mean": 0.08507907611610195,
      "center_distance_median": 0.005583737772121022,
      "score_mean": 0.7576478055119514,
      "score_std": 0.2224664469429606,
      "score_p25": 0.5965826511383057,
      "score_p75": 0.9361045211553574,
      "score_iou_correlation": 0.43250000176885545
    },
    "per_source": {
      "hots": {
        "n": 36,
        "n_pos": 36,
        "iou_mean": 0.5165281105372641,
        "iou_median": 0.777662456035614,
        "iou_p25": 0.0,
        "iou_p75": 0.8811017423868179,
        "iou_std": 0.4118452849840594,
        "frac_iou_25": 0.6388888888888888,
        "frac_iou_50": 0.6111111111111112,
        "frac_iou_75": 0.5277777777777778,
        "frac_iou_90": 0.25,
        "containment_mean": 0.55260262472762,
        "containment_median": 0.7958799600601196,
        "containment_p25": 0.0,
        "containment_p75": 0.9575115442276001,
        "containment_std": 0.4408780601886404,
        "frac_containment_50": 0.6111111111111112,
        "frac_containment_75": 0.5277777777777778,
        "frac_containment_90": 0.3888888888888889,
        "frac_containment_full": 0.08333333333333333,
        "contain_at_iou_50": 0.6111111111111112,
        "contain_at_iou_75": 0.5277777777777778,
        "high_contain_high_iou": 0.3888888888888889,
        "ap_per_iou": {
          "0.50": 0.5122562256225625,
          "0.55": 0.4639513951395137,
          "0.60": 0.4639513951395137,
          "0.65": 0.39876800180018007,
          "0.70": 0.39876800180018007,
          "0.75": 0.39876800180018007,
          "0.80": 0.2990554785529488,
          "0.85": 0.15548340781577172,
          "0.90": 0.09942211799866159,
          "0.95": 0.0029702970297029708
        },
        "map_50": 0.5122562256225625,
        "map_75": 0.39876800180018007,
        "map_5095": 0.3193394322699215,
        "map_50_containment": 0.5122562256225625,
        "map_90_containment": 0.2620100595667509,
        "mean_pred_box_area": 0.01701483368565807,
        "std_pred_box_area": 0.023707550330492717,
        "frac_pred_box_too_big": 0.0,
        "frac_pred_box_too_small": 0.4722222222222222,
        "mean_gt_box_area": 0.02324320514380816,
        "pred_to_gt_area_ratio_mean": 0.9407250477757396,
        "pred_to_gt_area_ratio_median": 0.9300162487551924,
        "log_area_ratio_mean": -0.3592983193209949,
        "log_area_ratio_std": 0.9749362828325974,
        "center_distance_mean": 0.13906848701087085,
        "center_distance_median": 0.009629870086206114,
        "score_mean": 0.7881990257236693,
        "score_std": 0.23540143773689878,
        "score_p25": 0.5774762630462646,
        "score_p75": 0.9755004197359085,
        "score_iou_correlation": 0.4806387445336838
      },
      "insdet": {
        "n": 64,
        "n_pos": 64,
        "iou_mean": 0.533224135870114,
        "iou_median": 0.6329980790615082,
        "iou_p25": 0.04917277209460735,
        "iou_p75": 0.8385350257158279,
        "iou_std": 0.3638230599029087,
        "frac_iou_25": 0.703125,
        "frac_iou_50": 0.609375,
        "frac_iou_75": 0.421875,
        "frac_iou_90": 0.15625,
        "containment_mean": 0.6041728182462975,
        "containment_median": 0.8239879608154297,
        "containment_p25": 0.11671624518930912,
        "containment_p75": 0.9364155530929565,
        "containment_std": 0.3998278500922756,
        "frac_containment_50": 0.671875,
        "frac_containment_75": 0.546875,
        "frac_containment_90": 0.359375,
        "frac_containment_full": 0.078125,
        "contain_at_iou_50": 0.609375,
        "contain_at_iou_75": 0.421875,
        "high_contain_high_iou": 0.34375,
        "ap_per_iou": {
          "0.50": 0.4649859269155737,
          "0.55": 0.4649859269155737,
          "0.60": 0.39609799922996525,
          "0.65": 0.3614987776950197,
          "0.70": 0.3614987776950197,
          "0.75": 0.2916505111091857,
          "0.80": 0.14309173803096273,
          "0.85": 0.09723608019716701,
          "0.90": 0.054982112062471264,
          "0.95": 0.0029702970297029703
        },
        "map_50": 0.4649859269155737,
        "map_75": 0.2916505111091857,
        "map_5095": 0.26389981468806417,
        "map_50_containment": 0.5488598594607474,
        "map_90_containment": 0.1799067956246174,
        "mean_pred_box_area": 0.0015136334583583937,
        "std_pred_box_area": 0.0009061126796592957,
        "frac_pred_box_too_big": 0.0,
        "frac_pred_box_too_small": 1.0,
        "mean_gt_box_area": 0.0017853307072073221,
        "pred_to_gt_area_ratio_mean": 1.0770495211859736,
        "pred_to_gt_area_ratio_median": 0.9901133194369542,
        "log_area_ratio_mean": -0.04424962524621099,
        "log_area_ratio_std": 0.5235914691353439,
        "center_distance_mean": 0.054710032487794436,
        "center_distance_median": 0.004482794002601864,
        "score_mean": 0.7404627441428602,
        "score_std": 0.21483304447881202,
        "score_p25": 0.6049623489379883,
        "score_p75": 0.9133690148591995,
        "score_iou_correlation": 0.4072619621464813
      }
    },
    "per_k": {
      "k1": {
        "n": 34,
        "n_pos": 34,
        "iou_mean": 0.5154272945707336,
        "iou_median": 0.7654201984405518,
        "iou_p25": 0.0,
        "iou_p75": 0.8416607230901718,
        "iou_std": 0.3994510708965288,
        "frac_iou_25": 0.6470588235294118,
        "frac_iou_50": 0.6176470588235294,
        "frac_iou_75": 0.5294117647058824,
        "frac_iou_90": 0.17647058823529413,
        "containment_mean": 0.5610301433240666,
        "containment_median": 0.8220977187156677,
        "containment_p25": 0.0,
        "containment_p75": 0.9294337034225464,