{
  "stage": "S1",
  "epoch": 6,
  "fold": 1,
  "wall_clock_seconds": 246.39,
  "lr": {
    "head": 0.00043138008876868493
  },
  "train": {
    "loss": 0.08374625310301781,
    "focal": 0.051301282262429596,
    "variance": 0.005404481887817383,
    "decorrelation": 0.6380909729003906,
    "grad_norm": 0.2885447654128075,
    "n_steps": 100,
    "grad_steps": 50,
    "grad_nan_steps": 0
  },
  "val": {
    "overall": {
      "n": 200,
      "n_pos": 64,
      "n_neg": 136,
      "threshold": 0.5,
      "tp": 0,
      "fp": 0,
      "fn": 64,
      "tn": 136,
      "accuracy": 0.68,
      "acc_pos": 0.0,
      "acc_neg": 1.0,
      "precision": 0.0,
      "recall": 0.0,
      "f1": 0.0,
      "fpr": 0.0,
      "fnr": 1.0,
      "tpr": 0.0,
      "tnr": 1.0,
      "youden_j": 0.0,
      "mcc": 0.0,
      "auroc": 0.681640625,
      "pr_auc": 0.4314164016934929,
      "avg_precision": 0.46287952227601253,
      "brier": 0.20512872667541335,
      "best_f1": 0.5856353591160222,
      "best_f1_threshold": 0.2713596224784851,
      "fpr_at_recall_95": 0.6764705882352942,
      "recall_at_fpr_05": 0.09375,
      "recall_at_fpr_10": 0.125,
      "mean_score_pos": 0.305426515173167,
      "mean_score_neg": 0.2614195032921784,
      "std_score_pos": 0.044810923283117664,
      "std_score_neg": 0.07350031411581594,
      "score_gap": 0.0440070118809886,
      "median_score_pos": 0.3068506717681885,
      "median_score_neg": 0.27022846043109894,
      "frac_high_score": 0.0,
      "frac_low_score": 0.0,
      "frac_uncertain": 0.015
    },
    "per_source": {
      "hots": {
        "n": 65,
        "n_pos": 23,
        "n_neg": 42,
        "threshold": 0.5,
        "tp": 0,
        "fp": 0,
        "fn": 23,
        "tn": 42,
        "accuracy": 0.6461538461538462,
        "acc_pos": 0.0,
        "acc_neg": 1.0,
        "precision": 0.0,
        "recall": 0.0,
        "f1": 0.0,
        "fpr": 0.0,
        "fnr": 1.0,
        "tpr": 0.0,
        "tnr": 1.0,
        "youden_j": 0.0,
        "mcc": 0.0,
        "auroc": 0.65527950310559,
        "pr_auc": 0.44268067304274167,
        "avg_precision": 0.5499292034466607,
        "brier": 0.22516587223144624,
        "best_f1": 0.689655172413793,
        "best_f1_threshold": 0.28489387035369873,
        "fpr_at_recall_95": 0.8333333333333334,
        "recall_at_fpr_05": 0.08695652173913043,
        "recall_at_fpr_10": 0.08695652173913043,
        "mean_score_pos": 0.3009146633355514,
        "mean_score_neg": 0.27622716412657783,
        "std_score_pos": 0.03664835557594743,
        "std_score_neg": 0.0626655132761739,
        "score_gap": 0.024687499208973562,
        "median_score_pos": 0.3059694170951843,
        "median_score_neg": 0.26106297969818115,
        "frac_high_score": 0.0,
        "frac_low_score": 0.0,
        "frac_uncertain": 0.03076923076923077
      },
      "insdet": {
        "n": 135,
        "n_pos": 41,
        "n_neg": 94,
        "threshold": 0.5,
        "tp": 0,
        "fp": 0,
        "fn": 41,
        "tn": 94,
        "accuracy": 0.6962962962962963,
        "acc_pos": 0.0,
        "acc_neg": 1.0,
        "precision": 0.0,
        "recall": 0.0,
        "f1": 0.0,
        "fpr": 0.0,
        "fnr": 1.0,
        "tpr": 0.0,
        "tnr": 1.0,
        "youden_j": 0.0,
        "mcc": 0.0,
        "auroc": 0.6868188894654904,
        "pr_auc": 0.45680682472607925,
        "avg_precision": 0.4758561433820247,
        "brier": 0.1954812121484345,
        "best_f1": 0.5714285714285715,
        "best_f1_threshold": 0.23195022344589233,
        "fpr_at_recall_95": 0.6276595744680851,
        "recall_at_fpr_05": 0.14634146341463414,
        "recall_at_fpr_10": 0.14634146341463414,
        "mean_score_pos": 0.30795755400890257,
        "mean_score_neg": 0.25480331440872334,
        "std_score_pos": 0.049047447686425626,
        "std_score_neg": 0.07724979707002783,
        "score_gap": 0.05315423960017923,
        "median_score_pos": 0.3096452057361603,
        "median_score_neg": 0.27098383009433746,
        "frac_high_score": 0.0,
        "frac_low_score": 0.0,
        "frac_uncertain": 0.007407407407407408
      }
    },
    "per_k": {
      "k1": {
        "n": 67,
        "n_pos": 26,
        "n_neg": 41,
        "threshold": 0.5,
        "tp": 0,
        "fp": 0,
        "fn": 26,
        "tn": 41,
        "accuracy": 0.6119402985074627,
        "acc_pos": 0.0,
        "acc_neg": 1.0,
        "precision": 0.0,
        "recall": 0.0,
        "f1": 0.0,
        "fpr": 0.0,
        "fnr": 1.0,
        "tpr": 0.0,
        "tnr": 1.0,
        "youden_j": 0.0,
        "mcc": 0.0,
        "auroc": 0.7335834896810507,
        "pr_auc": 0.6350460137913627,
        "avg_precision": 0.6587595248549656,
        "brier": 0.22965750250633213,
        "best_f1": 0.6885245901639345,
        "best_f1_threshold": 0.29917410016059875,
        "fpr_at_recall_95": 0.7804878048780488,
        "recall_at_fpr_05": 0.15384615384615385,
        "recall_at_fpr_10": 0.19230769230769232,
        "mean_score_pos": 0.31697187286156875,
        "mean_score_neg": 0.27377914964425853,
        "std_score_pos": 0.04719434867060486,
        "std_score_neg": 0.056679159809374366,
        "score_gap": 0.043192723217310214,
        "median_score_pos": 0.3137478232383728,
        "median_score_neg": 0.2849224805831909,
        "frac_high_score": 0.0,
        "frac_low_score": 0.0,
        "frac_uncertain": 0.014925373134328358
      },
      "k4": {
        "n": 67,
        "n_pos": 22,
        "n_neg": 45,
        "threshold": 0.5,
        "tp": 0,
        "fp": 0,
        "fn": 22,
        "tn": 45,
        "accuracy": 0.6716417910447762,
        "acc_pos": 0.0,
        "acc_neg": 1.0,
        "precision": 0.0,
        "recall": 0.0,
        "f1": 0.0,
        "fpr": 0.0,
        "fnr": 1.0,
        "tpr": 0.0,
        "tnr": 1.0,
        "youden_j": 0.0,
        "mcc": 0.0,
        "auroc": 0.7181818181818181,
        "pr_auc": 0.4482487280358631,
        "avg_precision": 0.5500123737908004,
        "brier": 0.20997458160466975,
        "best_f1": 0.6315789473684209,
        "best_f1_threshold": 0.2713596224784851,
        "fpr_at_recall_95": 0.5555555555555556,
        "recall_at_fpr_05": 0.0,
        "recall_at_fpr_10": 0.09090909090909091,
        "mean_score_pos": 0.29776462573896756,
        "mean_score_neg": 0.2542984992265701,
        "std_score_pos": 0.03668196379516879,
        "std_score_neg": 0.07991940696016354,
        "score_gap": 0.04346612651239745,
        "median_score_pos": 0.2987228184938431,
        "median_score_neg": 0.24678632616996765,
        "frac_high_score": 0.0,
        "frac_low_score": 0.0,
        "frac_uncertain": 0.029850746268656716
      },
      "k10": {
        "n": 66,
        "n_pos": 16,
        "n_neg": 50,
        "threshold": 0.5,
        "tp": 0,
        "fp": 0,
        "fn": 16,
        "tn": 50,
        "accuracy": 0.7575757575757576,
        "acc_pos": 0.0,
        "acc_neg": 1.0,
        "precision": 0.0,
        "recall": 0.0,
        "f1": 0.0,
        "fpr": 0.0,
        "fnr": 1.0,
        "tpr": 0.0,
        "tnr": 1.0,
        "youden_j": 0.0,
        "mcc": 0.0,
        "auroc": 0.61625,
        "pr_auc": 0.3627123753416719,
        "avg_precision": 0.39042012309338975,
        "brier": 0.1753090257522051,
        "best_f1": 0.48484848484848486,
        "best_f1_threshold": 0.19580526649951935,
        "fpr_at_recall_95": 0.68,
        "recall_at_fpr_05": 0.125,
        "recall_at_fpr_10": 0.125,
        "mean_score_pos": 0.29720040690153837,
        "mean_score_neg": 0.25769349694252014,
        "std_score_pos": 0.049481140232805504,
        "std_score_neg": 0.0796083197107674,
        "score_gap": 0.03950690995901823,
        "median_score_pos": 0.30285055935382843,
        "median_score_neg": 0.2764987051486969,
        "frac_high_score": 0.0,
        "frac_low_score": 0.0,
        "frac_uncertain": 0.0
      }
    }
  }
}