{
  "stage": "S1",
  "epoch": 6,
  "fold": 2,
  "wall_clock_seconds": 252.14,
  "lr": {
    "head": 0.0003773195307039558
  },
  "train": {
    "loss": 0.0853995881974697,
    "focal": 0.05294239368289709,
    "variance": 0.0053114938735961915,
    "decorrelation": 0.6385209143161774,
    "grad_norm": 0.28164137542247775,
    "n_steps": 100,
    "grad_steps": 50,
    "grad_nan_steps": 0
  },
  "val": {
    "overall": {
      "n": 200,
      "n_pos": 41,
      "n_neg": 159,
      "threshold": 0.5,
      "tp": 0,
      "fp": 0,
      "fn": 41,
      "tn": 159,
      "accuracy": 0.795,
      "acc_pos": 0.0,
      "acc_neg": 1.0,
      "precision": 0.0,
      "recall": 0.0,
      "f1": 0.0,
      "fpr": 0.0,
      "fnr": 1.0,
      "tpr": 0.0,
      "tnr": 1.0,
      "youden_j": 0.0,
      "mcc": 0.0,
      "auroc": 0.6609909495321369,
      "pr_auc": 0.2937615934652025,
      "avg_precision": 0.30905468616050435,
      "brier": 0.1683866261874184,
      "best_f1": 0.4417177914110429,
      "best_f1_threshold": 0.32352694869041443,
      "fpr_at_recall_95": 0.660377358490566,
      "recall_at_fpr_05": 0.0975609756097561,
      "recall_at_fpr_10": 0.14634146341463414,
      "mean_score_pos": 0.34710868248125404,
      "mean_score_neg": 0.3127176672595102,
      "std_score_pos": 0.028982861528137286,
      "std_score_neg": 0.0625306531242451,
      "score_gap": 0.034391015221743815,
      "median_score_pos": 0.346414715051651,
      "median_score_neg": 0.32757309079170227,
      "frac_high_score": 0.0,
      "frac_low_score": 0.0,
      "frac_uncertain": 0.015
    },
    "per_source": {
      "hots": {
        "n": 70,
        "n_pos": 16,
        "n_neg": 54,
        "threshold": 0.5,
        "tp": 0,
        "fp": 0,
        "fn": 16,
        "tn": 54,
        "accuracy": 0.7714285714285715,
        "acc_pos": 0.0,
        "acc_neg": 1.0,
        "precision": 0.0,
        "recall": 0.0,
        "f1": 0.0,
        "fpr": 0.0,
        "fnr": 1.0,
        "tpr": 0.0,
        "tnr": 1.0,
        "youden_j": 0.0,
        "mcc": 0.0,
        "auroc": 0.6377314814814815,
        "pr_auc": 0.2971290608002972,
        "avg_precision": 0.3612569952647447,
        "brier": 0.1783774811299653,
        "best_f1": 0.5161290322580645,
        "best_f1_threshold": 0.32356923818588257,
        "fpr_at_recall_95": 0.5555555555555556,
        "recall_at_fpr_05": 0.0,
        "recall_at_fpr_10": 0.0625,
        "mean_score_pos": 0.3463552575558424,
        "mean_score_neg": 0.3182380414671368,
        "std_score_pos": 0.019757905092015457,
        "std_score_neg": 0.05757202408036825,
        "score_gap": 0.0281172160887056,
        "median_score_pos": 0.34107784926891327,
        "median_score_neg": 0.33250273764133453,
        "frac_high_score": 0.0,
        "frac_low_score": 0.0,
        "frac_uncertain": 0.0
      },
      "insdet": {
        "n": 130,
        "n_pos": 25,
        "n_neg": 105,
        "threshold": 0.5,
        "tp": 0,
        "fp": 0,
        "fn": 25,
        "tn": 105,
        "accuracy": 0.8076923076923077,
        "acc_pos": 0.0,
        "acc_neg": 1.0,
        "precision": 0.0,
        "recall": 0.0,
        "f1": 0.0,
        "fpr": 0.0,
        "fnr": 1.0,
        "tpr": 0.0,
        "tnr": 1.0,
        "youden_j": 0.0,
        "mcc": 0.0,
        "auroc": 0.676952380952381,
        "pr_auc": 0.3023976391756563,
        "avg_precision": 0.31769950523693646,
        "brier": 0.1630069350645085,
        "best_f1": 0.4166666666666667,
        "best_f1_threshold": 0.35248568654060364,
        "fpr_at_recall_95": 0.7047619047619048,
        "recall_at_fpr_05": 0.12,
        "recall_at_fpr_10": 0.2,
        "mean_score_pos": 0.34759087443351744,
        "mean_score_neg": 0.3098786176670165,
        "std_score_pos": 0.03399125695008967,
        "std_score_neg": 0.06501705323562701,
        "score_gap": 0.03771225676650092,
        "median_score_pos": 0.35390934348106384,
        "median_score_neg": 0.3268250524997711,
        "frac_high_score": 0.0,
        "frac_low_score": 0.0,
        "frac_uncertain": 0.023076923076923078
      }
    },
    "per_k": {
      "k1": {
        "n": 67,
        "n_pos": 14,
        "n_neg": 53,
        "threshold": 0.5,
        "tp": 0,
        "fp": 0,
        "fn": 14,
        "tn": 53,
        "accuracy": 0.7910447761194029,
        "acc_pos": 0.0,
        "acc_neg": 1.0,
        "precision": 0.0,
        "recall": 0.0,
        "f1": 0.0,
        "fpr": 0.0,
        "fnr": 1.0,
        "tpr": 0.0,
        "tnr": 1.0,
        "youden_j": 0.0,
        "mcc": 0.0,
        "auroc": 0.660377358490566,
        "pr_auc": 0.30664539490761056,
        "avg_precision": 0.34331736745103064,
        "brier": 0.16950416131686544,
        "best_f1": 0.4897959183673469,
        "best_f1_threshold": 0.3386211693286896,
        "fpr_at_recall_95": 0.7735849056603774,
        "recall_at_fpr_05": 0.07142857142857142,
        "recall_at_fpr_10": 0.14285714285714285,
        "mean_score_pos": 0.34501808881759644,
        "mean_score_neg": 0.31001257362230766,
        "std_score_pos": 0.03288694511012042,
        "std_score_neg": 0.06835810822045371,
        "score_gap": 0.03500551519528877,
        "median_score_pos": 0.350028395652771,
        "median_score_neg": 0.3313082754611969,
        "frac_high_score": 0.0,
        "frac_low_score": 0.0,
        "frac_uncertain": 0.014925373134328358
      },
      "k4": {
        "n": 67,
        "n_pos": 10,
        "n_neg": 57,
        "threshold": 0.5,
        "tp": 0,
        "fp": 0,
        "fn": 10,
        "tn": 57,
        "accuracy": 0.8507462686567164,
        "acc_pos": 0.0,
        "acc_neg": 1.0,
        "precision": 0.0,
        "recall": 0.0,
        "f1": 0.0,
        "fpr": 0.0,
        "fnr": 1.0,
        "tpr": 0.0,
        "tnr": 1.0,
        "youden_j": 0.0,
        "mcc": 0.0,
        "auroc": 0.6473684210526316,
        "pr_auc": 0.23657591325944508,
        "avg_precision": 0.2829398324447822,
        "brier": 0.14889863520382446,
        "best_f1": 0.4081632653061224,
        "best_f1_threshold": 0.32352694869041443,
        "fpr_at_recall_95": 0.5087719298245614,
        "recall_at_fpr_05": 0.1,
        "recall_at_fpr_10": 0.1,
        "mean_score_pos": 0.34517763257026673,
        "mean_score_neg": 0.30906463375217036,
        "std_score_pos": 0.02082205306117368,
        "std_score_neg": 0.06542296206739079,
        "score_gap": 0.036112998818096376,
        "median_score_pos": 0.339246466755867,
        "median_score_neg": 0.32509174942970276,
        "frac_high_score": 0.0,
        "frac_low_score": 0.0,
        "frac_uncertain": 0.0
      },
      "k10": {
        "n": 66,
        "n_pos": 17,
        "n_neg": 49,
        "threshold": 0.5,
        "tp": 0,
        "fp": 0,
        "fn": 17,
        "tn": 49,
        "accuracy": 0.7424242424242424,
        "acc_pos": 0.0,
        "acc_neg": 1.0,
        "precision": 0.0,
        "recall": 0.0,
        "f1": 0.0,
        "fpr": 0.0,
        "fnr": 1.0,
        "tpr": 0.0,
        "tnr": 1.0,
        "youden_j": 0.0,
        "mcc": 0.0,
        "auroc": 0.6686674669867947,
        "pr_auc": 0.3992445469557763,
        "avg_precision": 0.43014739078217834,
        "brier": 0.1870354222817796,
        "best_f1": 0.48648648648648646,
        "best_f1_threshold": 0.3555789291858673,
        "fpr_at_recall_95": 0.7755102040816326,
        "recall_at_fpr_05": 0.058823529411764705,
        "recall_at_fpr_10": 0.29411764705882354,
        "mean_score_pos": 0.34996625956367045,
        "mean_score_neg": 0.31989303200828784,
        "std_score_pos": 0.03102495871212553,
        "std_score_neg": 0.05233015664723032,
        "score_gap": 0.03007322755538261,
        "median_score_pos": 0.3555789291858673,
        "median_score_neg": 0.32757309079170227,
        "frac_high_score": 0.0,
        "frac_low_score": 0.0,
        "frac_uncertain": 0.030303030303030304
      }
    }
  }
}