{
  "stage": "1_1",
  "epoch": 2,
  "fold": 0,
  "wall_clock_seconds": 280.3,
  "lr": {
    "aggregator": 0.00041933652882785404,
    "existence_head": 0.00167729770754716
  },
  "train": {
    "loss": 0.34155950009822844,
    "focal": 0.07386777386069297,
    "l1": 0.0,
    "giou": 0.0,
    "box_loss": 0.0,
    "box_area_penalty": 0.011958994907326997,
    "existence_kl": 0.0,
    "margin": 0.53126708984375,
    "nt_xent": 0.0086228209733963,
    "grad_norm": 0.07537119030952454,
    "n_steps": 50,
    "aggregator_alpha": -0.007749914191663265
  },
  "val": {
    "overall": {
      "n": 100,
      "n_pos": 46,
      "n_neg": 54,
      "iou_mean": 0.23196007834580404,
      "iou_median": 0.0017273451667279005,
      "iou_p25": 0.0,
      "iou_p75": 0.7367961704730988,
      "contain_mean": 0.6429090052843094,
      "contain_at_iou_50": 0.2826086956521739,
      "contain_at_iou_75": 0.21739130434782608,
      "ap_per_iou": {
        "0.50": 0.17029006614000153,
        "0.55": 0.17029006614000153,
        "0.60": 0.17029006614000153,
        "0.65": 0.17029006614000153,
        "0.70": 0.17029006614000153,
        "0.75": 0.12518873598588814,
        "0.80": 0.06452973538296651,
        "0.85": 0.033663366336633666,
        "0.90": 0.0029702970297029708,
        "0.95": 0.0
      },
      "map_50": 0.17029006614000153,
      "map_75": 0.12518873598588814,
      "map_5095": 0.10778024654351989,
      "map_50_existence_only": 0.18373773601849988,
      "map_5095_existence_only": 0.11585224849015516,
      "map_50_score_only": 0.1540972583537465,
      "map_5095_score_only": 0.09696635229606107,
      "precision_50": 0.0,
      "recall_50": 0.0,
      "f1_50": 0.0,
      "existence_acc": 0.54,
      "existence_acc_pos": 0.0,
      "existence_acc_neg": 1.0,
      "existence_auroc": 0.6272141706924316,
      "existence_pr_auc": 0.6098093050493295,
      "existence_brier": 0.24618908341520945,
      "existence_f1": 0.0,
      "false_positive_rate": 0.0,
      "false_negative_rate": 1.0,
      "mean_score_pos": 0.4475102528281834,
      "mean_score_neg": 0.44227121494434496,
      "proto_score_pos": 0.9643190593823142,
      "proto_score_neg": 0.9125872740039119,
      "proto_score_gap": 0.051731785378402284,
      "mean_pred_box_area": 0.2523830930213444,
      "frac_pred_box_too_big": 0.23,
      "mean_existence_prob": 0.44468117237091065,
      "frac_high_existence": 0.0,
      "prototype_norm_mean": 2.195860434770584,
      "prototype_norm_std": 0.2261006849417624
    },
    "per_source": {
      "hots": {
        "n": 36,
        "n_pos": 17,
        "n_neg": 19,
        "iou_mean": 0.6117116447319003,
        "iou_median": 0.7589359283447266,
        "iou_p25": 0.7298904657363892,
        "iou_p75": 0.8129043579101562,
        "contain_mean": 0.8060677191790413,
        "contain_at_iou_50": 0.7647058823529411,
        "contain_at_iou_75": 0.5882352941176471,
        "ap_per_iou": {
          "0.50": 0.5537807626916533,
          "0.55": 0.5537807626916533,
          "0.60": 0.5537807626916533,
          "0.65": 0.5537807626916533,
          "0.70": 0.5537807626916533,
          "0.75": 0.38089270465508107,
          "0.80": 0.1853262249301854,
          "0.85": 0.07260726072607261,
          "0.90": 0.006600660066006602,
          "0.95": 0.0
        },
        "map_50": 0.5537807626916533,
        "map_75": 0.38089270465508107,
        "map_5095": 0.34143306638356125,
        "map_50_existence_only": 0.552408383695511,
        "map_5095_existence_only": 0.3422114261115546,
        "map_50_score_only": 0.5690775092546847,
        "map_5095_score_only": 0.3476170624581255,
        "precision_50": 0.0,
        "recall_50": 0.0,
        "f1_50": 0.0,
        "existence_acc": 0.5277777777777778,
        "existence_acc_pos": 0.0,
        "existence_acc_neg": 1.0,
        "existence_auroc": 0.7120743034055728,
        "existence_pr_auc": 0.7582833896335041,
        "existence_brier": 0.24360808195080827,
        "existence_f1": 0.0,
        "false_positive_rate": 0.0,
        "false_negative_rate": 1.0,
        "mean_score_pos": 0.45879291611559253,
        "mean_score_neg": 0.44617139038286713,
        "proto_score_pos": 0.960848825819352,
        "proto_score_neg": 0.8501500236360651,
        "proto_score_gap": 0.11069880218328698,
        "mean_pred_box_area": 0.1142206812898318,
        "frac_pred_box_too_big": 0.1111111111111111,
        "mean_existence_prob": 0.45213155531220967,
        "frac_high_existence": 0.0,
        "prototype_norm_mean": 1.9770744608508215,
        "prototype_norm_std": 0.17579652265748982
      },
      "insdet": {
        "n": 64,
        "n_pos": 29,
        "n_neg": 35,
        "iou_mean": 0.009347091153954509,
        "iou_median": 0.0005781593499705195,
        "iou_p25": 0.0,
        "iou_p75": 0.00411510793492198,
        "contain_mean": 0.547264241966708,
        "contain_at_iou_50": 0.0,
        "contain_at_iou_75": 0.0,
        "ap_per_iou": {
          "0.50": 0.0,
          "0.55": 0.0,
          "0.60": 0.0,
          "0.65": 0.0,
          "0.70": 0.0,
          "0.75": 0.0,
          "0.80": 0.0,
          "0.85": 0.0,
          "0.90": 0.0,
          "0.95": 0.0
        },
        "map_50": 0.0,
        "map_75": 0.0,
        "map_5095": 0.0,
        "map_50_existence_only": 0.0,
        "map_5095_existence_only": 0.0,
        "map_50_score_only": 0.0,
        "map_5095_score_only": 0.0,
        "precision_50": 0.0,
        "recall_50": 0.0,
        "f1_50": 0.0,
        "existence_acc": 0.546875,
        "existence_acc_pos": 0.0,
        "existence_acc_neg": 1.0,
        "existence_auroc": 0.6039408866995074,
        "existence_pr_auc": 0.5034787597547874,
        "existence_brier": 0.24764089673893513,
        "existence_f1": 0.0,
        "false_positive_rate": 0.0,
        "false_negative_rate": 1.0,
        "mean_score_pos": 0.4408962777976332,
        "mean_score_neg": 0.44015397684914725,
        "proto_score_pos": 0.9663533342295679,
        "proto_score_neg": 0.9464817813464573,
        "proto_score_gap": 0.0198715528831106,
        "mean_pred_box_area": 0.33009944962032023,
        "frac_pred_box_too_big": 0.296875,
        "mean_existence_prob": 0.44049033196642995,
        "frac_high_existence": 0.0,
        "prototype_norm_mean": 2.3189275451004505,
        "prototype_norm_std": 0.1429196736340571
      }
    },
    "tile_cfg": {
      "mode": "off",
      "levels": [
        1,
        2
      ],
      "overlap": 0.3,
      "for_sources": [
        "insdet"
      ],
      "nms_iou": 0.5,
      "top_k": 100,
      "score_combo": "existence_x_score",
      "edge_score_penalty": 0.5,
      "edge_px": 4,
      "merge_partial_boxes": true,
      "merge_min_score": 0.2
    }
  }
}