{
  "stage": "1_1",
  "epoch": 2,
  "fold": 4,
  "wall_clock_seconds": 277.59,
  "lr": {
    "aggregator": 0.0002706907074008096,
    "existence_head": 0.0010826252165050585
  },
  "train": {
    "loss": 0.32311944842338564,
    "focal": 0.07260945305228234,
    "l1": 0.0,
    "giou": 0.0,
    "box_loss": 0.0,
    "box_area_penalty": 0.008615364814177155,
    "existence_kl": 0.0,
    "margin": 0.49528793334960936,
    "nt_xent": 0.02004490911960602,
    "grad_norm": 0.11578414797782897,
    "n_steps": 50
  },
  "val": {
    "overall": {
      "n": 100,
      "n_pos": 46,
      "n_neg": 54,
      "iou_mean": 0.1791087836580751,
      "iou_median": 0.0005159708671271801,
      "iou_p25": 0.0,
      "iou_p75": 0.03664919547736645,
      "contain_mean": 0.5495469696495844,
      "contain_at_iou_50": 0.21739130434782608,
      "contain_at_iou_75": 0.17391304347826086,
      "ap_per_iou": {
        "0.50": 0.08790450473618792,
        "0.55": 0.08790450473618792,
        "0.60": 0.08790450473618792,
        "0.65": 0.08790450473618792,
        "0.70": 0.08340405469118344,
        "0.75": 0.07166793602437166,
        "0.80": 0.0009900990099009901,
        "0.85": 0.0,
        "0.90": 0.0,
        "0.95": 0.0
      },
      "map_50": 0.08790450473618792,
      "map_75": 0.07166793602437166,
      "map_5095": 0.05076801086702078,
      "map_50_existence_only": 0.08925857702049277,
      "map_5095_existence_only": 0.05159134652284549,
      "map_50_score_only": 0.06821966680685,
      "map_5095_score_only": 0.039403735297084894,
      "precision_50": 0.4,
      "recall_50": 0.043478260869565216,
      "f1_50": 0.0784313725490196,
      "existence_acc": 0.57,
      "existence_acc_pos": 0.08695652173913043,
      "existence_acc_neg": 0.9814814814814815,
      "existence_auroc": 0.5909822866344605,
      "existence_pr_auc": 0.5888466132730648,
      "existence_brier": 0.24491324900750114,
      "existence_f1": 0.0784313725490196,
      "false_positive_rate": 0.018518518518518517,
      "false_negative_rate": 0.9130434782608695,
      "mean_score_pos": 0.4544576089019361,
      "mean_score_neg": 0.4461116630721975,
      "mean_pred_box_area": 0.2049782578658778,
      "frac_pred_box_too_big": 0.21,
      "mean_existence_prob": 0.4499507981538773,
      "frac_high_existence": 0.0,
      "prototype_norm_mean": 2.0481542003154756,
      "prototype_norm_std": 0.17805359593294282
    },
    "per_source": {
      "hots": {
        "n": 35,
        "n_pos": 17,
        "n_neg": 18,
        "iou_mean": 0.4081573801882127,
        "iou_median": 0.7412862181663513,
        "iou_p25": 0.0,
        "iou_p75": 0.7703471183776855,
        "contain_mean": 0.5259198616532719,
        "contain_at_iou_50": 0.5294117647058824,
        "contain_at_iou_75": 0.47058823529411764,
        "ap_per_iou": {
          "0.50": 0.2242220650636491,
          "0.55": 0.2242220650636491,
          "0.60": 0.2242220650636491,
          "0.65": 0.2242220650636491,
          "0.70": 0.2242220650636491,
          "0.75": 0.1942117288651942,
          "0.80": 0.002475247524752475,
          "0.85": 0.0,
          "0.90": 0.0,
          "0.95": 0.0
        },
        "map_50": 0.2242220650636491,
        "map_75": 0.1942117288651942,
        "map_5095": 0.13177973017081923,
        "map_50_existence_only": 0.22351485148514857,
        "map_5095_existence_only": 0.13142612338156895,
        "map_50_score_only": 0.2198019801980197,
        "map_5095_score_only": 0.12850353606789244,
        "precision_50": 0.4,
        "recall_50": 0.11764705882352941,
        "f1_50": 0.1818181818181818,
        "existence_acc": 0.6,
        "existence_acc_pos": 0.23529411764705882,
        "existence_acc_neg": 0.9444444444444444,
        "existence_auroc": 0.6830065359477124,
        "existence_pr_auc": 0.7152039218094426,
        "existence_brier": 0.24200645659559164,
        "existence_f1": 0.1818181818181818,
        "false_positive_rate": 0.05555555555555555,
        "false_negative_rate": 0.7647058823529411,
        "mean_score_pos": 0.48094702818814444,
        "mean_score_neg": 0.46383703251679737,
        "mean_pred_box_area": 0.03701958142753158,
        "frac_pred_box_too_big": 0.0,
        "mean_existence_prob": 0.47214760184288024,
        "frac_high_existence": 0.0,
        "prototype_norm_mean": 1.863694443021502,
        "prototype_norm_std": 0.10631371982152035
      },
      "insdet": {
        "n": 65,
        "n_pos": 29,
        "n_neg": 36,
        "iou_mean": 0.04483891672661512,
        "iou_median": 0.000505422183778137,
        "iou_p25": 0.0,
        "iou_p75": 0.012946541421115398,
        "contain_mean": 0.5633973433025952,
        "contain_at_iou_50": 0.034482758620689655,
        "contain_at_iou_75": 0.0,
        "ap_per_iou": {
          "0.50": 0.0023296447291788003,
          "0.55": 0.0023296447291788003,
          "0.60": 0.0023296447291788003,
          "0.65": 0.0023296447291788003,
          "0.70": 0.0,
          "0.75": 0.0,
          "0.80": 0.0,
          "0.85": 0.0,
          "0.90": 0.0,
          "0.95": 0.0
        },
        "map_50": 0.0023296447291788003,
        "map_75": 0.0,
        "map_5095": 0.0009318578916715202,
        "map_50_existence_only": 0.0026402640264026403,
        "map_5095_existence_only": 0.001056105610561056,
        "map_50_score_only": 0.0015232292460015233,
        "map_5095_score_only": 0.0006092916984006093,
        "precision_50": 0.0,
        "recall_50": 0.0,
        "f1_50": 0.0,
        "existence_acc": 0.5538461538461539,
        "existence_acc_pos": 0.0,
        "existence_acc_neg": 1.0,
        "existence_auroc": 0.5411877394636015,
        "existence_pr_auc": 0.5264654099632368,
        "existence_brier": 0.24647844492160625,
        "existence_f1": 0.0,
        "false_positive_rate": 0.0,
        "false_negative_rate": 1.0,
        "mean_score_pos": 0.4389293286307105,
        "mean_score_neg": 0.4372489783498976,
        "mean_pred_box_area": 0.2954175451788335,
        "frac_pred_box_too_big": 0.3230769230769231,
        "mean_existence_prob": 0.43799867309056795,
        "frac_high_existence": 0.0,
        "prototype_norm_mean": 2.1474786850122305,
        "prototype_norm_std": 0.12003772497059614
      }
    },
    "tile_cfg": {
      "mode": "off",
      "levels": [
        1,
        2
      ],
      "overlap": 0.3,
      "for_sources": [
        "insdet"
      ],
      "nms_iou": 0.5,
      "top_k": 100,
      "score_combo": "existence_x_score",
      "edge_score_penalty": 0.5,
      "edge_px": 4,
      "merge_partial_boxes": true,
      "merge_min_score": 0.2
    }
  }
}