{
  "stage": "1_1",
  "epoch": 2,
  "fold": 2,
  "wall_clock_seconds": 277.97,
  "lr": {
    "aggregator": 0.00035045377139200987,
    "existence_head": 0.0014017253398817364
  },
  "train": {
    "loss": 0.3300133630633354,
    "focal": 0.07658773332834244,
    "l1": 0.0,
    "giou": 0.0,
    "box_loss": 0.0,
    "box_area_penalty": 0.00811421673744917,
    "existence_kl": 0.0,
    "margin": 0.4996028900146484,
    "nt_xent": 0.028127624690532683,
    "grad_norm": 0.10504361540079117,
    "n_steps": 50
  },
  "val": {
    "overall": {
      "n": 100,
      "n_pos": 56,
      "n_neg": 44,
      "iou_mean": 0.1779812030238515,
      "iou_median": 0.0010898815526161343,
      "iou_p25": 0.0,
      "iou_p75": 0.07039914652705193,
      "contain_mean": 0.48634982694472584,
      "contain_at_iou_50": 0.21428571428571427,
      "contain_at_iou_75": 0.17857142857142858,
      "ap_per_iou": {
        "0.50": 0.1661666951624519,
        "0.55": 0.1661666951624519,
        "0.60": 0.1661666951624519,
        "0.65": 0.1661666951624519,
        "0.70": 0.1661666951624519,
        "0.75": 0.13684123514392257,
        "0.80": 0.10891089108910891,
        "0.85": 0.011315417256011314,
        "0.90": 0.0,
        "0.95": 0.0
      },
      "map_50": 0.1661666951624519,
      "map_75": 0.13684123514392257,
      "map_5095": 0.10879010193013024,
      "map_50_existence_only": 0.16967435205058964,
      "map_5095_existence_only": 0.11096538884657695,
      "map_50_score_only": 0.16335216680587158,
      "map_5095_score_only": 0.10661828335650028,
      "precision_50": 0.0,
      "recall_50": 0.0,
      "f1_50": 0.0,
      "existence_acc": 0.44,
      "existence_acc_pos": 0.0,
      "existence_acc_neg": 1.0,
      "existence_auroc": 0.7715097402597403,
      "existence_pr_auc": 0.8041206034564515,
      "existence_brier": 0.259966213860828,
      "existence_f1": 0.0,
      "false_positive_rate": 0.0,
      "false_negative_rate": 1.0,
      "mean_score_pos": 0.41818951602493015,
      "mean_score_neg": 0.3985756818543781,
      "mean_pred_box_area": 0.23605089850723743,
      "frac_pred_box_too_big": 0.27,
      "mean_existence_prob": 0.40955942898988723,
      "frac_high_existence": 0.0,
      "prototype_norm_mean": 2.111029864549637,
      "prototype_norm_std": 0.1681026389226385
    },
    "per_source": {
      "hots": {
        "n": 35,
        "n_pos": 18,
        "n_neg": 17,
        "iou_mean": 0.5356776085164812,
        "iou_median": 0.7639977335929871,
        "iou_p25": 0.0,
        "iou_p75": 0.8122966289520264,
        "contain_mean": 0.6553162104553647,
        "contain_at_iou_50": 0.6666666666666666,
        "contain_at_iou_75": 0.5555555555555556,
        "ap_per_iou": {
          "0.50": 0.567776185513288,
          "0.55": 0.567776185513288,
          "0.60": 0.567776185513288,
          "0.65": 0.567776185513288,
          "0.70": 0.567776185513288,
          "0.75": 0.465411672746222,
          "0.80": 0.344884488448845,
          "0.85": 0.03762376237623762,
          "0.90": 0.0,
          "0.95": 0.0
        },
        "map_50": 0.567776185513288,
        "map_75": 0.465411672746222,
        "map_5095": 0.3686800851137745,
        "map_50_existence_only": 0.567776185513288,
        "map_5095_existence_only": 0.3684861907243355,
        "map_50_score_only": 0.5715235997283936,
        "map_5095_score_only": 0.37063329453246063,
        "precision_50": 0.0,
        "recall_50": 0.0,
        "f1_50": 0.0,
        "existence_acc": 0.4857142857142857,
        "existence_acc_pos": 0.0,
        "existence_acc_neg": 1.0,
        "existence_auroc": 0.9313725490196079,
        "existence_pr_auc": 0.9149289097173514,
        "existence_brier": 0.23569007803493988,
        "existence_f1": 0.0,
        "false_positive_rate": 0.0,
        "false_negative_rate": 1.0,
        "mean_score_pos": 0.44324814445442623,
        "mean_score_neg": 0.39477771520614624,
        "mean_pred_box_area": 0.0744823342588331,
        "frac_pred_box_too_big": 0.02857142857142857,
        "mean_existence_prob": 0.4197053645338331,
        "frac_high_existence": 0.0,
        "prototype_norm_mean": 1.9804892880575997,
        "prototype_norm_std": 0.11896902260788408
      },
      "insdet": {
        "n": 65,
        "n_pos": 38,
        "n_neg": 27,
        "iou_mean": 0.008546063579974304,
        "iou_median": 0.0,
        "iou_p25": 0.0,
        "iou_p75": 0.0029639964341185987,
        "contain_mean": 0.4063131189660022,
        "contain_at_iou_50": 0.0,
        "contain_at_iou_75": 0.0,
        "ap_per_iou": {
          "0.50": 0.0,
          "0.55": 0.0,
          "0.60": 0.0,
          "0.65": 0.0,
          "0.70": 0.0,
          "0.75": 0.0,
          "0.80": 0.0,
          "0.85": 0.0,
          "0.90": 0.0,
          "0.95": 0.0
        },
        "map_50": 0.0,
        "map_75": 0.0,
        "map_5095": 0.0,
        "map_50_existence_only": 0.0,
        "map_5095_existence_only": 0.0,
        "map_50_score_only": 0.0,
        "map_5095_score_only": 0.0,
        "precision_50": 0.0,
        "recall_50": 0.0,
        "f1_50": 0.0,
        "existence_acc": 0.4153846153846154,
        "existence_acc_pos": 0.0,
        "existence_acc_neg": 1.0,
        "existence_auroc": 0.6354775828460039,
        "existence_pr_auc": 0.7302150282818074,
        "existence_brier": 0.273037979305537,
        "existence_f1": 0.0,
        "false_positive_rate": 0.0,
        "false_negative_rate": 1.0,
        "mean_score_pos": 0.406319639400432,
        "mean_score_neg": 0.40096699418845,
        "mean_pred_box_area": 0.3230493561794551,
        "frac_pred_box_too_big": 0.4,
        "mean_existence_prob": 0.40409623292776253,
        "frac_high_existence": 0.0,
        "prototype_norm_mean": 2.181320944199195,
        "prototype_norm_std": 0.1478377517818985
      }
    },
    "tile_cfg": {
      "mode": "off",
      "levels": [
        1,
        2
      ],
      "overlap": 0.3,
      "for_sources": [
        "insdet"
      ],
      "nms_iou": 0.5,
      "top_k": 100,
      "score_combo": "existence_x_score",
      "edge_score_penalty": 0.5,
      "edge_px": 4,
      "merge_partial_boxes": true,
      "merge_min_score": 0.2
    }
  }
}