{
  "stage": "1_1",
  "epoch": 2,
  "fold": 1,
  "wall_clock_seconds": 280.74,
  "lr": {
    "aggregator": 0.0003867596921227007,
    "existence_head": 0.0015469708107145206
  },
  "train": {
    "loss": 0.3350687462091446,
    "focal": 0.07723835825920106,
    "l1": 0.0,
    "giou": 0.0,
    "box_loss": 0.0,
    "box_area_penalty": 0.017451567654497922,
    "existence_kl": 0.0,
    "margin": 0.5115150356292725,
    "nt_xent": 0.0032771313935518265,
    "grad_norm": 0.10744986057281494,
    "n_steps": 50,
    "aggregator_alpha": -0.011686038225889206
  },
  "val": {
    "overall": {
      "n": 100,
      "n_pos": 45,
      "n_neg": 55,
      "iou_mean": 0.16489105152431877,
      "iou_median": 0.0,
      "iou_p25": 0.0,
      "iou_p75": 0.010289856232702732,
      "contain_mean": 0.3659037364853753,
      "contain_at_iou_50": 0.2222222222222222,
      "contain_at_iou_75": 0.13333333333333333,
      "ap_per_iou": {
        "0.50": 0.07832865844724009,
        "0.55": 0.07832865844724009,
        "0.60": 0.07832865844724009,
        "0.65": 0.06824144914491448,
        "0.70": 0.06824144914491448,
        "0.75": 0.06507313231323132,
        "0.80": 0.030495049504950494,
        "0.85": 0.0297029702970297,
        "0.90": 0.0,
        "0.95": 0.0
      },
      "map_50": 0.07832865844724009,
      "map_75": 0.06507313231323132,
      "map_5095": 0.04967400257467607,
      "map_50_existence_only": 0.082482890845855,
      "map_5095_existence_only": 0.051751873770543265,
      "map_50_score_only": 0.07561491123822121,
      "map_5095_score_only": 0.04776981742540013,
      "precision_50": 0.25,
      "recall_50": 0.044444444444444446,
      "f1_50": 0.07547169811320754,
      "existence_acc": 0.55,
      "existence_acc_pos": 0.08888888888888889,
      "existence_acc_neg": 0.9272727272727272,
      "existence_auroc": 0.5317171717171717,
      "existence_pr_auc": 0.4990335243162566,
      "existence_brier": 0.24730443304851465,
      "existence_f1": 0.07547169811320754,
      "false_positive_rate": 0.07272727272727272,
      "false_negative_rate": 0.9111111111111111,
      "mean_score_pos": 0.4719081448184119,
      "mean_score_neg": 0.46994036869569256,
      "proto_score_pos": 0.9458084755473667,
      "proto_score_neg": 0.9094967554916035,
      "proto_score_gap": 0.03631172005576322,
      "mean_pred_box_area": 0.21256163832033054,
      "frac_pred_box_too_big": 0.18,
      "mean_existence_prob": 0.4708258679509163,
      "frac_high_existence": 0.0,
      "prototype_norm_mean": 2.1369726729393004,
      "prototype_norm_std": 0.17614447117816792
    },
    "per_source": {
      "hots": {
        "n": 36,
        "n_pos": 16,
        "n_neg": 20,
        "iou_mean": 0.4610094130039215,
        "iou_median": 0.6250776648521423,
        "iou_p25": 0.0,
        "iou_p75": 0.7623427659273148,
        "contain_mean": 0.5925824083387852,
        "contain_at_iou_50": 0.625,
        "contain_at_iou_75": 0.375,
        "ap_per_iou": {
          "0.50": 0.2937293729372933,
          "0.55": 0.2937293729372933,
          "0.60": 0.2937293729372933,
          "0.65": 0.2113480578827116,
          "0.70": 0.2113480578827116,
          "0.75": 0.1894516374714394,
          "0.80": 0.07387661843107386,
          "0.85": 0.06930693069306931,
          "0.90": 0.0,
          "0.95": 0.0
        },
        "map_50": 0.2937293729372933,
        "map_75": 0.1894516374714394,
        "map_5095": 0.16365194211728856,
        "map_50_existence_only": 0.28840625998083735,
        "map_5095_existence_only": 0.16201290078074043,
        "map_50_score_only": 0.2937293729372933,
        "map_5095_score_only": 0.16353769992383843,
        "precision_50": 0.25,
        "recall_50": 0.125,
        "f1_50": 0.16666666666666666,
        "existence_acc": 0.5555555555555556,
        "existence_acc_pos": 0.25,
        "existence_acc_neg": 0.8,
        "existence_auroc": 0.6125,
        "existence_pr_auc": 0.5815808282464539,
        "existence_brier": 0.24423280164269498,
        "existence_f1": 0.16666666666666666,
        "false_positive_rate": 0.2,
        "false_negative_rate": 0.75,
        "mean_score_pos": 0.4877828639000654,
        "mean_score_neg": 0.4783344864845276,
        "proto_score_pos": 0.970093633979559,
        "proto_score_neg": 0.8548923000693321,
        "proto_score_gap": 0.1152013339102268,
        "mean_pred_box_area": 0.1073441457701847,
        "frac_pred_box_too_big": 0.08333333333333333,
        "mean_existence_prob": 0.4825337653358777,
        "frac_high_existence": 0.0,
        "prototype_norm_mean": 1.9799209502008226,
        "prototype_norm_std": 0.17340485673092165
      },
      "insdet": {
        "n": 64,
        "n_pos": 29,
        "n_neg": 35,
        "iou_mean": 0.0015154038114344765,
        "iou_median": 0.0,
        "iou_p25": 0.0,
        "iou_p75": 0.0,
        "contain_mean": 0.2408396416697009,
        "contain_at_iou_50": 0.0,
        "contain_at_iou_75": 0.0,
        "ap_per_iou": {
          "0.50": 0.0,
          "0.55": 0.0,
          "0.60": 0.0,
          "0.65": 0.0,
          "0.70": 0.0,
          "0.75": 0.0,
          "0.80": 0.0,
          "0.85": 0.0,
          "0.90": 0.0,
          "0.95": 0.0
        },
        "map_50": 0.0,
        "map_75": 0.0,
        "map_5095": 0.0,
        "map_50_existence_only": 0.0,
        "map_5095_existence_only": 0.0,
        "map_50_score_only": 0.0,
        "map_5095_score_only": 0.0,
        "precision_50": 0.0,
        "recall_50": 0.0,
        "f1_50": 0.0,
        "existence_acc": 0.546875,
        "existence_acc_pos": 0.0,
        "existence_acc_neg": 1.0,
        "existence_auroc": 0.4600985221674877,
        "existence_pr_auc": 0.4447246459216926,
        "existence_brier": 0.24903222571428826,
        "existence_f1": 0.0,
        "false_positive_rate": 0.0,
        "false_negative_rate": 1.0,
        "mean_score_pos": 0.46314967911818933,
        "mean_score_neg": 0.46514372995921544,
        "proto_score_pos": 0.9324097674468468,
        "proto_score_neg": 0.9406993014471872,
        "proto_score_gap": -0.008289534000340382,
        "mean_pred_box_area": 0.27174647787978756,
        "frac_pred_box_too_big": 0.234375,
        "mean_existence_prob": 0.4642401756718755,
        "frac_high_existence": 0.0,
        "prototype_norm_mean": 2.2253142669796944,
        "prototype_norm_std": 0.10014410987289683
      }
    },
    "tile_cfg": {
      "mode": "off",
      "levels": [
        1,
        2
      ],
      "overlap": 0.3,
      "for_sources": [
        "insdet"
      ],
      "nms_iou": 0.5,
      "top_k": 100,
      "score_combo": "existence_x_score",
      "edge_score_penalty": 0.5,
      "edge_px": 4,
      "merge_partial_boxes": true,
      "merge_min_score": 0.2
    }
  }
}