{
  "stage": "1_1",
  "epoch": 2,
  "fold": 1,
  "wall_clock_seconds": 280.67,
  "lr": {
    "aggregator": 0.0003867596921227007,
    "existence_head": 0.0015469708107145206
  },
  "train": {
    "loss": 0.335111118555069,
    "focal": 0.07727467834949493,
    "l1": 0.0,
    "giou": 0.0,
    "box_loss": 0.0,
    "box_area_penalty": 0.018138309721834958,
    "existence_kl": 0.0,
    "margin": 0.5113837015628815,
    "nt_xent": 0.0033075663447380064,
    "grad_norm": 0.10769106596708297,
    "n_steps": 50
  },
  "val": {
    "overall": {
      "n": 100,
      "n_pos": 45,
      "n_neg": 55,
      "iou_mean": 0.16489105152431877,
      "iou_median": 0.0,
      "iou_p25": 0.0,
      "iou_p75": 0.010289856232702732,
      "contain_mean": 0.3659037364853753,
      "contain_at_iou_50": 0.2222222222222222,
      "contain_at_iou_75": 0.13333333333333333,
      "ap_per_iou": {
        "0.50": 0.07840021479786621,
        "0.55": 0.07840021479786621,
        "0.60": 0.07840021479786621,
        "0.65": 0.06772780523643984,
        "0.70": 0.06772780523643984,
        "0.75": 0.06458393092056458,
        "0.80": 0.03046458492003046,
        "0.85": 0.0297029702970297,
        "0.90": 0.0,
        "0.95": 0.0
      },
      "map_50": 0.07840021479786621,
      "map_75": 0.06458393092056458,
      "map_5095": 0.04954077410041031,
      "map_50_existence_only": 0.08203284584135456,
      "map_5095_existence_only": 0.051481846767842995,
      "map_50_score_only": 0.07511046785741703,
      "map_5095_score_only": 0.04741867592391901,
      "precision_50": 0.25,
      "recall_50": 0.044444444444444446,
      "f1_50": 0.07547169811320754,
      "existence_acc": 0.55,
      "existence_acc_pos": 0.08888888888888889,
      "existence_acc_neg": 0.9272727272727272,
      "existence_auroc": 0.5301010101010101,
      "existence_pr_auc": 0.49887360252566265,
      "existence_brier": 0.2473257744280241,
      "existence_f1": 0.07547169811320754,
      "false_positive_rate": 0.07272727272727272,
      "false_negative_rate": 0.9111111111111111,
      "mean_score_pos": 0.4721668031480577,
      "mean_score_neg": 0.4702200829982758,
      "mean_pred_box_area": 0.2220650509209372,
      "frac_pred_box_too_big": 0.19,
      "mean_existence_prob": 0.4710961070656776,
      "frac_high_existence": 0.0,
      "prototype_norm_mean": 2.140889105796814,
      "prototype_norm_std": 0.17480533086508704
    },
    "per_source": {
      "hots": {
        "n": 36,
        "n_pos": 16,
        "n_neg": 20,
        "iou_mean": 0.4610094130039215,
        "iou_median": 0.6250776648521423,
        "iou_p25": 0.0,
        "iou_p75": 0.7623427659273148,
        "contain_mean": 0.5925824083387852,
        "contain_at_iou_50": 0.625,
        "contain_at_iou_75": 0.375,
        "ap_per_iou": {
          "0.50": 0.2937293729372933,
          "0.55": 0.2937293729372933,
          "0.60": 0.2937293729372933,
          "0.65": 0.2113480578827116,
          "0.70": 0.2113480578827116,
          "0.75": 0.18874442389293863,
          "0.80": 0.07387661843107386,
          "0.85": 0.06930693069306931,
          "0.90": 0.0,
          "0.95": 0.0
        },
        "map_50": 0.2937293729372933,
        "map_75": 0.18874442389293863,
        "map_5095": 0.16358122075943848,
        "map_50_existence_only": 0.28840625998083735,
        "map_5095_existence_only": 0.1619048899796603,
        "map_50_score_only": 0.2937293729372933,
        "map_5095_score_only": 0.16353769992383843,
        "precision_50": 0.25,
        "recall_50": 0.125,
        "f1_50": 0.16666666666666666,
        "existence_acc": 0.5555555555555556,
        "existence_acc_pos": 0.25,
        "existence_acc_neg": 0.8,
        "existence_auroc": 0.6125,
        "existence_pr_auc": 0.5815808282464539,
        "existence_brier": 0.24426231182116986,
        "existence_f1": 0.16666666666666666,
        "false_positive_rate": 0.2,
        "false_negative_rate": 0.75,
        "mean_score_pos": 0.4879737440496683,
        "mean_score_neg": 0.47855620831251144,
        "mean_pred_box_area": 0.1073441457701847,
        "frac_pred_box_too_big": 0.08333333333333333,
        "mean_existence_prob": 0.4827417797512478,
        "frac_high_existence": 0.0,
        "prototype_norm_mean": 1.9843067394362555,
        "prototype_norm_std": 0.17143215264609157
      },
      "insdet": {
        "n": 64,
        "n_pos": 29,
        "n_neg": 35,
        "iou_mean": 0.0015154038114344765,
        "iou_median": 0.0,
        "iou_p25": 0.0,
        "iou_p75": 0.0,
        "contain_mean": 0.2408396416697009,
        "contain_at_iou_50": 0.0,
        "contain_at_iou_75": 0.0,
        "ap_per_iou": {
          "0.50": 0.0,
          "0.55": 0.0,
          "0.60": 0.0,
          "0.65": 0.0,
          "0.70": 0.0,
          "0.75": 0.0,
          "0.80": 0.0,
          "0.85": 0.0,
          "0.90": 0.0,
          "0.95": 0.0
        },
        "map_50": 0.0,
        "map_75": 0.0,
        "map_5095": 0.0,
        "map_50_existence_only": 0.0,
        "map_5095_existence_only": 0.0,
        "map_50_score_only": 0.0,
        "map_5095_score_only": 0.0,
        "precision_50": 0.0,
        "recall_50": 0.0,
        "f1_50": 0.0,
        "existence_acc": 0.546875,
        "existence_acc_pos": 0.0,
        "existence_acc_neg": 1.0,
        "existence_auroc": 0.458128078817734,
        "existence_pr_auc": 0.44601500358500357,
        "existence_brier": 0.2490489721443796,
        "existence_f1": 0.0,
        "false_positive_rate": 0.0,
        "false_negative_rate": 1.0,
        "mean_score_pos": 0.46344573230578984,
        "mean_score_neg": 0.4654565828187125,
        "mean_pred_box_area": 0.2865955600682355,
        "frac_pred_box_too_big": 0.25,
        "mean_existence_prob": 0.4645454161800444,
        "frac_high_existence": 0.0,
        "prototype_norm_mean": 2.228966686874628,
        "prototype_norm_std": 0.09899330229933596
      }
    },
    "tile_cfg": {
      "mode": "off",
      "levels": [
        1,
        2
      ],
      "overlap": 0.3,
      "for_sources": [
        "insdet"
      ],
      "nms_iou": 0.5,
      "top_k": 100,
      "score_combo": "existence_x_score",
      "edge_score_penalty": 0.5,
      "edge_px": 4,
      "merge_partial_boxes": true,
      "merge_min_score": 0.2
    }
  }
}