{
  "stage": "1_1",
  "epoch": 2,
  "fold": 0,
  "wall_clock_seconds": 278.84,
  "lr": {
    "aggregator": 0.00041933652882785404,
    "existence_head": 0.00167729770754716
  },
  "train": {
    "loss": 0.34154688149690626,
    "focal": 0.07387002855539322,
    "l1": 0.0,
    "giou": 0.0,
    "box_loss": 0.0,
    "box_area_penalty": 0.011958994907326997,
    "existence_kl": 0.0,
    "margin": 0.5312376403808594,
    "nt_xent": 0.008621352314949036,
    "grad_norm": 0.0763306087255478,
    "n_steps": 50
  },
  "val": {
    "overall": {
      "n": 100,
      "n_pos": 46,
      "n_neg": 54,
      "iou_mean": 0.23196007834580404,
      "iou_median": 0.0017273451667279005,
      "iou_p25": 0.0,
      "iou_p75": 0.7367961704730988,
      "contain_mean": 0.6429090052843094,
      "contain_at_iou_50": 0.2826086956521739,
      "contain_at_iou_75": 0.21739130434782608,
      "ap_per_iou": {
        "0.50": 0.16955084119175376,
        "0.55": 0.16955084119175376,
        "0.60": 0.16955084119175376,
        "0.65": 0.16955084119175376,
        "0.70": 0.16955084119175376,
        "0.75": 0.12479636261498495,
        "0.80": 0.0642739273927393,
        "0.85": 0.033663366336633666,
        "0.90": 0.0029702970297029708,
        "0.95": 0.0
      },
      "map_50": 0.16955084119175376,
      "map_75": 0.12479636261498495,
      "map_5095": 0.10734581593328296,
      "map_50_existence_only": 0.18344070631552956,
      "map_5095_existence_only": 0.11566743000830697,
      "map_50_score_only": 0.1542922150271472,
      "map_5095_score_only": 0.0971070895098435,
      "precision_50": 0.0,
      "recall_50": 0.0,
      "f1_50": 0.0,
      "existence_acc": 0.54,
      "existence_acc_pos": 0.0,
      "existence_acc_neg": 1.0,
      "existence_auroc": 0.6288244766505636,
      "existence_pr_auc": 0.6115233098257912,
      "existence_brier": 0.24618308680926276,
      "existence_f1": 0.0,
      "false_positive_rate": 0.0,
      "false_negative_rate": 1.0,
      "mean_score_pos": 0.44759124776591425,
      "mean_score_neg": 0.4423456269281882,
      "mean_pred_box_area": 0.2522582749812864,
      "frac_pred_box_too_big": 0.22,
      "mean_existence_prob": 0.44475861251354215,
      "frac_high_existence": 0.0,
      "prototype_norm_mean": 2.1952374839782713,
      "prototype_norm_std": 0.22512172077534914
    },
    "per_source": {
      "hots": {
        "n": 36,
        "n_pos": 17,
        "n_neg": 19,
        "iou_mean": 0.6117116447319003,
        "iou_median": 0.7589359283447266,
        "iou_p25": 0.7298904657363892,
        "iou_p75": 0.8129043579101562,
        "contain_mean": 0.8060677191790413,
        "contain_at_iou_50": 0.7647058823529411,
        "contain_at_iou_75": 0.5882352941176471,
        "ap_per_iou": {
          "0.50": 0.5537807626916533,
          "0.55": 0.5537807626916533,
          "0.60": 0.5537807626916533,
          "0.65": 0.5537807626916533,
          "0.70": 0.5537807626916533,
          "0.75": 0.38089270465508107,
          "0.80": 0.1853262249301854,
          "0.85": 0.07260726072607261,
          "0.90": 0.006600660066006602,
          "0.95": 0.0
        },
        "map_50": 0.5537807626916533,
        "map_75": 0.38089270465508107,
        "map_5095": 0.34143306638356125,
        "map_50_existence_only": 0.552408383695511,
        "map_5095_existence_only": 0.3422114261115546,
        "map_50_score_only": 0.5690775092546847,
        "map_5095_score_only": 0.3476170624581255,
        "precision_50": 0.0,
        "recall_50": 0.0,
        "f1_50": 0.0,
        "existence_acc": 0.5277777777777778,
        "existence_acc_pos": 0.0,
        "existence_acc_neg": 1.0,
        "existence_auroc": 0.7120743034055728,
        "existence_pr_auc": 0.7582833896335041,
        "existence_brier": 0.24358677680131116,
        "existence_f1": 0.0,
        "false_positive_rate": 0.0,
        "false_negative_rate": 1.0,
        "mean_score_pos": 0.4588254707701066,
        "mean_score_neg": 0.4461625045851657,
        "mean_pred_box_area": 0.12495962530374527,
        "frac_pred_box_too_big": 0.1111111111111111,
        "mean_existence_prob": 0.45214223861694336,
        "frac_high_existence": 0.0,
        "prototype_norm_mean": 1.977320306830936,
        "prototype_norm_std": 0.17493874374461696
      },
      "insdet": {
        "n": 64,
        "n_pos": 29,
        "n_neg": 35,
        "iou_mean": 0.009347091153954509,
        "iou_median": 0.0005781593499705195,
        "iou_p25": 0.0,
        "iou_p75": 0.00411510793492198,
        "contain_mean": 0.547264241966708,
        "contain_at_iou_50": 0.0,
        "contain_at_iou_75": 0.0,
        "ap_per_iou": {
          "0.50": 0.0,
          "0.55": 0.0,
          "0.60": 0.0,
          "0.65": 0.0,
          "0.70": 0.0,
          "0.75": 0.0,
          "0.80": 0.0,
          "0.85": 0.0,
          "0.90": 0.0,
          "0.95": 0.0
        },
        "map_50": 0.0,
        "map_75": 0.0,
        "map_5095": 0.0,
        "map_50_existence_only": 0.0,
        "map_5095_existence_only": 0.0,
        "map_50_score_only": 0.0,
        "map_5095_score_only": 0.0,
        "precision_50": 0.0,
        "recall_50": 0.0,
        "f1_50": 0.0,
        "existence_acc": 0.546875,
        "existence_acc_pos": 0.0,
        "existence_acc_neg": 1.0,
        "existence_auroc": 0.6049261083743842,
        "existence_pr_auc": 0.5047583101267934,
        "existence_brier": 0.24764351118873554,
        "existence_f1": 0.0,
        "false_positive_rate": 0.0,
        "false_negative_rate": 1.0,
        "mean_score_pos": 0.44100566876345665,
        "mean_score_neg": 0.4402736076286861,
        "mean_pred_box_area": 0.32386376542490325,
        "frac_pred_box_too_big": 0.28125,
        "mean_existence_prob": 0.440605322830379,
        "frac_high_existence": 0.0,
        "prototype_norm_mean": 2.3178158961236477,
        "prototype_norm_std": 0.1422595565303419
      }
    },
    "tile_cfg": {
      "mode": "off",
      "levels": [
        1,
        2
      ],
      "overlap": 0.3,
      "for_sources": [
        "insdet"
      ],
      "nms_iou": 0.5,
      "top_k": 100,
      "score_combo": "existence_x_score",
      "edge_score_penalty": 0.5,
      "edge_px": 4,
      "merge_partial_boxes": true,
      "merge_min_score": 0.2
    }
  }
}