{
  "stage": "1_1",
  "epoch": 2,
  "fold": 2,
  "wall_clock_seconds": 280.7,
  "lr": {
    "aggregator": 0.00035045377139200987,
    "existence_head": 0.0014017253398817364
  },
  "train": {
    "loss": 0.3299414107203484,
    "focal": 0.0765490972995758,
    "l1": 0.0,
    "giou": 0.0,
    "box_loss": 0.0,
    "box_area_penalty": 0.008146555316634475,
    "existence_kl": 0.0,
    "margin": 0.4995128631591797,
    "nt_xent": 0.02821228116750717,
    "grad_norm": 0.10637953400611877,
    "n_steps": 50,
    "aggregator_alpha": -0.012658674269914627
  },
  "val": {
    "overall": {
      "n": 100,
      "n_pos": 56,
      "n_neg": 44,
      "iou_mean": 0.17821003974053642,
      "iou_median": 0.0020437357015907764,
      "iou_p25": 0.0,
      "iou_p75": 0.07039914652705193,
      "contain_mean": 0.5042020385818822,
      "contain_at_iou_50": 0.21428571428571427,
      "contain_at_iou_75": 0.17857142857142858,
      "ap_per_iou": {
        "0.50": 0.16593095730295165,
        "0.55": 0.16593095730295165,
        "0.60": 0.16593095730295165,
        "0.65": 0.16593095730295165,
        "0.70": 0.16593095730295165,
        "0.75": 0.13658406656992234,
        "0.80": 0.10829207920792079,
        "0.85": 0.011138613861386138,
        "0.90": 0.0,
        "0.95": 0.0
      },
      "map_50": 0.16593095730295165,
      "map_75": 0.13658406656992234,
      "map_5095": 0.10856695461539875,
      "map_50_existence_only": 0.16854515838588152,
      "map_5095_existence_only": 0.1102167264026928,
      "map_50_score_only": 0.1621739133403101,
      "map_5095_score_only": 0.10590159643798354,
      "precision_50": 0.0,
      "recall_50": 0.0,
      "f1_50": 0.0,
      "existence_acc": 0.44,
      "existence_acc_pos": 0.0,
      "existence_acc_neg": 1.0,
      "existence_auroc": 0.7674512987012987,
      "existence_pr_auc": 0.7990995475236832,
      "existence_brier": 0.2599194531388631,
      "existence_f1": 0.0,
      "false_positive_rate": 0.0,
      "false_negative_rate": 1.0,
      "mean_score_pos": 0.41828102618455887,
      "mean_score_neg": 0.398575060069561,
      "proto_score_pos": 0.9711785593203136,
      "proto_score_neg": 0.8958052166483619,
      "proto_score_gap": 0.07537334267195173,
      "mean_pred_box_area": 0.26353855762747114,
      "frac_pred_box_too_big": 0.29,
      "mean_existence_prob": 0.4096104010939598,
      "frac_high_existence": 0.0,
      "prototype_norm_mean": 2.111739503145218,
      "prototype_norm_std": 0.17007177243472116
    },
    "per_source": {
      "hots": {
        "n": 35,
        "n_pos": 18,
        "n_neg": 17,
        "iou_mean": 0.5356776085164812,
        "iou_median": 0.7639977335929871,
        "iou_p25": 0.0,
        "iou_p75": 0.8122966289520264,
        "contain_mean": 0.6553162104553647,
        "contain_at_iou_50": 0.6666666666666666,
        "contain_at_iou_75": 0.5555555555555556,
        "ap_per_iou": {
          "0.50": 0.567776185513288,
          "0.55": 0.567776185513288,
          "0.60": 0.567776185513288,
          "0.65": 0.567776185513288,
          "0.70": 0.567776185513288,
          "0.75": 0.465411672746222,
          "0.80": 0.344884488448845,
          "0.85": 0.03762376237623762,
          "0.90": 0.0,
          "0.95": 0.0
        },
        "map_50": 0.567776185513288,
        "map_75": 0.465411672746222,
        "map_5095": 0.3686800851137745,
        "map_50_existence_only": 0.567776185513288,
        "map_5095_existence_only": 0.3684861907243355,
        "map_50_score_only": 0.5715235997283936,
        "map_5095_score_only": 0.37063329453246063,
        "precision_50": 0.0,
        "recall_50": 0.0,
        "f1_50": 0.0,
        "existence_acc": 0.4857142857142857,
        "existence_acc_pos": 0.0,
        "existence_acc_neg": 1.0,
        "existence_auroc": 0.934640522875817,
        "existence_pr_auc": 0.9173098620983038,
        "existence_brier": 0.23581897105002275,
        "existence_f1": 0.0,
        "false_positive_rate": 0.0,
        "false_negative_rate": 1.0,
        "mean_score_pos": 0.4425823771291309,
        "mean_score_neg": 0.3940574298886692,
        "proto_score_pos": 0.9886153274112277,
        "proto_score_neg": 0.8162165178972132,
        "proto_score_gap": 0.17239880951401454,
        "mean_pred_box_area": 0.10115708297650729,
        "frac_pred_box_too_big": 0.05714285714285714,
        "mean_existence_prob": 0.41901311704090666,
        "frac_high_existence": 0.0,
        "prototype_norm_mean": 1.9763409648622785,
        "prototype_norm_std": 0.12114338506221198
      },
      "insdet": {
        "n": 65,
        "n_pos": 38,
        "n_neg": 27,
        "iou_mean": 0.008883296636141543,
        "iou_median": 0.0,
        "iou_p25": 0.0,
        "iou_p75": 0.0034093422582373023,
        "contain_mean": 0.43262164137865367,
        "contain_at_iou_50": 0.0,
        "contain_at_iou_75": 0.0,
        "ap_per_iou": {
          "0.50": 0.0,
          "0.55": 0.0,
          "0.60": 0.0,
          "0.65": 0.0,
          "0.70": 0.0,
          "0.75": 0.0,
          "0.80": 0.0,
          "0.85": 0.0,
          "0.90": 0.0,
          "0.95": 0.0
        },
        "map_50": 0.0,
        "map_75": 0.0,
        "map_5095": 0.0,
        "map_50_existence_only": 0.0,
        "map_5095_existence_only": 0.0,
        "map_50_score_only": 0.0,
        "map_5095_score_only": 0.0,
        "precision_50": 0.0,
        "recall_50": 0.0,
        "f1_50": 0.0,
        "existence_acc": 0.4153846153846154,
        "existence_acc_pos": 0.0,
        "existence_acc_neg": 1.0,
        "existence_auroc": 0.6267056530214425,
        "existence_pr_auc": 0.7232485004163226,
        "existence_brier": 0.2728966358020848,
        "existence_f1": 0.0,
        "false_positive_rate": 0.0,
        "false_negative_rate": 1.0,
        "mean_score_pos": 0.40676985994765635,
        "mean_score_neg": 0.4014194938871596,
        "proto_score_pos": 0.9629190375930384,
        "proto_score_neg": 0.9459166195657518,
        "proto_score_gap": 0.017002418027286637,
        "mean_pred_box_area": 0.3509747362856825,
        "frac_pred_box_too_big": 0.4153846153846154,
        "mean_existence_prob": 0.40454740019944996,
        "frac_high_existence": 0.0,
        "prototype_norm_mean": 2.1846464083744928,
        "prototype_norm_std": 0.14670298751563166
      }
    },
    "tile_cfg": {
      "mode": "off",
      "levels": [
        1,
        2
      ],
      "overlap": 0.3,
      "for_sources": [
        "insdet"
      ],
      "nms_iou": 0.5,
      "top_k": 100,
      "score_combo": "existence_x_score",
      "edge_score_penalty": 0.5,
      "edge_px": 4,
      "merge_partial_boxes": true,
      "merge_min_score": 0.2
    }
  }
}