{
  "stage": "1_1",
  "epoch": 2,
  "fold": 4,
  "wall_clock_seconds": 280.58,
  "lr": {
    "aggregator": 0.0002706907074008096,
    "existence_head": 0.0010826252165050585
  },
  "train": {
    "loss": 0.323694010078907,
    "focal": 0.07262323066592216,
    "l1": 0.0,
    "giou": 0.0,
    "box_loss": 0.0,
    "box_area_penalty": 0.011501940758898854,
    "existence_kl": 0.0,
    "margin": 0.49581817626953123,
    "nt_xent": 0.020114986300468443,
    "grad_norm": 0.10736650317907333,
    "n_steps": 50,
    "aggregator_alpha": -0.015329179354012012
  },
  "val": {
    "overall": {
      "n": 100,
      "n_pos": 46,
      "n_neg": 54,
      "iou_mean": 0.16352069414437131,
      "iou_median": 0.0006985931540839374,
      "iou_p25": 0.0,
      "iou_p75": 0.01848650467582047,
      "contain_mean": 0.5809998732546101,
      "contain_at_iou_50": 0.1956521739130435,
      "contain_at_iou_75": 0.17391304347826086,
      "ap_per_iou": {
        "0.50": 0.07989341165336347,
        "0.55": 0.07989341165336347,
        "0.60": 0.07989341165336347,
        "0.65": 0.07989341165336347,
        "0.70": 0.07989341165336347,
        "0.75": 0.07006267030845928,
        "0.80": 0.0009581603321622484,
        "0.85": 0.0,
        "0.90": 0.0,
        "0.95": 0.0
      },
      "map_50": 0.07989341165336347,
      "map_75": 0.07006267030845928,
      "map_5095": 0.04704878889074389,
      "map_50_existence_only": 0.08341388090578114,
      "map_5095_existence_only": 0.04896633035949256,
      "map_50_score_only": 0.06309627012734187,
      "map_5095_score_only": 0.03708530826749559,
      "precision_50": 0.4,
      "recall_50": 0.043478260869565216,
      "f1_50": 0.0784313725490196,
      "existence_acc": 0.57,
      "existence_acc_pos": 0.08695652173913043,
      "existence_acc_neg": 0.9814814814814815,
      "existence_auroc": 0.605475040257649,
      "existence_pr_auc": 0.5965907124809702,
      "existence_brier": 0.24472919059941434,
      "existence_f1": 0.0784313725490196,
      "false_positive_rate": 0.018518518518518517,
      "false_negative_rate": 0.9130434782608695,
      "mean_score_pos": 0.4540725292071052,
      "mean_score_neg": 0.4454158119581364,
      "proto_score_pos": 0.9606074328007905,
      "proto_score_neg": 0.9460921364801901,
      "proto_score_gap": 0.014515296320600446,
      "mean_pred_box_area": 0.2624339650198817,
      "frac_pred_box_too_big": 0.28,
      "mean_existence_prob": 0.44939790189266204,
      "frac_high_existence": 0.0,
      "prototype_norm_mean": 2.049411654472351,
      "prototype_norm_std": 0.18519182772765255
    },
    "per_source": {
      "hots": {
        "n": 35,
        "n_pos": 17,
        "n_neg": 18,
        "iou_mean": 0.4081573801882127,
        "iou_median": 0.7412862181663513,
        "iou_p25": 0.0,
        "iou_p75": 0.7703471183776855,
        "contain_mean": 0.5259198616532719,
        "contain_at_iou_50": 0.5294117647058824,
        "contain_at_iou_75": 0.47058823529411764,
        "ap_per_iou": {
          "0.50": 0.22126264824284617,
          "0.55": 0.22126264824284617,
          "0.60": 0.22126264824284617,
          "0.65": 0.22126264824284617,
          "0.70": 0.22126264824284617,
          "0.75": 0.1942117288651942,
          "0.80": 0.002475247524752475,
          "0.85": 0.0,
          "0.90": 0.0,
          "0.95": 0.0
        },
        "map_50": 0.22126264824284617,
        "map_75": 0.1942117288651942,
        "map_5095": 0.13030002176041774,
        "map_50_existence_only": 0.22351485148514857,
        "map_5095_existence_only": 0.13142612338156895,
        "map_50_score_only": 0.22054455445544546,
        "map_5095_score_only": 0.1289639321074964,
        "precision_50": 0.4,
        "recall_50": 0.11764705882352941,
        "f1_50": 0.1818181818181818,
        "existence_acc": 0.6,
        "existence_acc_pos": 0.23529411764705882,
        "existence_acc_neg": 0.9444444444444444,
        "existence_auroc": 0.6928104575163399,
        "existence_pr_auc": 0.7198047904969985,
        "existence_brier": 0.24206291397508203,
        "existence_f1": 0.1818181818181818,
        "false_positive_rate": 0.05555555555555555,
        "false_negative_rate": 0.7647058823529411,
        "mean_score_pos": 0.4787568362320171,
        "mean_score_neg": 0.46166977286338806,
        "proto_score_pos": 0.9824301600456238,
        "proto_score_neg": 0.9430696268876394,
        "proto_score_gap": 0.03936053315798438,
        "mean_pred_box_area": 0.03701958142753158,
        "frac_pred_box_too_big": 0.0,
        "mean_existence_prob": 0.46996920364243644,
        "frac_high_existence": 0.0,
        "prototype_norm_mean": 1.8530315910066877,
        "prototype_norm_std": 0.10849607464742794
      },
      "insdet": {
        "n": 65,
        "n_pos": 29,
        "n_neg": 36,
        "iou_mean": 0.020112981635912578,
        "iou_median": 0.0005265195504762232,
        "iou_p25": 0.0,
        "iou_p75": 0.002830725396052003,
        "contain_mean": 0.6132881559174637,
        "contain_at_iou_50": 0.0,
        "contain_at_iou_75": 0.0,
        "ap_per_iou": {
          "0.50": 0.0,
          "0.55": 0.0,
          "0.60": 0.0,
          "0.65": 0.0,
          "0.70": 0.0,
          "0.75": 0.0,
          "0.80": 0.0,
          "0.85": 0.0,
          "0.90": 0.0,
          "0.95": 0.0
        },
        "map_50": 0.0,
        "map_75": 0.0,
        "map_5095": 0.0,
        "map_50_existence_only": 0.0,
        "map_5095_existence_only": 0.0,
        "map_50_score_only": 0.0,
        "map_5095_score_only": 0.0,
        "precision_50": 0.0,
        "recall_50": 0.0,
        "f1_50": 0.0,
        "existence_acc": 0.5538461538461539,
        "existence_acc_pos": 0.0,
        "existence_acc_neg": 1.0,
        "existence_auroc": 0.5622605363984674,
        "existence_pr_auc": 0.5405220233136081,
        "existence_brier": 0.24616487801251638,
        "existence_f1": 0.0,
        "false_positive_rate": 0.0,
        "false_negative_rate": 1.0,
        "mean_score_pos": 0.43960241819250173,
        "mean_score_neg": 0.43728883150551057,
        "proto_score_pos": 0.9478147995883021,
        "proto_score_neg": 0.9476033912764655,
        "proto_score_gap": 0.0002114083118365251,
        "mean_pred_box_area": 0.383810940800378,
        "frac_pred_box_too_big": 0.4307692307692308,
        "mean_existence_prob": 0.438321047104322,
        "frac_high_existence": 0.0,
        "prototype_norm_mean": 2.1551547655692467,
        "prototype_norm_std": 0.11979760709177835
      }
    },
    "tile_cfg": {
      "mode": "off",
      "levels": [
        1,
        2
      ],
      "overlap": 0.3,
      "for_sources": [
        "insdet"
      ],
      "nms_iou": 0.5,
      "top_k": 100,
      "score_combo": "existence_x_score",
      "edge_score_penalty": 0.5,
      "edge_px": 4,
      "merge_partial_boxes": true,
      "merge_min_score": 0.2
    }
  }
}