{
  "stage": "1_1",
  "epoch": 2,
  "fold": 3,
  "wall_clock_seconds": 275.69,
  "lr": {
    "aggregator": 0.00031140909751084284,
    "existence_head": 0.0012455232128664418
  },
  "train": {
    "loss": 0.3178309890627861,
    "focal": 0.07084331296384334,
    "l1": 0.0,
    "giou": 0.0,
    "box_loss": 0.0,
    "box_area_penalty": 0.011417777626775205,
    "existence_kl": 0.0,
    "margin": 0.4908355712890625,
    "nt_xent": 0.0042811518907547,
    "grad_norm": 0.10472473502159119,
    "n_steps": 50
  },
  "val": {
    "overall": {
      "n": 100,
      "n_pos": 47,
      "n_neg": 53,
      "iou_mean": 0.20251726531522704,
      "iou_median": 0.0,
      "iou_p25": 0.0,
      "iou_p75": 0.39513079822063446,
      "contain_mean": 0.2877071347642452,
      "contain_at_iou_50": 0.2553191489361702,
      "contain_at_iou_75": 0.2127659574468085,
      "ap_per_iou": {
        "0.50": 0.09611921718487641,
        "0.55": 0.09611921718487641,
        "0.60": 0.09611921718487641,
        "0.65": 0.09611921718487641,
        "0.70": 0.09611921718487641,
        "0.75": 0.07659274699399762,
        "0.80": 0.015741461786628105,
        "0.85": 0.012376237623762377,
        "0.90": 0.0,
        "0.95": 0.0
      },
      "map_50": 0.09611921718487641,
      "map_75": 0.07659274699399762,
      "map_5095": 0.05853065323287702,
      "map_50_existence_only": 0.10233535910076222,
      "map_5095_existence_only": 0.06184349341823481,
      "map_50_score_only": 0.07777004043115307,
      "map_5095_score_only": 0.04691785881322737,
      "precision_50": 0.0,
      "recall_50": 0.0,
      "f1_50": 0.0,
      "existence_acc": 0.53,
      "existence_acc_pos": 0.0,
      "existence_acc_neg": 1.0,
      "existence_auroc": 0.6093938177438779,
      "existence_pr_auc": 0.5816850871556528,
      "existence_brier": 0.24901260700038186,
      "existence_f1": 0.0,
      "false_positive_rate": 0.0,
      "false_negative_rate": 1.0,
      "mean_score_pos": 0.41799882181147313,
      "mean_score_neg": 0.410916214281658,
      "mean_pred_box_area": 0.11362837907625362,
      "frac_pred_box_too_big": 0.11,
      "mean_existence_prob": 0.41424503982067107,
      "frac_high_existence": 0.0,
      "prototype_norm_mean": 2.130326097011566,
      "prototype_norm_std": 0.19574241688711266
    },
    "per_source": {
      "hots": {
        "n": 35,
        "n_pos": 20,
        "n_neg": 15,
        "iou_mean": 0.4756532087922096,
        "iou_median": 0.7466874420642853,
        "iou_p25": 0.0,
        "iou_p75": 0.7745741158723831,
        "contain_mean": 0.6261270135641098,
        "contain_at_iou_50": 0.6,
        "contain_at_iou_75": 0.5,
        "ap_per_iou": {
          "0.50": 0.319859942983546,
          "0.55": 0.319859942983546,
          "0.60": 0.319859942983546,
          "0.65": 0.319859942983546,
          "0.70": 0.319859942983546,
          "0.75": 0.22961717424114317,
          "0.80": 0.043843967730106334,
          "0.85": 0.027227722772277228,
          "0.90": 0.0,
          "0.95": 0.0
        },
        "map_50": 0.319859942983546,
        "map_75": 0.22961717424114317,
        "map_5095": 0.18999885796612564,
        "map_50_existence_only": 0.30527217701527265,
        "map_5095_existence_only": 0.1816627082748762,
        "map_50_score_only": 0.3057850466246781,
        "map_5095_score_only": 0.18084718649348502,
        "precision_50": 0.0,
        "recall_50": 0.0,
        "f1_50": 0.0,
        "existence_acc": 0.42857142857142855,
        "existence_acc_pos": 0.0,
        "existence_acc_neg": 1.0,
        "existence_auroc": 0.7033333333333334,
        "existence_pr_auc": 0.6912842641534591,
        "existence_brier": 0.25978644860764766,
        "existence_f1": 0.0,
        "false_positive_rate": 0.0,
        "false_negative_rate": 1.0,
        "mean_score_pos": 0.4312477320432663,
        "mean_score_neg": 0.41665945847829183,
        "mean_pred_box_area": 0.07499889801256358,
        "frac_pred_box_too_big": 0.05714285714285714,
        "mean_existence_prob": 0.4249956148011344,
        "frac_high_existence": 0.0,
        "prototype_norm_mean": 1.8940843377794538,
        "prototype_norm_std": 0.10128603184779437
      },
      "insdet": {
        "n": 65,
        "n_pos": 27,
        "n_neg": 38,
        "iou_mean": 0.00019434422116588662,
        "iou_median": 0.0,
        "iou_p25": 0.0,
        "iou_p75": 0.0,
        "contain_mean": 0.03702574306064182,
        "contain_at_iou_50": 0.0,
        "contain_at_iou_75": 0.0,
        "ap_per_iou": {
          "0.50": 0.0,
          "0.55": 0.0,
          "0.60": 0.0,
          "0.65": 0.0,
          "0.70": 0.0,
          "0.75": 0.0,
          "0.80": 0.0,
          "0.85": 0.0,
          "0.90": 0.0,
          "0.95": 0.0
        },
        "map_50": 0.0,
        "map_75": 0.0,
        "map_5095": 0.0,
        "map_50_existence_only": 0.0,
        "map_5095_existence_only": 0.0,
        "map_50_score_only": 0.0,
        "map_5095_score_only": 0.0,
        "precision_50": 0.0,
        "recall_50": 0.0,
        "f1_50": 0.0,
        "existence_acc": 0.5846153846153846,
        "existence_acc_pos": 0.0,
        "existence_acc_neg": 1.0,
        "existence_auroc": 0.48635477582846004,
        "existence_pr_auc": 0.4210738619358437,
        "existence_brier": 0.24321130767339255,
        "existence_f1": 0.0,
        "false_positive_rate": 0.0,
        "false_negative_rate": 1.0,
        "mean_score_pos": 0.4081848142323671,
        "mean_score_neg": 0.4086491442040393,
        "mean_pred_box_area": 0.13442886887977903,
        "frac_pred_box_too_big": 0.13846153846153847,
        "mean_existence_prob": 0.4084562686773447,
        "frac_high_existence": 0.0,
        "prototype_norm_mean": 2.25753319813655,
        "prototype_norm_std": 0.08284304616257192
      }
    },
    "tile_cfg": {
      "mode": "off",
      "levels": [
        1,
        2
      ],
      "overlap": 0.3,
      "for_sources": [
        "insdet"
      ],
      "nms_iou": 0.5,
      "top_k": 100,
      "score_combo": "existence_x_score",
      "edge_score_penalty": 0.5,
      "edge_px": 4,
      "merge_partial_boxes": true,
      "merge_min_score": 0.2
    }
  }
}