{
  "stage": "S2",
  "epoch": 1,
  "fold": 2,
  "wall_clock_seconds": 238.62,
  "lr": {
    "head": 9.847154328366954e-05,
    "lora": 9.847154328366954e-05
  },
  "train": {
    "loss": 0.08569499764591455,
    "focal": 0.054014757415279745,
    "variance": 0.004709258079528809,
    "decorrelation": 0.6241861045360565,
    "grad_norm": 0.3022979852557182,
    "n_steps": 100,
    "grad_steps": 50,
    "grad_nan_steps": 0
  },
  "val": {
    "overall": {
      "n": 200,
      "n_pos": 60,
      "n_neg": 140,
      "threshold": 0.5,
      "tp": 5,
      "fp": 0,
      "fn": 55,
      "tn": 140,
      "accuracy": 0.725,
      "acc_pos": 0.08333333333333333,
      "acc_neg": 1.0,
      "precision": 1.0,
      "recall": 0.08333333333333333,
      "f1": 0.15384615384615385,
      "fpr": 0.0,
      "fnr": 0.9166666666666666,
      "tpr": 0.08333333333333337,
      "tnr": 1.0,
      "youden_j": 0.08333333333333337,
      "mcc": 0.24459979523511424,
      "auroc": 0.8080952380952381,
      "pr_auc": 0.6829111037248331,
      "avg_precision": 0.6879620170699763,
      "brier": 0.1781457838925416,
      "best_f1": 0.611764705882353,
      "best_f1_threshold": 0.32035431265830994,
      "fpr_at_recall_95": 0.5642857142857143,
      "recall_at_fpr_05": 0.36666666666666664,
      "recall_at_fpr_10": 0.5,
      "mean_score_pos": 0.37706368739406265,
      "mean_score_neg": 0.28233914572213376,
      "std_score_pos": 0.06788217803827819,
      "std_score_neg": 0.08109641389186545,
      "score_gap": 0.0947245416719289,
      "median_score_pos": 0.3676571547985077,
      "median_score_neg": 0.31039585173130035,
      "frac_high_score": 0.0,
      "frac_low_score": 0.005,
      "frac_uncertain": 0.115
    },
    "per_source": {
      "hots": {
        "n": 70,
        "n_pos": 11,
        "n_neg": 59,
        "threshold": 0.5,
        "tp": 0,
        "fp": 0,
        "fn": 11,
        "tn": 59,
        "accuracy": 0.8428571428571429,
        "acc_pos": 0.0,
        "acc_neg": 1.0,
        "precision": 0.0,
        "recall": 0.0,
        "f1": 0.0,
        "fpr": 0.0,
        "fnr": 1.0,
        "tpr": 0.0,
        "tnr": 1.0,
        "youden_j": 0.0,
        "mcc": 0.0,
        "auroc": 0.7842835130970724,
        "pr_auc": 0.37388979395428323,
        "avg_precision": 0.47217160421501425,
        "brier": 0.14916128361270278,
        "best_f1": 0.6086956521739131,
        "best_f1_threshold": 0.35841789841651917,
        "fpr_at_recall_95": 0.7627118644067796,
        "recall_at_fpr_05": 0.0,
        "recall_at_fpr_10": 0.6363636363636364,
        "mean_score_pos": 0.3533414900302887,
        "mean_score_neg": 0.3093580734931817,
        "std_score_pos": 0.028075793793422076,
        "std_score_neg": 0.05680049731900633,
        "score_gap": 0.04398341653710702,
        "median_score_pos": 0.3588387668132782,
        "median_score_neg": 0.32520779967308044,
        "frac_high_score": 0.0,
        "frac_low_score": 0.0,
        "frac_uncertain": 0.0
      },
      "insdet": {
        "n": 130,
        "n_pos": 49,
        "n_neg": 81,
        "threshold": 0.5,
        "tp": 5,
        "fp": 0,
        "fn": 44,
        "tn": 81,
        "accuracy": 0.6615384615384615,
        "acc_pos": 0.10204081632653061,
        "acc_neg": 1.0,
        "precision": 1.0,
        "recall": 0.10204081632653061,
        "f1": 0.1851851851851852,
        "fpr": 0.0,
        "fnr": 0.8979591836734694,
        "tpr": 0.10204081632653061,
        "tnr": 1.0,
        "youden_j": 0.10204081632653061,
        "mcc": 0.2571428571428571,
        "auroc": 0.8339632149155959,
        "pr_auc": 0.7622558238235261,
        "avg_precision": 0.7658806878841462,
        "brier": 0.19375282250476247,
        "best_f1": 0.7244094488188976,
        "best_f1_threshold": 0.30281171202659607,
        "fpr_at_recall_95": 0.41975308641975306,
        "recall_at_fpr_05": 0.3877551020408163,
        "recall_at_fpr_10": 0.5306122448979592,
        "mean_score_pos": 0.3823890786389915,
        "mean_score_neg": 0.2626586921605063,
        "std_score_pos": 0.07308800555916745,
        "std_score_neg": 0.09031762548786779,
        "score_gap": 0.11973038647848522,
        "median_score_pos": 0.36925143003463745,
        "median_score_neg": 0.25771892070770264,
        "frac_high_score": 0.0,
        "frac_low_score": 0.007692307692307693,
        "frac_uncertain": 0.17692307692307693
      }
    },
    "per_k": {
      "k1": {
        "n": 67,
        "n_pos": 19,
        "n_neg": 48,
        "threshold": 0.5,
        "tp": 1,
        "fp": 0,
        "fn": 18,
        "tn": 48,
        "accuracy": 0.7313432835820896,
        "acc_pos": 0.05263157894736842,
        "acc_neg": 1.0,
        "precision": 1.0,
        "recall": 0.05263157894736842,
        "f1": 0.1,
        "fpr": 0.0,
        "fnr": 0.9473684210526315,
        "tpr": 0.052631578947368474,
        "tnr": 1.0,
        "youden_j": 0.052631578947368474,
        "mcc": 0.1956463952178074,
        "auroc": 0.8125,
        "pr_auc": 0.6594689588456842,
        "avg_precision": 0.6686633371675387,
        "brier": 0.17432446877409719,
        "best_f1": 0.6666666666666666,
        "best_f1_threshold": 0.3588387668132782,
        "fpr_at_recall_95": 0.7083333333333334,
        "recall_at_fpr_05": 0.3684210526315789,
        "recall_at_fpr_10": 0.3684210526315789,
        "mean_score_pos": 0.3810194519005324,
        "mean_score_neg": 0.287502099138995,
        "std_score_pos": 0.06326888548899261,
        "std_score_neg": 0.08758301571403689,
        "score_gap": 0.09351735276153739,
        "median_score_pos": 0.3692382574081421,
        "median_score_neg": 0.31607016921043396,
        "frac_high_score": 0.0,
        "frac_low_score": 0.0,
        "frac_uncertain": 0.14925373134328357
      },
      "k4": {
        "n": 67,
        "n_pos": 23,
        "n_neg": 44,
        "threshold": 0.5,
        "tp": 3,
        "fp": 0,
        "fn": 20,
        "tn": 44,
        "accuracy": 0.7014925373134329,
        "acc_pos": 0.13043478260869565,
        "acc_neg": 1.0,
        "precision": 1.0,
        "recall": 0.13043478260869565,
        "f1": 0.23076923076923078,
        "fpr": 0.0,
        "fnr": 0.8695652173913043,
        "tpr": 0.13043478260869568,
        "tnr": 1.0,
        "youden_j": 0.13043478260869568,
        "mcc": 0.29945602856425896,
        "auroc": 0.8181818181818182,
        "pr_auc": 0.7677278074183668,
        "avg_precision": 0.7739394772810609,
        "brier": 0.18722589144089338,
        "best_f1": 0.6808510638297872,
        "best_f1_threshold": 0.34237104654312134,
        "fpr_at_recall_95": 0.5,
        "recall_at_fpr_05": 0.4782608695652174,
        "recall_at_fpr_10": 0.5652173913043478,
        "mean_score_pos": 0.37354455305182416,
        "mean_score_neg": 0.26523113572462037,
        "std_score_pos": 0.0787147712228343,
        "std_score_neg": 0.0815920275051727,
        "score_gap": 0.10831341732720379,
        "median_score_pos": 0.35841789841651917,
        "median_score_neg": 0.29685191810131073,
        "frac_high_score": 0.0,
        "frac_low_score": 0.0,
        "frac_uncertain": 0.1044776119402985
      },
      "k10": {
        "n": 66,
        "n_pos": 18,
        "n_neg": 48,
        "threshold": 0.5,
        "tp": 1,
        "fp": 0,
        "fn": 17,
        "tn": 48,
        "accuracy": 0.7424242424242424,
        "acc_pos": 0.05555555555555555,
        "acc_neg": 1.0,
        "precision": 1.0,
        "recall": 0.05555555555555555,
        "f1": 0.10526315789473684,
        "fpr": 0.0,
        "fnr": 0.9444444444444444,
        "tpr": 0.05555555555555558,
        "tnr": 1.0,
        "youden_j": 0.05555555555555558,
        "mcc": 0.20254787341673333,
        "auroc": 0.8125,
        "pr_auc": 0.6695800495138351,
        "avg_precision": 0.6747836523984926,
        "brier": 0.17280731278945377,
        "best_f1": 0.6181818181818182,
        "best_f1_threshold": 0.3233199417591095,