{
  "stage": "S2",
  "epoch": 1,
  "fold": 0,
  "wall_clock_seconds": 255.21,
  "lr": {
    "head": 8.416666666666662e-05,
    "lora": 8.416666666666662e-05
  },
  "train": {
    "loss": 0.07535217825323343,
    "focal": 0.0434344046888873,
    "variance": 0.005045824050903321,
    "decorrelation": 0.6282640439271927,
    "grad_norm": 0.2592370072007179,
    "n_steps": 100,
    "grad_steps": 50,
    "grad_nan_steps": 0
  },
  "val": {
    "overall": {
      "n": 200,
      "n_pos": 38,
      "n_neg": 162,
      "threshold": 0.5,
      "tp": 0,
      "fp": 0,
      "fn": 38,
      "tn": 162,
      "accuracy": 0.81,
      "acc_pos": 0.0,
      "acc_neg": 1.0,
      "precision": 0.0,
      "recall": 0.0,
      "f1": 0.0,
      "fpr": 0.0,
      "fnr": 1.0,
      "tpr": 0.0,
      "tnr": 1.0,
      "youden_j": 0.0,
      "mcc": 0.0,
      "auroc": 0.804093567251462,
      "pr_auc": 0.4838350676997823,
      "avg_precision": 0.501460820009867,
      "brier": 0.14452403890582294,
      "best_f1": 0.577319587628866,
      "best_f1_threshold": 0.3234083950519562,
      "fpr_at_recall_95": 0.6975308641975309,
      "recall_at_fpr_05": 0.23684210526315788,
      "recall_at_fpr_10": 0.39473684210526316,
      "mean_score_pos": 0.3363678992578858,
      "mean_score_neg": 0.26232279699157784,
      "std_score_pos": 0.05439878595974846,
      "std_score_neg": 0.07526691230370477,
      "score_gap": 0.07404510226630795,
      "median_score_pos": 0.3399636745452881,
      "median_score_neg": 0.27697864174842834,
      "frac_high_score": 0.0,
      "frac_low_score": 0.015,
      "frac_uncertain": 0.04
    },
    "per_source": {
      "hots": {
        "n": 65,
        "n_pos": 11,
        "n_neg": 54,
        "threshold": 0.5,
        "tp": 0,
        "fp": 0,
        "fn": 11,
        "tn": 54,
        "accuracy": 0.8307692307692308,
        "acc_pos": 0.0,
        "acc_neg": 1.0,
        "precision": 0.0,
        "recall": 0.0,
        "f1": 0.0,
        "fpr": 0.0,
        "fnr": 1.0,
        "tpr": 0.0,
        "tnr": 1.0,
        "youden_j": 0.0,
        "mcc": 0.0,
        "auroc": 0.7121212121212122,
        "pr_auc": 0.45242256412679316,
        "avg_precision": 0.45982873432351623,
        "brier": 0.14957145361633045,
        "best_f1": 0.5,
        "best_f1_threshold": 0.3277182877063751,
        "fpr_at_recall_95": 0.8888888888888888,
        "recall_at_fpr_05": 0.2727272727272727,
        "recall_at_fpr_10": 0.36363636363636365,
        "mean_score_pos": 0.32046306946060876,
        "mean_score_neg": 0.28883676341286413,
        "std_score_pos": 0.050102808656177854,
        "std_score_neg": 0.04607750495591678,
        "score_gap": 0.031626306047744634,
        "median_score_pos": 0.33314162492752075,
        "median_score_neg": 0.2993119955062866,
        "frac_high_score": 0.0,
        "frac_low_score": 0.0,
        "frac_uncertain": 0.0
      },
      "insdet": {
        "n": 135,
        "n_pos": 27,
        "n_neg": 108,
        "threshold": 0.5,
        "tp": 0,
        "fp": 0,
        "fn": 27,
        "tn": 108,
        "accuracy": 0.8,
        "acc_pos": 0.0,
        "acc_neg": 1.0,
        "precision": 0.0,
        "recall": 0.0,
        "f1": 0.0,
        "fpr": 0.0,
        "fnr": 1.0,
        "tpr": 0.0,
        "tnr": 1.0,
        "youden_j": 0.0,
        "mcc": 0.0,
        "auroc": 0.8309327846364883,
        "pr_auc": 0.5203144248279769,
        "avg_precision": 0.5442214788203293,
        "brier": 0.14209380219335635,
        "best_f1": 0.6176470588235294,
        "best_f1_threshold": 0.3234083950519562,
        "fpr_at_recall_95": 0.5555555555555556,
        "recall_at_fpr_05": 0.2222222222222222,
        "recall_at_fpr_10": 0.37037037037037035,
        "mean_score_pos": 0.3428476447308505,
        "mean_score_neg": 0.24906581378093473,
        "std_score_pos": 0.055633507821064965,
        "std_score_neg": 0.08330856649703217,
        "score_gap": 0.09378183094991577,
        "median_score_pos": 0.3419373333454132,
        "median_score_neg": 0.24926353991031647,
        "frac_high_score": 0.0,
        "frac_low_score": 0.022222222222222223,
        "frac_uncertain": 0.05925925925925926
      }
    },
    "per_k": {
      "k1": {
        "n": 67,
        "n_pos": 10,
        "n_neg": 57,
        "threshold": 0.5,
        "tp": 0,
        "fp": 0,
        "fn": 10,
        "tn": 57,
        "accuracy": 0.8507462686567164,
        "acc_pos": 0.0,
        "acc_neg": 1.0,
        "precision": 0.0,
        "recall": 0.0,
        "f1": 0.0,
        "fpr": 0.0,
        "fnr": 1.0,
        "tpr": 0.0,
        "tnr": 1.0,
        "youden_j": 0.0,
        "mcc": 0.0,
        "auroc": 0.7385964912280701,
        "pr_auc": 0.35862421891833657,
        "avg_precision": 0.3818227976643819,
        "brier": 0.13471907365320226,
        "best_f1": 0.47058823529411764,
        "best_f1_threshold": 0.31984615325927734,
        "fpr_at_recall_95": 0.7368421052631579,
        "recall_at_fpr_05": 0.1,
        "recall_at_fpr_10": 0.2,
        "mean_score_pos": 0.33359591066837313,
        "mean_score_neg": 0.2736933918898566,
        "std_score_pos": 0.06114056587998015,
        "std_score_neg": 0.07094139498587303,
        "score_gap": 0.059902518778516545,
        "median_score_pos": 0.3324924558401108,
        "median_score_neg": 0.2926754355430603,
        "frac_high_score": 0.0,
        "frac_low_score": 0.0,
        "frac_uncertain": 0.029850746268656716
      },
      "k4": {
        "n": 67,
        "n_pos": 15,
        "n_neg": 52,
        "threshold": 0.5,
        "tp": 0,
        "fp": 0,
        "fn": 15,
        "tn": 52,
        "accuracy": 0.7761194029850746,
        "acc_pos": 0.0,
        "acc_neg": 1.0,
        "precision": 0.0,
        "recall": 0.0,
        "f1": 0.0,
        "fpr": 0.0,
        "fnr": 1.0,
        "tpr": 0.0,
        "tnr": 1.0,
        "youden_j": 0.0,
        "mcc": 0.0,
        "auroc": 0.8423076923076923,
        "pr_auc": 0.6311018128333119,
        "avg_precision": 0.6751598089464681,
        "brier": 0.15185052268418986,
        "best_f1": 0.7096774193548386,
        "best_f1_threshold": 0.3419373333454132,
        "fpr_at_recall_95": 0.8653846153846154,
        "recall_at_fpr_05": 0.4666666666666667,
        "recall_at_fpr_10": 0.7333333333333333,
        "mean_score_pos": 0.3454842319091161,
        "mean_score_neg": 0.25576137077923006,
        "std_score_pos": 0.05978326870338721,
        "std_score_neg": 0.07625594337510469,
        "score_gap": 0.08972286112988603,
        "median_score_pos": 0.3492218852043152,
        "median_score_neg": 0.26484496891498566,
        "frac_high_score": 0.0,
        "frac_low_score": 0.029850746268656716,
        "frac_uncertain": 0.05970149253731343
      },
      "k10": {
        "n": 66,
        "n_pos": 13,
        "n_neg": 53,
        "threshold": 0.5,
        "tp": 0,
        "fp": 0,
        "fn": 13,
        "tn": 53,
        "accuracy": 0.803030303030303,
        "acc_pos": 0.0,
        "acc_neg": 1.0,
        "precision": 0.0,
        "recall": 0.0,
        "f1": 0.0,
        "fpr": 0.0,
        "fnr": 1.0,
        "tpr": 0.0,
        "tnr": 1.0,
        "youden_j": 0.0,
        "mcc": 0.0,
        "auroc": 0.8055152394775036,
        "pr_auc": 0.4439598669622821,
        "avg_precision": 0.5149853825081211,
        "brier": 0.14704007312968653,
        "best_f1": 0.6451612903225806,
        "best_f1_threshold": 0.3234083950519562,
        "fpr_at_recall_95": 0.6415094339622641,
        "recall_at_fpr_05": 0.07692307692307693,
        "recall_at_fpr_10": 0.3076923076923077,
        "mean_score_pos": 0.3279813528060913,
        "mean_score_neg": 0.25653166970554386,
        "std_score_pos": 0.04432227477273005,
        "std_score_neg": 0.07872824229261446,
        "score_gap": 0.07144968310054745,
        "median_score_pos": 0.33431223034858704,
        "median_score_neg": 0.2720651924610138,
        "frac_high_score": 0.0,