{
  "stage": "1_2",
  "epoch": 10,
  "fold": 2,
  "wall_clock_seconds": 306.83,
  "lr": {
    "aggregator": 3.189277687033677e-05,
    "existence_head": 3.189277687033677e-05,
    "class_head": 1.5980476134432438e-05,
    "box_head": 1.5980476134432438e-05
  },
  "train": {
    "loss": 2.095321709350232,
    "focal": 0.07939780791921,
    "l1": 0.04828404860510942,
    "giou": 0.7847827317253235,
    "box_loss": 1.8109857113130632,
    "box_area_penalty": 0.0,
    "existence_kl": 0.0,
    "margin": 0.40984164514849264,
    "nt_xent": 0.000173680272118579,
    "grad_norm": 4.8600724512530915,
    "n_steps": 62,
    "aggregator_alpha": -0.02474559284746647
  },
  "val": {
    "overall": {
      "n": 100,
      "n_pos": 49,
      "n_neg": 51,
      "iou_mean": 0.2499685462431184,
      "iou_median": 0.006008119788020849,
      "iou_p25": 0.0,
      "iou_p75": 0.6156634092330933,
      "contain_mean": 0.45872776027844875,
      "contain_at_iou_50": 0.2857142857142857,
      "contain_at_iou_75": 0.1836734693877551,
      "ap_per_iou": {
        "0.50": 0.14749438467419948,
        "0.55": 0.14232832960715427,
        "0.60": 0.14232832960715427,
        "0.65": 0.13277358753245055,
        "0.70": 0.13277358753245055,
        "0.75": 0.09385123127697385,
        "0.80": 0.08675298299060673,
        "0.85": 0.05612502426713259,
        "0.90": 0.0304795185400893,
        "0.95": 0.0
      },
      "map_50": 0.14749438467419948,
      "map_75": 0.09385123127697385,
      "map_5095": 0.09649069760282117,
      "map_50_existence_only": 0.14719500887195763,
      "map_5095_existence_only": 0.09635285831500204,
      "map_50_score_only": 0.19037450197865674,
      "map_5095_score_only": 0.11714719472964512,
      "precision_50": 0.25,
      "recall_50": 0.20408163265306123,
      "f1_50": 0.2247191011235955,
      "existence_acc": 0.55,
      "existence_acc_pos": 0.4489795918367347,
      "existence_acc_neg": 0.6470588235294118,
      "existence_auroc": 0.6794717887154862,
      "existence_pr_auc": 0.6647379790474656,
      "existence_brier": 0.22857940554813397,
      "existence_f1": 0.2247191011235955,
      "false_positive_rate": 0.35294117647058826,
      "false_negative_rate": 0.5510204081632653,
      "mean_score_pos": 0.5125880867851024,
      "mean_score_neg": 0.4536237897826176,
      "proto_score_pos": 0.9819259156986159,
      "proto_score_neg": 0.8765521107935438,
      "proto_score_gap": 0.10537380490507209,
      "mean_pred_box_area": 0.0702969668013975,
      "frac_pred_box_too_big": 0.06,
      "mean_existence_prob": 0.48251629531383516,
      "frac_high_existence": 0.0,
      "prototype_norm_mean": 1.6469852817058563,
      "prototype_norm_std": 0.2796508930947925
    },
    "per_source": {
      "hots": {
        "n": 35,
        "n_pos": 15,
        "n_neg": 20,
        "iou_mean": 0.5093298713366191,
        "iou_median": 0.763999879360199,
        "iou_p25": 0.0,
        "iou_p75": 0.8668390512466431,
        "contain_mean": 0.5806902090708415,
        "contain_at_iou_50": 0.6,
        "contain_at_iou_75": 0.5333333333333333,
        "ap_per_iou": {
          "0.50": 0.4422869345758102,
          "0.55": 0.4422869345758102,
          "0.60": 0.4422869345758102,
          "0.65": 0.4422869345758102,
          "0.70": 0.4422869345758102,
          "0.75": 0.3342535430013589,
          "0.80": 0.30017084061347316,
          "0.85": 0.1993942923704133,
          "0.90": 0.07485148514851486,
          "0.95": 0.0
        },
        "map_50": 0.4422869345758102,
        "map_75": 0.3342535430013589,
        "map_5095": 0.3120104834012811,
        "map_50_existence_only": 0.4422869345758102,
        "map_5095_existence_only": 0.3120104834012811,
        "map_50_score_only": 0.4960138871029958,
        "map_5095_score_only": 0.33912405526266903,
        "precision_50": 0.3333333333333333,
        "recall_50": 0.5333333333333333,
        "f1_50": 0.4102564102564102,
        "existence_acc": 0.6857142857142857,
        "existence_acc_pos": 0.9333333333333333,
        "existence_acc_neg": 0.5,
        "existence_auroc": 0.8133333333333334,
        "existence_pr_auc": 0.7548132182574907,
        "existence_brier": 0.20474140985889278,
        "existence_f1": 0.4102564102564102,
        "false_positive_rate": 0.5,
        "false_negative_rate": 0.06666666666666667,
        "mean_score_pos": 0.5870852589607238,
        "mean_score_neg": 0.4644964262843132,
        "proto_score_pos": 0.9954047560691833,
        "proto_score_neg": 0.8174843832850456,
        "proto_score_gap": 0.17792037278413775,
        "mean_pred_box_area": 0.030757900367357902,
        "frac_pred_box_too_big": 0.0,
        "mean_existence_prob": 0.5170344974313463,
        "frac_high_existence": 0.0,
        "prototype_norm_mean": 1.9524214608328683,
        "prototype_norm_std": 0.1671169999976981
      },
      "insdet": {
        "n": 65,
        "n_pos": 34,
        "n_neg": 31,
        "iou_mean": 0.13554443223127985,
        "iou_median": 0.00233444687910378,
        "iou_p25": 0.0,
        "iou_p75": 0.13189150393009186,
        "contain_mean": 0.4049207975759226,
        "contain_at_iou_50": 0.14705882352941177,
        "contain_at_iou_75": 0.029411764705882353,
        "ap_per_iou": {
          "0.50": 0.021815931593159314,
          "0.55": 0.01657665766576658,
          "0.60": 0.01657665766576658,
          "0.65": 0.006756925692569257,
          "0.70": 0.006756925692569257,
          "0.75": 0.0011001100110011,
          "0.80": 0.0011001100110011,
          "0.85": 0.0,
          "0.90": 0.0,
          "0.95": 0.0
        },
        "map_50": 0.021815931593159314,
        "map_75": 0.0011001100110011,
        "map_5095": 0.007068331833183318,
        "map_50_existence_only": 0.021752787523650324,
        "map_5095_existence_only": 0.006997189514869854,
        "map_50_score_only": 0.03901890189018903,
        "map_5095_score_only": 0.013262826282628263,
        "precision_50": 0.125,
        "recall_50": 0.058823529411764705,
        "f1_50": 0.07999999999999999,
        "existence_acc": 0.47692307692307695,
        "existence_acc_pos": 0.23529411764705882,
        "existence_acc_neg": 0.7419354838709677,
        "existence_auroc": 0.6261859582542695,
        "existence_pr_auc": 0.6464503282817176,
        "existence_brier": 0.2414152493808023,
        "existence_f1": 0.07999999999999999,
        "false_positive_rate": 0.25806451612903225,
        "false_negative_rate": 0.7647058823529411,
        "mean_score_pos": 0.4797216872958576,
        "mean_score_neg": 0.4466091855879753,
        "proto_score_pos": 0.9759793684763067,
        "proto_score_neg": 0.9146603220893491,
        "proto_score_gap": 0.06131904638695762,
        "mean_pred_box_area": 0.09158723334280344,
        "frac_pred_box_too_big": 0.09230769230769231,
        "mean_existence_prob": 0.46392957109671373,
        "frac_high_existence": 0.0,
        "prototype_norm_mean": 1.4825196467913113,
        "prototype_norm_std": 0.16627006217593351
      }
    },
    "tile_cfg": {
      "mode": "off",
      "levels": [
        1,
        2
      ],
      "overlap": 0.3,
      "for_sources": [
        "insdet"
      ],
      "nms_iou": 0.5,
      "top_k": 100,
      "score_combo": "existence_x_score",
      "edge_score_penalty": 0.5,
      "edge_px": 4,
      "merge_partial_boxes": true,
      "merge_min_score": 0.2
    }
  }
}