{
  "stage": "1_2",
  "epoch": 10,
  "fold": 3,
  "wall_clock_seconds": 307.63,
  "lr": {
    "aggregator": 2.9985313538584254e-05,
    "existence_head": 2.9985313538584254e-05,
    "class_head": 1.5027699154908405e-05,
    "box_head": 1.5027699154908405e-05
  },
  "train": {
    "loss": 1.491263735078035,
    "focal": 0.06915786057229965,
    "l1": 0.033291649268639666,
    "giou": 0.5390586401185682,
    "box_loss": 1.244575526685484,
    "box_area_penalty": 0.001467963380198325,
    "existence_kl": 0.0,
    "margin": 0.35419200312706733,
    "nt_xent": 0.0028755794609746626,
    "grad_norm": 4.946894707218293,
    "n_steps": 62,
    "aggregator_alpha": -0.024759987369179726
  },
  "val": {
    "overall": {
      "n": 100,
      "n_pos": 58,
      "n_neg": 42,
      "iou_mean": 0.2265586444529994,
      "iou_median": 0.0,
      "iou_p25": 0.0,
      "iou_p75": 0.5610332936048508,
      "contain_mean": 0.27441558961210577,
      "contain_at_iou_50": 0.25862068965517243,
      "contain_at_iou_75": 0.2413793103448276,
      "ap_per_iou": {
        "0.50": 0.1459328697193838,
        "0.55": 0.1459328697193838,
        "0.60": 0.1459328697193838,
        "0.65": 0.13866307694467384,
        "0.70": 0.13866307694467384,
        "0.75": 0.13866307694467384,
        "0.80": 0.11028534600445741,
        "0.85": 0.017591232807491277,
        "0.90": 0.0028288543140028285,
        "0.95": 0.0
      },
      "map_50": 0.1459328697193838,
      "map_75": 0.13866307694467384,
      "map_5095": 0.09844932731181244,
      "map_50_existence_only": 0.14771887827975397,
      "map_5095_existence_only": 0.09967147381796101,
      "map_50_score_only": 0.14339691322073383,
      "map_5095_score_only": 0.09668573180847498,
      "precision_50": 0.42424242424242425,
      "recall_50": 0.2413793103448276,
      "f1_50": 0.3076923076923077,
      "existence_acc": 0.67,
      "existence_acc_pos": 0.5,
      "existence_acc_neg": 0.9047619047619048,
      "existence_auroc": 0.7651888341543513,
      "existence_pr_auc": 0.7832062477074436,
      "existence_brier": 0.2265963803845696,
      "existence_f1": 0.3076923076923077,
      "false_positive_rate": 0.09523809523809523,
      "false_negative_rate": 0.5,
      "mean_score_pos": 0.49143568606212223,
      "mean_score_neg": 0.4082307184026355,
      "proto_score_pos": 0.9634276114661118,
      "proto_score_neg": 0.7925849017642793,
      "proto_score_gap": 0.17084270970183246,
      "mean_pred_box_area": 0.01630341775715351,
      "frac_pred_box_too_big": 0.0,
      "mean_existence_prob": 0.4564895996451378,
      "frac_high_existence": 0.0,
      "prototype_norm_mean": 1.6048506307601929,
      "prototype_norm_std": 0.2543919024907225
    },
    "per_source": {
      "hots": {
        "n": 35,
        "n_pos": 22,
        "n_neg": 13,
        "iou_mean": 0.5652348832650618,
        "iou_median": 0.8151326477527618,
        "iou_p25": 0.0,
        "iou_p75": 0.8456660807132721,
        "contain_mean": 0.6205911500887438,
        "contain_at_iou_50": 0.6818181818181818,
        "contain_at_iou_75": 0.6363636363636364,
        "ap_per_iou": {
          "0.50": 0.49145755234864147,
          "0.55": 0.49145755234864147,
          "0.60": 0.49145755234864147,
          "0.65": 0.4521890101098028,
          "0.70": 0.4521890101098028,
          "0.75": 0.4521890101098028,
          "0.80": 0.35880208900010885,
          "0.85": 0.06274913205606274,
          "0.90": 0.00825082508250825,
          "0.95": 0.0
        },
        "map_50": 0.49145755234864147,
        "map_75": 0.4521890101098028,
        "map_5095": 0.32607417335140126,
        "map_50_existence_only": 0.49039975426114035,
        "map_5095_existence_only": 0.3254521880759506,
        "map_50_score_only": 0.51607784229141,
        "map_5095_score_only": 0.3422229177472146,
        "precision_50": 0.6363636363636364,
        "recall_50": 0.6363636363636364,
        "f1_50": 0.6363636363636364,
        "existence_acc": 0.8285714285714286,
        "existence_acc_pos": 0.8636363636363636,
        "existence_acc_neg": 0.7692307692307693,
        "existence_auroc": 0.7867132867132867,
        "existence_pr_auc": 0.7823337871877837,
        "existence_brier": 0.2056657912844252,
        "existence_f1": 0.6363636363636364,
        "false_positive_rate": 0.23076923076923078,
        "false_negative_rate": 0.13636363636363635,
        "mean_score_pos": 0.5560247545892542,
        "mean_score_neg": 0.4555759636255411,
        "proto_score_pos": 0.9944183799353513,
        "proto_score_neg": 0.8868953631474421,
        "proto_score_gap": 0.10752301678790921,
        "mean_pred_box_area": 0.015050438904602613,
        "frac_pred_box_too_big": 0.0,
        "mean_existence_prob": 0.518715203659875,
        "frac_high_existence": 0.0,
        "prototype_norm_mean": 1.9018582786832536,
        "prototype_norm_std": 0.13930893714500137
      },
      "insdet": {
        "n": 65,
        "n_pos": 36,
        "n_neg": 29,
        "iou_mean": 0.01958983184562789,
        "iou_median": 0.0,
        "iou_p25": 0.0,
        "iou_p75": 0.0,
        "contain_mean": 0.06286385820971595,
        "contain_at_iou_50": 0.0,
        "contain_at_iou_75": 0.0,
        "ap_per_iou": {
          "0.50": 0.0,
          "0.55": 0.0,
          "0.60": 0.0,
          "0.65": 0.0,
          "0.70": 0.0,
          "0.75": 0.0,
          "0.80": 0.0,
          "0.85": 0.0,
          "0.90": 0.0,
          "0.95": 0.0
        },
        "map_50": 0.0,
        "map_75": 0.0,
        "map_5095": 0.0,
        "map_50_existence_only": 0.0,
        "map_5095_existence_only": 0.0,
        "map_50_score_only": 0.0,
        "map_5095_score_only": 0.0,
        "precision_50": 0.0,
        "recall_50": 0.0,
        "f1_50": 0.0,
        "existence_acc": 0.5846153846153846,
        "existence_acc_pos": 0.2777777777777778,
        "existence_acc_neg": 0.9655172413793104,
        "existence_auroc": 0.7413793103448276,
        "existence_pr_auc": 0.783939425267737,
        "existence_brier": 0.23786669759233967,
        "existence_f1": 0.0,
        "false_positive_rate": 0.034482758620689655,
        "false_negative_rate": 0.7222222222222222,
        "mean_score_pos": 0.4519645886288749,
        "mean_score_neg": 0.3870069877854709,
        "proto_score_pos": 0.9444888085126877,
        "proto_score_neg": 0.7503077983856201,
        "proto_score_gap": 0.19418101012706757,
        "mean_pred_box_area": 0.01697809867775784,
        "frac_pred_box_too_big": 0.0,
        "mean_existence_prob": 0.42298350517566385,
        "frac_high_existence": 0.0,
        "prototype_norm_mean": 1.4449234357246985,
        "prototype_norm_std": 0.12481307540313176
      }
    },
    "tile_cfg": {
      "mode": "off",
      "levels": [
        1,
        2
      ],
      "overlap": 0.3,
      "for_sources": [
        "insdet"
      ],
      "nms_iou": 0.5,
      "top_k": 100,
      "score_combo": "existence_x_score",
      "edge_score_penalty": 0.5,
      "edge_px": 4,
      "merge_partial_boxes": true,
      "merge_min_score": 0.2
    }
  }
}