{
  "stage": "1_2",
  "epoch": 10,
  "fold": 0,
  "wall_clock_seconds": 305.57,
  "lr": {
    "aggregator": 3.579745559875728e-05,
    "existence_head": 3.579745559875728e-05,
    "class_head": 1.793086120498481e-05,
    "box_head": 1.793086120498481e-05
  },
  "train": {
    "loss": 1.4770675756998601,
    "focal": 0.0734190950470586,
    "l1": 0.0394448711867294,
    "giou": 0.49775164213872725,
    "box_loss": 1.1927276316188997,
    "box_area_penalty": 0.0005362681359627224,
    "existence_kl": 0.0,
    "margin": 0.421117409583061,
    "nt_xent": 0.0030851665163232436,
    "grad_norm": 4.278573351521646,
    "n_steps": 62,
    "aggregator_alpha": -0.024817904457449913
  },
  "val": {
    "overall": {
      "n": 100,
      "n_pos": 61,
      "n_neg": 39,
      "iou_mean": 0.21820229536197225,
      "iou_median": 0.0,
      "iou_p25": 0.0,
      "iou_p75": 0.36331263184547424,
      "contain_mean": 0.32438448022623534,
      "contain_at_iou_50": 0.2459016393442623,
      "contain_at_iou_75": 0.16393442622950818,
      "ap_per_iou": {
        "0.50": 0.07233706887172237,
        "0.55": 0.06548253726471549,
        "0.60": 0.055693069306930694,
        "0.65": 0.055693069306930694,
        "0.70": 0.05097105864432597,
        "0.75": 0.038233054074638236,
        "0.80": 0.022271787618322273,
        "0.85": 0.010026112501360025,
        "0.90": 0.0035034272658035037,
        "0.95": 0.0
      },
      "map_50": 0.07233706887172237,
      "map_75": 0.038233054074638236,
      "map_5095": 0.03742111848547493,
      "map_50_existence_only": 0.07187561372847365,
      "map_5095_existence_only": 0.03720633654580523,
      "map_50_score_only": 0.07887109650112897,
      "map_5095_score_only": 0.03990402144163901,
      "precision_50": 0.24324324324324326,
      "recall_50": 0.14754098360655737,
      "f1_50": 0.18367346938775508,
      "existence_acc": 0.64,
      "existence_acc_pos": 0.5081967213114754,
      "existence_acc_neg": 0.8461538461538461,
      "existence_auroc": 0.733921815889029,
      "existence_pr_auc": 0.7504754827276633,
      "existence_brier": 0.23139192289613036,
      "existence_f1": 0.18367346938775508,
      "false_positive_rate": 0.15384615384615385,
      "false_negative_rate": 0.4918032786885246,
      "mean_score_pos": 0.5015563051231572,
      "mean_score_neg": 0.43018595301187956,
      "proto_score_pos": 0.9568218539972775,
      "proto_score_neg": 0.8518474839436703,
      "proto_score_gap": 0.10497437005360721,
      "mean_pred_box_area": 0.022623672952177,
      "frac_pred_box_too_big": 0.01,
      "mean_existence_prob": 0.4737218677997589,
      "frac_high_existence": 0.0,
      "prototype_norm_mean": 1.6327414190769196,
      "prototype_norm_std": 0.3482982348063981
    },
    "per_source": {
      "hots": {
        "n": 36,
        "n_pos": 23,
        "n_neg": 13,
        "iou_mean": 0.4840021314828292,
        "iou_median": 0.7091524600982666,
        "iou_p25": 0.0,
        "iou_p75": 0.8482308387756348,
        "contain_mean": 0.55831596903179,
        "contain_at_iou_50": 0.6086956521739131,
        "contain_at_iou_75": 0.43478260869565216,
        "ap_per_iou": {
          "0.50": 0.3547854785478546,
          "0.55": 0.3193855099795697,
          "0.60": 0.26473361621876457,
          "0.65": 0.26473361621876457,
          "0.70": 0.26473361621876457,
          "0.75": 0.19266069464089272,
          "0.80": 0.11173974540311178,
          "0.85": 0.05869872701555872,
          "0.90": 0.018033946251768032,
          "0.95": 0.0
        },
        "map_50": 0.3547854785478546,
        "map_75": 0.19266069464089272,
        "map_5095": 0.18495049504950492,
        "map_50_existence_only": 0.3514547307265288,
        "map_5095_existence_only": 0.18375666842910915,
        "map_50_score_only": 0.34668143426296955,
        "map_5095_score_only": 0.18367541065548293,
        "precision_50": 0.5625,
        "recall_50": 0.391304347826087,
        "f1_50": 0.46153846153846156,
        "existence_acc": 0.6388888888888888,
        "existence_acc_pos": 0.5652173913043478,
        "existence_acc_neg": 0.7692307692307693,
        "existence_auroc": 0.6889632107023411,
        "existence_pr_auc": 0.740337485536065,
        "existence_brier": 0.22799562688900218,
        "existence_f1": 0.46153846153846156,
        "false_positive_rate": 0.23076923076923078,
        "false_negative_rate": 0.43478260869565216,
        "mean_score_pos": 0.5258963522703751,
        "mean_score_neg": 0.46201884975800145,
        "proto_score_pos": 0.9656865519026051,
        "proto_score_neg": 0.8735699710937647,
        "proto_score_gap": 0.09211658080884044,
        "mean_pred_box_area": 0.025068693141090788,
        "frac_pred_box_too_big": 0.0,
        "mean_existence_prob": 0.5028294763631291,
        "frac_high_existence": 0.0,
        "prototype_norm_mean": 1.9489479495419397,
        "prototype_norm_std": 0.23936364844822822
      },
      "insdet": {
        "n": 64,
        "n_pos": 38,
        "n_neg": 26,
        "iou_mean": 0.057323447183558814,
        "iou_median": 0.0,
        "iou_p25": 0.0,
        "iou_p75": 0.0,
        "contain_mean": 0.18279436858076797,
        "contain_at_iou_50": 0.02631578947368421,
        "contain_at_iou_75": 0.0,
        "ap_per_iou": {
          "0.50": 0.0009000900090009002,
          "0.55": 0.0009000900090009002,
          "0.60": 0.0009000900090009002,
          "0.65": 0.0009000900090009002,
          "0.70": 0.0,
          "0.75": 0.0,
          "0.80": 0.0,
          "0.85": 0.0,
          "0.90": 0.0,
          "0.95": 0.0
        },
        "map_50": 0.0009000900090009002,
        "map_75": 0.0,
        "map_5095": 0.0003600360036003601,
        "map_50_existence_only": 0.00087361677344205,
        "map_5095_existence_only": 0.00034944670937682,
        "map_50_score_only": 0.0011001100110011,
        "map_5095_score_only": 0.00044004400440044003,
        "precision_50": 0.0,
        "recall_50": 0.0,
        "f1_50": 0.0,
        "existence_acc": 0.640625,
        "existence_acc_pos": 0.47368421052631576,
        "existence_acc_neg": 0.8846153846153846,
        "existence_auroc": 0.7469635627530364,
        "existence_pr_auc": 0.7703314511367987,
        "existence_brier": 0.2333023394001399,
        "existence_f1": 0.0,
        "false_positive_rate": 0.11538461538461539,
        "false_negative_rate": 0.5263157894736842,
        "mean_score_pos": 0.4868241713235253,
        "mean_score_neg": 0.4142695046388186,
        "proto_score_pos": 0.9514563789493159,
        "proto_score_neg": 0.840986240368623,
        "proto_score_gap": 0.11047013858069288,
        "mean_pred_box_area": 0.021248349095913,
        "frac_pred_box_too_big": 0.015625,
        "mean_existence_prob": 0.4573488379828632,
        "frac_high_existence": 0.0,
        "prototype_norm_mean": 1.4548752456903458,
        "prototype_norm_std": 0.2636822989840858
      }
    },
    "tile_cfg": {
      "mode": "off",
      "levels": [
        1,
        2
      ],
      "overlap": 0.3,
      "for_sources": [
        "insdet"
      ],
      "nms_iou": 0.5,
      "top_k": 100,
      "score_combo": "existence_x_score",
      "edge_score_penalty": 0.5,
      "edge_px": 4,
      "merge_partial_boxes": true,
      "merge_min_score": 0.2
    }
  }
}