{
  "best_by": {
    "1_1.val.map_50_mean": {
      "epoch": 1,
      "value": 0.10081760421778951
    },
    "1_1.val.iou_mean_mean": {
      "epoch": 1,
      "value": 0.16721793943385657
    }
  }
}