{
  "stage": "L3",
  "phase": "hots",
  "epoch": 6,
  "fold": 2,
  "wall_clock_seconds": 532.79,
  "lr": {
    "fusion": 2.7090869124989646e-05,
    "class_head": 1.0863893699144158e-05,
    "box_head": 1.0863893699144158e-05,
    "lora": 0.00010822574625421691
  },
  "train": {
    "loss": 5.137264661391576,
    "patch_ce": 3.0037771769364676,
    "l1": 0.03729625401242326,
    "giou": 0.49585382064183553,
    "log_area": 0.25159894297189944,
    "grad_norm": 102.00061633135822,
    "n_steps": 300,
    "grad_steps": 37,
    "grad_nan_steps": 0,
    "alpha": 0.9492826461791992,
    "bg_bias": -0.012776699848473072
  },
  "val": {
    "overall": {
      "n": 100,
      "n_pos": 69,
      "n_neg": 31,
      "iou_mean": 0.6331259901972784,
      "iou_median": 0.8306630849838257,
      "iou_p25": 0.26204124093055725,
      "iou_p75": 0.8877522945404053,
      "iou_std": 0.3740351722831856,
      "frac_iou_25": 0.7536231884057971,
      "frac_iou_50": 0.7391304347826086,
      "frac_iou_75": 0.6376811594202898,
      "frac_iou_90": 0.21739130434782608,
      "containment_mean": 0.6738407158333323,
      "containment_median": 0.8765535354614258,
      "containment_p25": 0.26204127073287964,
      "containment_p75": 0.9583961367607117,
      "containment_std": 0.39947446454095703,
      "frac_containment_50": 0.7391304347826086,
      "frac_containment_75": 0.6956521739130435,
      "frac_containment_90": 0.42028985507246375,
      "frac_containment_full": 0.15942028985507245,
      "contain_at_iou_50": 0.7391304347826086,
      "contain_at_iou_75": 0.6376811594202898,
      "high_contain_high_iou": 0.42028985507246375,
      "ap_per_iou": {
        "0.50": 0.6316523550965636,
        "0.55": 0.6316523550965636,
        "0.60": 0.6226458926854979,
        "0.65": 0.6058566246914652,
        "0.70": 0.6058566246914652,
        "0.75": 0.5379147838361644,
        "0.80": 0.45794207050413327,
        "0.85": 0.2482875012778995,
        "0.90": 0.06080849464217909,
        "0.95": 0.009836697955509836
      },
      "map_50": 0.6316523550965636,
      "map_75": 0.5379147838361644,
      "map_5095": 0.4412453400477442,
      "map_50_containment": 0.6316523550965636,
      "map_90_containment": 0.2544663608489732,
      "mean_pred_box_area": 0.021474001302428432,
      "std_pred_box_area": 0.022837023356036976,
      "frac_pred_box_too_big": 0.0,
      "frac_pred_box_too_small": 0.30434782608695654,
      "mean_gt_box_area": 0.026844464856878168,
      "pred_to_gt_area_ratio_mean": 0.9767326034003392,
      "pred_to_gt_area_ratio_median": 0.9714422511469559,
      "log_area_ratio_mean": -0.13327724202747784,
      "log_area_ratio_std": 0.5055041975218539,
      "center_distance_mean": 0.08346594332378582,
      "center_distance_median": 0.0060761117446932415,
      "score_mean": 0.14036818820497263,
      "score_std": 0.11667204727972984,
      "score_p25": 0.06476801633834839,
      "score_p75": 0.16169686615467072,
      "score_iou_correlation": 0.2495602176700237,
      "bg_prob_pos_mean": 0.21882204182338025,
      "bg_prob_pos_median": 0.16540518403053284,
      "abstain_rate_pos": 0.10144927536231885,
      "bg_prob_neg_mean": 0.6989839151501656,
      "bg_prob_neg_median": 0.8017783164978027,
      "abstain_rate_neg": 0.8064516129032258,
      "score_neg_mean": 0.02984572505773676,
      "score_neg_p75": 0.04781336709856987,
      "tn_rate": 0.8064516129032258,
      "fp_rate": 0.19354838709677424,
      "abstain_gap": 0.4801618733267853
    },
    "per_source": {
      "hots": {
        "n": 100,
        "n_pos": 69,
        "n_neg": 31,
        "iou_mean": 0.6331259901972784,
        "iou_median": 0.8306630849838257,
        "iou_p25": 0.26204124093055725,
        "iou_p75": 0.8877522945404053,
        "iou_std": 0.3740351722831856,
        "frac_iou_25": 0.7536231884057971,
        "frac_iou_50": 0.7391304347826086,
        "frac_iou_75": 0.6376811594202898,
        "frac_iou_90": 0.21739130434782608,
        "containment_mean": 0.6738407158333323,
        "containment_median": 0.8765535354614258,
        "containment_p25": 0.26204127073287964,
        "containment_p75": 0.9583961367607117,
        "containment_std": 0.39947446454095703,
        "frac_containment_50": 0.7391304347826086,
        "frac_containment_75": 0.6956521739130435,
        "frac_containment_90": 0.42028985507246375,
        "frac_containment_full": 0.15942028985507245,
        "contain_at_iou_50": 0.7391304347826086,
        "contain_at_iou_75": 0.6376811594202898,
        "high_contain_high_iou": 0.42028985507246375,
        "ap_per_iou": {
          "0.50": 0.6316523550965636,
          "0.55": 0.6316523550965636,
          "0.60": 0.6226458926854979,
          "0.65": 0.6058566246914652,
          "0.70": 0.6058566246914652,
          "0.75": 0.5379147838361644,
          "0.80": 0.45794207050413327,
          "0.85": 0.2482875012778995,
          "0.90": 0.06080849464217909,
          "0.95": 0.009836697955509836
        },
        "map_50": 0.6316523550965636,
        "map_75": 0.5379147838361644,
        "map_5095": 0.4412453400477442,
        "map_50_containment": 0.6316523550965636,
        "map_90_containment": 0.2544663608489732,
        "mean_pred_box_area": 0.021474001302428432,
        "std_pred_box_area": 0.022837023356036976,
        "frac_pred_box_too_big": 0.0,
        "frac_pred_box_too_small": 0.30434782608695654,
        "mean_gt_box_area": 0.026844464856878168,
        "pred_to_gt_area_ratio_mean": 0.9767326034003392,
        "pred_to_gt_area_ratio_median": 0.9714422511469559,
        "log_area_ratio_mean": -0.13327724202747784,
        "log_area_ratio_std": 0.5055041975218539,
        "center_distance_mean": 0.08346594332378582,
        "center_distance_median": 0.0060761117446932415,
        "score_mean": 0.14036818820497263,
        "score_std": 0.11667204727972984,
        "score_p25": 0.06476801633834839,
        "score_p75": 0.16169686615467072,
        "score_iou_correlation": 0.2495602176700237,
        "bg_prob_pos_mean": 0.21882204182338025,
        "bg_prob_pos_median": 0.16540518403053284,
        "abstain_rate_pos": 0.10144927536231885,
        "bg_prob_neg_mean": 0.6989839151501656,
        "bg_prob_neg_median": 0.8017783164978027,
        "abstain_rate_neg": 0.8064516129032258,
        "score_neg_mean": 0.02984572505773676,
        "score_neg_p75": 0.04781336709856987,
        "tn_rate": 0.8064516129032258,
        "fp_rate": 0.19354838709677424,
        "abstain_gap": 0.4801618733267853
      }
    },
    "per_k": {
      "k1": {
        "n": 34,
        "n_pos": 20,
        "n_neg": 14,
        "iou_mean": 0.5292541742324829,
        "iou_median": 0.8553738594055176,
        "iou_p25": 0.0,
        "iou_p75": 0.8920604139566422,
        "iou_std": 0.44525767060237814,
        "frac_iou_25": 0.6,
        "frac_iou_50": 0.6,
        "frac_iou_75": 0.55,
        "frac_iou_90": 0.25,
        "containment_mean": 0.5726495623588562,
        "containment_median": 0.8881952464580536,
        "containment_p25": 0.0,
        "containment_p75": 0.9993370771408081,
        "containment_std": 0.481258255044759,
        "frac_containment_50": 0.6,
        "frac_containment_75": 0.6,
        "frac_containment_90": 0.45,
        "frac_containment_full": 0.3,
        "contain_at_iou_50": 0.6,
        "contain_at_iou_75": 0.55,
        "high_contain_high_iou": 0.45,
        "ap_per_iou": {
          "0.50": 0.38890139013901415,
          "0.55": 0.38890139013901415,
          "0.60": 0.38890139013901415,
          "0.65": 0.38890139013901415,
          "0.70": 0.38890139013901415,
          "0.75": 0.31685918591859197,
          "0.80": 0.31685918591859197,
          "0.85": 0.2896314631463147,
          "0.90": 0.0715071507150715,
          "0.95": 0.0
        },
        "map_50": 0.38890139013901415,
        "map_75": 0.31685918591859197,
        "map_5095": 0.2939363936393641,
        "map_50_containment": 0.38890139013901415,