{
  "stage": "L3",
  "epoch": 6,
  "fold": 0,
  "wall_clock_seconds": 484.06,
  "lr": {
    "fusion": 1.3777301415347104e-05,
    "class_head": 5.5544749131344265e-06,
    "box_head": 5.5544749131344265e-06,
    "lora": 2.7482012252368284e-05
  },
  "train": {
    "loss": 3.7324804186820986,
    "patch_ce": 2.0972009582519533,
    "l1": 0.03723615735583007,
    "giou": 0.7245493321418762,
    "grad_norm": 16.086639068603514,
    "n_steps": 250,
    "alpha": 0.054580964148044586
  },
  "val": {
    "overall": {
      "n": 100,
      "n_pos": 100,
      "iou_mean": 0.5209737057238817,
      "iou_median": 0.6931117177009583,
      "iou_p25": 0.07762094587087631,
      "iou_p75": 0.8869820237159729,
      "iou_std": 0.3828380569813359,
      "frac_iou_25": 0.65,
      "frac_iou_50": 0.58,
      "frac_iou_75": 0.44,
      "frac_iou_90": 0.15,
      "containment_mean": 0.6002115301042795,
      "containment_median": 0.8107624650001526,
      "containment_p25": 0.14481853693723679,
      "containment_p75": 0.9784685671329498,
      "containment_std": 0.41886356451207035,
      "frac_containment_50": 0.62,
      "frac_containment_75": 0.54,
      "frac_containment_90": 0.45,
      "frac_containment_full": 0.18,
      "contain_at_iou_50": 0.58,
      "contain_at_iou_75": 0.44,
      "high_contain_high_iou": 0.42,
      "ap_per_iou": {
        "0.50": 0.4386185465331725,
        "0.55": 0.4088137761743135,
        "0.60": 0.4010483715334746,
        "0.65": 0.380069708606881,
        "0.70": 0.31563658534863864,
        "0.75": 0.26810458782213376,
        "0.80": 0.2252526612169617,
        "0.85": 0.19623132322545467,
        "0.90": 0.04668770196301958,
        "0.95": 0.008016655324068991
      },
      "map_50": 0.4386185465331725,
      "map_75": 0.26810458782213376,
      "map_5095": 0.2688479917748119,
      "map_50_containment": 0.47340448789774353,
      "map_90_containment": 0.3037932823766663,
      "mean_pred_box_area": 0.003126774176664983,
      "std_pred_box_area": 0.005305209265909466,
      "frac_pred_box_too_big": 0.0,
      "frac_pred_box_too_small": 0.83,
      "mean_gt_box_area": 0.004966400214098394,
      "pred_to_gt_area_ratio_mean": 1.118572265605416,
      "pred_to_gt_area_ratio_median": 0.9996802951709399,
      "log_area_ratio_mean": -0.17795964179254728,
      "log_area_ratio_std": 0.8006771844862074,
      "center_distance_mean": 0.057854977385552904,
      "center_distance_median": 0.0035399997787272184,
      "score_mean": 0.8610072825849057,
      "score_std": 0.20413674091962997,
      "score_p25": 0.8324056416749954,
      "score_p75": 0.9899935126304626,
      "score_iou_correlation": 0.2596239538270059
    },
    "per_source": {
      "hots": {
        "n": 39,
        "n_pos": 39,
        "iou_mean": 0.5518526738652816,
        "iou_median": 0.7732201218605042,
        "iou_p25": 0.17439571768045425,
        "iou_p75": 0.8894977569580078,
        "iou_std": 0.38723774040385356,
        "frac_iou_25": 0.6666666666666666,
        "frac_iou_50": 0.5897435897435898,
        "frac_iou_75": 0.5128205128205128,
        "frac_iou_90": 0.1282051282051282,
        "containment_mean": 0.584008266337407,
        "containment_median": 0.7732201218605042,
        "containment_p25": 0.17439571768045425,
        "containment_p75": 0.964974582195282,
        "containment_std": 0.4166531178721214,
        "frac_containment_50": 0.5897435897435898,
        "frac_containment_75": 0.5128205128205128,
        "frac_containment_90": 0.4358974358974359,
        "frac_containment_full": 0.20512820512820512,
        "contain_at_iou_50": 0.5897435897435898,
        "contain_at_iou_75": 0.5128205128205128,
        "high_contain_high_iou": 0.4358974358974359,
        "ap_per_iou": {
          "0.50": 0.40175438596491225,
          "0.55": 0.36284709297997497,
          "0.60": 0.36284709297997497,
          "0.65": 0.36284709297997497,
          "0.70": 0.3432982207995237,
          "0.75": 0.30761805503858675,
          "0.80": 0.29028760018859034,
          "0.85": 0.2575281024343035,
          "0.90": 0.018164222437281316,
          "0.95": 0.0014144271570014143
        },
        "map_50": 0.40175438596491225,
        "map_75": 0.30761805503858675,
        "map_5095": 0.2708606292960124,
        "map_50_containment": 0.40175438596491225,
        "map_90_containment": 0.24269895034616243,
        "mean_pred_box_area": 0.0064688296331690135,
        "std_pred_box_area": 0.007300591399957486,
        "frac_pred_box_too_big": 0.0,
        "frac_pred_box_too_small": 0.5897435897435898,
        "mean_gt_box_area": 0.010895620421625864,
        "pred_to_gt_area_ratio_mean": 0.7405015600643674,
        "pred_to_gt_area_ratio_median": 0.8934377786260806,
        "log_area_ratio_mean": -0.5351248587829303,
        "log_area_ratio_std": 0.8431343430028249,
        "center_distance_mean": 0.07017361521028978,
        "center_distance_median": 0.003264613945432625,
        "score_mean": 0.9038650084000367,
        "score_std": 0.18059155543256167,
        "score_p25": 0.9426668286323547,
        "score_p75": 0.9933179616928101,
        "score_iou_correlation": 0.15011131002648934
      },
      "insdet": {
        "n": 61,
        "n_pos": 61,
        "iou_mean": 0.5012314146170851,
        "iou_median": 0.6818251609802246,
        "iou_p25": 0.0534961074590683,
        "iou_p75": 0.8717123866081238,
        "iou_std": 0.38189776300081474,
        "frac_iou_25": 0.639344262295082,
        "frac_iou_50": 0.5737704918032787,
        "frac_iou_75": 0.39344262295081966,
        "frac_iou_90": 0.16393442622950818,
        "containment_mean": 0.6105709938240833,
        "containment_median": 0.8168749809265137,
        "containment_p25": 0.11287380754947662,
        "containment_p75": 0.9794721603393555,
        "containment_std": 0.42339191823394484,
        "frac_containment_50": 0.639344262295082,
        "frac_containment_75": 0.5573770491803278,
        "frac_containment_90": 0.45901639344262296,
        "frac_containment_full": 0.16393442622950818,
        "contain_at_iou_50": 0.5737704918032787,
        "contain_at_iou_75": 0.39344262295081966,
        "high_contain_high_iou": 0.4098360655737705,
        "ap_per_iou": {
          "0.50": 0.47871667605651375,
          "0.55": 0.46216139884866364,
          "0.60": 0.45226278516859747,
          "0.65": 0.4113824720236606,
          "0.70": 0.315246760739361,
          "0.75": 0.26134910911062437,
          "0.80": 0.20577747050415315,
          "0.85": 0.17627504677673425,
          "0.90": 0.09976323719328456,
          "0.95": 0.018564356435643563
        },
        "map_50": 0.47871667605651375,
        "map_75": 0.26134910911062437,
        "map_5095": 0.28814993128572364,
        "map_50_containment": 0.5370264306942742,
        "map_90_containment": 0.3643722015670855,
        "mean_pred_box_area": 0.0009900501962771605,
        "std_pred_box_area": 0.0008843657274868348,
        "frac_pred_box_too_big": 0.0,
        "frac_pred_box_too_small": 0.9836065573770492,
        "mean_gt_box_area": 0.0011755872945316502,
        "pred_to_gt_area_ratio_mean": 1.3602896019349386,
        "pred_to_gt_area_ratio_median": 1.0288603999761299,
        "log_area_ratio_mean": 0.05039189038163202,
        "log_area_ratio_std": 0.6867571040122912,
        "center_distance_mean": 0.049979126973016215,
        "center_distance_median": 0.004391632255318108,
        "score_mean": 0.8336064414899857,
        "score_std": 0.21481657062501577,
        "score_p25": 0.7514015436172485,
        "score_p75": 0.9863633513450623,
        "score_iou_correlation": 0.3098538763818653
      }
    },
    "per_k": {
      "k1": {
        "n": 34,
        "n_pos": 34,
        "iou_mean": 0.5478872906635789,
        "iou_median": 0.7141542136669159,
        "iou_p25": 0.04200294241309166,
        "iou_p75": 0.8900032937526703,
        "iou_std": 0.3856755469871171,
        "frac_iou_25": 0.6764705882352942,