{
  "stage": "L3",
  "epoch": 6,
  "fold": 1,
  "wall_clock_seconds": 472.16,
  "lr": {
    "fusion": 1.0827695157566115e-05,
    "class_head": 4.3781790307728644e-06,
    "box_head": 4.3781790307728644e-06,
    "lora": 2.1576888702221563e-05
  },
  "train": {
    "loss": 6.313269941329956,
    "patch_ce": 3.9764765625,
    "l1": 0.08078027695417404,
    "giou": 0.966445986032486,
    "grad_norm": 10.960630920410157,
    "n_steps": 250,
    "alpha": 0.05538441613316536
  },
  "val": {
    "overall": {
      "n": 100,
      "n_pos": 100,
      "iou_mean": 0.40720149866210703,
      "iou_median": 0.1944926343858242,
      "iou_p25": 0.0,
      "iou_p75": 0.8572509735822678,
      "iou_std": 0.4170643290580731,
      "frac_iou_25": 0.5,
      "frac_iou_50": 0.47,
      "frac_iou_75": 0.42,
      "frac_iou_90": 0.11,
      "containment_mean": 0.5346506664040498,
      "containment_median": 0.8290678262710571,
      "containment_p25": 0.0,
      "containment_p75": 0.9762827157974243,
      "containment_std": 0.4669881998040191,
      "frac_containment_50": 0.57,
      "frac_containment_75": 0.53,
      "frac_containment_90": 0.45,
      "frac_containment_full": 0.17,
      "contain_at_iou_50": 0.47,
      "contain_at_iou_75": 0.42,
      "high_contain_high_iou": 0.38,
      "ap_per_iou": {
        "0.50": 0.28685883046698674,
        "0.55": 0.28685883046698674,
        "0.60": 0.25110183629540594,
        "0.65": 0.2458839171639902,
        "0.70": 0.2311421102441716,
        "0.75": 0.2311421102441716,
        "0.80": 0.16577809662366572,
        "0.85": 0.09621280894942852,
        "0.90": 0.020110480503248134,
        "0.95": 0.0
      },
      "map_50": 0.28685883046698674,
      "map_75": 0.2311421102441716,
      "map_5095": 0.18150890209580553,
      "map_50_containment": 0.4247150963465574,
      "map_90_containment": 0.2890820113099043,
      "mean_pred_box_area": 0.0584323459678052,
      "std_pred_box_area": 0.19247145598247417,
      "frac_pred_box_too_big": 0.07,
      "frac_pred_box_too_small": 0.7,
      "mean_gt_box_area": 0.008361820565635572,
      "pred_to_gt_area_ratio_mean": 124.2444108931002,
      "pred_to_gt_area_ratio_median": 1.0561282970631054,
      "log_area_ratio_mean": 0.349857703422377,
      "log_area_ratio_std": 1.4804797086369859,
      "center_distance_mean": 0.13336745250711513,
      "center_distance_median": 0.02586980887066078,
      "score_mean": 0.9436545169353485,
      "score_std": 0.06097039683134932,
      "score_p25": 0.9331742227077484,
      "score_p75": 0.979549765586853,
      "score_iou_correlation": 0.2034415530316249
    },
    "per_source": {
      "hots": {
        "n": 36,
        "n_pos": 36,
        "iou_mean": 0.4876892142670436,
        "iou_median": 0.7657219171524048,
        "iou_p25": 0.007458073552697897,
        "iou_p75": 0.8923274278640747,
        "iou_std": 0.4230186352495607,
        "frac_iou_25": 0.5833333333333334,
        "frac_iou_50": 0.5555555555555556,
        "frac_iou_75": 0.5277777777777778,
        "frac_iou_90": 0.16666666666666666,
        "containment_mean": 0.7208167248302035,
        "containment_median": 0.9764138162136078,
        "containment_p25": 0.5418037623167038,
        "containment_p75": 0.9997717440128326,
        "containment_std": 0.4267668451493588,
        "frac_containment_50": 0.75,
        "frac_containment_75": 0.7222222222222222,
        "frac_containment_90": 0.6666666666666666,
        "frac_containment_full": 0.3611111111111111,
        "contain_at_iou_50": 0.5555555555555556,
        "contain_at_iou_75": 0.5277777777777778,
        "high_contain_high_iou": 0.5,
        "ap_per_iou": {
          "0.50": 0.34408124635993037,
          "0.55": 0.34408124635993037,
          "0.60": 0.2970806639487477,
          "0.65": 0.2970806639487477,
          "0.70": 0.2970806639487477,
          "0.75": 0.2970806639487477,
          "0.80": 0.20966802562609183,
          "0.85": 0.14006988934187548,
          "0.90": 0.03366336633663367,
          "0.95": 0.0
        },
        "map_50": 0.34408124635993037,
        "map_75": 0.2970806639487477,
        "map_5095": 0.22598864298194526,
        "map_50_containment": 0.6331173558532325,
        "map_90_containment": 0.49404848573092597,
        "mean_pred_box_area": 0.1375273208964879,
        "std_pred_box_area": 0.27785355599012485,
        "frac_pred_box_too_big": 0.16666666666666666,
        "frac_pred_box_too_small": 0.25,
        "mean_gt_box_area": 0.0208460154273295,
        "pred_to_gt_area_ratio_mean": 10.395747385404304,
        "pred_to_gt_area_ratio_median": 1.0963857188288224,
        "log_area_ratio_mean": 0.6402755548981808,
        "log_area_ratio_std": 1.5496273088319779,
        "center_distance_mean": 0.15445216317805888,
        "center_distance_median": 0.008262850355324564,
        "score_mean": 0.9604309135013156,
        "score_std": 0.07732485901643621,
        "score_p25": 0.9708377420902252,
        "score_p75": 0.9899156540632248,
        "score_iou_correlation": 0.21972580158927707
      },
      "insdet": {
        "n": 64,
        "n_pos": 64,
        "iou_mean": 0.3619271586343302,
        "iou_median": 0.001510306668933481,
        "iou_p25": 0.0,
        "iou_p75": 0.8261686265468597,
        "iou_std": 0.41004941979283366,
        "frac_iou_25": 0.453125,
        "frac_iou_50": 0.421875,
        "frac_iou_75": 0.359375,
        "frac_iou_90": 0.078125,
        "containment_mean": 0.42993225853933836,
        "containment_median": 0.03294350695796311,
        "containment_p25": 0.0,
        "containment_p75": 0.9266710728406906,
        "containment_std": 0.4588749296874082,
        "frac_containment_50": 0.46875,
        "frac_containment_75": 0.421875,
        "frac_containment_90": 0.328125,
        "frac_containment_full": 0.0625,
        "contain_at_iou_50": 0.421875,
        "contain_at_iou_75": 0.359375,
        "high_contain_high_iou": 0.3125,
        "ap_per_iou": {
          "0.50": 0.26337125089213703,
          "0.55": 0.26337125089213703,
          "0.60": 0.2427259873680055,
          "0.65": 0.23336888254622037,
          "0.70": 0.2101941909197224,
          "0.75": 0.2101941909197224,
          "0.80": 0.1518556676537536,
          "0.85": 0.07999694752622169,
          "0.90": 0.017670977624078196,
          "0.95": 0.0
        },
        "map_50": 0.26337125089213703,
        "map_75": 0.2101941909197224,
        "map_5095": 0.16727493463419982,
        "map_50_containment": 0.2862646429478113,
        "map_90_containment": 0.14520787840062205,
        "mean_pred_box_area": 0.013941422570421184,
        "std_pred_box_area": 0.09868090938014512,
        "frac_pred_box_too_big": 0.015625,
        "frac_pred_box_too_small": 0.953125,
        "mean_gt_box_area": 0.0013394609559327364,
        "pred_to_gt_area_ratio_mean": 188.28428411617915,
        "pred_to_gt_area_ratio_median": 1.0270610416880122,
        "log_area_ratio_mean": 0.18649766196723744,
        "log_area_ratio_std": 1.4265001099123424,
        "center_distance_mean": 0.12150730275470926,
        "center_distance_median": 0.03362338524506192,
        "score_mean": 0.934217793866992,
        "score_std": 0.04762959515351743,
        "score_p25": 0.9189665466547012,
        "score_p75": 0.9668037295341492,
        "score_iou_correlation": 0.15006549455798032
      }
    },
    "per_k": {
      "k1": {
        "n": 34,
        "n_pos": 34,
        "iou_mean": 0.4149851182968739,
        "iou_median": 0.32284706830978394,
        "iou_p25": 0.0,
        "iou_p75": 0.8323080092668533,
        "iou_std": 0.4157007326547223,
        "frac_iou_25": 0.5294117647058824,
        "frac_iou_50": 0.47058823529411764,
        "frac_iou_75": 0.4411764705882353,
        "frac_iou_90": 0.14705882352941177,
        "containment_mean": 0.5778345062452204,
        "containment_median": 0.8924643397331238,
        "containment_p25": 0.0,
        "containment_p75": 0.9658804535865784,