{
  "stage": "L3",
  "phase": "hots",
  "epoch": 6,
  "fold": 1,
  "wall_clock_seconds": 532.88,
  "lr": {
    "fusion": 2.9362196190945838e-05,
    "class_head": 1.1769693470938302e-05,
    "box_head": 1.1769693470938302e-05,
    "lora": 0.00011732470979098324
  },
  "train": {
    "loss": 5.205289502739906,
    "patch_ce": 3.1490657359361647,
    "l1": 0.036595016233623025,
    "giou": 0.48022808690865837,
    "log_area": 0.20707122691434052,
    "grad_norm": 94.91462119849953,
    "n_steps": 300,
    "grad_steps": 37,
    "grad_nan_steps": 0,
    "alpha": 0.9493103623390198,
    "bg_bias": -0.012834420427680016
  },
  "val": {
    "overall": {
      "n": 100,
      "n_pos": 71,
      "n_neg": 29,
      "iou_mean": 0.5439715939508357,
      "iou_median": 0.8291616439819336,
      "iou_p25": 0.0,
      "iou_p75": 0.8907648026943207,
      "iou_std": 0.42811729496777445,
      "frac_iou_25": 0.6197183098591549,
      "frac_iou_50": 0.6197183098591549,
      "frac_iou_75": 0.6056338028169014,
      "frac_iou_90": 0.23943661971830985,
      "containment_mean": 0.5859554460350896,
      "containment_median": 0.8872560858726501,
      "containment_p25": 0.0,
      "containment_p75": 0.9578348994255066,
      "containment_std": 0.4522677652037771,
      "frac_containment_50": 0.6338028169014085,
      "frac_containment_75": 0.6197183098591549,
      "frac_containment_90": 0.4788732394366197,
      "frac_containment_full": 0.056338028169014086,
      "contain_at_iou_50": 0.6197183098591549,
      "contain_at_iou_75": 0.6056338028169014,
      "high_contain_high_iou": 0.4788732394366197,
      "ap_per_iou": {
        "0.50": 0.4920412712759147,
        "0.55": 0.4920412712759147,
        "0.60": 0.4920412712759147,
        "0.65": 0.4920412712759147,
        "0.70": 0.4920412712759147,
        "0.75": 0.45651709845910865,
        "0.80": 0.41633561524402474,
        "0.85": 0.2787415181918214,
        "0.90": 0.0878900892159609,
        "0.95": 0.00654326302195437
      },
      "map_50": 0.4920412712759147,
      "map_75": 0.45651709845910865,
      "map_5095": 0.37062339405124434,
      "map_50_containment": 0.506410545015433,
      "map_90_containment": 0.31568194175739406,
      "mean_pred_box_area": 0.016393939142861625,
      "std_pred_box_area": 0.02011601913196112,
      "frac_pred_box_too_big": 0.0,
      "frac_pred_box_too_small": 0.28169014084507044,
      "mean_gt_box_area": 0.01934683804219903,
      "pred_to_gt_area_ratio_mean": 1.1095243573975875,
      "pred_to_gt_area_ratio_median": 0.9842389155567147,
      "log_area_ratio_mean": -0.06258379004160203,
      "log_area_ratio_std": 0.5371697298300794,
      "center_distance_mean": 0.15212905157441386,
      "center_distance_median": 0.0068488940015888735,
      "score_mean": 0.15694163065456168,
      "score_std": 0.09868405797528278,
      "score_p25": 0.08534781262278557,
      "score_p75": 0.20127719640731812,
      "score_iou_correlation": 0.3065136321405628,
      "bg_prob_pos_mean": 0.1455252833638183,
      "bg_prob_pos_median": 0.09600106626749039,
      "abstain_rate_pos": 0.014084507042253521,
      "bg_prob_neg_mean": 0.5231711548464052,
      "bg_prob_neg_median": 0.5179684162139893,
      "abstain_rate_neg": 0.5517241379310345,
      "score_neg_mean": 0.09334933300350054,
      "score_neg_p75": 0.1293340027332306,
      "tn_rate": 0.5517241379310345,
      "fp_rate": 0.4482758620689655,
      "abstain_gap": 0.3776458714825869
    },
    "per_source": {
      "hots": {
        "n": 100,
        "n_pos": 71,
        "n_neg": 29,
        "iou_mean": 0.5439715939508357,
        "iou_median": 0.8291616439819336,
        "iou_p25": 0.0,
        "iou_p75": 0.8907648026943207,
        "iou_std": 0.42811729496777445,
        "frac_iou_25": 0.6197183098591549,
        "frac_iou_50": 0.6197183098591549,
        "frac_iou_75": 0.6056338028169014,
        "frac_iou_90": 0.23943661971830985,
        "containment_mean": 0.5859554460350896,
        "containment_median": 0.8872560858726501,
        "containment_p25": 0.0,
        "containment_p75": 0.9578348994255066,
        "containment_std": 0.4522677652037771,
        "frac_containment_50": 0.6338028169014085,
        "frac_containment_75": 0.6197183098591549,
        "frac_containment_90": 0.4788732394366197,
        "frac_containment_full": 0.056338028169014086,
        "contain_at_iou_50": 0.6197183098591549,
        "contain_at_iou_75": 0.6056338028169014,
        "high_contain_high_iou": 0.4788732394366197,
        "ap_per_iou": {
          "0.50": 0.4920412712759147,
          "0.55": 0.4920412712759147,
          "0.60": 0.4920412712759147,
          "0.65": 0.4920412712759147,
          "0.70": 0.4920412712759147,
          "0.75": 0.45651709845910865,
          "0.80": 0.41633561524402474,
          "0.85": 0.2787415181918214,
          "0.90": 0.0878900892159609,
          "0.95": 0.00654326302195437
        },
        "map_50": 0.4920412712759147,
        "map_75": 0.45651709845910865,
        "map_5095": 0.37062339405124434,
        "map_50_containment": 0.506410545015433,
        "map_90_containment": 0.31568194175739406,
        "mean_pred_box_area": 0.016393939142861625,
        "std_pred_box_area": 0.02011601913196112,
        "frac_pred_box_too_big": 0.0,
        "frac_pred_box_too_small": 0.28169014084507044,
        "mean_gt_box_area": 0.01934683804219903,
        "pred_to_gt_area_ratio_mean": 1.1095243573975875,
        "pred_to_gt_area_ratio_median": 0.9842389155567147,
        "log_area_ratio_mean": -0.06258379004160203,
        "log_area_ratio_std": 0.5371697298300794,
        "center_distance_mean": 0.15212905157441386,
        "center_distance_median": 0.0068488940015888735,
        "score_mean": 0.15694163065456168,
        "score_std": 0.09868405797528278,
        "score_p25": 0.08534781262278557,
        "score_p75": 0.20127719640731812,
        "score_iou_correlation": 0.3065136321405628,
        "bg_prob_pos_mean": 0.1455252833638183,
        "bg_prob_pos_median": 0.09600106626749039,
        "abstain_rate_pos": 0.014084507042253521,
        "bg_prob_neg_mean": 0.5231711548464052,
        "bg_prob_neg_median": 0.5179684162139893,
        "abstain_rate_neg": 0.5517241379310345,
        "score_neg_mean": 0.09334933300350054,
        "score_neg_p75": 0.1293340027332306,
        "tn_rate": 0.5517241379310345,
        "fp_rate": 0.4482758620689655,
        "abstain_gap": 0.3776458714825869
      }
    },
    "per_k": {
      "k1": {
        "n": 34,
        "n_pos": 28,
        "n_neg": 6,
        "iou_mean": 0.6296542265585491,
        "iou_median": 0.8561018109321594,
        "iou_p25": 0.08482177555561066,
        "iou_p75": 0.8932129442691803,
        "iou_std": 0.3996071139489127,
        "frac_iou_25": 0.7142857142857143,
        "frac_iou_50": 0.7142857142857143,
        "frac_iou_75": 0.6785714285714286,
        "frac_iou_90": 0.25,
        "containment_mean": 0.6944561643259866,
        "containment_median": 0.9188503623008728,
        "containment_p25": 0.42692551016807556,
        "containment_p75": 0.9692754745483398,
        "containment_std": 0.4158840513533022,
        "frac_containment_50": 0.75,
        "frac_containment_75": 0.7142857142857143,
        "frac_containment_90": 0.6071428571428571,
        "frac_containment_full": 0.10714285714285714,
        "contain_at_iou_50": 0.7142857142857143,
        "contain_at_iou_75": 0.6785714285714286,
        "high_contain_high_iou": 0.6071428571428571,
        "ap_per_iou": {
          "0.50": 0.6272351273588895,
          "0.55": 0.6272351273588895,
          "0.60": 0.6272351273588895,
          "0.65": 0.6272351273588895,
          "0.70": 0.6272351273588895,
          "0.75": 0.5340901123079337,
          "0.80": 0.49495749574957465,
          "0.85": 0.39302680268026813,
          "0.90": 0.12469344760563018,
          "0.95": 0.0049504950495049506
        },
        "map_50": 0.6272351273588895,
        "map_75": 0.5340901123079337,