{
  "stage": "S2",
  "epoch": 4,
  "fold": 1,
  "wall_clock_seconds": 249.11,
  "lr": {
    "head": 6.097312050575864e-05,
    "lora": 6.097312050575864e-05
  },
  "train": {
    "loss": 0.07953165590763092,
    "focal": 0.04793517800979316,
    "variance": 0.004731101989746094,
    "decorrelation": 0.6224674558639527,
    "grad_norm": 0.2834328502416611,
    "n_steps": 100,
    "grad_steps": 50,
    "grad_nan_steps": 0
  },
  "val": {
    "overall": {
      "n": 200,
      "n_pos": 59,
      "n_neg": 141,
      "threshold": 0.5,
      "tp": 1,
      "fp": 0,
      "fn": 58,
      "tn": 141,
      "accuracy": 0.71,
      "acc_pos": 0.01694915254237288,
      "acc_neg": 1.0,
      "precision": 1.0,
      "recall": 0.01694915254237288,
      "f1": 0.03333333333333333,
      "fpr": 0.0,
      "fnr": 0.9830508474576272,
      "tpr": 0.016949152542372836,
      "tnr": 1.0,
      "youden_j": 0.016949152542372836,
      "mcc": 0.10958648883438196,
      "auroc": 0.7878350763312898,
      "pr_auc": 0.5405482479296163,
      "avg_precision": 0.5779578374240754,
      "brier": 0.18013439970319334,
      "best_f1": 0.6225165562913908,
      "best_f1_threshold": 0.3035554885864258,
      "fpr_at_recall_95": 0.5673758865248227,
      "recall_at_fpr_05": 0.05084745762711865,
      "recall_at_fpr_10": 0.3559322033898305,
      "mean_score_pos": 0.3454191831208892,
      "mean_score_neg": 0.2580910636812237,
      "std_score_pos": 0.05247843263899822,
      "std_score_neg": 0.09238550662075186,
      "score_gap": 0.08732811943966551,
      "median_score_pos": 0.3424895107746124,
      "median_score_neg": 0.2713770270347595,
      "frac_high_score": 0.0,
      "frac_low_score": 0.05,
      "frac_uncertain": 0.075
    },
    "per_source": {
      "hots": {
        "n": 65,
        "n_pos": 21,
        "n_neg": 44,
        "threshold": 0.5,
        "tp": 1,
        "fp": 0,
        "fn": 20,
        "tn": 44,
        "accuracy": 0.6923076923076923,
        "acc_pos": 0.047619047619047616,
        "acc_neg": 1.0,
        "precision": 1.0,
        "recall": 0.047619047619047616,
        "f1": 0.0909090909090909,
        "fpr": 0.0,
        "fnr": 0.9523809523809523,
        "tpr": 0.04761904761904767,
        "tnr": 1.0,
        "youden_j": 0.04761904761904767,
        "mcc": 0.18093671611393647,
        "auroc": 0.801948051948052,
        "pr_auc": 0.613799580976782,
        "avg_precision": 0.6516782865994235,
        "brier": 0.1952573120662992,
        "best_f1": 0.6938775510204083,
        "best_f1_threshold": 0.32132890820503235,
        "fpr_at_recall_95": 0.5227272727272727,
        "recall_at_fpr_05": 0.09523809523809523,
        "recall_at_fpr_10": 0.38095238095238093,
        "mean_score_pos": 0.34836114730153767,
        "mean_score_neg": 0.2850411188873378,
        "std_score_pos": 0.055494902866895,
        "std_score_neg": 0.05663082858092962,
        "score_gap": 0.06332002841419987,
        "median_score_pos": 0.33950912952423096,
        "median_score_neg": 0.2886429876089096,
        "frac_high_score": 0.0,
        "frac_low_score": 0.0,
        "frac_uncertain": 0.046153846153846156
      },
      "insdet": {
        "n": 135,
        "n_pos": 38,
        "n_neg": 97,
        "threshold": 0.5,
        "tp": 0,
        "fp": 0,
        "fn": 38,
        "tn": 97,
        "accuracy": 0.7185185185185186,
        "acc_pos": 0.0,
        "acc_neg": 1.0,
        "precision": 0.0,
        "recall": 0.0,
        "f1": 0.0,
        "fpr": 0.0,
        "fnr": 1.0,
        "tpr": 0.0,
        "tnr": 1.0,
        "youden_j": 0.0,
        "mcc": 0.0,
        "auroc": 0.7859468258274552,
        "pr_auc": 0.5211183896860181,
        "avg_precision": 0.5634051465591237,
        "brier": 0.1728529974542905,
        "best_f1": 0.6,
        "best_f1_threshold": 0.2815859913825989,
        "fpr_at_recall_95": 0.5051546391752577,
        "recall_at_fpr_05": 0.05263157894736842,
        "recall_at_fpr_10": 0.3684210526315789,
        "mean_score_pos": 0.3437933608105308,
        "mean_score_neg": 0.24586629637123383,
        "std_score_pos": 0.051427012913624365,
        "std_score_neg": 0.10259927483775984,
        "score_gap": 0.09792706443929697,
        "median_score_pos": 0.345833495259285,
        "median_score_neg": 0.26582205295562744,
        "frac_high_score": 0.0,
        "frac_low_score": 0.07407407407407407,
        "frac_uncertain": 0.08888888888888889
      }
    },
    "per_k": {
      "k1": {
        "n": 67,
        "n_pos": 22,
        "n_neg": 45,
        "threshold": 0.5,
        "tp": 0,
        "fp": 0,
        "fn": 22,
        "tn": 45,
        "accuracy": 0.6716417910447762,
        "acc_pos": 0.0,
        "acc_neg": 1.0,
        "precision": 0.0,
        "recall": 0.0,
        "f1": 0.0,
        "fpr": 0.0,
        "fnr": 1.0,
        "tpr": 0.0,
        "tnr": 1.0,
        "youden_j": 0.0,
        "mcc": 0.0,
        "auroc": 0.8,
        "pr_auc": 0.6349777122276538,
        "avg_precision": 0.6672379824840512,
        "brier": 0.1945935334023608,
        "best_f1": 0.6666666666666666,
        "best_f1_threshold": 0.2815859913825989,
        "fpr_at_recall_95": 0.5555555555555556,
        "recall_at_fpr_05": 0.2727272727272727,
        "recall_at_fpr_10": 0.2727272727272727,
        "mean_score_pos": 0.33179518986832013,
        "mean_score_neg": 0.2551286467247539,
        "std_score_pos": 0.04602928375968903,
        "std_score_neg": 0.0740465539090468,
        "score_gap": 0.07666654314356625,
        "median_score_pos": 0.34367547929286957,
        "median_score_neg": 0.2673644721508026,
        "frac_high_score": 0.0,
        "frac_low_score": 0.014925373134328358,
        "frac_uncertain": 0.029850746268656716
      },
      "k4": {
        "n": 67,
        "n_pos": 19,
        "n_neg": 48,
        "threshold": 0.5,
        "tp": 1,
        "fp": 0,
        "fn": 18,
        "tn": 48,
        "accuracy": 0.7313432835820896,
        "acc_pos": 0.05263157894736842,
        "acc_neg": 1.0,
        "precision": 1.0,
        "recall": 0.05263157894736842,
        "f1": 0.1,
        "fpr": 0.0,
        "fnr": 0.9473684210526315,
        "tpr": 0.052631578947368474,
        "tnr": 1.0,
        "youden_j": 0.052631578947368474,
        "mcc": 0.1956463952178074,
        "auroc": 0.7631578947368421,
        "pr_auc": 0.5408200769691824,
        "avg_precision": 0.5811509444873822,
        "brier": 0.17777409006465195,
        "best_f1": 0.6222222222222222,
        "best_f1_threshold": 0.32728859782218933,
        "fpr_at_recall_95": 0.625,
        "recall_at_fpr_05": 0.10526315789473684,
        "recall_at_fpr_10": 0.10526315789473684,
        "mean_score_pos": 0.3541218042373657,
        "mean_score_neg": 0.2694804201213022,
        "std_score_pos": 0.06600950330168752,
        "std_score_neg": 0.09460711295407657,
        "score_gap": 0.08464138411606353,
        "median_score_pos": 0.3572149872779846,
        "median_score_neg": 0.28235216438770294,
        "frac_high_score": 0.0,
        "frac_low_score": 0.04477611940298507,
        "frac_uncertain": 0.11940298507462686
      },
      "k10": {
        "n": 66,
        "n_pos": 18,
        "n_neg": 48,
        "threshold": 0.5,
        "tp": 0,
        "fp": 0,
        "fn": 18,
        "tn": 48,
        "accuracy": 0.7272727272727273,
        "acc_pos": 0.0,
        "acc_neg": 1.0,
        "precision": 0.0,
        "recall": 0.0,
        "f1": 0.0,
        "fpr": 0.0,
        "fnr": 1.0,
        "tpr": 0.0,
        "tnr": 1.0,
        "youden_j": 0.0,
        "mcc": 0.0,
        "auroc": 0.8090277777777778,
        "pr_auc": 0.5422827241201164,
        "avg_precision": 0.5759589651403219,
        "brier": 0.16785226012649715,
        "best_f1": 0.6521739130434783,
        "best_f1_threshold": 0.3285578787326813,
        "fpr_at_recall_95": 0.4791666666666667,
        "recall_at_fpr_05": 0.05555555555555555,
        "recall_at_fpr_10": 0.3333333333333333,