{
  "stage": "S2",
  "epoch": 4,
  "fold": 2,
  "wall_clock_seconds": 252.14,
  "lr": {
    "head": 5.417483830634313e-05,
    "lora": 5.417483830634313e-05
  },
  "train": {
    "loss": 0.07709821429103612,
    "focal": 0.045304261408746244,
    "variance": 0.0052183294296264645,
    "decorrelation": 0.6254424023628234,
    "grad_norm": 0.2686576372385025,
    "n_steps": 100,
    "grad_steps": 50,
    "grad_nan_steps": 0
  },
  "val": {
    "overall": {
      "n": 200,
      "n_pos": 52,
      "n_neg": 148,
      "threshold": 0.5,
      "tp": 0,
      "fp": 0,
      "fn": 52,
      "tn": 148,
      "accuracy": 0.74,
      "acc_pos": 0.0,
      "acc_neg": 1.0,
      "precision": 0.0,
      "recall": 0.0,
      "f1": 0.0,
      "fpr": 0.0,
      "fnr": 1.0,
      "tpr": 0.0,
      "tnr": 1.0,
      "youden_j": 0.0,
      "mcc": 0.0,
      "auroc": 0.8157484407484408,
      "pr_auc": 0.5813441594668485,
      "avg_precision": 0.599109358422736,
      "brier": 0.16672941995800936,
      "best_f1": 0.6400000000000001,
      "best_f1_threshold": 0.3234269320964813,
      "fpr_at_recall_95": 0.581081081081081,
      "recall_at_fpr_05": 0.25,
      "recall_at_fpr_10": 0.4423076923076923,
      "mean_score_pos": 0.33977391914679456,
      "mean_score_neg": 0.2551081922106646,
      "std_score_pos": 0.0484951509744161,
      "std_score_neg": 0.07942627182490361,
      "score_gap": 0.08466572693612995,
      "median_score_pos": 0.3421635925769806,
      "median_score_neg": 0.2667802721261978,
      "frac_high_score": 0.0,
      "frac_low_score": 0.035,
      "frac_uncertain": 0.045
    },
    "per_source": {
      "hots": {
        "n": 70,
        "n_pos": 17,
        "n_neg": 53,
        "threshold": 0.5,
        "tp": 0,
        "fp": 0,
        "fn": 17,
        "tn": 53,
        "accuracy": 0.7571428571428571,
        "acc_pos": 0.0,
        "acc_neg": 1.0,
        "precision": 0.0,
        "recall": 0.0,
        "f1": 0.0,
        "fpr": 0.0,
        "fnr": 1.0,
        "tpr": 0.0,
        "tnr": 1.0,
        "youden_j": 0.0,
        "mcc": 0.0,
        "auroc": 0.7236403995560489,
        "pr_auc": 0.5248330349240931,
        "avg_precision": 0.5435965701833337,
        "brier": 0.17241973796306445,
        "best_f1": 0.5714285714285713,
        "best_f1_threshold": 0.3234269320964813,
        "fpr_at_recall_95": 0.7547169811320755,
        "recall_at_fpr_05": 0.17647058823529413,
        "recall_at_fpr_10": 0.4117647058823529,
        "mean_score_pos": 0.3209233283996582,
        "mean_score_neg": 0.274960273560488,
        "std_score_pos": 0.04580935582293241,
        "std_score_neg": 0.06034699433071189,
        "score_gap": 0.04596305483917018,
        "median_score_pos": 0.3321051299571991,
        "median_score_neg": 0.28085359930992126,
        "frac_high_score": 0.0,
        "frac_low_score": 0.0,
        "frac_uncertain": 0.0
      },
      "insdet": {
        "n": 130,
        "n_pos": 35,
        "n_neg": 95,
        "threshold": 0.5,
        "tp": 0,
        "fp": 0,
        "fn": 35,
        "tn": 95,
        "accuracy": 0.7307692307692307,
        "acc_pos": 0.0,
        "acc_neg": 1.0,
        "precision": 0.0,
        "recall": 0.0,
        "f1": 0.0,
        "fpr": 0.0,
        "fnr": 1.0,
        "tpr": 0.0,
        "tnr": 1.0,
        "youden_j": 0.0,
        "mcc": 0.0,
        "auroc": 0.8532330827067669,
        "pr_auc": 0.6253614545954763,
        "avg_precision": 0.6499222914282047,
        "brier": 0.16366540257067203,
        "best_f1": 0.674698795180723,
        "best_f1_threshold": 0.32385507225990295,
        "fpr_at_recall_95": 0.43157894736842106,
        "recall_at_fpr_05": 0.2857142857142857,
        "recall_at_fpr_10": 0.45714285714285713,
        "mean_score_pos": 0.3489299203668322,
        "mean_score_neg": 0.24403282051023684,
        "std_score_pos": 0.04770923455970814,
        "std_score_neg": 0.08662969345664963,
        "score_gap": 0.10489709985659534,
        "median_score_pos": 0.34524232149124146,
        "median_score_neg": 0.25150614976882935,
        "frac_high_score": 0.0,
        "frac_low_score": 0.05384615384615385,
        "frac_uncertain": 0.06923076923076923
      }
    },
    "per_k": {
      "k1": {
        "n": 67,
        "n_pos": 14,
        "n_neg": 53,
        "threshold": 0.5,
        "tp": 0,
        "fp": 0,
        "fn": 14,
        "tn": 53,
        "accuracy": 0.7910447761194029,
        "acc_pos": 0.0,
        "acc_neg": 1.0,
        "precision": 0.0,
        "recall": 0.0,
        "f1": 0.0,
        "fpr": 0.0,
        "fnr": 1.0,
        "tpr": 0.0,
        "tnr": 1.0,
        "youden_j": 0.0,
        "mcc": 0.0,
        "auroc": 0.7897574123989218,
        "pr_auc": 0.5288281772555209,
        "avg_precision": 0.5410099980097685,
        "brier": 0.15188412480315466,
        "best_f1": 0.5789473684210527,
        "best_f1_threshold": 0.3241557478904724,
        "fpr_at_recall_95": 0.660377358490566,
        "recall_at_fpr_05": 0.21428571428571427,
        "recall_at_fpr_10": 0.42857142857142855,
        "mean_score_pos": 0.335811259491103,
        "mean_score_neg": 0.26359266351978733,
        "std_score_pos": 0.05172583932989181,
        "std_score_neg": 0.07375930160170567,
        "score_gap": 0.07221859597131569,
        "median_score_pos": 0.34050215780735016,
        "median_score_neg": 0.2690148949623108,
        "frac_high_score": 0.0,
        "frac_low_score": 0.014925373134328358,
        "frac_uncertain": 0.029850746268656716
      },
      "k4": {
        "n": 67,
        "n_pos": 17,
        "n_neg": 50,
        "threshold": 0.5,
        "tp": 0,
        "fp": 0,
        "fn": 17,
        "tn": 50,
        "accuracy": 0.746268656716418,
        "acc_pos": 0.0,
        "acc_neg": 1.0,
        "precision": 0.0,
        "recall": 0.0,
        "f1": 0.0,
        "fpr": 0.0,
        "fnr": 1.0,
        "tpr": 0.0,
        "tnr": 1.0,
        "youden_j": 0.0,
        "mcc": 0.0,
        "auroc": 0.8211764705882353,
        "pr_auc": 0.573168659499391,
        "avg_precision": 0.5918614405704452,
        "brier": 0.16425336375544833,
        "best_f1": 0.6341463414634146,
        "best_f1_threshold": 0.2910870313644409,
        "fpr_at_recall_95": 0.56,
        "recall_at_fpr_05": 0.17647058823529413,
        "recall_at_fpr_10": 0.35294117647058826,
        "mean_score_pos": 0.3317776445080252,
        "mean_score_neg": 0.2493126757442951,
        "std_score_pos": 0.04835142474050738,
        "std_score_neg": 0.0740752670775504,
        "score_gap": 0.0824649687637301,
        "median_score_pos": 0.3327849805355072,
        "median_score_neg": 0.2556421756744385,
        "frac_high_score": 0.0,
        "frac_low_score": 0.029850746268656716,
        "frac_uncertain": 0.029850746268656716
      },
      "k10": {
        "n": 66,
        "n_pos": 21,
        "n_neg": 45,
        "threshold": 0.5,
        "tp": 0,
        "fp": 0,
        "fn": 21,
        "tn": 45,
        "accuracy": 0.6818181818181818,
        "acc_pos": 0.0,
        "acc_neg": 1.0,
        "precision": 0.0,
        "recall": 0.0,
        "f1": 0.0,
        "fpr": 0.0,
        "fnr": 1.0,
        "tpr": 0.0,
        "tnr": 1.0,
        "youden_j": 0.0,
        "mcc": 0.0,
        "auroc": 0.8402116402116402,
        "pr_auc": 0.6637945486448832,
        "avg_precision": 0.7025572307049227,
        "brier": 0.18431321603296175,
        "best_f1": 0.6938775510204083,
        "best_f1_threshold": 0.3234269320964813,
        "fpr_at_recall_95": 0.5333333333333333,
        "recall_at_fpr_05": 0.38095238095238093,
        "recall_at_fpr_10": 0.6190476190476191,
        "mean_score_pos": 0.348888866958164,
        "mean_score_neg": 0.2515548331869973,
        "std_score_pos": 0.04727638664631178,
        "std_score_neg": 0.09164143688721374,
        "score_gap": 0.09733403377116673,
        "median_score_pos": 0.35505297780036926,
        "median_score_neg": 0.2713090181350708,
        "frac_high_score": 0.0,