{
  "stage": "L3",
  "phase": "insdet",
  "epoch": 3,
  "fold": 2,
  "wall_clock_seconds": 534.62,
  "lr": {
    "fusion": 4.4721028764047534e-05,
    "class_head": 1.7894758966022935e-05,
    "box_head": 1.7894758966022935e-05,
    "lora": 0.00017885237775417
  },
  "train": {
    "loss": 5.433164661924044,
    "patch_ce": 3.1711820683876675,
    "l1": 0.0185961919844461,
    "giou": 0.5262690180540085,
    "log_area": 0.3990470993751516,
    "grad_norm": 111.38950368520376,
    "n_steps": 300,
    "grad_steps": 37,
    "grad_nan_steps": 0,
    "alpha": 0.9511734247207642,
    "bg_bias": -0.013057488016784191
  },
  "val": {
    "overall": {
      "n": 100,
      "n_pos": 65,
      "n_neg": 35,
      "iou_mean": 0.46091039702296255,
      "iou_median": 0.7138879299163818,
      "iou_p25": 0.0,
      "iou_p75": 0.8723913431167603,
      "iou_std": 0.4177784434609679,
      "frac_iou_25": 0.5538461538461539,
      "frac_iou_50": 0.5384615384615384,
      "frac_iou_75": 0.46153846153846156,
      "frac_iou_90": 0.16923076923076924,
      "containment_mean": 0.5015944099197021,
      "containment_median": 0.7287271618843079,
      "containment_p25": 0.0,
      "containment_p75": 0.9416339993476868,
      "containment_std": 0.4480786379395015,
      "frac_containment_50": 0.5384615384615384,
      "frac_containment_75": 0.49230769230769234,
      "frac_containment_90": 0.3384615384615385,
      "frac_containment_full": 0.1076923076923077,
      "contain_at_iou_50": 0.5384615384615384,
      "contain_at_iou_75": 0.46153846153846156,
      "high_contain_high_iou": 0.3384615384615385,
      "ap_per_iou": {
        "0.50": 0.3419040260118446,
        "0.55": 0.3419040260118446,
        "0.60": 0.3419040260118446,
        "0.65": 0.3279069692683551,
        "0.70": 0.3097625208949464,
        "0.75": 0.27147839783978417,
        "0.80": 0.15687068706870683,
        "0.85": 0.12909409630544152,
        "0.90": 0.04208216610393955,
        "0.95": 0.0005211047420531526
      },
      "map_50": 0.3419040260118446,
      "map_75": 0.27147839783978417,
      "map_5095": 0.22634280202587606,
      "map_50_containment": 0.3419040260118446,
      "map_90_containment": 0.1861386138613861,
      "mean_pred_box_area": 0.0019330316927564954,
      "std_pred_box_area": 0.0019082777622144757,
      "frac_pred_box_too_big": 0.0,
      "frac_pred_box_too_small": 0.9230769230769231,
      "mean_gt_box_area": 0.0020745949103282047,
      "pred_to_gt_area_ratio_mean": 1.103327512814547,
      "pred_to_gt_area_ratio_median": 0.963529773549381,
      "log_area_ratio_mean": -0.12112861797019162,
      "log_area_ratio_std": 0.7066098703675405,
      "center_distance_mean": 0.07146253757302029,
      "center_distance_median": 0.006632251037685897,
      "score_mean": 0.1909243688560449,
      "score_std": 0.12781264776959714,
      "score_p25": 0.1025194600224495,
      "score_p75": 0.2520093321800232,
      "score_iou_correlation": 0.08605648210234358,
      "bg_prob_pos_mean": 0.25557268353608936,
      "bg_prob_pos_median": 0.2201632857322693,
      "abstain_rate_pos": 0.09230769230769231,
      "bg_prob_neg_mean": 0.4615092586193766,
      "bg_prob_neg_median": 0.4722510278224945,
      "abstain_rate_neg": 0.45714285714285713,
      "score_neg_mean": 0.08222705712126169,
      "score_neg_p75": 0.11564872413873672,
      "tn_rate": 0.45714285714285713,
      "fp_rate": 0.5428571428571429,
      "abstain_gap": 0.20593657508328722
    },
    "per_source": {
      "insdet": {
        "n": 100,
        "n_pos": 65,
        "n_neg": 35,
        "iou_mean": 0.46091039702296255,
        "iou_median": 0.7138879299163818,
        "iou_p25": 0.0,
        "iou_p75": 0.8723913431167603,
        "iou_std": 0.4177784434609679,
        "frac_iou_25": 0.5538461538461539,
        "frac_iou_50": 0.5384615384615384,
        "frac_iou_75": 0.46153846153846156,
        "frac_iou_90": 0.16923076923076924,
        "containment_mean": 0.5015944099197021,
        "containment_median": 0.7287271618843079,
        "containment_p25": 0.0,
        "containment_p75": 0.9416339993476868,
        "containment_std": 0.4480786379395015,
        "frac_containment_50": 0.5384615384615384,
        "frac_containment_75": 0.49230769230769234,
        "frac_containment_90": 0.3384615384615385,
        "frac_containment_full": 0.1076923076923077,
        "contain_at_iou_50": 0.5384615384615384,
        "contain_at_iou_75": 0.46153846153846156,
        "high_contain_high_iou": 0.3384615384615385,
        "ap_per_iou": {
          "0.50": 0.3419040260118446,
          "0.55": 0.3419040260118446,
          "0.60": 0.3419040260118446,
          "0.65": 0.3279069692683551,
          "0.70": 0.3097625208949464,
          "0.75": 0.27147839783978417,
          "0.80": 0.15687068706870683,
          "0.85": 0.12909409630544152,
          "0.90": 0.04208216610393955,
          "0.95": 0.0005211047420531526
        },
        "map_50": 0.3419040260118446,
        "map_75": 0.27147839783978417,
        "map_5095": 0.22634280202587606,
        "map_50_containment": 0.3419040260118446,
        "map_90_containment": 0.1861386138613861,
        "mean_pred_box_area": 0.0019330316927564954,
        "std_pred_box_area": 0.0019082777622144757,
        "frac_pred_box_too_big": 0.0,
        "frac_pred_box_too_small": 0.9230769230769231,
        "mean_gt_box_area": 0.0020745949103282047,
        "pred_to_gt_area_ratio_mean": 1.103327512814547,
        "pred_to_gt_area_ratio_median": 0.963529773549381,
        "log_area_ratio_mean": -0.12112861797019162,
        "log_area_ratio_std": 0.7066098703675405,
        "center_distance_mean": 0.07146253757302029,
        "center_distance_median": 0.006632251037685897,
        "score_mean": 0.1909243688560449,
        "score_std": 0.12781264776959714,
        "score_p25": 0.1025194600224495,
        "score_p75": 0.2520093321800232,
        "score_iou_correlation": 0.08605648210234358,
        "bg_prob_pos_mean": 0.25557268353608936,
        "bg_prob_pos_median": 0.2201632857322693,
        "abstain_rate_pos": 0.09230769230769231,
        "bg_prob_neg_mean": 0.4615092586193766,
        "bg_prob_neg_median": 0.4722510278224945,
        "abstain_rate_neg": 0.45714285714285713,
        "score_neg_mean": 0.08222705712126169,
        "score_neg_p75": 0.11564872413873672,
        "tn_rate": 0.45714285714285713,
        "fp_rate": 0.5428571428571429,
        "abstain_gap": 0.20593657508328722
      }
    },
    "per_k": {
      "k1": {
        "n": 34,
        "n_pos": 19,
        "n_neg": 15,
        "iou_mean": 0.4617318401211186,
        "iou_median": 0.7509689927101135,
        "iou_p25": 0.0,
        "iou_p75": 0.8519363105297089,
        "iou_std": 0.4245772951614788,
        "frac_iou_25": 0.5789473684210527,
        "frac_iou_50": 0.5263157894736842,
        "frac_iou_75": 0.5263157894736842,
        "frac_iou_90": 0.10526315789473684,
        "containment_mean": 0.5151390731334686,
        "containment_median": 0.8379817605018616,
        "containment_p25": 0.0,
        "containment_p75": 0.9437432289123535,
        "containment_std": 0.47473555114891064,
        "frac_containment_50": 0.5263157894736842,
        "frac_containment_75": 0.5263157894736842,
        "frac_containment_90": 0.42105263157894735,
        "frac_containment_full": 0.15789473684210525,
        "contain_at_iou_50": 0.5263157894736842,
        "contain_at_iou_75": 0.5263157894736842,
        "high_contain_high_iou": 0.42105263157894735,
        "ap_per_iou": {
          "0.50": 0.3706859971711457,
          "0.55": 0.3706859971711457,
          "0.60": 0.3706859971711457,
          "0.65": 0.3706859971711457,
          "0.70": 0.3706859971711457,
          "0.75": 0.3706859971711457,
          "0.80": 0.12899847677075407,
          "0.85": 0.10334158415841586,
          "0.90": 0.049504950495049514,
          "0.95": 0.0
        },
        "map_50": 0.3706859971711457,
        "map_75": 0.3706859971711457,