{
  "stage": "L3",
  "epoch": 3,
  "fold": 1,
  "wall_clock_seconds": 484.36,
  "lr": {
    "fusion": 3.9813728787139456e-05,
    "class_head": 1.5937739536354227e-05,
    "box_head": 1.5937739536354227e-05,
    "lora": 7.960704420511491e-05
  },
  "train": {
    "loss": 4.63449291908741,
    "patch_ce": 2.596855224609375,
    "l1": 0.04388421551138163,
    "giou": 0.9091083056926728,
    "grad_norm": 16.414725311279298,
    "n_steps": 250,
    "alpha": 0.05294761806726456
  },
  "val": {
    "overall": {
      "n": 100,
      "n_pos": 100,
      "iou_mean": 0.45803152736276387,
      "iou_median": 0.5034576952457428,
      "iou_p25": 0.0,
      "iou_p75": 0.871819794178009,
      "iou_std": 0.39256976626598755,
      "frac_iou_25": 0.58,
      "frac_iou_50": 0.51,
      "frac_iou_75": 0.38,
      "frac_iou_90": 0.19,
      "containment_mean": 0.5100484894216061,
      "containment_median": 0.6017466187477112,
      "containment_p25": 0.0,
      "containment_p75": 0.9502221196889877,
      "containment_std": 0.42826744612628426,
      "frac_containment_50": 0.52,
      "frac_containment_75": 0.44,
      "frac_containment_90": 0.38,
      "frac_containment_full": 0.06,
      "contain_at_iou_50": 0.51,
      "contain_at_iou_75": 0.38,
      "high_contain_high_iou": 0.37,
      "ap_per_iou": {
        "0.50": 0.321107546249968,
        "0.55": 0.308954041911926,
        "0.60": 0.2966477306167797,
        "0.65": 0.2709293893622777,
        "0.70": 0.25499331020902233,
        "0.75": 0.22930303954884126,
        "0.80": 0.20113610309005675,
        "0.85": 0.17752378018948312,
        "0.90": 0.059037584472328715,
        "0.95": 0.0024752475247524753
      },
      "map_50": 0.321107546249968,
      "map_75": 0.22930303954884126,
      "map_5095": 0.2122107773175436,
      "map_50_containment": 0.33683350523712985,
      "map_90_containment": 0.24350118733804102,
      "mean_pred_box_area": 0.01303564138412492,
      "std_pred_box_area": 0.07950319143649719,
      "frac_pred_box_too_big": 0.01,
      "frac_pred_box_too_small": 0.83,
      "mean_gt_box_area": 0.008438673561962788,
      "pred_to_gt_area_ratio_mean": 0.8825466135680697,
      "pred_to_gt_area_ratio_median": 0.9475614603242624,
      "log_area_ratio_mean": -0.40917021223347105,
      "log_area_ratio_std": 0.8336166722074162,
      "center_distance_mean": 0.10655959281384651,
      "center_distance_median": 0.008120910364814323,
      "score_mean": 0.7970484688878059,
      "score_std": 0.21557973283356416,
      "score_p25": 0.6535137742757797,
      "score_p75": 0.9786962270736694,
      "score_iou_correlation": 0.18581331907403104
    },
    "per_source": {
      "hots": {
        "n": 36,
        "n_pos": 36,
        "iou_mean": 0.4065050362712807,
        "iou_median": 0.2663760259747505,
        "iou_p25": 0.0,
        "iou_p75": 0.871435821056366,
        "iou_std": 0.4051069500477145,
        "frac_iou_25": 0.5,
        "frac_iou_50": 0.4166666666666667,
        "frac_iou_75": 0.3611111111111111,
        "frac_iou_90": 0.2222222222222222,
        "containment_mean": 0.4473319293724166,
        "containment_median": 0.2917606085538864,
        "containment_p25": 0.0,
        "containment_p75": 0.9371180683374405,
        "containment_std": 0.4361560445155367,
        "frac_containment_50": 0.4444444444444444,
        "frac_containment_75": 0.3888888888888889,
        "frac_containment_90": 0.3611111111111111,
        "frac_containment_full": 0.027777777777777776,
        "contain_at_iou_50": 0.4166666666666667,
        "contain_at_iou_75": 0.3611111111111111,
        "high_contain_high_iou": 0.3333333333333333,
        "ap_per_iou": {
          "0.50": 0.2670264907363733,
          "0.55": 0.2670264907363733,
          "0.60": 0.2670264907363733,
          "0.65": 0.23661759326924311,
          "0.70": 0.23661759326924311,
          "0.75": 0.23661759326924311,
          "0.80": 0.23661759326924311,
          "0.85": 0.19319461097773047,
          "0.90": 0.07156662015946925,
          "0.95": 0.0
        },
        "map_50": 0.2670264907363733,
        "map_75": 0.23661759326924311,
        "map_5095": 0.2012311076423292,
        "map_50_containment": 0.3016922327460521,
        "map_90_containment": 0.256656941650806,
        "mean_pred_box_area": 0.03431103684168277,
        "std_pred_box_area": 0.13095879597665128,
        "frac_pred_box_too_big": 0.027777777777777776,
        "frac_pred_box_too_small": 0.5277777777777778,
        "mean_gt_box_area": 0.020616319295853225,
        "pred_to_gt_area_ratio_mean": 0.7723359008845682,
        "pred_to_gt_area_ratio_median": 0.7859957860709539,
        "log_area_ratio_mean": -0.6460642131895413,
        "log_area_ratio_std": 0.9488748079300996,
        "center_distance_mean": 0.1688245852472575,
        "center_distance_median": 0.014115554763549329,
        "score_mean": 0.9081917347179519,
        "score_std": 0.15509826818901942,
        "score_p25": 0.9018264412879944,
        "score_p75": 0.9920514225959778,
        "score_iou_correlation": 0.12867627060407222
      },
      "insdet": {
        "n": 64,
        "n_pos": 64,
        "iou_mean": 0.48701517860172316,
        "iou_median": 0.5921629667282104,
        "iou_p25": 0.0,
        "iou_p75": 0.871819794178009,
        "iou_std": 0.3855266671503822,
        "frac_iou_25": 0.625,
        "frac_iou_50": 0.5625,
        "frac_iou_75": 0.390625,
        "frac_iou_90": 0.171875,
        "containment_mean": 0.5453265544492751,
        "containment_median": 0.6631363928318024,
        "containment_p25": 0.0,
        "containment_p75": 0.9605317413806915,
        "containment_std": 0.42311228417991203,
        "frac_containment_50": 0.5625,
        "frac_containment_75": 0.46875,
        "frac_containment_90": 0.390625,
        "frac_containment_full": 0.078125,
        "contain_at_iou_50": 0.5625,
        "contain_at_iou_75": 0.390625,
        "high_contain_high_iou": 0.390625,
        "ap_per_iou": {
          "0.50": 0.4004585277641852,
          "0.55": 0.3790875274043046,
          "0.60": 0.3566112718776432,
          "0.65": 0.34373799302433417,
          "0.70": 0.31307575224838147,
          "0.75": 0.2527155846047023,
          "0.80": 0.19054337642131428,
          "0.85": 0.1859904001152803,
          "0.90": 0.06175950928426176,
          "0.95": 0.0066006600660066
        },
        "map_50": 0.4004585277641852,
        "map_75": 0.2527155846047023,
        "map_5095": 0.2490580602810414,
        "map_50_containment": 0.4004585277641852,
        "map_90_containment": 0.26830921962649884,
        "mean_pred_box_area": 0.0010682314392486303,
        "std_pred_box_area": 0.0007625246740964231,
        "frac_pred_box_too_big": 0.0,
        "frac_pred_box_too_small": 1.0,
        "mean_gt_box_area": 0.0015887478366494179,
        "pred_to_gt_area_ratio_mean": 0.9445401394525393,
        "pred_to_gt_area_ratio_median": 1.0018953759506186,
        "log_area_ratio_mean": -0.2759173366956816,
        "log_area_ratio_std": 0.7360055117566251,
        "center_distance_mean": 0.07153553457005286,
        "center_distance_median": 0.005903871755204495,
        "score_mean": 0.7345303818583488,
        "score_std": 0.220540444234793,
        "score_p25": 0.5680297911167145,
        "score_p75": 0.9377820491790771,
        "score_iou_correlation": 0.2979498788076413
      }
    },
    "per_k": {
      "k1": {
        "n": 34,
        "n_pos": 34,
        "iou_mean": 0.5318126171169912,
        "iou_median": 0.6706523895263672,
        "iou_p25": 0.06211200263351202,
        "iou_p75": 0.8950949758291245,
        "iou_std": 0.3865696921054936,
        "frac_iou_25": 0.6764705882352942,
        "frac_iou_50": 0.5882352941176471,
        "frac_iou_75": 0.4411764705882353,
        "frac_iou_90": 0.2647058823529412,
        "containment_mean": 0.5737049082184539,
        "containment_median": 0.7360894978046417,
        "containment_p25": 0.07429361529648304,