{
  "stage": "1_2",
  "epoch": 7,
  "fold": 1,
  "wall_clock_seconds": 303.14,
  "lr": {
    "aggregator": 6.430254440124298e-05,
    "existence_head": 6.430254440124298e-05,
    "class_head": 3.216913879501516e-05,
    "box_head": 3.216913879501516e-05
  },
  "train": {
    "loss": 1.3810653977336422,
    "focal": 0.06673011093610717,
    "l1": 0.035379528638816646,
    "giou": 0.46966384783867865,
    "box_loss": 1.1162253435580962,
    "box_area_penalty": 0.0,
    "existence_kl": 0.0,
    "margin": 0.3960670655773532,
    "nt_xent": 0.0007640022048426251,
    "grad_norm": 3.4556002693791545,
    "n_steps": 62,
    "aggregator_alpha": -0.024778611958026886
  },
  "val": {
    "overall": {
      "n": 100,
      "n_pos": 45,
      "n_neg": 55,
      "iou_mean": 0.18285275257916914,
      "iou_median": 0.0,
      "iou_p25": 0.0,
      "iou_p75": 0.27107328176498413,
      "contain_mean": 0.3222130490673913,
      "contain_at_iou_50": 0.2222222222222222,
      "contain_at_iou_75": 0.1111111111111111,
      "ap_per_iou": {
        "0.50": 0.08745196285127162,
        "0.55": 0.08745196285127162,
        "0.60": 0.07919124122654853,
        "0.65": 0.06749397311698822,
        "0.70": 0.05843941537010842,
        "0.75": 0.05843941537010842,
        "0.80": 0.054785478547854774,
        "0.85": 0.054785478547854774,
        "0.90": 0.009900990099009901,
        "0.95": 0.0
      },
      "map_50": 0.08745196285127162,
      "map_75": 0.05843941537010842,
      "map_5095": 0.05579399179810163,
      "map_50_existence_only": 0.08650859156960929,
      "map_5095_existence_only": 0.055502404188796074,
      "map_50_score_only": 0.12355657697683352,
      "map_5095_score_only": 0.07441874112765963,
      "precision_50": 0.17391304347826086,
      "recall_50": 0.08888888888888889,
      "f1_50": 0.11764705882352941,
      "existence_acc": 0.56,
      "existence_acc_pos": 0.26666666666666666,
      "existence_acc_neg": 0.8,
      "existence_auroc": 0.6989898989898989,
      "existence_pr_auc": 0.6381026283733542,
      "existence_brier": 0.2288601021988416,
      "existence_f1": 0.11764705882352941,
      "false_positive_rate": 0.2,
      "false_negative_rate": 0.7333333333333333,
      "mean_score_pos": 0.45876146157582604,
      "mean_score_neg": 0.4073322572491386,
      "proto_score_pos": 0.9109767847590976,
      "proto_score_neg": 0.7280625514008782,
      "proto_score_gap": 0.18291423335821944,
      "mean_pred_box_area": 0.08213453172706067,
      "frac_pred_box_too_big": 0.07,
      "mean_existence_prob": 0.4304753991961479,
      "frac_high_existence": 0.0,
      "prototype_norm_mean": 1.6419890308380127,
      "prototype_norm_std": 0.2838676537839984
    },
    "per_source": {
      "hots": {
        "n": 36,
        "n_pos": 17,
        "n_neg": 19,
        "iou_mean": 0.4004535815295051,
        "iou_median": 0.6091691255569458,
        "iou_p25": 0.0,
        "iou_p75": 0.7565726041793823,
        "contain_mean": 0.5247195292921627,
        "contain_at_iou_50": 0.5294117647058824,
        "contain_at_iou_75": 0.29411764705882354,
        "ap_per_iou": {
          "0.50": 0.339656904221157,
          "0.55": 0.339656904221157,
          "0.60": 0.339656904221157,
          "0.65": 0.2641599992083168,
          "0.70": 0.2016615454648913,
          "0.75": 0.2016615454648913,
          "0.80": 0.1782178217821782,
          "0.85": 0.1782178217821782,
          "0.90": 0.0297029702970297,
          "0.95": 0.0
        },
        "map_50": 0.339656904221157,
        "map_75": 0.2016615454648913,
        "map_5095": 0.20725924166629564,
        "map_50_existence_only": 0.3314827434160418,
        "map_5095_existence_only": 0.20440052912173803,
        "map_50_score_only": 0.3779873677022875,
        "map_5095_score_only": 0.2192301126664391,
        "precision_50": 0.5,
        "recall_50": 0.23529411764705882,
        "f1_50": 0.31999999999999995,
        "existence_acc": 0.5277777777777778,
        "existence_acc_pos": 0.23529411764705882,
        "existence_acc_neg": 0.7894736842105263,
        "existence_auroc": 0.6780185758513931,
        "existence_pr_auc": 0.6553549407275465,
        "existence_brier": 0.22966559192710145,
        "existence_f1": 0.31999999999999995,
        "false_positive_rate": 0.21052631578947367,
        "false_negative_rate": 0.7647058823529411,
        "mean_score_pos": 0.46923618106281056,
        "mean_score_neg": 0.4146354982727452,
        "proto_score_pos": 0.923182866152595,
        "proto_score_neg": 0.6873222856145156,
        "proto_score_gap": 0.23586058053807946,
        "mean_pred_box_area": 0.09172577510536131,
        "frac_pred_box_too_big": 0.05555555555555555,
        "mean_existence_prob": 0.44041915403472054,
        "frac_high_existence": 0.0,
        "prototype_norm_mean": 1.94428684314092,
        "prototype_norm_std": 0.2296353765049351
      },
      "insdet": {
        "n": 64,
        "n_pos": 28,
        "n_neg": 36,
        "iou_mean": 0.05073796357360801,
        "iou_median": 0.0,
        "iou_p25": 0.0,
        "iou_p75": 0.0018564878264442086,
        "contain_mean": 0.19926268607378006,
        "contain_at_iou_50": 0.03571428571428571,
        "contain_at_iou_75": 0.0,
        "ap_per_iou": {
          "0.50": 0.0026402640264026403,
          "0.55": 0.0026402640264026403,
          "0.60": 0.0,
          "0.65": 0.0,
          "0.70": 0.0,
          "0.75": 0.0,
          "0.80": 0.0,
          "0.85": 0.0,
          "0.90": 0.0,
          "0.95": 0.0
        },
        "map_50": 0.0026402640264026403,
        "map_75": 0.0,
        "map_5095": 0.000528052805280528,
        "map_50_existence_only": 0.0024752475247524753,
        "map_5095_existence_only": 0.0004950495049504951,
        "map_50_score_only": 0.0066006600660066,
        "map_5095_score_only": 0.00132013201320132,
        "precision_50": 0.0,
        "recall_50": 0.0,
        "f1_50": 0.0,
        "existence_acc": 0.578125,
        "existence_acc_pos": 0.2857142857142857,
        "existence_acc_neg": 0.8055555555555556,
        "existence_auroc": 0.7083333333333334,
        "existence_pr_auc": 0.633707666939126,
        "existence_brier": 0.22840701422669546,
        "existence_f1": 0.0,
        "false_positive_rate": 0.19444444444444445,
        "false_negative_rate": 0.7142857142857143,
        "mean_score_pos": 0.45240181045872824,
        "mean_score_neg": 0.40347776893112397,
        "proto_score_pos": 0.9035659496273313,
        "proto_score_neg": 0.7495643583436807,
        "proto_score_gap": 0.15400159128365054,
        "mean_pred_box_area": 0.07673945732676657,
        "frac_pred_box_too_big": 0.078125,
        "mean_existence_prob": 0.4248820370994508,
        "frac_high_existence": 0.0,
        "prototype_norm_mean": 1.4719465114176273,
        "prototype_norm_std": 0.12545291058027516
      }
    },
    "tile_cfg": {
      "mode": "off",
      "levels": [
        1,
        2
      ],
      "overlap": 0.3,
      "for_sources": [
        "insdet"
      ],
      "nms_iou": 0.5,
      "top_k": 100,
      "score_combo": "existence_x_score",
      "edge_score_penalty": 0.5,
      "edge_px": 4,
      "merge_partial_boxes": true,
      "merge_min_score": 0.2
    }
  }
}