{
  "stage": "1_2",
  "epoch": 7,
  "fold": 4,
  "wall_clock_seconds": 303.53,
  "lr": {
    "aggregator": 5.8271499784522814e-05,
    "existence_head": 5.8271499784522814e-05,
    "class_head": 2.9156635027504285e-05,
    "box_head": 2.9156635027504285e-05
  },
  "train": {
    "loss": 1.8889682818083995,
    "focal": 0.06790533685876478,
    "l1": 0.043060423250520424,
    "giou": 0.7116252030095747,
    "box_loss": 1.6385525263124896,
    "box_area_penalty": 0.000523861170926642,
    "existence_kl": 0.0,
    "margin": 0.364901777717375,
    "nt_xent": 7.146367082192052e-05,
    "grad_norm": 4.939232257104689,
    "n_steps": 62,
    "aggregator_alpha": -0.02476346679031849
  },
  "val": {
    "overall": {
      "n": 100,
      "n_pos": 53,
      "n_neg": 47,
      "iou_mean": 0.19706872963118102,
      "iou_median": 0.0,
      "iou_p25": 0.0,
      "iou_p75": 0.358275443315506,
      "contain_mean": 0.3209220345290202,
      "contain_at_iou_50": 0.20754716981132076,
      "contain_at_iou_75": 0.1320754716981132,
      "ap_per_iou": {
        "0.50": 0.10652966829983357,
        "0.55": 0.10148976816780195,
        "0.60": 0.10148976816780195,
        "0.65": 0.10148976816780195,
        "0.70": 0.0981792889510237,
        "0.75": 0.04770740087707402,
        "0.80": 0.04770740087707402,
        "0.85": 0.012364935123649348,
        "0.90": 0.0,
        "0.95": 0.0
      },
      "map_50": 0.10652966829983357,
      "map_75": 0.04770740087707402,
      "map_5095": 0.061695799863206044,
      "map_50_existence_only": 0.10258187357197257,
      "map_5095_existence_only": 0.05934376020019585,
      "map_50_score_only": 0.13022700377375043,
      "map_5095_score_only": 0.07848312485322864,
      "precision_50": 0.375,
      "recall_50": 0.11320754716981132,
      "f1_50": 0.1739130434782609,
      "existence_acc": 0.59,
      "existence_acc_pos": 0.2641509433962264,
      "existence_acc_neg": 0.9574468085106383,
      "existence_auroc": 0.7394620634283421,
      "existence_pr_auc": 0.7759133896153524,
      "existence_brier": 0.2331767755131302,
      "existence_f1": 0.1739130434782609,
      "false_positive_rate": 0.0425531914893617,
      "false_negative_rate": 0.7358490566037735,
      "mean_score_pos": 0.46756049203422834,
      "mean_score_neg": 0.4118526501858488,
      "proto_score_pos": 0.9647010823465744,
      "proto_score_neg": 0.8107612770288548,
      "proto_score_gap": 0.15393980531771956,
      "mean_pred_box_area": 0.014956566484179347,
      "frac_pred_box_too_big": 0.0,
      "mean_existence_prob": 0.44137780636548996,
      "frac_high_existence": 0.0,
      "prototype_norm_mean": 1.587050405740738,
      "prototype_norm_std": 0.22375784414516542
    },
    "per_source": {
      "hots": {
        "n": 35,
        "n_pos": 15,
        "n_neg": 20,
        "iou_mean": 0.4891168395678202,
        "iou_median": 0.7484222054481506,
        "iou_p25": 0.0,
        "iou_p75": 0.8155863285064697,
        "contain_mean": 0.5380216320355733,
        "contain_at_iou_50": 0.6,
        "contain_at_iou_75": 0.4666666666666667,
        "ap_per_iou": {
          "0.50": 0.5109360936093609,
          "0.55": 0.5109360936093609,
          "0.60": 0.5109360936093609,
          "0.65": 0.5109360936093609,
          "0.70": 0.5109360936093609,
          "0.75": 0.2919441944194423,
          "0.80": 0.2919441944194423,
          "0.85": 0.05891089108910895,
          "0.90": 0.0,
          "0.95": 0.0
        },
        "map_50": 0.5109360936093609,
        "map_75": 0.2919441944194423,
        "map_5095": 0.3197479747974798,
        "map_50_existence_only": 0.48415841584158387,
        "map_5095_existence_only": 0.30150765076507635,
        "map_50_score_only": 0.5103510351035103,
        "map_5095_score_only": 0.3248524852485249,
        "precision_50": 0.75,
        "recall_50": 0.4,
        "f1_50": 0.5217391304347827,
        "existence_acc": 0.7428571428571429,
        "existence_acc_pos": 0.4666666666666667,
        "existence_acc_neg": 0.95,
        "existence_auroc": 0.84,
        "existence_pr_auc": 0.8199010466657526,
        "existence_brier": 0.20356381801488901,
        "existence_f1": 0.5217391304347827,
        "false_positive_rate": 0.05,
        "false_negative_rate": 0.5333333333333333,
        "mean_score_pos": 0.49801501830418904,
        "mean_score_neg": 0.4006602615118027,
        "proto_score_pos": 0.9616752743721009,
        "proto_score_neg": 0.6932604447007179,
        "proto_score_gap": 0.26841482967138297,
        "mean_pred_box_area": 0.022464578172990253,
        "frac_pred_box_too_big": 0.0,
        "mean_existence_prob": 0.4423837287085397,
        "frac_high_existence": 0.0,
        "prototype_norm_mean": 1.8037149769919258,
        "prototype_norm_std": 0.1540131287847855
      },
      "insdet": {
        "n": 65,
        "n_pos": 38,
        "n_neg": 27,
        "iou_mean": 0.08178658097198135,
        "iou_median": 0.0,
        "iou_p25": 0.0,
        "iou_p75": 0.022232215851545334,
        "contain_mean": 0.23522482498695976,
        "contain_at_iou_50": 0.05263157894736842,
        "contain_at_iou_75": 0.0,
        "ap_per_iou": {
          "0.50": 0.0036003600360036006,
          "0.55": 0.0009000900090009002,
          "0.60": 0.0009000900090009002,
          "0.65": 0.0009000900090009002,
          "0.70": 0.0,
          "0.75": 0.0,
          "0.80": 0.0,
          "0.85": 0.0,
          "0.90": 0.0,
          "0.95": 0.0
        },
        "map_50": 0.0036003600360036006,
        "map_75": 0.0,
        "map_5095": 0.0006300630063006301,
        "map_50_existence_only": 0.0036003600360036006,
        "map_5095_existence_only": 0.0006300630063006301,
        "map_50_score_only": 0.0031616607038855143,
        "map_5095_score_only": 0.0005283301439387635,
        "precision_50": 0.0,
        "recall_50": 0.0,
        "f1_50": 0.0,
        "existence_acc": 0.5076923076923077,
        "existence_acc_pos": 0.18421052631578946,
        "existence_acc_neg": 0.9629629629629629,
        "existence_auroc": 0.6715399610136452,
        "existence_pr_auc": 0.7629446881080383,
        "existence_brier": 0.24912221416602937,
        "existence_f1": 0.0,
        "false_positive_rate": 0.037037037037037035,
        "false_negative_rate": 0.8157894736842105,
        "mean_score_pos": 0.4555389685066123,
        "mean_score_neg": 0.42014330846292003,
        "proto_score_pos": 0.965895480231235,
        "proto_score_neg": 0.8977989306052526,
        "proto_score_gap": 0.06809654962598233,
        "mean_pred_box_area": 0.010913790959435014,
        "frac_pred_box_too_big": 0.0,
        "mean_existence_prob": 0.44083615587307856,
        "frac_high_existence": 0.0,
        "prototype_norm_mean": 1.4703848673747135,
        "prototype_norm_std": 0.15922072598634845
      }
    },
    "tile_cfg": {
      "mode": "off",
      "levels": [
        1,
        2
      ],
      "overlap": 0.3,
      "for_sources": [
        "insdet"
      ],
      "nms_iou": 0.5,
      "top_k": 100,
      "score_combo": "existence_x_score",
      "edge_score_penalty": 0.5,
      "edge_px": 4,
      "merge_partial_boxes": true,
      "merge_min_score": 0.2
    }
  }
}