{
  "stage": "1_2",
  "epoch": 7,
  "fold": 3,
  "wall_clock_seconds": 302.93,
  "lr": {
    "aggregator": 6.0300506342672084e-05,
    "existence_head": 6.0300506342672084e-05,
    "class_head": 3.017012278778105e-05,
    "box_head": 3.017012278778105e-05
  },
  "train": {
    "loss": 2.066150312702502,
    "focal": 0.0735378852414508,
    "l1": 0.046960269791945335,
    "giou": 0.7757305286584362,
    "box_loss": 1.7862624059761725,
    "box_area_penalty": 0.0009901340930692612,
    "existence_kl": 0.0,
    "margin": 0.41126538092090237,
    "nt_xent": 0.006183294218874747,
    "grad_norm": 4.641142691335371,
    "n_steps": 62,
    "aggregator_alpha": -0.024764137342572212
  },
  "val": {
    "overall": {
      "n": 100,
      "n_pos": 41,
      "n_neg": 59,
      "iou_mean": 0.15130172398441086,
      "iou_median": 0.0,
      "iou_p25": 0.0,
      "iou_p75": 0.0,
      "contain_mean": 0.18514164691654647,
      "contain_at_iou_50": 0.1951219512195122,
      "contain_at_iou_75": 0.14634146341463414,
      "ap_per_iou": {
        "0.50": 0.09468072862159047,
        "0.55": 0.09468072862159047,
        "0.60": 0.09468072862159047,
        "0.65": 0.09283868395200723,
        "0.70": 0.09283868395200723,
        "0.75": 0.0848882965219599,
        "0.80": 0.04645849200304646,
        "0.85": 0.007425742574257425,
        "0.90": 0.0,
        "0.95": 0.0
      },
      "map_50": 0.09468072862159047,
      "map_75": 0.0848882965219599,
      "map_5095": 0.06084920848680496,
      "map_50_existence_only": 0.0941772748703442,
      "map_5095_existence_only": 0.06044155167396441,
      "map_50_score_only": 0.09053688620093535,
      "map_5095_score_only": 0.058107553366174035,
      "precision_50": 0.25,
      "recall_50": 0.14634146341463414,
      "f1_50": 0.1846153846153846,
      "existence_acc": 0.69,
      "existence_acc_pos": 0.4146341463414634,
      "existence_acc_neg": 0.8813559322033898,
      "existence_auroc": 0.6816866473749483,
      "existence_pr_auc": 0.5936033031321151,
      "existence_brier": 0.2264325565902492,
      "existence_f1": 0.1846153846153846,
      "false_positive_rate": 0.11864406779661017,
      "false_negative_rate": 0.5853658536585366,
      "mean_score_pos": 0.4835621358417883,
      "mean_score_neg": 0.4360645388142537,
      "proto_score_pos": 0.9641588969928462,
      "proto_score_neg": 0.8705330203145237,
      "proto_score_gap": 0.09362587667832245,
      "mean_pred_box_area": 0.010899289208464325,
      "frac_pred_box_too_big": 0.0,
      "mean_existence_prob": 0.4555385535955429,
      "frac_high_existence": 0.0,
      "prototype_norm_mean": 1.6606556212902068,
      "prototype_norm_std": 0.19214827485378497
    },
    "per_source": {
      "hots": {
        "n": 35,
        "n_pos": 10,
        "n_neg": 25,
        "iou_mean": 0.5582799851894379,
        "iou_median": 0.7740139961242676,
        "iou_p25": 0.18185822665691376,
        "iou_p75": 0.8186882585287094,
        "contain_mean": 0.650941115617752,
        "contain_at_iou_50": 0.7,
        "contain_at_iou_75": 0.6,
        "ap_per_iou": {
          "0.50": 0.4820700557450709,
          "0.55": 0.4820700557450709,
          "0.60": 0.4820700557450709,
          "0.65": 0.4820700557450709,
          "0.70": 0.4820700557450709,
          "0.75": 0.43263443991457934,
          "0.80": 0.21204620462046203,
          "0.85": 0.036303630363036306,
          "0.90": 0.0,
          "0.95": 0.0
        },
        "map_50": 0.4820700557450709,
        "map_75": 0.43263443991457934,
        "map_5095": 0.3091334553623432,
        "map_50_existence_only": 0.47656950569006523,
        "map_5095_existence_only": 0.3054205840752144,
        "map_50_score_only": 0.5534847602407308,
        "map_5095_score_only": 0.3619734032226757,
        "precision_50": 0.42857142857142855,
        "recall_50": 0.6,
        "f1_50": 0.5,
        "existence_acc": 0.7714285714285715,
        "existence_acc_pos": 0.8,
        "existence_acc_neg": 0.76,
        "existence_auroc": 0.848,
        "existence_pr_auc": 0.6925109530991883,
        "existence_brier": 0.20384305625151034,
        "existence_f1": 0.5,
        "false_positive_rate": 0.24,
        "false_negative_rate": 0.2,
        "mean_score_pos": 0.5536595553159713,
        "mean_score_neg": 0.44506099820137024,
        "proto_score_pos": 0.994049072265625,
        "proto_score_neg": 0.8212395286560059,
        "proto_score_gap": 0.1728095436096191,
        "mean_pred_box_area": 0.01551024492696992,
        "frac_pred_box_too_big": 0.0,
        "mean_existence_prob": 0.47608915737697055,
        "frac_high_existence": 0.0,
        "prototype_norm_mean": 1.8807742629732405,
        "prototype_norm_std": 0.13383336239774693
      },
      "insdet": {
        "n": 65,
        "n_pos": 31,
        "n_neg": 34,
        "iou_mean": 0.020018413918273102,
        "iou_median": 0.0,
        "iou_p25": 0.0,
        "iou_p75": 0.0,
        "contain_mean": 0.03488375378712531,
        "contain_at_iou_50": 0.03225806451612903,
        "contain_at_iou_75": 0.0,
        "ap_per_iou": {
          "0.50": 0.0006948063227375369,
          "0.55": 0.0006948063227375369,
          "0.60": 0.0006948063227375369,
          "0.65": 0.0,
          "0.70": 0.0,
          "0.75": 0.0,
          "0.80": 0.0,
          "0.85": 0.0,
          "0.90": 0.0,
          "0.95": 0.0
        },
        "map_50": 0.0006948063227375369,
        "map_75": 0.0,
        "map_5095": 0.00020844189682126104,
        "map_50_existence_only": 0.0007072135785007071,
        "map_5095_existence_only": 0.00021216407355021213,
        "map_50_score_only": 0.0006828269033799932,
        "map_5095_score_only": 0.00020484807101399795,
        "precision_50": 0.0,
        "recall_50": 0.0,
        "f1_50": 0.0,
        "existence_acc": 0.6461538461538462,
        "existence_acc_pos": 0.2903225806451613,
        "existence_acc_neg": 0.9705882352941176,
        "existence_auroc": 0.642314990512334,
        "existence_pr_auc": 0.642325404741565,
        "existence_brier": 0.23859613369572397,
        "existence_f1": 0.0,
        "false_positive_rate": 0.029411764705882353,
        "false_negative_rate": 0.7096774193548387,
        "mean_score_pos": 0.46095006504366476,
        "mean_score_neg": 0.4294494951472563,
        "proto_score_pos": 0.9545169049693693,
        "proto_score_neg": 0.9067782347693163,
        "proto_score_gap": 0.04773867020005296,
        "mean_pred_box_area": 0.008416466898499774,
        "frac_pred_box_too_big": 0.0,
        "mean_existence_prob": 0.44447284386708186,
        "frac_high_existence": 0.0,
        "prototype_norm_mean": 1.5421301988454965,
        "prototype_norm_std": 0.08265354572818163
      }
    },
    "tile_cfg": {
      "mode": "off",
      "levels": [
        1,
        2
      ],
      "overlap": 0.3,
      "for_sources": [
        "insdet"
      ],
      "nms_iou": 0.5,
      "top_k": 100,
      "score_combo": "existence_x_score",
      "edge_score_penalty": 0.5,
      "edge_px": 4,
      "merge_partial_boxes": true,
      "merge_min_score": 0.2
    }
  }
}