{
  "stage": "1_2",
  "epoch": 7,
  "fold": 2,
  "wall_clock_seconds": 304.03,
  "lr": {
    "aggregator": 6.231200008268308e-05,
    "existence_head": 6.231200008268308e-05,
    "class_head": 3.117486290416292e-05,
    "box_head": 3.117486290416292e-05
  },
  "train": {
    "loss": 2.091309493587863,
    "focal": 0.06716125885084752,
    "l1": 0.048847292579950824,
    "giou": 0.7854443855824009,
    "box_loss": 1.8151252433176963,
    "box_area_penalty": 0.0,
    "existence_kl": 0.0,
    "margin": 0.4177292085463001,
    "nt_xent": 0.0015838900693662225,
    "grad_norm": 3.4579047003099994,
    "n_steps": 62,
    "aggregator_alpha": -0.02474798820912838
  },
  "val": {
    "overall": {
      "n": 100,
      "n_pos": 53,
      "n_neg": 47,
      "iou_mean": 0.2556947984223096,
      "iou_median": 0.0,
      "iou_p25": 0.0,
      "iou_p75": 0.6464763879776001,
      "contain_mean": 0.45105933468296844,
      "contain_at_iou_50": 0.32075471698113206,
      "contain_at_iou_75": 0.1509433962264151,
      "ap_per_iou": {
        "0.50": 0.19147009324340483,
        "0.55": 0.17984505014207977,
        "0.60": 0.17984505014207977,
        "0.65": 0.16884395003206884,
        "0.70": 0.14503499255974503,
        "0.75": 0.12450781757712451,
        "0.80": 0.08289052843508288,
        "0.85": 0.02800820622602801,
        "0.90": 0.0066006600660066,
        "0.95": 0.0
      },
      "map_50": 0.19147009324340483,
      "map_75": 0.12450781757712451,
      "map_5095": 0.11070463484236201,
      "map_50_existence_only": 0.1913011063198118,
      "map_5095_existence_only": 0.1104042469110563,
      "map_50_score_only": 0.19527612480838835,
      "map_5095_score_only": 0.11437423869994712,
      "precision_50": 0.2571428571428571,
      "recall_50": 0.16981132075471697,
      "f1_50": 0.20454545454545453,
      "existence_acc": 0.58,
      "existence_acc_pos": 0.4339622641509434,
      "existence_acc_neg": 0.7446808510638298,
      "existence_auroc": 0.6981132075471698,
      "existence_pr_auc": 0.687663271533912,
      "existence_brier": 0.23062819775230062,
      "existence_f1": 0.20454545454545453,
      "false_positive_rate": 0.2553191489361702,
      "false_negative_rate": 0.5660377358490566,
      "mean_score_pos": 0.49474615083550505,
      "mean_score_neg": 0.43670520630288634,
      "proto_score_pos": 0.9806342406092949,
      "proto_score_neg": 0.8151581690032431,
      "proto_score_gap": 0.16547607160605182,
      "mean_pred_box_area": 0.06171279640751891,
      "frac_pred_box_too_big": 0.04,
      "mean_existence_prob": 0.46746690690517423,
      "frac_high_existence": 0.0,
      "prototype_norm_mean": 1.698021045923233,
      "prototype_norm_std": 0.23188668433272525
    },
    "per_source": {
      "hots": {
        "n": 35,
        "n_pos": 17,
        "n_neg": 18,
        "iou_mean": 0.591006867149297,
        "iou_median": 0.7173834443092346,
        "iou_p25": 0.6446467041969299,
        "iou_p75": 0.8253937363624573,
        "contain_mean": 0.7762775105588576,
        "contain_at_iou_50": 0.7647058823529411,
        "contain_at_iou_75": 0.47058823529411764,
        "ap_per_iou": {
          "0.50": 0.6022451074538899,
          "0.55": 0.6022451074538899,
          "0.60": 0.6022451074538899,
          "0.65": 0.5289052791918867,
          "0.70": 0.43256732845060103,
          "0.75": 0.3879767965229143,
          "0.80": 0.2594299915821541,
          "0.85": 0.0885878061490359,
          "0.90": 0.0198019801980198,
          "0.95": 0.0
        },
        "map_50": 0.6022451074538899,
        "map_75": 0.3879767965229143,
        "map_5095": 0.3524004504456281,
        "map_50_existence_only": 0.6022451074538899,
        "map_5095_existence_only": 0.3524004504456281,
        "map_50_score_only": 0.607372330639658,
        "map_5095_score_only": 0.36098998773503743,
        "precision_50": 0.5,
        "recall_50": 0.5294117647058824,
        "f1_50": 0.5142857142857143,
        "existence_acc": 0.6285714285714286,
        "existence_acc_pos": 0.6470588235294118,
        "existence_acc_neg": 0.6111111111111112,
        "existence_auroc": 0.7745098039215687,
        "existence_pr_auc": 0.7673506364188151,
        "existence_brier": 0.20917460161063728,
        "existence_f1": 0.5142857142857143,
        "false_positive_rate": 0.3888888888888889,
        "false_negative_rate": 0.35294117647058826,
        "mean_score_pos": 0.5426140935981975,
        "mean_score_neg": 0.4385638369454278,
        "proto_score_pos": 0.9885422517271603,
        "proto_score_neg": 0.6913340335918797,
        "proto_score_gap": 0.29720821813528053,
        "mean_pred_box_area": 0.09146713629098875,
        "frac_pred_box_too_big": 0.05714285714285714,
        "mean_existence_prob": 0.48910253303391593,
        "frac_high_existence": 0.0,
        "prototype_norm_mean": 1.935161702973502,
        "prototype_norm_std": 0.14850650816382957
      },
      "insdet": {
        "n": 65,
        "n_pos": 36,
        "n_neg": 29,
        "iou_mean": 0.09735298819012111,
        "iou_median": 0.0,
        "iou_p25": 0.0,
        "iou_p75": 0.014474868425168097,
        "contain_mean": 0.2974840849637985,
        "contain_at_iou_50": 0.1111111111111111,
        "contain_at_iou_75": 0.0,
        "ap_per_iou": {
          "0.50": 0.010801080108010803,
          "0.55": 0.0029702970297029703,
          "0.60": 0.0029702970297029703,
          "0.65": 0.0029702970297029703,
          "0.70": 0.0029702970297029703,
          "0.75": 0.0,
          "0.80": 0.0,
          "0.85": 0.0,
          "0.90": 0.0,
          "0.95": 0.0
        },
        "map_50": 0.010801080108010803,
        "map_75": 0.0,
        "map_5095": 0.0022682268226822686,
        "map_50_existence_only": 0.011052268017499423,
        "map_5095_existence_only": 0.0022104536034998844,
        "map_50_score_only": 0.010385653950010386,
        "map_5095_score_only": 0.002478709409402479,
        "precision_50": 0.0,
        "recall_50": 0.0,
        "f1_50": 0.0,
        "existence_acc": 0.5538461538461539,
        "existence_acc_pos": 0.3333333333333333,
        "existence_acc_neg": 0.8275862068965517,
        "existence_auroc": 0.6704980842911877,
        "existence_pr_auc": 0.6398545301747698,
        "existence_brier": 0.24218013413627315,
        "existence_f1": 0.0,
        "false_positive_rate": 0.1724137931034483,
        "false_negative_rate": 0.6666666666666666,
        "mean_score_pos": 0.4721418445309003,
        "mean_score_neg": 0.43555157349027435,
        "proto_score_pos": 0.9768999020258585,
        "proto_score_neg": 0.8920145289137446,
        "proto_score_gap": 0.08488537311211397,
        "mean_pred_box_area": 0.045691228777958226,
        "frac_pred_box_too_big": 0.03076923076923077,
        "mean_existence_prob": 0.45581695437431335,
        "frac_high_existence": 0.0,
        "prototype_norm_mean": 1.5703299228961651,
        "prototype_norm_std": 0.15539536775294377
      }
    },
    "tile_cfg": {
      "mode": "off",
      "levels": [
        1,
        2
      ],
      "overlap": 0.3,
      "for_sources": [
        "insdet"
      ],
      "nms_iou": 0.5,
      "top_k": 100,
      "score_combo": "existence_x_score",
      "edge_score_penalty": 0.5,
      "edge_px": 4,
      "merge_partial_boxes": true,
      "merge_min_score": 0.2
    }
  }
}