{
  "stage": "1_2",
  "epoch": 6,
  "fold": 0,
  "wall_clock_seconds": 302.4,
  "lr": {
    "aggregator": 7.561865820202566e-05,
    "existence_head": 7.561865820202566e-05,
    "class_head": 3.7821531974785514e-05,
    "box_head": 3.7821531974785514e-05
  },
  "train": {
    "loss": 1.5680525246406756,
    "focal": 0.07340308717421946,
    "l1": 0.02982843674779419,
    "giou": 0.5727400486507723,
    "box_loss": 1.2946222876348803,
    "box_area_penalty": 0.0,
    "existence_kl": 0.0,
    "margin": 0.3995269113971341,
    "nt_xent": 0.0026368813649300608,
    "grad_norm": 4.59372454304849,
    "n_steps": 62,
    "aggregator_alpha": -0.02442571520805359
  },
  "val": {
    "overall": {
      "n": 100,
      "n_pos": 45,
      "n_neg": 55,
      "iou_mean": 0.23004306389225854,
      "iou_median": 0.0,
      "iou_p25": 0.0,
      "iou_p75": 0.5724496245384216,
      "contain_mean": 0.27500431802537706,
      "contain_at_iou_50": 0.26666666666666666,
      "contain_at_iou_75": 0.2222222222222222,
      "ap_per_iou": {
        "0.50": 0.06515424651708869,
        "0.55": 0.06515424651708869,
        "0.60": 0.057400088748370645,
        "0.65": 0.057400088748370645,
        "0.70": 0.051798352104117935,
        "0.75": 0.051798352104117935,
        "0.80": 0.03747617408799704,
        "0.85": 0.010337798485730926,
        "0.90": 0.0015267493135868206,
        "0.95": 0.0
      },
      "map_50": 0.06515424651708869,
      "map_75": 0.051798352104117935,
      "map_5095": 0.039804609662646935,
      "map_50_existence_only": 0.06609774472428002,
      "map_5095_existence_only": 0.040632221998558524,
      "map_50_score_only": 0.06713242752846717,
      "map_5095_score_only": 0.04124357016982488,
      "precision_50": 0.23529411764705882,
      "recall_50": 0.08888888888888889,
      "f1_50": 0.12903225806451613,
      "existence_acc": 0.62,
      "existence_acc_pos": 0.26666666666666666,
      "existence_acc_neg": 0.9090909090909091,
      "existence_auroc": 0.7216161616161616,
      "existence_pr_auc": 0.6897116155544114,
      "existence_brier": 0.22805215589508188,
      "existence_f1": 0.12903225806451613,
      "false_positive_rate": 0.09090909090909091,
      "false_negative_rate": 0.7333333333333333,
      "mean_score_pos": 0.46292293071746826,
      "mean_score_neg": 0.4156027241186662,
      "proto_score_pos": 0.9314659019311269,
      "proto_score_neg": 0.8514930053190751,
      "proto_score_gap": 0.07997289661205176,
      "mean_pred_box_area": 0.0269921473931754,
      "frac_pred_box_too_big": 0.01,
      "mean_existence_prob": 0.4368968170881271,
      "frac_high_existence": 0.0,
      "prototype_norm_mean": 1.737021781206131,
      "prototype_norm_std": 0.2689859060719798
    },
    "per_source": {
      "hots": {
        "n": 36,
        "n_pos": 21,
        "n_neg": 15,
        "iou_mean": 0.40632339886256624,
        "iou_median": 0.0,
        "iou_p25": 0.0,
        "iou_p75": 0.8479404449462891,
        "contain_mean": 0.42690248432613553,
        "contain_at_iou_50": 0.47619047619047616,
        "contain_at_iou_75": 0.47619047619047616,
        "ap_per_iou": {
          "0.50": 0.17060167555217073,
          "0.55": 0.17060167555217073,
          "0.60": 0.17060167555217073,
          "0.65": 0.17060167555217073,
          "0.70": 0.17060167555217073,
          "0.75": 0.17060167555217073,
          "0.80": 0.12924600152322932,
          "0.85": 0.039603960396039584,
          "0.90": 0.0066006600660066,
          "0.95": 0.0
        },
        "map_50": 0.17060167555217073,
        "map_75": 0.17060167555217073,
        "map_5095": 0.11990606752982999,
        "map_50_existence_only": 0.16705435227114987,
        "map_5095_existence_only": 0.11822510026675274,
        "map_50_score_only": 0.186118611861186,
        "map_5095_score_only": 0.12992375099578918,
        "precision_50": 0.3333333333333333,
        "recall_50": 0.19047619047619047,
        "f1_50": 0.24242424242424246,
        "existence_acc": 0.6388888888888888,
        "existence_acc_pos": 0.47619047619047616,
        "existence_acc_neg": 0.8666666666666667,
        "existence_auroc": 0.6888888888888889,
        "existence_pr_auc": 0.8030252449057335,
        "existence_brier": 0.23734969605062947,
        "existence_f1": 0.24242424242424246,
        "false_positive_rate": 0.13333333333333333,
        "false_negative_rate": 0.5238095238095238,
        "mean_score_pos": 0.48826353322891963,
        "mean_score_neg": 0.4393356720606486,
        "proto_score_pos": 0.9136666414283571,
        "proto_score_neg": 0.7858518918355306,
        "proto_score_gap": 0.12781474959282646,
        "mean_pred_box_area": 0.019763662027091615,
        "frac_pred_box_too_big": 0.0,
        "mean_existence_prob": 0.4678769244088067,
        "frac_high_existence": 0.0,
        "prototype_norm_mean": 1.9568719632095761,
        "prototype_norm_std": 0.23831360605458624
      },
      "insdet": {
        "n": 64,
        "n_pos": 24,
        "n_neg": 40,
        "iou_mean": 0.07579777079323928,
        "iou_median": 0.0,
        "iou_p25": 0.0,
        "iou_p75": 0.0,
        "contain_mean": 0.14209342251221338,
        "contain_at_iou_50": 0.08333333333333333,
        "contain_at_iou_75": 0.0,
        "ap_per_iou": {
          "0.50": 0.010843941537010843,
          "0.55": 0.010843941537010843,
          "0.60": 0.002357378595002357,
          "0.65": 0.002357378595002357,
          "0.70": 0.0,
          "0.75": 0.0,
          "0.80": 0.0,
          "0.85": 0.0,
          "0.90": 0.0,
          "0.95": 0.0
        },
        "map_50": 0.010843941537010843,
        "map_75": 0.0,
        "map_5095": 0.00264026402640264,
        "map_50_existence_only": 0.010515958428140947,
        "map_5095_existence_only": 0.0025336695160199244,
        "map_50_score_only": 0.008486562942008486,
        "map_5095_score_only": 0.0021687883074021684,
        "precision_50": 0.0,
        "recall_50": 0.0,
        "f1_50": 0.0,
        "existence_acc": 0.609375,
        "existence_acc_pos": 0.08333333333333333,
        "existence_acc_neg": 0.925,
        "existence_auroc": 0.7302083333333333,
        "existence_pr_auc": 0.5837321543019781,
        "existence_brier": 0.22282228955758634,
        "existence_f1": 0.0,
        "false_positive_rate": 0.075,
        "false_negative_rate": 0.9166666666666666,
        "mean_score_pos": 0.4407499035199483,
        "mean_score_neg": 0.4067028686404228,
        "proto_score_pos": 0.9470402548710505,
        "proto_score_neg": 0.8761084228754044,
        "proto_score_gap": 0.07093183199564612,
        "mean_pred_box_area": 0.03105817041159753,
        "frac_pred_box_too_big": 0.015625,
        "mean_existence_prob": 0.4194705067202449,
        "frac_high_existence": 0.0,
        "prototype_norm_mean": 1.6133560538291931,
        "prototype_norm_std": 0.19746114597336795
      }
    },
    "tile_cfg": {
      "mode": "off",
      "levels": [
        1,
        2
      ],
      "overlap": 0.3,
      "for_sources": [
        "insdet"
      ],
      "nms_iou": 0.5,
      "top_k": 100,
      "score_combo": "existence_x_score",
      "edge_score_penalty": 0.5,
      "edge_px": 4,
      "merge_partial_boxes": true,
      "merge_min_score": 0.2
    }
  }
}