{
  "stage": "1_2",
  "epoch": 6,
  "fold": 3,
  "wall_clock_seconds": 302.89,
  "lr": {
    "aggregator": 7.011468646141595e-05,
    "existence_head": 7.011468646141595e-05,
    "class_head": 3.507230084509156e-05,
    "box_head": 3.507230084509156e-05
  },
  "train": {
    "loss": 2.0439725936420503,
    "focal": 0.07216707034216772,
    "l1": 0.04853451354128699,
    "giou": 0.7686443905676564,
    "box_loss": 1.779961345176543,
    "box_area_penalty": 0.0008705585233626827,
    "existence_kl": 0.0,
    "margin": 0.38339307615833895,
    "nt_xent": 0.0006056998090277757,
    "grad_norm": 5.465919110082811,
    "n_steps": 62,
    "aggregator_alpha": -0.024362126365303993
  },
  "val": {
    "overall": {
      "n": 100,
      "n_pos": 54,
      "n_neg": 46,
      "iou_mean": 0.24231738345352588,
      "iou_median": 0.0,
      "iou_p25": 0.0,
      "iou_p75": 0.6822323799133301,
      "contain_mean": 0.3199937488469813,
      "contain_at_iou_50": 0.2962962962962963,
      "contain_at_iou_75": 0.2037037037037037,
      "ap_per_iou": {
        "0.50": 0.12889683999132917,
        "0.55": 0.12283149986885651,
        "0.60": 0.12283149986885651,
        "0.65": 0.12283149986885651,
        "0.70": 0.09984022320641193,
        "0.75": 0.06932962243952763,
        "0.80": 0.02887465558842138,
        "0.85": 0.007664127551412321,
        "0.90": 0.0,
        "0.95": 0.0
      },
      "map_50": 0.12889683999132917,
      "map_75": 0.06932962243952763,
      "map_5095": 0.0703099968383672,
      "map_50_existence_only": 0.1309838654234981,
      "map_5095_existence_only": 0.0712848455427443,
      "map_50_score_only": 0.10058177016369783,
      "map_5095_score_only": 0.0541580241767465,
      "precision_50": 0.3793103448275862,
      "recall_50": 0.2037037037037037,
      "f1_50": 0.2650602409638554,
      "existence_acc": 0.63,
      "existence_acc_pos": 0.42592592592592593,
      "existence_acc_neg": 0.8695652173913043,
      "existence_auroc": 0.7479871175523349,
      "existence_pr_auc": 0.7265557606288588,
      "existence_brier": 0.2314346797208575,
      "existence_f1": 0.2650602409638554,
      "false_positive_rate": 0.13043478260869565,
      "false_negative_rate": 0.5740740740740741,
      "mean_score_pos": 0.49174676338831586,
      "mean_score_neg": 0.4366057275430016,
      "proto_score_pos": 0.9763579103681777,
      "proto_score_neg": 0.8492184291067331,
      "proto_score_gap": 0.1271394812614446,
      "mean_pred_box_area": 0.011061301631852984,
      "frac_pred_box_too_big": 0.0,
      "mean_existence_prob": 0.4663818868994713,
      "frac_high_existence": 0.0,
      "prototype_norm_mean": 1.72185959815979,
      "prototype_norm_std": 0.16763858404135393
    },
    "per_source": {
      "hots": {
        "n": 35,
        "n_pos": 20,
        "n_neg": 15,
        "iou_mean": 0.6260260373353959,
        "iou_median": 0.7837746441364288,
        "iou_p25": 0.6466289162635803,
        "iou_p75": 0.8287900239229202,
        "contain_mean": 0.7571818083524704,
        "contain_at_iou_50": 0.8,
        "contain_at_iou_75": 0.55,
        "ap_per_iou": {
          "0.50": 0.6914557001918673,
          "0.55": 0.6436494489785107,
          "0.60": 0.6436494489785107,
          "0.65": 0.6436494489785107,
          "0.70": 0.4939752378599205,
          "0.75": 0.35043460713233604,
          "0.80": 0.16069215195598435,
          "0.85": 0.04480832698654483,
          "0.90": 0.0,
          "0.95": 0.0
        },
        "map_50": 0.6914557001918673,
        "map_75": 0.35043460713233604,
        "map_5095": 0.36723143710621853,
        "map_50_existence_only": 0.6985698569856987,
        "map_5095_existence_only": 0.37023809523809514,
        "map_50_score_only": 0.6651360788252735,
        "map_5095_score_only": 0.3533701631032667,
        "precision_50": 0.9166666666666666,
        "recall_50": 0.55,
        "f1_50": 0.6874999999999999,
        "existence_acc": 0.7142857142857143,
        "existence_acc_pos": 0.55,
        "existence_acc_neg": 0.9333333333333333,
        "existence_auroc": 0.87,
        "existence_pr_auc": 0.8245558018991523,
        "existence_brier": 0.21268578793408174,
        "existence_f1": 0.6874999999999999,
        "false_positive_rate": 0.06666666666666667,
        "false_negative_rate": 0.45,
        "mean_score_pos": 0.5118657633662224,
        "mean_score_neg": 0.4106534719467163,
        "proto_score_pos": 0.9776661217212677,
        "proto_score_neg": 0.6814998477697373,
        "proto_score_gap": 0.2961662739515304,
        "mean_pred_box_area": 0.0167615960684738,
        "frac_pred_box_too_big": 0.0,
        "mean_existence_prob": 0.4684890670435769,
        "frac_high_existence": 0.0,
        "prototype_norm_mean": 1.8765274252210344,
        "prototype_norm_std": 0.1417524311322971
      },
      "insdet": {
        "n": 65,
        "n_pos": 34,
        "n_neg": 31,
        "iou_mean": 0.01660641058183768,
        "iou_median": 0.0,
        "iou_p25": 0.0,
        "iou_p75": 0.0,
        "contain_mean": 0.06282430207904648,
        "contain_at_iou_50": 0.0,
        "contain_at_iou_75": 0.0,
        "ap_per_iou": {
          "0.50": 0.0,
          "0.55": 0.0,
          "0.60": 0.0,
          "0.65": 0.0,
          "0.70": 0.0,
          "0.75": 0.0,
          "0.80": 0.0,
          "0.85": 0.0,
          "0.90": 0.0,
          "0.95": 0.0
        },
        "map_50": 0.0,
        "map_75": 0.0,
        "map_5095": 0.0,
        "map_50_existence_only": 0.0,
        "map_5095_existence_only": 0.0,
        "map_50_score_only": 0.0,
        "map_5095_score_only": 0.0,
        "precision_50": 0.0,
        "recall_50": 0.0,
        "f1_50": 0.0,
        "existence_acc": 0.5846153846153846,
        "existence_acc_pos": 0.35294117647058826,
        "existence_acc_neg": 0.8387096774193549,
        "existence_auroc": 0.6631878557874763,
        "existence_pr_auc": 0.6602407821541184,
        "existence_brier": 0.24153023683681366,
        "existence_f1": 0.0,
        "false_positive_rate": 0.16129032258064516,
        "false_negative_rate": 0.6470588235294118,
        "mean_score_pos": 0.47991205751895905,
        "mean_score_neg": 0.4491632705734622,
        "proto_score_pos": 0.9755883742781246,
        "proto_score_neg": 0.9303725813665698,
        "proto_score_gap": 0.045215792911554864,
        "mean_pred_box_area": 0.007991912319826391,
        "frac_pred_box_too_big": 0.0,
        "mean_existence_prob": 0.46524725143726053,
        "frac_high_existence": 0.0,
        "prototype_norm_mean": 1.6385769220498891,
        "prototype_norm_std": 0.11255999633654232
      }
    },
    "tile_cfg": {
      "mode": "off",
      "levels": [
        1,
        2
      ],
      "overlap": 0.3,
      "for_sources": [
        "insdet"
      ],
      "nms_iou": 0.5,
      "top_k": 100,
      "score_combo": "existence_x_score",
      "edge_score_penalty": 0.5,
      "edge_px": 4,
      "merge_partial_boxes": true,
      "merge_min_score": 0.2
    }
  }
}