{
  "stage": "1_2",
  "epoch": 6,
  "fold": 4,
  "wall_clock_seconds": 302.11,
  "lr": {
    "aggregator": 6.820722312966343e-05,
    "existence_head": 6.820722312966343e-05,
    "class_head": 3.411952386556751e-05,
    "box_head": 3.411952386556751e-05
  },
  "train": {
    "loss": 2.1675862240935526,
    "focal": 0.07075391090925663,
    "l1": 0.047279607594734235,
    "giou": 0.8307954875692245,
    "box_loss": 1.8979890120606269,
    "box_area_penalty": 0.0,
    "existence_kl": 0.0,
    "margin": 0.3957550371846845,
    "nt_xent": 0.009657697753995777,
    "grad_norm": 4.178666553189678,
    "n_steps": 62,
    "aggregator_alpha": -0.024453505873680115
  },
  "val": {
    "overall": {
      "n": 100,
      "n_pos": 59,
      "n_neg": 41,
      "iou_mean": 0.15504522167315896,
      "iou_median": 0.0,
      "iou_p25": 0.0,
      "iou_p75": 0.015713078435510397,
      "contain_mean": 0.22513077680368798,
      "contain_at_iou_50": 0.1864406779661017,
      "contain_at_iou_75": 0.0847457627118644,
      "ap_per_iou": {
        "0.50": 0.0567254998244103,
        "0.55": 0.0567254998244103,
        "0.60": 0.048729785368634745,
        "0.65": 0.047254759579785165,
        "0.70": 0.024438597705924447,
        "0.75": 0.022915368459922918,
        "0.80": 0.020665143437420666,
        "0.85": 0.0066006600660066,
        "0.90": 0.0,
        "0.95": 0.0
      },
      "map_50": 0.0567254998244103,
      "map_75": 0.022915368459922918,
      "map_5095": 0.028405531426651514,
      "map_50_existence_only": 0.05497800172481926,
      "map_5095_existence_only": 0.02785577223342428,
      "map_50_score_only": 0.06481724201042645,
      "map_5095_score_only": 0.03726577308277815,
      "precision_50": 0.36363636363636365,
      "recall_50": 0.06779661016949153,
      "f1_50": 0.1142857142857143,
      "existence_acc": 0.52,
      "existence_acc_pos": 0.1864406779661017,
      "existence_acc_neg": 1.0,
      "existence_auroc": 0.798677139313766,
      "existence_pr_auc": 0.834741639259828,
      "existence_brier": 0.2366697426000924,
      "existence_f1": 0.1142857142857143,
      "false_positive_rate": 0.0,
      "false_negative_rate": 0.8135593220338984,
      "mean_score_pos": 0.4652717537799124,
      "mean_score_neg": 0.3995723651676643,
      "proto_score_pos": 0.9616169586020001,
      "proto_score_neg": 0.7280866263843164,
      "proto_score_gap": 0.2335303322176837,
      "mean_pred_box_area": 0.029477647790918125,
      "frac_pred_box_too_big": 0.01,
      "mean_existence_prob": 0.4383350044488907,
      "frac_high_existence": 0.0,
      "prototype_norm_mean": 1.6333808839321136,
      "prototype_norm_std": 0.2017235651708967
    },
    "per_source": {
      "hots": {
        "n": 35,
        "n_pos": 15,
        "n_neg": 20,
        "iou_mean": 0.44415843884150186,
        "iou_median": 0.6388788819313049,
        "iou_p25": 0.0,
        "iou_p75": 0.757919192314148,
        "contain_mean": 0.504832903544108,
        "contain_at_iou_50": 0.6,
        "contain_at_iou_75": 0.26666666666666666,
        "ap_per_iou": {
          "0.50": 0.45899853143209013,
          "0.55": 0.45899853143209013,
          "0.60": 0.39782925660987145,
          "0.65": 0.36673667366736673,
          "0.70": 0.2362486248624862,
          "0.75": 0.2169966996699669,
          "0.80": 0.2169966996699669,
          "0.85": 0.06930693069306931,
          "0.90": 0.0,
          "0.95": 0.0
        },
        "map_50": 0.45899853143209013,
        "map_75": 0.2169966996699669,
        "map_5095": 0.24221119480369077,
        "map_50_existence_only": 0.4419441944194421,
        "map_5095_existence_only": 0.236029102910291,
        "map_50_score_only": 0.4253525352535253,
        "map_5095_score_only": 0.22892589258925894,
        "precision_50": 1.0,
        "recall_50": 0.26666666666666666,
        "f1_50": 0.4210526315789474,
        "existence_acc": 0.6857142857142857,
        "existence_acc_pos": 0.26666666666666666,
        "existence_acc_neg": 1.0,
        "existence_auroc": 0.9166666666666666,
        "existence_pr_auc": 0.8838880400645106,
        "existence_brier": 0.1987027830388289,
        "existence_f1": 0.4210526315789474,
        "false_positive_rate": 0.0,
        "false_negative_rate": 0.7333333333333333,
        "mean_score_pos": 0.4814718047777812,
        "mean_score_neg": 0.3762889415025711,
        "proto_score_pos": 0.9303459723790487,
        "proto_score_neg": 0.5350031211972237,
        "proto_score_gap": 0.395342851181825,
        "mean_pred_box_area": 0.04727877262048423,
        "frac_pred_box_too_big": 0.02857142857142857,
        "mean_existence_prob": 0.42136731147766116,
        "frac_high_existence": 0.0,
        "prototype_norm_mean": 1.826415249279567,
        "prototype_norm_std": 0.13866229910346756
      },
      "insdet": {
        "n": 65,
        "n_pos": 44,
        "n_neg": 21,
        "iou_mean": 0.0564838976384966,
        "iou_median": 0.0,
        "iou_p25": 0.0,
        "iou_p75": 0.0,
        "contain_mean": 0.12977777905127202,
        "contain_at_iou_50": 0.045454545454545456,
        "contain_at_iou_75": 0.022727272727272728,
        "ap_per_iou": {
          "0.50": 0.003414134516899966,
          "0.55": 0.003414134516899966,
          "0.60": 0.003414134516899966,
          "0.65": 0.003414134516899966,
          "0.70": 0.0010242403550699897,
          "0.75": 0.0010242403550699897,
          "0.80": 0.0,
          "0.85": 0.0,
          "0.90": 0.0,
          "0.95": 0.0
        },
        "map_50": 0.003414134516899966,
        "map_75": 0.0010242403550699897,
        "map_5095": 0.0015705018777739843,
        "map_50_existence_only": 0.0029120559114735,
        "map_5095_existence_only": 0.00133954571927781,
        "map_50_score_only": 0.0049504950495049506,
        "map_5095_score_only": 0.0023514851485148514,
        "precision_50": 0.0,
        "recall_50": 0.0,
        "f1_50": 0.0,
        "existence_acc": 0.4307692307692308,
        "existence_acc_pos": 0.1590909090909091,
        "existence_acc_neg": 1.0,
        "existence_auroc": 0.7012987012987013,
        "existence_pr_auc": 0.8226147060804719,
        "existence_brier": 0.25711349005615736,
        "existence_f1": 0.0,
        "false_positive_rate": 0.0,
        "false_negative_rate": 0.8409090909090909,
        "mean_score_pos": 0.45974900912154804,
        "mean_score_neg": 0.421747054372515,
        "proto_score_pos": 0.9722775220870972,
        "proto_score_neg": 0.9119756789434523,
        "proto_score_gap": 0.06030184314364484,
        "mean_pred_box_area": 0.01989242672884407,
        "frac_pred_box_too_big": 0.0,
        "mean_existence_prob": 0.447471454510322,
        "frac_high_existence": 0.0,
        "prototype_norm_mean": 1.5294393025911772,
        "prototype_norm_std": 0.14622284098755425
      }
    },
    "tile_cfg": {
      "mode": "off",
      "levels": [
        1,
        2
      ],
      "overlap": 0.3,
      "for_sources": [
        "insdet"
      ],
      "nms_iou": 0.5,
      "top_k": 100,
      "score_combo": "existence_x_score",
      "edge_score_penalty": 0.5,
      "edge_px": 4,
      "merge_partial_boxes": true,
      "merge_min_score": 0.2
    }
  }
}