{
  "stage": "1_2",
  "epoch": 6,
  "fold": 1,
  "wall_clock_seconds": 304.84,
  "lr": {
    "aggregator": 7.382357228220195e-05,
    "existence_head": 7.382357228220195e-05,
    "class_head": 3.692488745627496e-05,
    "box_head": 3.692488745627496e-05
  },
  "train": {
    "loss": 0.7486129201227619,
    "focal": 0.07180346206070916,
    "l1": 0.013971769401142675,
    "giou": 0.18478507957150858,
    "box_loss": 0.4394289966552488,
    "box_area_penalty": 0.0010902113130977077,
    "existence_kl": 0.0,
    "margin": 0.4740976825837166,
    "nt_xent": 0.0022259599373360434,
    "grad_norm": 2.9461304295447563,
    "n_steps": 62,
    "aggregator_alpha": -0.024236854165792465
  },
  "val": {
    "overall": {
      "n": 100,
      "n_pos": 48,
      "n_neg": 52,
      "iou_mean": 0.2570638709003106,
      "iou_median": 0.0,
      "iou_p25": 0.0,
      "iou_p75": 0.6508180350065231,
      "contain_mean": 0.3399452216302355,
      "contain_at_iou_50": 0.2916666666666667,
      "contain_at_iou_75": 0.22916666666666666,
      "ap_per_iou": {
        "0.50": 0.10517233529619138,
        "0.55": 0.10517233529619138,
        "0.60": 0.10170997098747132,
        "0.65": 0.08580395779059952,
        "0.70": 0.08580395779059952,
        "0.75": 0.07857253497565024,
        "0.80": 0.07857253497565024,
        "0.85": 0.06435643564356436,
        "0.90": 0.03735373537353735,
        "0.95": 0.0
      },
      "map_50": 0.10517233529619138,
      "map_75": 0.07857253497565024,
      "map_5095": 0.07425177981294553,
      "map_50_existence_only": 0.10559788105507384,
      "map_5095_existence_only": 0.07425368535560731,
      "map_50_score_only": 0.11046759691166685,
      "map_5095_score_only": 0.07874339528251885,
      "precision_50": 0.26666666666666666,
      "recall_50": 0.16666666666666666,
      "f1_50": 0.2051282051282051,
      "existence_acc": 0.58,
      "existence_acc_pos": 0.375,
      "existence_acc_neg": 0.7692307692307693,
      "existence_auroc": 0.6558493589743589,
      "existence_pr_auc": 0.614800403779317,
      "existence_brier": 0.2358331986571551,
      "existence_f1": 0.2051282051282051,
      "false_positive_rate": 0.23076923076923078,
      "false_negative_rate": 0.625,
      "mean_score_pos": 0.47927667076388997,
      "mean_score_neg": 0.43890238438661283,
      "proto_score_pos": 0.9630523845553398,
      "proto_score_neg": 0.88504096507453,
      "proto_score_gap": 0.07801141948080981,
      "mean_pred_box_area": 0.04353027706500143,
      "frac_pred_box_too_big": 0.02,
      "mean_existence_prob": 0.4582820418477058,
      "frac_high_existence": 0.0,
      "prototype_norm_mean": 1.7780098152160644,
      "prototype_norm_std": 0.22200430591704104
    },
    "per_source": {
      "hots": {
        "n": 36,
        "n_pos": 20,
        "n_neg": 16,
        "iou_mean": 0.5434096110984683,
        "iou_median": 0.837584912776947,
        "iou_p25": 0.0,
        "iou_p75": 0.8689709156751633,
        "contain_mean": 0.6385651767253876,
        "contain_at_iou_50": 0.65,
        "contain_at_iou_75": 0.55,
        "ap_per_iou": {
          "0.50": 0.49446164854580693,
          "0.55": 0.49446164854580693,
          "0.60": 0.4705525909733829,
          "0.65": 0.3679042904290426,
          "0.70": 0.3679042904290426,
          "0.75": 0.3679042904290426,
          "0.80": 0.3679042904290426,
          "0.85": 0.2803895774192805,
          "0.90": 0.11097359735973596,
          "0.95": 0.0
        },
        "map_50": 0.49446164854580693,
        "map_75": 0.3679042904290426,
        "map_5095": 0.33224562245601835,
        "map_50_existence_only": 0.49536932136765016,
        "map_5095_existence_only": 0.3310724350097244,
        "map_50_score_only": 0.5043626386448168,
        "map_5095_score_only": 0.3505950205826443,
        "precision_50": 0.6666666666666666,
        "recall_50": 0.4,
        "f1_50": 0.5,
        "existence_acc": 0.6666666666666666,
        "existence_acc_pos": 0.5,
        "existence_acc_neg": 0.875,
        "existence_auroc": 0.778125,
        "existence_pr_auc": 0.8160295234270069,
        "existence_brier": 0.2250938925323242,
        "existence_f1": 0.5,
        "false_positive_rate": 0.125,
        "false_negative_rate": 0.5,
        "mean_score_pos": 0.48874437659978864,
        "mean_score_neg": 0.40914870239794254,
        "proto_score_pos": 0.9481883436441422,
        "proto_score_neg": 0.7622032607905567,
        "proto_score_gap": 0.1859850828535855,
        "mean_pred_box_area": 0.05110166079571678,
        "frac_pred_box_too_big": 0.027777777777777776,
        "mean_existence_prob": 0.45336852139896816,
        "frac_high_existence": 0.0,
        "prototype_norm_mean": 1.946659614642461,
        "prototype_norm_std": 0.2554468087096395
      },
      "insdet": {
        "n": 64,
        "n_pos": 28,
        "n_neg": 36,
        "iou_mean": 0.05253119933019791,
        "iou_median": 0.0,
        "iou_p25": 0.0,
        "iou_p75": 0.0010733616072684526,
        "contain_mean": 0.1266452537051269,
        "contain_at_iou_50": 0.03571428571428571,
        "contain_at_iou_75": 0.0,
        "ap_per_iou": {
          "0.50": 0.0015841584158415843,
          "0.55": 0.0015841584158415843,
          "0.60": 0.0015841584158415843,
          "0.65": 0.0015841584158415843,
          "0.70": 0.0015841584158415843,
          "0.75": 0.0,
          "0.80": 0.0,
          "0.85": 0.0,
          "0.90": 0.0,
          "0.95": 0.0
        },
        "map_50": 0.0015841584158415843,
        "map_75": 0.0,
        "map_5095": 0.0007920792079207921,
        "map_50_existence_only": 0.0015841584158415843,
        "map_5095_existence_only": 0.0007920792079207921,
        "map_50_score_only": 0.0012775471095496647,
        "map_5095_score_only": 0.0006387735547748323,
        "precision_50": 0.0,
        "recall_50": 0.0,
        "f1_50": 0.0,
        "existence_acc": 0.53125,
        "existence_acc_pos": 0.2857142857142857,
        "existence_acc_neg": 0.7222222222222222,
        "existence_auroc": 0.5942460317460317,
        "existence_pr_auc": 0.5291670566016871,
        "existence_brier": 0.24187405835237247,
        "existence_f1": 0.0,
        "false_positive_rate": 0.2777777777777778,
        "false_negative_rate": 0.7142857142857143,
        "mean_score_pos": 0.472514023738248,
        "mean_score_neg": 0.45212624304824406,
        "proto_score_pos": 0.9736695566347667,
        "proto_score_neg": 0.9396355003118515,
        "proto_score_gap": 0.03403405632291523,
        "mean_pred_box_area": 0.039271373716474045,
        "frac_pred_box_too_big": 0.015625,
        "mean_existence_prob": 0.4610458971001208,
        "frac_high_existence": 0.0,
        "prototype_norm_mean": 1.6831443030387163,
        "prototype_norm_std": 0.12570706624882957
      }
    },
    "tile_cfg": {
      "mode": "off",
      "levels": [
        1,
        2
      ],
      "overlap": 0.3,
      "for_sources": [
        "insdet"
      ],
      "nms_iou": 0.5,
      "top_k": 100,
      "score_combo": "existence_x_score",
      "edge_score_penalty": 0.5,
      "edge_px": 4,
      "merge_partial_boxes": true,
      "merge_min_score": 0.2
    }
  }
}