{
  "stage": "1_2",
  "epoch": 6,
  "fold": 2,
  "wall_clock_seconds": 303.88,
  "lr": {
    "aggregator": 7.198786961292627e-05,
    "existence_head": 7.198786961292627e-05,
    "class_head": 3.600795489174185e-05,
    "box_head": 3.600795489174185e-05
  },
  "train": {
    "loss": 2.3962141121587446,
    "focal": 0.06665645431607001,
    "l1": 0.054217979702497685,
    "giou": 0.9353795070802012,
    "box_loss": 2.1418489210547937,
    "box_area_penalty": 0.0,
    "existence_kl": 0.0,
    "margin": 0.3721293172528667,
    "nt_xent": 0.01644068903424927,
    "grad_norm": 4.711197553142425,
    "n_steps": 62,
    "aggregator_alpha": -0.024235861375927925
  },
  "val": {
    "overall": {
      "n": 100,
      "n_pos": 47,
      "n_neg": 53,
      "iou_mean": 0.26536494867995064,
      "iou_median": 0.0,
      "iou_p25": 0.0,
      "iou_p75": 0.6560451984405518,
      "contain_mean": 0.36958607995605214,
      "contain_at_iou_50": 0.3404255319148936,
      "contain_at_iou_75": 0.1276595744680851,
      "ap_per_iou": {
        "0.50": 0.19008560602441119,
        "0.55": 0.19008560602441119,
        "0.60": 0.19008560602441119,
        "0.65": 0.17439284795572657,
        "0.70": 0.07975797579757976,
        "0.75": 0.06962124783906962,
        "0.80": 0.06962124783906962,
        "0.85": 0.04950495049504951,
        "0.90": 0.04950495049504951,
        "0.95": 0.0
      },
      "map_50": 0.19008560602441119,
      "map_75": 0.06962124783906962,
      "map_5095": 0.10626600384947782,
      "map_50_existence_only": 0.1900712994419192,
      "map_5095_existence_only": 0.10625814553792871,
      "map_50_score_only": 0.21301483531811816,
      "map_5095_score_only": 0.12000464708124943,
      "precision_50": 0.36666666666666664,
      "recall_50": 0.23404255319148937,
      "f1_50": 0.2857142857142857,
      "existence_acc": 0.73,
      "existence_acc_pos": 0.5319148936170213,
      "existence_acc_neg": 0.9056603773584906,
      "existence_auroc": 0.8305901244480128,
      "existence_pr_auc": 0.8352428738234391,
      "existence_brier": 0.2104096443484924,
      "existence_f1": 0.2857142857142857,
      "false_positive_rate": 0.09433962264150944,
      "false_negative_rate": 0.46808510638297873,
      "mean_score_pos": 0.5270060928578072,
      "mean_score_neg": 0.4360437533765469,
      "proto_score_pos": 0.990381270012957,
      "proto_score_neg": 0.9295585796518145,
      "proto_score_gap": 0.060822690361142406,
      "mean_pred_box_area": 0.0647889563642093,
      "frac_pred_box_too_big": 0.05,
      "mean_existence_prob": 0.47879605293273925,
      "frac_high_existence": 0.0,
      "prototype_norm_mean": 1.7741999816894531,
      "prototype_norm_std": 0.20706897779921804
    },
    "per_source": {
      "hots": {
        "n": 35,
        "n_pos": 20,
        "n_neg": 15,
        "iou_mean": 0.49635774195194243,
        "iou_median": 0.6560451984405518,
        "iou_p25": 0.0,
        "iou_p75": 0.8063069134950638,
        "contain_mean": 0.6256443738937378,
        "contain_at_iou_50": 0.65,
        "contain_at_iou_75": 0.3,
        "ap_per_iou": {
          "0.50": 0.5461586292408507,
          "0.55": 0.5461586292408507,
          "0.60": 0.5461586292408507,
          "0.65": 0.516220852854516,
          "0.70": 0.24037403740374028,
          "0.75": 0.20627062706270613,
          "0.80": 0.20627062706270613,
          "0.85": 0.13366336633663367,
          "0.90": 0.13366336633663367,
          "0.95": 0.0
        },
        "map_50": 0.5461586292408507,
        "map_75": 0.20627062706270613,
        "map_5095": 0.3074938764779488,
        "map_50_existence_only": 0.5413916391639155,
        "map_5095_existence_only": 0.30560466760961774,
        "map_50_score_only": 0.5549843445883044,
        "map_5095_score_only": 0.308214859947533,
        "precision_50": 0.5882352941176471,
        "recall_50": 0.5,
        "f1_50": 0.5405405405405405,
        "existence_acc": 0.8,
        "existence_acc_pos": 0.75,
        "existence_acc_neg": 0.8666666666666667,
        "existence_auroc": 0.9133333333333333,
        "existence_pr_auc": 0.9328588635717793,
        "existence_brier": 0.19101259138194537,
        "existence_f1": 0.5405405405405405,
        "false_positive_rate": 0.13333333333333333,
        "false_negative_rate": 0.25,
        "mean_score_pos": 0.5659674108028412,
        "mean_score_neg": 0.42662789424260456,
        "proto_score_pos": 0.9930895864963531,
        "proto_score_neg": 0.8509231925010681,
        "proto_score_gap": 0.14216639399528508,
        "mean_pred_box_area": 0.06523199825148497,
        "frac_pred_box_too_big": 0.02857142857142857,
        "mean_existence_prob": 0.5062504751341683,
        "frac_high_existence": 0.0,
        "prototype_norm_mean": 1.9751244408743722,
        "prototype_norm_std": 0.18766959838499672
      },
      "insdet": {
        "n": 65,
        "n_pos": 27,
        "n_neg": 38,
        "iou_mean": 0.09425917588588265,
        "iou_median": 0.0,
        "iou_p25": 0.0,
        "iou_p75": 0.006237419787794352,
        "contain_mean": 0.17991326963184057,
        "contain_at_iou_50": 0.1111111111111111,
        "contain_at_iou_75": 0.0,
        "ap_per_iou": {
          "0.50": 0.010441462264693366,
          "0.55": 0.010441462264693366,
          "0.60": 0.010441462264693366,
          "0.65": 0.0052322305401271835,
          "0.70": 0.0,
          "0.75": 0.0,
          "0.80": 0.0,
          "0.85": 0.0,
          "0.90": 0.0,
          "0.95": 0.0
        },
        "map_50": 0.010441462264693366,
        "map_75": 0.0,
        "map_5095": 0.003655661733420729,
        "map_50_existence_only": 0.01089108910891089,
        "map_5095_existence_only": 0.0037953795379537954,
        "map_50_score_only": 0.008450120374356274,
        "map_5095_score_only": 0.002940191717381456,
        "precision_50": 0.07692307692307693,
        "recall_50": 0.037037037037037035,
        "f1_50": 0.05,
        "existence_acc": 0.6923076923076923,
        "existence_acc_pos": 0.37037037037037035,
        "existence_acc_neg": 0.9210526315789473,
        "existence_auroc": 0.7582846003898636,
        "existence_pr_auc": 0.7301373388426774,
        "existence_brier": 0.22085421133047925,
        "existence_f1": 0.05,
        "false_positive_rate": 0.07894736842105263,
        "false_negative_rate": 0.6296296296296297,
        "mean_score_pos": 0.4981458573429673,
        "mean_score_neg": 0.43976053987678726,
        "proto_score_pos": 0.9883751096548857,
        "proto_score_neg": 0.960598864053425,
        "proto_score_gap": 0.027776245601460747,
        "mean_pred_box_area": 0.06455039534798393,
        "frac_pred_box_too_big": 0.06153846153846154,
        "mean_existence_prob": 0.4640129025165851,
        "frac_high_existence": 0.0,
        "prototype_norm_mean": 1.666009888282189,
        "prototype_norm_std": 0.11683315675040404
      }
    },
    "tile_cfg": {
      "mode": "off",
      "levels": [
        1,
        2
      ],
      "overlap": 0.3,
      "for_sources": [
        "insdet"
      ],
      "nms_iou": 0.5,
      "top_k": 100,
      "score_combo": "existence_x_score",
      "edge_score_penalty": 0.5,
      "edge_px": 4,
      "merge_partial_boxes": true,
      "merge_min_score": 0.2
    }
  }
}