{
  "stage": "2_3",
  "epoch": 3,
  "fold": 2,
  "wall_clock_seconds": 270.42,
  "lr": {
    "aggregator": 3.85810281046177e-05,
    "existence_head": 7.713917249802222e-05,
    "class_head": 1.5446141468574998e-05,
    "box_head": 1.5446141468574998e-05,
    "lora": 7.713917249802222e-05
  },
  "train": {
    "loss": 0.9271163436472416,
    "focal": 0.07246080731693655,
    "l1": 0.01592852595821023,
    "giou": 0.2856461715698242,
    "box_loss": 0.650934976041317,
    "box_area_penalty": 0.0,
    "existence_kl": 0.0,
    "margin": 0.40744111633300784,
    "nt_xent": 0.0,
    "grad_norm": NaN,
    "n_steps": 250,
    "aggregator_alpha": -0.024835102260112762
  },
  "val": {
    "overall": {
      "n": 100,
      "n_pos": 46,
      "n_neg": 54,
      "iou_mean": 0.25925366969212243,
      "iou_median": 0.0,
      "iou_p25": 0.0,
      "iou_p75": 0.7076805531978607,
      "contain_mean": 0.3645995019570641,
      "contain_at_iou_50": 0.30434782608695654,
      "contain_at_iou_75": 0.2391304347826087,
      "ap_per_iou": {
        "0.50": 0.1820419410967419,
        "0.55": 0.1820419410967419,
        "0.60": 0.17559478475320056,
        "0.65": 0.17559478475320056,
        "0.70": 0.16637607442062885,
        "0.75": 0.15349018967830846,
        "0.80": 0.1452349218438327,
        "0.85": 0.06373989047256375,
        "0.90": 0.05917020273455916,
        "0.95": 0.020509193776520506
      },
      "map_50": 0.1820419410967419,
      "map_75": 0.15349018967830846,
      "map_5095": 0.13237939246262984,
      "map_50_existence_only": 0.18262081541056494,
      "map_5095_existence_only": 0.13303031191414905,
      "map_50_score_only": 0.1915670558652503,
      "map_5095_score_only": 0.13501807323589493,
      "precision_50": 0.3333333333333333,
      "recall_50": 0.2826086956521739,
      "f1_50": 0.30588235294117644,
      "existence_acc": 0.71,
      "existence_acc_pos": 0.6086956521739131,
      "existence_acc_neg": 0.7962962962962963,
      "existence_auroc": 0.8111916264090178,
      "existence_pr_auc": 0.7575236728893968,
      "existence_brier": 0.20570927337791517,
      "existence_f1": 0.30588235294117644,
      "false_positive_rate": 0.2037037037037037,
      "false_negative_rate": 0.391304347826087,
      "mean_score_pos": 0.531974583864212,
      "mean_score_neg": 0.424393430352211,
      "proto_score_pos": 0.9810051710709281,
      "proto_score_neg": 0.86952561829929,
      "proto_score_gap": 0.11147955277163812,
      "mean_pred_box_area": 0.04381135929608718,
      "frac_pred_box_too_big": 0.03,
      "mean_existence_prob": 0.47388076096773146,
      "frac_high_existence": 0.0,
      "prototype_norm_mean": 1.6325891077518464,
      "prototype_norm_std": 0.27127933474991006
    },
    "per_source": {
      "hots": {
        "n": 35,
        "n_pos": 18,
        "n_neg": 17,
        "iou_mean": 0.47506249944369,
        "iou_median": 0.7276396751403809,
        "iou_p25": 0.0,
        "iou_p75": 0.8664102405309677,
        "contain_mean": 0.5400534835126665,
        "contain_at_iou_50": 0.5555555555555556,
        "contain_at_iou_75": 0.5,
        "ap_per_iou": {
          "0.50": 0.39724766594306476,
          "0.55": 0.39724766594306476,
          "0.60": 0.39724766594306476,
          "0.65": 0.39724766594306476,
          "0.70": 0.3721651576922396,
          "0.75": 0.3721651576922396,
          "0.80": 0.3417341734173418,
          "0.85": 0.16212871287128705,
          "0.90": 0.15181518151815174,
          "0.95": 0.04950495049504949
        },
        "map_50": 0.39724766594306476,
        "map_75": 0.3721651576922396,
        "map_5095": 0.30385039974585687,
        "map_50_existence_only": 0.39843984398439813,
        "map_5095_existence_only": 0.3050833654794049,
        "map_50_score_only": 0.3709990046623714,
        "map_5095_score_only": 0.27481319560527495,
        "precision_50": 0.4166666666666667,
        "recall_50": 0.5555555555555556,
        "f1_50": 0.4761904761904762,
        "existence_acc": 0.7142857142857143,
        "existence_acc_pos": 0.8888888888888888,
        "existence_acc_neg": 0.5294117647058824,
        "existence_auroc": 0.7745098039215687,
        "existence_pr_auc": 0.7632358046424543,
        "existence_brier": 0.20159780079374717,
        "existence_f1": 0.4761904761904762,
        "false_positive_rate": 0.47058823529411764,
        "false_negative_rate": 0.1111111111111111,
        "mean_score_pos": 0.5842973126305474,
        "mean_score_neg": 0.45740492028348584,
        "proto_score_pos": 0.9874732229444716,
        "proto_score_neg": 0.8085178355960285,
        "proto_score_gap": 0.17895538734844307,
        "mean_pred_box_area": 0.04141425554241453,
        "frac_pred_box_too_big": 0.02857142857142857,
        "mean_existence_prob": 0.5226638649191175,
        "frac_high_existence": 0.0,
        "prototype_norm_mean": 1.9571492297308786,
        "prototype_norm_std": 0.12928879990973335
      },
      "insdet": {
        "n": 65,
        "n_pos": 28,
        "n_neg": 37,
        "iou_mean": 0.12051942199468613,
        "iou_median": 0.0,
        "iou_p25": 0.0,
        "iou_p75": 0.001472156262025237,
        "contain_mean": 0.2518076566713197,
        "contain_at_iou_50": 0.14285714285714285,
        "contain_at_iou_75": 0.07142857142857142,
        "ap_per_iou": {
          "0.50": 0.04546638874413756,
          "0.55": 0.04546638874413756,
          "0.60": 0.03712871287128713,
          "0.65": 0.03712871287128713,
          "0.70": 0.03712871287128713,
          "0.75": 0.026402640264026396,
          "0.80": 0.026402640264026396,
          "0.85": 0.019801980198019802,
          "0.90": 0.019801980198019802,
          "0.95": 0.0
        },
        "map_50": 0.04546638874413756,
        "map_75": 0.026402640264026396,
        "map_5095": 0.02947281570262289,
        "map_50_existence_only": 0.04546638874413756,
        "map_5095_existence_only": 0.02947281570262289,
        "map_50_score_only": 0.08770627062706275,
        "map_5095_score_only": 0.05850660066006602,
        "precision_50": 0.2,
        "recall_50": 0.10714285714285714,
        "f1_50": 0.13953488372093023,
        "existence_acc": 0.7076923076923077,
        "existence_acc_pos": 0.42857142857142855,
        "existence_acc_neg": 0.918918918918919,
        "existence_auroc": 0.8233590733590733,
        "existence_pr_auc": 0.8082308572540343,
        "existence_brier": 0.2079231432309287,
        "existence_f1": 0.13953488372093023,
        "false_positive_rate": 0.08108108108108109,
        "false_negative_rate": 0.5714285714285714,
        "mean_score_pos": 0.4983385439429964,
        "mean_score_neg": 0.40922598903243607,
        "proto_score_pos": 0.9768471377236503,
        "proto_score_neg": 0.8975562211629506,
        "proto_score_gap": 0.07929091656069964,
        "mean_pred_box_area": 0.04510210747114168,
        "frac_pred_box_too_big": 0.03076923076923077,
        "mean_existence_prob": 0.447612935763139,
        "frac_high_existence": 0.0,
        "prototype_norm_mean": 1.457825965147752,
        "prototype_norm_std": 0.12779441449546455
      }
    },
    "tile_cfg": {
      "mode": "off",
      "levels": [
        1,
        2
      ],
      "overlap": 0.3,
      "for_sources": [
        "insdet"
      ],
      "nms_iou": 0.5,
      "top_k": 100,
      "score_combo": "existence_x_score",
      "edge_score_penalty": 0.5,
      "edge_px": 4,
      "merge_partial_boxes": true,
      "merge_min_score": 0.2
    }
  }
}