{
  "stage": "2_3",
  "epoch": 3,
  "fold": 3,
  "wall_clock_seconds": 271.2,
  "lr": {
    "aggregator": 3.481983452502388e-05,
    "existence_head": 6.960924787675122e-05,
    "class_head": 1.3946186513987475e-05,
    "box_head": 1.3946186513987475e-05,
    "lora": 6.960924787675122e-05
  },
  "train": {
    "loss": 0.8889639918357134,
    "focal": 0.06933272969070822,
    "l1": 0.016809621185064315,
    "giou": 0.282688125371933,
    "box_loss": 0.649424354493618,
    "box_area_penalty": 0.0,
    "existence_kl": 0.0,
    "margin": 0.3404138202667236,
    "nt_xent": 0.0,
    "grad_norm": 2.698257122039795,
    "n_steps": 250,
    "aggregator_alpha": -0.024545986205339432
  },
  "val": {
    "overall": {
      "n": 100,
      "n_pos": 53,
      "n_neg": 47,
      "iou_mean": 0.2938712476840559,
      "iou_median": 0.0,
      "iou_p25": 0.0,
      "iou_p75": 0.7751645445823669,
      "contain_mean": 0.3546192280526431,
      "contain_at_iou_50": 0.33962264150943394,
      "contain_at_iou_75": 0.2830188679245283,
      "ap_per_iou": {
        "0.50": 0.11358192210198464,
        "0.55": 0.1088626316981859,
        "0.60": 0.1088626316981859,
        "0.65": 0.1088626316981859,
        "0.70": 0.1088626316981859,
        "0.75": 0.09778047085052215,
        "0.80": 0.06032843865234247,
        "0.85": 0.033402830078926256,
        "0.90": 0.00868311320928011,
        "0.95": 0.0049504950495049506
      },
      "map_50": 0.11358192210198464,
      "map_75": 0.09778047085052215,
      "map_5095": 0.07541777967353042,
      "map_50_existence_only": 0.11395961577581909,
      "map_5095_existence_only": 0.07568000667654286,
      "map_50_score_only": 0.11915822028227395,
      "map_5095_score_only": 0.07994199796940196,
      "precision_50": 0.2727272727272727,
      "recall_50": 0.22641509433962265,
      "f1_50": 0.24742268041237112,
      "existence_acc": 0.59,
      "existence_acc_pos": 0.5283018867924528,
      "existence_acc_neg": 0.6595744680851063,
      "existence_auroc": 0.7053392211963067,
      "existence_pr_auc": 0.6645887508050862,
      "existence_brier": 0.22365349144748006,
      "existence_f1": 0.24742268041237112,
      "false_positive_rate": 0.3404255319148936,
      "false_negative_rate": 0.4716981132075472,
      "mean_score_pos": 0.531451662756362,
      "mean_score_neg": 0.45114002963329886,
      "proto_score_pos": 0.9852945276026456,
      "proto_score_neg": 0.8908667308377459,
      "proto_score_gap": 0.09442779676489965,
      "mean_pred_box_area": 0.01374731499236077,
      "frac_pred_box_too_big": 0.0,
      "mean_existence_prob": 0.49370519518852235,
      "frac_high_existence": 0.0,
      "prototype_norm_mean": 1.6049098300933837,
      "prototype_norm_std": 0.19539400500061208
    },
    "per_source": {
      "hots": {
        "n": 35,
        "n_pos": 20,
        "n_neg": 15,
        "iou_mean": 0.7151301324367523,
        "iou_median": 0.8242169618606567,
        "iou_p25": 0.7659285813570023,
        "iou_p75": 0.8753083795309067,
        "contain_mean": 0.7821118503808975,
        "contain_at_iou_50": 0.85,
        "contain_at_iou_75": 0.75,
        "ap_per_iou": {
          "0.50": 0.5620915032679732,
          "0.55": 0.5620915032679732,
          "0.60": 0.5620915032679732,
          "0.65": 0.5620915032679732,
          "0.70": 0.5620915032679732,
          "0.75": 0.4904093350511529,
          "0.80": 0.31200522012985604,
          "0.85": 0.17426840723288026,
          "0.90": 0.051705170517051674,
          "0.95": 0.0297029702970297
        },
        "map_50": 0.5620915032679732,
        "map_75": 0.4904093350511529,
        "map_5095": 0.38685486195678365,
        "map_50_existence_only": 0.5620915032679732,
        "map_5095_existence_only": 0.3872908838198395,
        "map_50_score_only": 0.602547347466575,
        "map_5095_score_only": 0.4206586602365648,
        "precision_50": 0.5714285714285714,
        "recall_50": 0.6,
        "f1_50": 0.5853658536585366,
        "existence_acc": 0.6857142857142857,
        "existence_acc_pos": 0.75,
        "existence_acc_neg": 0.6,
        "existence_auroc": 0.78,
        "existence_pr_auc": 0.7579151592345326,
        "existence_brier": 0.1981204028556517,
        "existence_f1": 0.5853658536585366,
        "false_positive_rate": 0.4,
        "false_negative_rate": 0.25,
        "mean_score_pos": 0.5774120330810547,
        "mean_score_neg": 0.4444767594337463,
        "proto_score_pos": 0.9939663827419281,
        "proto_score_neg": 0.8174611123899619,
        "proto_score_gap": 0.17650527035196617,
        "mean_pred_box_area": 0.012186622732718077,
        "frac_pred_box_too_big": 0.0,
        "mean_existence_prob": 0.520439772946494,
        "frac_high_existence": 0.0,
        "prototype_norm_mean": 1.8112282276153564,
        "prototype_norm_std": 0.12468998557537427
      },
      "insdet": {
        "n": 65,
        "n_pos": 33,
        "n_neg": 32,
        "iou_mean": 0.038562832682421715,
        "iou_median": 0.0,
        "iou_p25": 0.0,
        "iou_p75": 0.0,
        "contain_mean": 0.09553279027794347,
        "contain_at_iou_50": 0.030303030303030304,
        "contain_at_iou_75": 0.0,
        "ap_per_iou": {
          "0.50": 0.00165016501650165,
          "0.55": 0.0,
          "0.60": 0.0,
          "0.65": 0.0,
          "0.70": 0.0,
          "0.75": 0.0,
          "0.80": 0.0,
          "0.85": 0.0,
          "0.90": 0.0,
          "0.95": 0.0
        },
        "map_50": 0.00165016501650165,
        "map_75": 0.0,
        "map_5095": 0.000165016501650165,
        "map_50_existence_only": 0.0015841584158415843,
        "map_5095_existence_only": 0.00015841584158415842,
        "map_50_score_only": 0.00165016501650165,
        "map_5095_score_only": 0.000165016501650165,
        "precision_50": 0.0,
        "recall_50": 0.0,
        "f1_50": 0.0,
        "existence_acc": 0.5384615384615384,
        "existence_acc_pos": 0.3939393939393939,
        "existence_acc_neg": 0.6875,
        "existence_auroc": 0.6571969696969697,
        "existence_pr_auc": 0.5987364958290922,
        "existence_brier": 0.23740207761231072,
        "existence_f1": 0.0,
        "false_positive_rate": 0.3125,
        "false_negative_rate": 0.6060606060606061,
        "mean_score_pos": 0.5035968928626089,
        "mean_score_neg": 0.45426343753933907,
        "proto_score_pos": 0.9800388578212622,
        "proto_score_neg": 0.9252756144851446,
        "proto_score_gap": 0.054763243336117595,
        "mean_pred_box_area": 0.01458768774755299,
        "frac_pred_box_too_big": 0.0,
        "mean_existence_prob": 0.4793096533188453,
        "frac_high_existence": 0.0,
        "prototype_norm_mean": 1.493815308350783,
        "prototype_norm_std": 0.12241070640934626
      }
    },
    "tile_cfg": {
      "mode": "off",
      "levels": [
        1,
        2
      ],
      "overlap": 0.3,
      "for_sources": [
        "insdet"
      ],
      "nms_iou": 0.5,
      "top_k": 100,
      "score_combo": "existence_x_score",
      "edge_score_penalty": 0.5,
      "edge_px": 4,
      "merge_partial_boxes": true,
      "merge_min_score": 0.2
    }
  }
}